MSG_CN,RCPTN_RGN_NM,CRT_DT,REG_YMD,EMRG_STEP_NM,SN,DST_SE_NM,MDFCN_YMD
"[안성시] 선별진료소 일정 변경 안내 ▲시간: 평일 9시~18시, 토요일 9시~13시(일요일 미운영) ▲장소: 안성시보건소 주차장 ▲기간: 9.2.(토)~",경기도 안성시 ,2025-09-01 10:01,2025-09-01,안전안내,204763,전염병,2025-09-01
"[경기남부경찰청] 수원시에서 실종된 유재훈씨(남,64세)를 찾습니다 - 165cm,40kg,검정반팔,검정바지,검정모자 
vo.la/yjYXT / ☎182","경기도 수원시 장안구 ,경기도 수원시 권선구 ,경기도 수원시 팔달구 ,경기도 수원시 영통구 ",2025-09-01 10:28,2025-09-01,안전안내,204765,기타,2025-09-01
"[서울경찰청]마포구에서 실종된 김영출씨(남,68세)를 찾습니다-170cm,65kg,파란상의,회색조끼,검정바지,흰신발,흰비닐봉지
vo.la/VT6nb/ ☎182",서울특별시 마포구 ,2025-09-01 10:49,2025-09-01,안전안내,204767,기타,2025-09-01
"[서울경찰청] 서대문구에서 배회중인 김영출씨(남,68세)를 찾습니다-170cm,파란상의,회색조끼,검정바지,흰신발,흰비닐봉지 vo.la/VT6nb / ☎182",서울특별시 서대문구 ,2025-09-01 10:54,2025-09-01,안전안내,204768,기타,2025-09-01
"[서울경찰청]강북구에서 실종된 정동월씨(여,81세)를 찾습니다-160cm,62kg,파란색꽃무늬티,검정바지,검정슬리퍼,빨강모자 
vo.la/hYYMo/ ☎182",서울특별시 강북구 ,2025-09-01 15:07,2025-09-01,안전안내,204776,기타,2025-09-01
"[경기북부경찰청] 남양주시에서 실종된 김봉성씨(남,83세)를 찾습니다 - 160cm,45kg,파란점퍼,검정바지,검정신발 
vo.la/gtAPb / ☎182",경기도 남양주시 ,2025-09-01 17:20,2025-09-01,안전안내,204781,기타,2025-09-01
"[경기북부경찰청] 구리시에서 배회중인 김봉성씨(남,83세)를 찾습니다 - 160cm,45kg,파란점퍼,검정바지,검정신발 
vo.la/gtAPb / ☎182",경기도 구리시 ,2025-09-01 17:24,2025-09-01,안전안내,204782,기타,2025-09-01
"[경기남부경찰청] 양평군에서 배회중인 김봉성씨(남,83세)를 찾습니다 - 160cm,45kg,파란점퍼,검정바지,검정신발 
vo.la/gtAPb / ☎182",경기도 양평군 ,2025-09-01 17:27,2025-09-01,안전안내,204783,기타,2025-09-01
"[서울경찰청] 성북구에서 실종된 임현희씨(여,44세)를 찾습니다-162cm,47kg,갈색묶음머리,검정긴팔,검정치마,거동불편 
vo.la/yXMBJ/ ☎182",서울특별시 성북구 ,2025-09-01 18:27,2025-09-01,안전안내,204788,기타,2025-09-01
"[경기남부경찰청]성남시에서 실종된 조래삼씨(남,75세)를 찾습니다-165cm,60kg,파란긴팔,검정바지,흰색운동화,회색모자 
vo.la/aR2za/ ☎182","경기도 성남시 수정구 ,경기도 성남시 중원구 ,경기도 성남시 분당구 ",2025-09-01 18:48,2025-09-01,안전안내,204792,기타,2025-09-01
"[경기북부경찰청] 의정부시에서 배회중인 조래삼씨(남,75세)를 찾습니다-165cm,60kg,파란긴팔,검정바지,흰운동화,회색모자 vo.la/aR2za / ☎182",경기도 의정부시 ,2025-09-01 18:51,2025-09-01,안전안내,204793,기타,2025-09-01
"[경기남부경찰청] 이천시에서 배회중인 조래삼씨(남,75세)를 찾습니다-165cm,60kg,파란색긴팔,검정바지,흰운동화,회색모자 vo.la/aR2za / ☎182",경기도 이천시 ,2025-09-01 18:54,2025-09-01,안전안내,204794,기타,2025-09-01
"[경기남부경찰청] 성남시에서 실종된 김성원씨(남,71세)를 찾습니다-170cm,78kg,검정반팔,검정바지,검정운동화,시계착용 
vo.la/v0pQp / ☎182","경기도 성남시 수정구 ,경기도 성남시 중원구 ,경기도 성남시 분당구 ",2025-09-01 19:55,2025-09-01,안전안내,204807,기타,2025-09-01
"[서울경찰청] 마포구에서 실종된 이수자씨(여,79세)를 찾습니다-160cm,51kg,핑크색상의,검정바지,검정신발,스카프착용 
vo.la/PT271/ ☎182",서울특별시 마포구 ,2025-09-01 20:07,2025-09-01,안전안내,204811,기타,2025-09-01
"[서울경찰청] 용산구에서 실종된 김상훈씨(남,29세)를 찾습니다 -180cm,70kg,남색반팔,남색긴바지,빨간운동화
vo.la/NQwHh / ☎182",서울특별시 용산구 ,2025-09-02 8:35,2025-09-02,안전안내,204821,기타,2025-09-02
"[서울경찰청] 노원구에서 배회중인 김상훈씨(남,29세)를 찾습니다 -180cm,70kg,남색반팔,남색긴바지,빨간운동화
vo.la/NQwHh / ☎182",서울특별시 노원구 ,2025-09-02 8:36,2025-09-02,안전안내,204822,기타,2025-09-02
"[서울경찰청] 용산구에서 실종된 한명화씨(여,68세)를 찾습니다-160cm,50kg,백발단발머리,남청색반팔,베이지색바지,슬리퍼
vo.la/Qddio / ☎182",서울특별시 용산구 ,2025-09-02 8:45,2025-09-02,안전안내,204823,기타,2025-09-02
"[서울경찰청]마포구에서 배회중인 한명화씨(여,68세)를 찾습니다-160cm,50kg,백발단발머리,남청색반팔,베이지색바지,슬리퍼
vo.la/Qddio / ☎182",서울특별시 마포구 ,2025-09-02 8:45,2025-09-02,안전안내,204824,기타,2025-09-02
"[서울경찰청] 송파구에서 배회중인 김성민씨(남,36세)를 찾습니다 -168cm,62kg,남색반팔,남색반바지,안경착용
vo.la/x8TdC / ☎182",서울특별시 송파구 ,2025-09-02 9:00,2025-09-02,안전안내,204825,기타,2025-09-02
"[서울경찰청] 강동구에서 배회중인 김성민씨(남,36세)를 찾습니다 -168cm,62kg,남색반팔,남색반바지,안경착용
vo.la/x8TdC / ☎182",서울특별시 강동구 ,2025-09-02 9:01,2025-09-02,안전안내,204826,기타,2025-09-02
"[서울경찰청] 광진구에서 배회중인 김성민씨(남,36세)를 찾습니다 -168cm,62kg,남색반팔,남색반바지,안경착용
vo.la/x8TdC / ☎182",서울특별시 광진구 ,2025-09-02 9:01,2025-09-02,안전안내,204827,기타,2025-09-02
"[서울경찰청] 금천구에서 실종된 김예진씨(여, 20세)를 찾습니다 -170cm, 흰색긴팔 후드티, 분홍색 긴바지, 흰색 신발
vo.la/OTWwX / ☎182",서울특별시 금천구 ,2025-09-02 10:27,2025-09-02,안전안내,204828,기타,2025-09-02
"[경기남부경찰청] 이천시에서 실종된 신옥성씨(남,83세)를 찾습니다 -173cm,60kg,흰반팔셔츠,남색바지,지팡이,남색캡모자
vo.la/EBvuF / ☎182",경기도 이천시 ,2025-09-02 14:21,2025-09-02,안전안내,204831,기타,2025-09-02
"[서울경찰청] 강북구에서 실종된 정희택씨(여,83세)를 찾습니다 -148cm,39kg,분홍색긴팔상의,남색긴바지,꽃모자,양산소지
vo.la/7cpt9 / ☎182",서울특별시 강북구 ,2025-09-02 18:53,2025-09-02,안전안내,204840,기타,2025-09-02
"[서울경찰청] 성북구에서 배회중인 정희택씨(여,83세)를 찾습니다-148cm,39kg,분홍색긴팔상의,남색긴바지,꽃모자,양산소지
vo.la/7cpt9 / ☎182",서울특별시 성북구 ,2025-09-02 18:54,2025-09-02,안전안내,204841,기타,2025-09-02
"[서울경찰청] 중랑구에서 실종된 김성민씨(남, 36세)를 찾습니다 - 168cm, 62kg, 하늘색반팔,남색반바지,안경착용 vo.la/x8TdC / ☎182",서울특별시 중랑구 ,2025-09-03 9:46,2025-09-03,안전안내,204845,기타,2025-09-03
"[서울경찰청] 강동구에서 배회중인 김성민씨(남, 36세)를 찾습니다 - 168cm, 62kg, 하늘색반팔,남색반바지,안경착용 vo.la/x8TdC / ☎182",서울특별시 강동구 ,2025-09-03 9:47,2025-09-03,안전안내,204846,기타,2025-09-03
[서울특별시청] 국군의 날 행사 관련 비행(훈련)으로 9.4.~9.6.(3일간) 10:00~18:00경 비행음 발생이 우려되오니 양지하시기 바랍니다.,서울특별시 전체 ,2025-09-04 8:59,2025-09-04,안전안내,204857,기타,2025-09-04
"[서울경찰청] 노원구에서 실종된 정진웅씨(남,37세)를 찾습니다 - 170cm,86kg,검정반팔,카키색반바지,검정운동화 
vo.la/69RrV / ☎182",서울특별시 노원구 ,2025-09-04 9:37,2025-09-04,안전안내,204858,기타,2025-09-04
"[서울경찰청] 용산구에서 배회중인 정진웅씨(남,37세)를 찾습니다 - 170cm,86kg,검정반팔,카키색반바지,검정운동화 
vo.la/69RrV / ☎182",서울특별시 용산구 ,2025-09-04 9:42,2025-09-04,안전안내,204859,기타,2025-09-04
"[경기남부경찰청]성남시에서 실종된 정경남씨(남,72세)를 찾습니다-173cm,60kg,회색조끼,주황색반팔,갈색바지,모자착용 
vo.la/UDoOc/ ☎182","경기도 성남시 수정구 ,경기도 성남시 중원구 ,경기도 성남시 분당구 ",2025-09-04 18:09,2025-09-04,안전안내,204876,기타,2025-09-04
"[경기북부경찰청] 남양주시에서 실종된 김봉성씨(남,83세)를 찾습니다-160cm,45kg,파란점퍼,검정바지,검정신발,검정모자 
vo.la/gtAPb / ☎182",경기도 남양주시 ,2025-09-04 18:26,2025-09-04,안전안내,204877,기타,2025-09-04
"[경기남부경찰청]양평군에서 배회중인 김봉성씨(남,83세)를 찾습니다-160cm,45kg,파란점퍼,검정바지,검정신발,검정모자 vo.la/gtAPb / ☎182",경기도 양평군 ,2025-09-04 18:34,2025-09-04,안전안내,204878,기타,2025-09-04
"[서울경찰청] 강서구에서 실종된 김순천씨(여,69세)를 찾습니다-158cm,53kg,남색꽃무늬반팔,흰바지,카키색신발,안경착용 
vo.la/vDLJF / ☎182",서울특별시 강서구 ,2025-09-04 19:09,2025-09-04,안전안내,204881,기타,2025-09-04
"[경기남부경찰청]부천시에서 실종된 현명란씨(여,53세)를 찾습니다-163cm,60kg,검정반팔(어깨,허리부분 노란색),검정바지
vo.la/4TYkF/ ☎182",경기도 부천시 ,2025-09-04 19:31,2025-09-04,안전안내,204882,기타,2025-09-04
"[서울경찰청] 양천구에서 목격된 현명란씨(여,53세)를 찾습니다-163cm,60kg,검정반팔(어깨,허리부분 노란색),검정바지 vo.la/4TYkF / ☎182",서울특별시 양천구 ,2025-09-04 19:35,2025-09-04,안전안내,204883,기타,2025-09-04
"[서울경찰청] 강서구에서 배회중인 현명란씨(여,53세)를 찾습니다-163cm,60kg,검정반팔(어깨,허리부분 노란색),검정바지 vo.la/4TYkF / ☎182",서울특별시 강서구 ,2025-09-04 19:36,2025-09-04,안전안내,204884,기타,2025-09-04
"[서울경찰청] 성동구에서 실종된 김성종씨(남,63세)를 찾습니다 -167cm,55kg,남색점퍼(흰색티),청바지,검정운동화
vo.la/Kv6G5 / ☎182",서울특별시 성동구 ,2025-09-05 8:32,2025-09-05,안전안내,204886,기타,2025-09-05
"[서울경찰청] 광진구에서 배회중인 김성종씨(남,63세)를 찾습니다 -167cm,55kg,남색점퍼(흰색티),청바지,검정운동화
vo.la/Kv6G5 / ☎182",서울특별시 광진구 ,2025-09-05 8:32,2025-09-05,안전안내,204887,기타,2025-09-05
[경기도청] 현재 폭염특보 발효중입니다. 온열질환 발생 가능성이 높으니 야외 활동시에는 물을 자주 마시고 한낮에는 격렬한 운동과 논밭일은 자제해 주세요,"경기도 안성시 ,경기도 양평군 ",2025-09-05 9:00,2025-09-05,안전안내,204888,폭염,2025-09-05
"[서울경찰청] 양천구에서 실종된 유상훈씨(남,44세)를 찾습니다 -168cm,58kg,검정줄무늬긴팔,하늘색긴바지,연회색운동화
vo.la/aiNN7 / ☎182",서울특별시 양천구 ,2025-09-05 10:04,2025-09-05,안전안내,204892,기타,2025-09-05
"[경기북부경찰청] 고양시에서 실종된 김해미씨(여,30세)를 찾습니다 -165cm,70kg,파란색반팔티,검정색긴바지
vo.la/ENnKT / ☎182","경기도 고양시 덕양구 ,경기도 고양시 일산동구 ,경기도 고양시 일산서구 ",2025-09-05 10:43,2025-09-05,안전안내,204894,기타,2025-09-05
[경기도청] 현재 폭염특보 발효중입니다. 온열질환 발생 가능성이 높으니 야외 활동시에는 물을 자주 마시고 한낮에는 격렬한 운동과 논밭일은 자제해 주세요,"경기도 김포시 ,경기도 동두천시 ,경기도 양주시 ,경기도 여주시 ,경기도 연천군 ,경기도 의정부시 ,경기도 파주시 ",2025-09-05 11:03,2025-09-05,안전안내,204896,폭염,2025-09-05
"[양주시]현재 양주시 폭염특보 발효중입니다. 물 충분히 마시기, 무더위 쉼터 이용, 실외 작업장 폭염 안전수칙(물, 그늘, 휴식) 지키기 등 안전에 유의바랍니다.",경기도 양주시 ,2025-09-05 11:08,2025-09-05,안전안내,204897,폭염,2025-09-05
"[서울특별시청]서남권지역 폭염 주의보 발효, 낮시간대 고온이 예상되오니 야외활동 자제, 충분한 수분섭취와 휴식, 노약자분들께 안부전화 등 안전수칙 준수 바랍니다.","서울특별시 강서구 ,서울특별시 관악구 ,서울특별시 구로구 ,서울특별시 금천구 ,서울특별시 동작구 ,서울특별시 양천구 ,서울특별시 영등포구 ",2025-09-05 11:10,2025-09-05,안전안내,204898,폭염,2025-09-05
"[서울경찰청] 강서구에서 배회중인 유상훈씨(남,44세)를 찾습니다 -168cm,58kg,검정줄무늬긴팔,하늘색긴바지,연회색운동화
vo.la/aiNN7 / ☎182",서울특별시 강서구 ,2025-09-05 11:16,2025-09-05,안전안내,204900,기타,2025-09-05
"[여주시] 폭염특보 발효 중. 낮시간 야외활동(논,밭,공사장) 자제, 충분한 수분섭취와 휴식, 주변 노약자분들께 안부전화 등 건강관리에 유의 바랍니다.",경기도 여주시 ,2025-09-05 14:40,2025-09-05,안전안내,204908,폭염,2025-09-05
"[경기남부경찰청] 수원시에서 실종된 남형덕씨(남,38세)를 찾습니다-176cm,100kg,회색반팔,국방무늬칠부바지,남색슬리퍼
vo.la/GmZhX / ☎182","경기도 수원시 장안구 ,경기도 수원시 권선구 ,경기도 수원시 팔달구 ,경기도 수원시 영통구 ",2025-09-05 17:02,2025-09-05,안전안내,204914,기타,2025-09-05
[행정안전부] 오늘 18시45분 서울(동북권) 호우주의보 발효. 대중교통을 이용하시고 빗길 안전에 주의하시기 바랍니다.,"서울특별시 강북구 ,서울특별시 광진구 ,서울특별시 노원구 ,서울특별시 도봉구 ,서울특별시 동대문구 ,서울특별시 성동구 ,서울특별시 성북구 ,서울특별시 중랑구 ",2025-09-05 18:52,2025-09-05,안전안내,204917,호우,2025-09-05
"[의왕시청] 현재 의왕시 국지성 집중호우 중으로, 하천변 산책로 등 위험지역 출입을 금지하여 주시기 바라며, 침수 여부를 수시로 확인하여 주시기 바랍니다.",경기도 의왕시 ,2025-09-05 19:56,2025-09-05,안전안내,204919,호우,2025-09-05
[강남구]현재 강남구 일대에서 확인되고 있는 연기와 매연은 과천에서 발생한 화재에 따른 상황입니다.  관내 화재 상황이 아님을 알려드립니다.,"서울특별시 강남구 대치동,서울특별시 강남구 도곡동",2025-09-05 22:55,2025-09-05,안전안내,204920,화재,2025-09-05
"[경기도청]당분간 일 최고기온 33도 내외의 폭염이 지속됩니다. 야외활동시 물 섭취, 그늘 휴식 등 예방 수칙을 준수하시고 한낮 무리한 논밭일은 자제하여 주세요","경기도 김포시 ,경기도 동두천시 ,경기도 안성시 ,경기도 양주시 ,경기도 양평군 ,경기도 여주시 ,경기도 연천군 ,경기도 의정부시 ,경기도 파주시 ",2025-09-06 9:00,2025-09-06,안전안내,204922,폭염,2025-09-06
"[서울경찰청] 동대문구에서 실종된 임용일씨(남, 80세)를 찾습니다 -164cm,58kg,검정반팔상의,검정7부바지,검정운동화 vo.la/ffPbk / ☎182",서울특별시 동대문구 ,2025-09-06 9:20,2025-09-06,안전안내,204923,기타,2025-09-06
"[서울경찰청] 종로구에서 배회중인 임용일씨(남, 80세)를 찾습니다 -164cm,58kg,검정반팔상의,검정7부바지,검정운동화 vo.la/ffPbk / ☎182",서울특별시 종로구 ,2025-09-06 9:20,2025-09-06,안전안내,204924,기타,2025-09-06
"[김포시청] 당분간 체감 최고온도가 33도 내외로 늦더위 폭염 지속 전망. 시민, 특히 노약자, 장애인, 근로자 인명피해 없도록 각별히 조심 바랍니다.",경기도 김포시 ,2025-09-06 9:27,2025-09-06,안전안내,204925,폭염,2025-09-06
"[경기남부경찰청] 평택시에서 실종된 박상진씨(남, 63세)를 찾습니다 -174cm, 검정모자, 남색반팔, 남색바지, 검정슬리퍼 vo.la/UsWio / ☎182",경기도 평택시 ,2025-09-06 9:38,2025-09-06,안전안내,204928,기타,2025-09-06
"[경기남부경찰청] 수원시에서 실종된 김흥순씨(여, 91세)를 찾습니다 -150cm,흰색모자,흰반팔티,검정긴바지,밤색구두,리어카 vo.la/3Hdm6 / ☎182","경기도 수원시 장안구 ,경기도 수원시 권선구 ,경기도 수원시 팔달구 ,경기도 수원시 영통구 ",2025-09-06 9:48,2025-09-06,안전안내,204929,기타,2025-09-06
"[서울경찰청] 송파구에서 배회중인 김성종씨(남, 63세)를 찾습니다 -167cm,55kg,남색점퍼(흰색티),청바지,검정운동화 vo.la/Kv6G5 / ☎182",서울특별시 송파구 ,2025-09-06 9:53,2025-09-06,안전안내,204930,기타,2025-09-06
"[양평군] 폭염주의보 발효 중, 온열질환 예방을 위해 낮시간 야외활동 자제, 충분한 수분섭취와 휴식, 주변 노약자분들께 안부전화 등 안전수칙을 준수바랍니다.",경기도 양평군 ,2025-09-06 10:56,2025-09-06,안전안내,204931,폭염,2025-09-06
"[양주시]현재 양주시 폭염특보 발효중입니다. 물 충분히 마시기, 무더위 쉼터 이용, 실외 작업장 폭염 안전수칙(물, 그늘, 휴식) 지키기 등 안전에 유의바랍니다.",경기도 양주시 ,2025-09-06 12:41,2025-09-06,안전안내,204934,폭염,2025-09-06
"[동두천시]동두천시 폭염주의보 발효 중, 낮시간대 야외·농업활동, 건설현장 실외작업을 자제하고 폭염안전수칙(물,그늘,휴식) 지키기 등 건강에 유의하시기 바랍니다.",경기도 동두천시 ,2025-09-06 13:30,2025-09-06,안전안내,204936,폭염,2025-09-06
"[여주시] 폭염특보 발효 중. 낮시간 야외활동(논,밭,공사장) 자제, 충분한 수분섭취와 휴식, 주변 노약자분들께 안부전화 등 건강관리에 유의 바랍니다.",경기도 여주시 ,2025-09-06 14:12,2025-09-06,안전안내,204940,폭염,2025-09-06
"[서울경찰청] 성동구에서 실종된 박계옥씨(여, 67세)를 찾습니다 -165cm,60kg,검정색(흰색)무늬반팔,검정바지,슬리퍼 vo.la/C1Jd4 / ☎182",서울특별시 성동구 ,2025-09-06 14:14,2025-09-06,안전안내,204942,기타,2025-09-06
"[서울경찰청] 중구에서 배회중인 박계옥씨(여, 67세)를 찾습니다 -165cm,60kg,검정색(흰색)무늬반팔,검정바지,슬리퍼 vo.la/C1Jd4 / ☎182",서울특별시 중구 ,2025-09-06 14:15,2025-09-06,안전안내,204943,기타,2025-09-06
"[서울경찰청] 노원구에서 실종된 김희락씨(남,73세)를 찾습니다 -163cm, 흰색(줄무늬)반팔티, 흰색긴바지, 왼손에 흰장갑 vo.la/ETPWP / ☎182",서울특별시 노원구 ,2025-09-06 17:52,2025-09-06,안전안내,204945,기타,2025-09-06
"[경기북부경찰청] 남양주시에서 실종된 이재만씨(남, 85세)를 찾습니다 -170cm,65kg,백발머리,흰색긴팔티셔츠,남색긴바지 vo.la/QOUzE / ☎182",경기도 남양주시 ,2025-09-06 18:18,2025-09-06,안전안내,204946,기타,2025-09-06
"[경기북부경찰청] 구리시에서 배회중인 이재만씨(남, 85세)를 찾습니다 -170cm,65kg,백발머리,흰색긴팔티셔츠,남색긴바지 vo.la/QOUzE / ☎182",경기도 구리시 ,2025-09-06 18:19,2025-09-06,안전안내,204947,기타,2025-09-06
"[서울경찰청] 송파구에서 배회중인 성해자씨(여, 66세)를 찾습니다 -152cm,45kg,진청색반팔티,검정긴바지,흰색나이키운동화 vo.la/efbZo / ☎182",서울특별시 송파구 ,2025-09-06 19:50,2025-09-06,안전안내,204948,기타,2025-09-06
"[경기북부경찰청] 파주시에서 실종된 임유순씨(여,93세)를 찾습니다 -162cm,44kg,핑크색체크남방,파란색꽃무늬모자
vo.la/mubRT / ☎182",경기도 파주시 ,2025-09-07 9:40,2025-09-07,안전안내,204950,기타,2025-09-07
"[서울경찰청] 마포구에서 실종된 김범진씨(남, 47세)를 찾습니다-175cm,76kg,주황색상의,파란색계열바지,검정신발
vo.la/oqQLT / ☎182",서울특별시 마포구 ,2025-09-07 11:46,2025-09-07,안전안내,204957,기타,2025-09-07
"[서울경찰청] 강서구에서 실종된 성재열씨(남,57세)를 찾습니다 -165cm,60kg,점퍼,티셔츠,검정칠부바지,흰색실내화 
vo.la/VgpyG / ☎182",서울특별시 강서구 ,2025-09-07 12:01,2025-09-07,안전안내,204958,기타,2025-09-07
"[서울경찰청] 양천구에서 배회중인 성재열씨(남,57세)를 찾습니다 -165cm,60kg,점퍼,티셔츠,검정칠부바지,흰색실내화 vo.la/VgpyG / ☎182",서울특별시 양천구 ,2025-09-07 12:04,2025-09-07,안전안내,204959,기타,2025-09-07
"[서울경찰청] 마포구에서 실종된 최정애씨(여, 77세)를 찾습니다 -155cm,57kg,원무늬 원피스,흰색샌들,지팡이 
vo.la/Uzx2Q / ☎182",서울특별시 마포구 ,2025-09-07 14:01,2025-09-07,안전안내,204964,기타,2025-09-07
"[서울경찰청] 용산구에서 배회중인 최정애씨(여, 77세)를 찾습니다 -155cm,57kg,원무늬 원피스,흰색샌들,지팡이 
vo.la/Uzx2Q / ☎182",서울특별시 용산구 ,2025-09-07 14:03,2025-09-07,안전안내,204965,기타,2025-09-07
"[서울경찰청] 노원구에서 실종된 안상수씨(남,66세)를 찾습니다-178cm,70kg,체크무늬파란반팔셔츠,남색긴바지,검정운동화
vo.la/v8mDa / ☎182",서울특별시 노원구 ,2025-09-08 8:44,2025-09-08,안전안내,204975,기타,2025-09-08
"[서울경찰청] 도봉구에서 배회중인 안상수씨(남,66세)를 찾습니다-178cm,70kg,체크무늬파란반팔셔츠,남색긴바지,검정운동화
vo.la/v8mDa / ☎182",서울특별시 도봉구 ,2025-09-08 8:44,2025-09-08,안전안내,204976,기타,2025-09-08
"[경기남부경찰청] 평택시에서 실종된 박태섭씨(남, 67세)를 찾습니다 -173cm,흰색짧은머리,남색반팔,남색반바지,검정슬리퍼 vo.la/KuRCq / ☎182",경기도 평택시 ,2025-09-08 13:26,2025-09-08,안전안내,204979,기타,2025-09-08
"[경기남부경찰청] 부천시에서 실종된 김무영씨(남, 48세)를 찾습니다 -160cm,50kg,남색반팔등산복,검정반바지,검정운동화 vo.la/HQp3e / ☎182",경기도 부천시 ,2025-09-08 13:37,2025-09-08,안전안내,204980,기타,2025-09-08
"[서울경찰청] 양천구에서 실종된 주진숙씨(여,54세)를 찾습니다-155cm,분홍긴팔티,검정긴바지,검정신발,앞머리(이마)가 벗겨짐 vo.la/QMboK / ☎182",서울특별시 양천구 ,2025-09-08 13:48,2025-09-08,안전안내,204981,기타,2025-09-08
"[서울경찰청] 강서구에서 배회중인 주진숙씨(여, 54세)를 찾습니다 -155cm,분홍긴팔티,검정긴바지, 앞머리(이마)가 벗겨짐 vo.la/QMboK / ☎182",서울특별시 강서구 ,2025-09-08 13:49,2025-09-08,안전안내,204982,기타,2025-09-08
"[서울경찰청] 성북구에서 실종된 최연희씨(여,81세)를 찾습니다 -150cm,50kg,흰색반팔티,검정바지,흰색단화,보라색안경
vo.la/BotMG / ☎182",서울특별시 성북구 ,2025-09-08 19:34,2025-09-08,안전안내,204988,기타,2025-09-08
"[서울경찰청] 동대문구에서 배회중인 최연희씨(여,81세)를 찾습니다-150cm,50kg,흰색반팔티,검정바지,흰색단화,보라색안경
vo.la/BotMG / ☎182",서울특별시 동대문구 ,2025-09-08 19:35,2025-09-08,안전안내,204989,기타,2025-09-08
"[경기도청] 연천군(필승교) 수위 1m 이상 임진강 수위 상승 중. 하천변의 행락객, 야영객, 어민, 지역주민 등은 즉시 대피하시기 바랍니다.","임진강 수계지역(경기도 연천군,파주시)  ,경기도 임진강 ",2025-09-09 0:58,2025-09-09,안전안내,204990,홍수,2025-09-09
"[부천시청] 상수도관 파손으로 도당동~여월동 일대 단수발생. 현재 복구 중에 있으며, 식수 및 생활용수 확보 등 단수에 유의바랍니다. (12시경 급수예정)","경기도 부천시 도당동,경기도 부천시 약대동,경기도 부천시 여월동,경기도 부천시 원종동,경기도 부천시 삼정동,경기도 부천시 내동",2025-09-09 6:52,2025-09-09,안전안내,204991,수도,2025-09-09
"[서울경찰청] 강북구에서 실종된 석준현(남, 13세)을 찾습니다 - 160cm, 45kg, 검정반팔티셔츠,검정바지,검정슬리퍼 vo.la/74Frn / ☎182",서울특별시 강북구 ,2025-09-09 10:17,2025-09-09,안전안내,204995,기타,2025-09-09
"[경기남부경찰청] 성남시에서 실종된 박상순씨(남, 77세)를 찾습니다 - 165cm, 70kg, 녹색반팔,검정긴바지,남색운동화 vo.la/j5AF3 / ☎182","경기도 성남시 수정구 ,경기도 성남시 중원구 ,경기도 성남시 분당구 ",2025-09-09 13:11,2025-09-09,안전안내,204998,기타,2025-09-09
[오산시청] 금일 16:19경 남부대로362번길 14(원동 529) 수원메탈제2공장서 질산(추정) 누출. 인근 주민은 창문을 닫아주시고 현장 접근 금지 바랍니다.,경기도 오산시 ,2025-09-09 17:19,2025-09-09,안전안내,205002,환경오염사고,2025-09-09
"[오산시] 금일 16:19경 수원메탈 제2공장에서 발생한 사고 관련, 소방서 유해가스 검사결과 안전(0퍼센트)함을 알려드립니다.",경기도 오산시 ,2025-09-09 17:45,2025-09-09,안전안내,205003,환경오염사고,2025-09-09
"[서울경찰청] 송파구에서 실종된 양이든(남, 8세)을 찾습니다-145cm,35kg,파마머리,검정반팔티,체크무늬초록반바지,검정샌들 vo.la/ia8kv / ☎182",서울특별시 송파구 ,2025-09-09 19:00,2025-09-09,안전안내,205007,기타,2025-09-09
"[서울경찰청] 송파구에서 실종된 선채빈(여, 14세)을 찾습니다-170cm,긴생머리,남색티(오금중 표시),남색반바지(초록라인) vo.la/Peq22 / ☎182",서울특별시 송파구 ,2025-09-09 20:32,2025-09-09,안전안내,205011,기타,2025-09-09
"[경기남부경찰청] 수원시에서 실종된 강태휘씨(남,22세)를 찾습니다-161cm,57kg,분홍색반팔티,남색후드티,회색긴바지
vo.la/1OqmT / ☎182","경기도 수원시 장안구 ,경기도 수원시 권선구 ,경기도 수원시 팔달구 ,경기도 수원시 영통구 ",2025-09-10 16:08,2025-09-10,안전안내,205016,기타,2025-09-10
"[서울경찰청]송파구에서 실종된 이건용씨(남,86세)를 찾습니다-170cm,68kg,갈색벙거지,황토색긴팔,검정조끼,검정바지,운동화 vo.la/BKGR3/ ☎182",서울특별시 송파구 ,2025-09-10 16:29,2025-09-10,안전안내,205017,기타,2025-09-10
"[경기남부경찰청] 성남시에서 실종된 김서연씨(여,26세)를 찾습니다 -163cm,75kg,검정반팔,카키색반바지,슬리퍼 
vo.la/XGaVj / ☎182","경기도 성남시 수정구 ,경기도 성남시 중원구 ,경기도 성남시 분당구 ",2025-09-10 20:06,2025-09-10,안전안내,205019,기타,2025-09-10
"[서울경찰청] 강남구에서 배회중인 김서연씨(여,26세)를 찾습니다 - 163cm,75kg,검정반팔,카키색반바지,슬리퍼 
vo.la/XGaVj / ☎182",서울특별시 강남구 ,2025-09-10 20:08,2025-09-10,안전안내,205020,기타,2025-09-10
[서초구청] 금일 05:40분 서초구 잠원동 58-24 인근 누수로 인해 7호선 반포역에서 고속터미널 방향 무정차 통과하고 있으니 이용에 참고하시기 바랍니다.,서울특별시 서초구 ,2025-09-11 6:29,2025-09-11,안전안내,205022,교통통제,2025-09-11
[서초구청]금일 06시35분 7호선 반포역 고속터미널 방향 무정차 통과 해제 됨을 알려드립니다.,서울특별시 서초구 ,2025-09-11 6:51,2025-09-11,안전안내,205023,교통통제,2025-09-11
"[경기북부경찰청] 고양시에서 실종된 박정심씨(여,88세)를 찾습니다-155cm,분홍색자주색섞인 줄무늬반팔,남색긴바지,검정슬리퍼
vo.la/F4cXX / ☎182","경기도 고양시 덕양구 ,경기도 고양시 일산동구 ,경기도 고양시 일산서구 ",2025-09-11 8:11,2025-09-11,안전안내,205024,기타,2025-09-11
"[경기남부경찰청] 수원시에서 실종된 이금순씨(여,88세)를 찾습니다 -155cm,50kg,보라색조끼,하늘색상의,꽃무늬남색긴바지
vo.la/Asxsp / ☎182","경기도 수원시 장안구 ,경기도 수원시 권선구 ,경기도 수원시 팔달구 ,경기도 수원시 영통구 ",2025-09-11 8:54,2025-09-11,안전안내,205025,기타,2025-09-11
"[서울경찰청] 노원구에서 실종된 안상수씨(남,66세)를 찾습니다 -178cm,70kg,파란체크무늬셔츠,검정칠부바지,검정운동화
vo.la/5M5Hs / ☎182",서울특별시 노원구 ,2025-09-11 14:37,2025-09-11,안전안내,205029,기타,2025-09-11
"[서울경찰청] 도봉구에서 배회중인 안상수씨(남,66세)를 찾습니다 -178cm,70kg,파란체크무늬셔츠,검정칠부바지,검정운동화 vo.la/5M5Hs / ☎182",서울특별시 도봉구 ,2025-09-11 14:37,2025-09-11,안전안내,205030,기타,2025-09-11
"[서울경찰청] 송파구에서 실종된 김종식씨(남,69세)를 찾습니다-166cm,흑색머리,남색반팔티(흰줄무늬),진녹색반바지,검정신발
vo.la/mX5wy / ☎182",서울특별시 송파구 ,2025-09-11 15:38,2025-09-11,안전안내,205032,기타,2025-09-11
"[경기남부경찰청] 부천시에서 배회중인 배인웅씨(남,68세)를 찾습니다 -175cm,60kg,검정계열정장,흰색벙거지모자,갈색구두
vo.la/cA2BE / ☎182",경기도 부천시 ,2025-09-11 16:40,2025-09-11,안전안내,205036,기타,2025-09-11
"[서울경찰청] 송파구에서 실종된 조성훈씨(남,63세)를 찾습니다 -165cm,50kg,국방색반팔티,검정색긴바지,남색슬리퍼
vo.la/RpsDX / ☎182",서울특별시 송파구 ,2025-09-11 19:55,2025-09-11,안전안내,205044,기타,2025-09-11
"[경기남부경찰청] 성남시에서 실종된 박옥분씨(여, 86세)를 찾습니다-150cm,40kg,분홍색상의,보라색하의,허리굽음,보행기 vo.la/oThTb / ☎182","경기도 성남시 수정구 ,경기도 성남시 중원구 ,경기도 성남시 분당구 ",2025-09-12 9:04,2025-09-12,안전안내,205045,기타,2025-09-12
"[서울경찰청] 동대문구에서 실종된 김은영씨(여, 52세)를 찾습니다- 166cm, 70kg, 흰색영문프린팅파랑겉옷,흰슬리퍼,우산 vo.la/mwYKi / ☎182",서울특별시 동대문구 ,2025-09-12 9:59,2025-09-12,안전안내,205046,기타,2025-09-12
"[서울경찰청] 성동구에서 배회중인 김은영씨(여, 52세)를 찾습니다- 166cm, 70kg, 흰색영문프린팅파랑겉옷,흰슬리퍼,우산 vo.la/mwYKi / ☎182",서울특별시 성동구 ,2025-09-12 10:00,2025-09-12,안전안내,205047,기타,2025-09-12
[강남구] 언주역 8번출구 앞 도로 침하로 인해 선정릉역 방향으로 교통정체가 심화되고 있으니 인근 차량은 우회하여 주시기 바랍니다.,"서울특별시 강남구 역삼동,서울특별시 강남구 대치동,서울특별시 강남구 논현동,서울특별시 강남구 도곡동",2025-09-12 11:14,2025-09-12,안전안내,205048,교통통제,2025-09-12
[강남구] 언주역 인근 도로 지반침하 발생으로 교보타워 사거리에서 차병원 사거리 가는 방향 도로 전면 통제중. 인근 차량은 우회하여 주시기 바랍니다.,"서울특별시 강남구 역삼동,서울특별시 강남구 논현동",2025-09-12 12:09,2025-09-12,안전안내,205050,교통통제,2025-09-12
"[경기남부경찰청] 부천시에서 배회중인 배인웅씨(남,68세)를 찾습니다 -175cm,60kg,검정계열정장,흰색벙거지모자,갈색구두 vo.la/cA2BE / ☎182",경기도 부천시 ,2025-09-12 14:52,2025-09-12,안전안내,205052,기타,2025-09-12
"[서울경찰청] 영등포구에서 실종된 서문식씨(남, 54세)를 찾습니다- 174cm, 60kg, 파랑반팔티셔츠,검정바지,베이지색모자 vo.la/XAdCy / ☎182",서울특별시 영등포구 ,2025-09-12 15:09,2025-09-12,안전안내,205054,기타,2025-09-12
"[서울경찰청] 동작구에서 배회중인 서문식씨(남, 54세)를 찾습니다- 174cm, 60kg, 파랑반팔티셔츠,검정바지,베이지색모자 vo.la/XAdCy / ☎182",서울특별시 동작구 ,2025-09-12 15:09,2025-09-12,안전안내,205055,기타,2025-09-12
"[경기북부경찰청] 의정부시에서 실종된 강준구씨(남, 86세)를 찾습니다- 168cm,55kg,체크무늬상의,검정바지,흰구두,중절모 vo.la/BD13G / ☎182",경기도 의정부시 ,2025-09-12 16:07,2025-09-12,안전안내,205056,기타,2025-09-12
"[서울경찰청] 동대문구에서 배회중인 강준구씨(남,86세)를 찾습니다-168cm,55kg,체크무늬상의,검정바지,흰구두,연갈색중절모 vo.la/BD13G / ☎182",서울특별시 동대문구 ,2025-09-12 16:07,2025-09-12,안전안내,205057,기타,2025-09-12
"[서울경찰청] 중구에서 목격된 강준구씨(남, 86세)를 찾습니다- 168cm,55kg, 체크무늬상의,검정바지,흰구두,연갈색중절모 vo.la/BD13G / ☎182",서울특별시 중구 ,2025-09-12 16:08,2025-09-12,안전안내,205058,기타,2025-09-12
"[서울경찰청] 금천구에서 목격된 오장섭씨(남, 58세)를 찾습니다- 180cm, 53kg, 아디다스검정민소매,청바지,검정운동화 vo.la/peEgk / ☎182",서울특별시 금천구 ,2025-09-12 17:02,2025-09-12,안전안내,205059,기타,2025-09-12
"[서울경찰청] 영등포구에서 실종된 오장섭씨(남, 58세)를 찾습니다- 180cm, 53kg, 아디다스검정민소매,청바지,검정운동화 vo.la/peEgk / ☎182",서울특별시 영등포구 ,2025-09-12 17:02,2025-09-12,안전안내,205060,기타,2025-09-12
"[강남구] 언주역 인근 도로지반 침하로 인한 도로통제가 일부해제(1,2차로만 개통) 되었음을 알려드리오니 인근 차량은 참고하시기 바랍니다.","서울특별시 강남구 역삼동,서울특별시 강남구 삼성동,서울특별시 강남구 대치동,서울특별시 강남구 논현동,서울특별시 강남구 도곡동",2025-09-12 17:59,2025-09-12,안전안내,205063,교통통제,2025-09-12
[강남구] 언주역 인근 도로 지반 침하로 인한 봉은사로 차량 통제가 완전 해제되었음을 알려드립니다.,"서울특별시 강남구 역삼동,서울특별시 강남구 삼성동,서울특별시 강남구 논현동",2025-09-12 19:00,2025-09-12,안전안내,205066,교통통제,2025-09-12
"[경기남부경찰청] 안산시에서 실종된 황지현씨(남,25세)를 찾습니다 -160cm,50kg,회색반팔,베이지색반바지,흰색운동화 
vo.la/mrZiy / ☎182","경기도 안산시 상록구 ,경기도 안산시 단원구 ",2025-09-13 8:49,2025-09-13,안전안내,205071,기타,2025-09-13
"[경기북부경찰청] 동두천시에서 실종된 이종형씨(남,80세)를 찾습니다 -175cm,75kg,고동색잠바,쥐색긴바지,슬리퍼
vo.la/ASxLz / ☎182",경기도 동두천시 ,2025-09-13 9:38,2025-09-13,안전안내,205073,기타,2025-09-13
"[경기북부경찰청]의정부시에서 실종된 심양숙씨(여,86세)를 찾습니다-154cm,40kg,꽃무늬상의,민트색바지,지팡이,보라색장화
vo.la/GeyX0 / ☎182",경기도 의정부시 ,2025-09-13 9:48,2025-09-13,안전안내,205074,기타,2025-09-13
"[경기북부경찰청] 포천시에서 실종된 황의복씨(남,82세)를 찾습니다-171cm,53kg,검정모자,흰색티,검정바지,노란색신발 
vo.la/XbTUk / ☎182",경기도 포천시 ,2025-09-13 10:48,2025-09-13,안전안내,205075,기타,2025-09-13
"[경기북부경찰청]가평군에서 배회중인 황의복씨(남,82세)를 찾습니다-171cm,53kg,검정모자,흰색티,검정바지,노란색신발 vo.la/XbTUk / ☎182",경기도 가평군 ,2025-09-13 10:56,2025-09-13,안전안내,205076,기타,2025-09-13
"[서울경찰청] 동대문구에서 목격된 이종형씨(남,80세)를 찾습니다 -175cm,75kg,고동색잠바,쥐색긴바지,슬리퍼 
vo.la/ASxLz / ☎182",서울특별시 동대문구 ,2025-09-13 11:30,2025-09-13,안전안내,205077,기타,2025-09-13
"[경기남부경찰청] 평택시에서 실종된 김영자씨(여, 85세)를 찾습니다- 150cm,50kg, 분홍꽃무늬티셔츠,회색긴바지,흰색단화 vo.la/DQbsY / ☎182",경기도 평택시 ,2025-09-13 12:28,2025-09-13,안전안내,205078,기타,2025-09-13
"[서울경찰청] 동대문구에서 목격된 배인웅씨(남, 68세)를 찾습니다- 175cm,60kg, 검정계열정장,흰색벙거지모자,갈색구두 vo.la/cA2BE / ☎182",서울특별시 동대문구 ,2025-09-13 12:53,2025-09-13,안전안내,205079,기타,2025-09-13
"[서울경찰청]성북구에서 배회중인 서태길씨(남,58세)를 찾습니다-183cm,70kg,남색점퍼,검정바지,검정운동화(빨간신발끈)
vo.la/CLocL / ☎182",서울특별시 성북구 ,2025-09-13 19:08,2025-09-13,안전안내,205082,기타,2025-09-13
"[서울경찰청] 노원구에서 목격된 서태길씨(남,58세)를 찾습니다-183cm,70kg,남색점퍼,검정바지,검정운동화(빨간신발끈) vo.la/CLocL / ☎182",서울특별시 노원구 ,2025-09-13 19:10,2025-09-13,안전안내,205083,기타,2025-09-13
"[서울경찰청]성동구에서 실종된 심영규씨(남,80세)를 찾습니다-167cm,73kg,파란색반팔티,검정조끼,검정반바지,자전거 
vo.la/end7B / ☎182",서울특별시 성동구 ,2025-09-13 19:18,2025-09-13,안전안내,205084,기타,2025-09-13
"[서울경찰청]광진구에서 배회중인 심영규씨(남,80세)를 찾습니다-167cm,73kg,파란색반팔티,검정조끼,검정반바지,자전거 vo.la/end7B / ☎182",서울특별시 광진구 ,2025-09-13 19:20,2025-09-13,안전안내,205085,기타,2025-09-13
"[서울경찰청] 구로구에서 목격된 서문식씨(남, 54세)를 찾습니다- 174cm, 60kg, 파랑반팔티셔츠,검정바지,베이지색모자 vo.la/XAdCy / ☎182",서울특별시 구로구 ,2025-09-14 8:16,2025-09-14,안전안내,205089,기타,2025-09-14
"[서울경찰청] 마포구에서 목격된 서태길씨(남,58세)를 찾습니다-183cm,70kg,남색점퍼,검정바지,검정운동화(빨간신발끈) vo.la/CLocL / ☎182",서울특별시 마포구 ,2025-09-14 9:36,2025-09-14,안전안내,205090,기타,2025-09-14
"[서울경찰청] 서대문구에서 실종된 한장섭씨(남,83세)를 찾습니다 -170cm,65kg,흰색셔츠,검정바지,중절모,베낭,지팡이
vo.la/nio1X / ☎182",서울특별시 서대문구 ,2025-09-14 15:03,2025-09-14,안전안내,205093,기타,2025-09-14
"[경기북부경찰청] 의정부시에서 배회중인 한장섭씨(남,83세)를 찾습니다-170cm,65kg,흰색셔츠,검정바지,중절모,베낭,지팡이
vo.la/nio1X / ☎182",경기도 의정부시 ,2025-09-14 15:04,2025-09-14,안전안내,205094,기타,2025-09-14
"[경기북부경찰청] 포천시에서 목격된 한장섭씨(남,83세)를 찾습니다-170cm,65kg,흰색셔츠,검정바지,중절모,베낭,지팡이
vo.la/nio1X / ☎182",경기도 포천시 ,2025-09-14 15:04,2025-09-14,안전안내,205095,기타,2025-09-14
[마포구청]금일 15:28경 서울시 마포구 상암동 1548-1 청소 차고지 내 화재로 다량 연기 발생 중. 인근 주민께서는 안전에 유의하시기 바랍니다.,서울특별시 마포구 ,2025-09-14 15:56,2025-09-14,안전안내,205098,화재,2025-09-14
"[서울경찰청] 성동구에서 실종된 박인순씨(여, 86세)를 찾습니다 - 156cm, 62kg, 남색민소매, 검정바지 
vo.la/ETcRK / ☎182",서울특별시 성동구 ,2025-09-14 16:16,2025-09-14,안전안내,205099,기타,2025-09-14
"[서울경찰청] 동대문구에서 배회중인 박인순씨(여, 86세)를 찾습니다 - 156cm, 62kg, 남색민소매, 검정바지 
vo.la/ETcRK / ☎182",서울특별시 동대문구 ,2025-09-14 16:18,2025-09-14,안전안내,205100,기타,2025-09-14
"[경기남부경찰청] 광명시에서 실종된 허길용씨(남,80세)를 찾습니다 -170cm,흰셔츠,검정팔토시,검정바지,검정운동화,검정모자
vo.la/ZNT6z / ☎182",경기도 광명시 ,2025-09-14 17:58,2025-09-14,안전안내,205103,기타,2025-09-14
"[경기북부경찰청] 가평군에서 실종된 남별(여,26세)씨를 찾습니다 -165cm,80kg,검정색상의,남색계통 슬리퍼
vo.la/eaanY / ☎182",경기도 가평군 ,2025-09-14 19:08,2025-09-14,안전안내,205104,기타,2025-09-14
"[경기북부경찰청] 경찰은 연천군에서 실종된 노상호씨(남, 72세)를 찾고 있습니다 - 160cm, 65kg, 긴팔 긴바지 착용 vo.la/H9Kup / ☎182",경기도 연천군 ,2025-09-15 10:46,2025-09-15,안전안내,205113,기타,2025-09-15
"[경기북부경찰청] 경찰은 포천시에서 배회중인 노상호씨(남, 72세)를 찾고 있습니다 -160cm, 65kg, 긴팔 긴바지 착용 vo.la/H9Kup / ☎182",경기도 포천시 ,2025-09-15 10:46,2025-09-15,안전안내,205114,기타,2025-09-15
"[서울경찰청] 종로구에서 실종된 김성찬씨(남, 58세)를 찾습니다- 173cm,73kg, 남색반팔티셔츠,회색7부바지,검정운동화 vo.la/eLcTE / ☎182",서울특별시 종로구 ,2025-09-15 15:43,2025-09-15,안전안내,205115,기타,2025-09-15
"[서울경찰청] 강남구에서 실종된 최성애씨(여, 72세)를 찾습니다 -152cm,72kg, 남색꽃무늬원피스, 남색슬리퍼, 흰양말 vo.la/9fBvg / ☎182",서울특별시 강남구 ,2025-09-15 17:38,2025-09-15,안전안내,205116,기타,2025-09-15
"[서울경찰청] 송파구에서 배회중인 최성애씨(여, 72세)를 찾습니다 -152cm,72kg, 남색꽃무늬원피스, 남색슬리퍼, 흰양말 vo.la/9fBvg / ☎182",서울특별시 송파구 ,2025-09-15 17:39,2025-09-15,안전안내,205117,기타,2025-09-15
"[경기남부경찰청] 성남시에서 실종된 조상호씨(남, 21세)를 찾습니다 -185cm,75kg, 흰색반팔, 검정반바지, 남색슬리퍼 vo.la/1uUPP / ☎182","경기도 성남시 수정구 ,경기도 성남시 중원구 ,경기도 성남시 분당구 ",2025-09-15 18:18,2025-09-15,안전안내,205118,기타,2025-09-15
"[경기남부경찰청] 수원시에서 실종된 신원재씨(남, 83세)를 찾습니다 -160cm, 회색자주색무늬반팔, 남색바지, 진회색운동화 vo.la/8YvF5 / ☎182","경기도 수원시 장안구 ,경기도 수원시 권선구 ,경기도 수원시 팔달구 ,경기도 수원시 영통구 ",2025-09-15 18:32,2025-09-15,안전안내,205119,기타,2025-09-15
[경기도청] 철도 파업으로 인하여 수인분당선 등 열차가 매우 혼잡합니다. 도민들께서는 타 교통수단을 이용하는 등 안전에 유의하시기 바랍니다.,"경기도 시흥시 ,경기도 화성시 ,경기도 수원시 장안구 ,경기도 수원시 권선구 ,경기도 수원시 팔달구 ,경기도 수원시 영통구 ,경기도 성남시 수정구 ,경기도 성남시 중원구 ,경기도 성남시 분당구 ,경기도 안산시 상록구 ,경기도 안산시 단원구 ,경기도 용인시 처인구 ,경기도 용인시 기흥구 ,경기도 용인시 수지구 ",2025-09-15 20:00,2025-09-15,안전안내,205123,기타,2025-09-15
"[경기남부경찰청]부천시에서 실종된 현명란씨(여,53세)를 찾습니다-163cm,60kg,검정반팔(어깨,허리부분 노란색),검정바지 vo.la/t5Fpt/ ☎182",경기도 부천시 ,2025-09-16 11:33,2025-09-16,안전안내,205171,기타,2025-09-16
"[서울경찰청] 강서구에서 배회중인 현명란씨(여,53세)를 찾습니다-163cm,60kg,검정반팔(어깨,허리부분 노란색),검정바지 vo.la/t5Fpt / ☎182",서울특별시 강서구 ,2025-09-16 11:42,2025-09-16,안전안내,205173,기타,2025-09-16
"[서울경찰청] 양천구에서 목격된 현명란씨(여,53세)를 찾습니다-163cm,60kg,검정반팔(어깨,허리부분 노란색),검정바지 
vo.la/t5Fpt / ☎182",서울특별시 양천구 ,2025-09-16 11:42,2025-09-16,안전안내,205174,기타,2025-09-16
"[경기도청] 연천군(필승교) 수위 1m 이상 임진강 수위 상승 중. 하천변의 행락객, 야영객, 어민, 지역주민 등은 즉시 대피하시기 바랍니다.","임진강 수계지역(경기도 연천군,파주시)  ,경기도 임진강 ",2025-09-16 18:06,2025-09-16,안전안내,205244,기타,2025-09-16
"[의정부시] 집중호우 대비 조치로 하천변 산책로를 사전 통제하고 있으니, 출입을 삼가시고 안전에 유의하시기 바랍니다.",경기도 의정부시 ,2025-09-16 19:00,2025-09-16,안전안내,205249,호우,2025-09-16
"[서울경찰청] 용산구에서 실종된 이현주씨(여, 52세)를 찾습니다 - 153cm, 55kg, 삭발머리, 슬리퍼착용 
vo.la/9bJN1 / ☎182",서울특별시 용산구 ,2025-09-16 19:03,2025-09-16,안전안내,205250,기타,2025-09-16
"[서울경찰청] 중구에서 배회중인 이현주씨(여, 52세)를 찾습니다 - 153cm, 55kg, 삭발머리, 슬리퍼착용 
vo.la/9bJN1 / ☎182",서울특별시 중구 ,2025-09-16 19:06,2025-09-16,안전안내,205251,기타,2025-09-16
"[서울경찰청] 서대문구에서 목격된 이현주씨(여, 52세)를 찾습니다 - 153cm, 55kg, 삭발머리, 슬리퍼착용 
vo.la/9bJN1 / ☎182",서울특별시 서대문구 ,2025-09-16 19:09,2025-09-16,안전안내,205252,기타,2025-09-16
"[행정안전부] 오늘 20시30분 경기(안산) 호우경보, 산사태ㆍ상습침수 등 위험지역 대피, 외출자제 등 안전에 주의바랍니다",경기도 안산시 ,2025-09-16 20:32,2025-09-16,안전안내,205259,호우,2025-09-16
"[기상청] 20:33 단원구 대부동 인근에 시간당 50mm 이상 강한 비로 침수 등 우려, 안전확보를 위한 국민행동요령 확인 바람 cbs.kma.go.kr",경기도 안산시 단원구 풍도동,2025-09-16 20:34,2025-09-16,긴급재난,205260,호우,2025-09-16
"[서울경찰청] 용산구에서 실종된 이현주씨(여,52세)를 찾습니다-153cm,55kg,삭발머리,흰반팔티,얼룩무늬반바지,슬리퍼
vo.la/9bJN1 / ☎182",서울특별시 용산구 ,2025-09-17 11:55,2025-09-17,안전안내,205296,기타,2025-09-17
"[경기남부경찰청] 용인시에서 실종된 조병욱씨(남,49세)를 찾습니다 -160cm,벙거지모자,형광색조끼,얼룩무늬바지,흰색운동화
vo.la/SWC6G / ☎182","경기도 용인시 처인구 ,경기도 용인시 기흥구 ,경기도 용인시 수지구 ",2025-09-17 12:16,2025-09-17,안전안내,205297,기타,2025-09-17
"[서울경찰청]송파구에서 실종된 조순희씨(여,89세)를 찾습니다-153cm,42kg,남색벙거지모자,빨강반팔티,흰잠옷바지,흰슬리퍼
vo.la/NBqpp / ☎182",서울특별시 송파구 ,2025-09-17 13:43,2025-09-17,안전안내,205300,기타,2025-09-17
"[경기북부경찰청] 고양시에서 실종된 신철화씨(남,62세)를 찾습니다 -165cm,80kg,흰색환자복상하의,흰색운동화
vo.la/8giBG / ☎182","경기도 고양시 덕양구 ,경기도 고양시 일산동구 ,경기도 고양시 일산서구 ",2025-09-17 17:36,2025-09-17,안전안내,205304,기타,2025-09-17
"[서울경찰청] 영등포구에서 실종된 서문식씨(남,54세)를 찾습니다-174cm,60kg,검정반팔티,검정바지,베이지색모자,우산소지
vo.la/gtaWd / ☎182",서울특별시 영등포구 ,2025-09-17 18:52,2025-09-17,안전안내,205308,기타,2025-09-17
"[서울경찰청] 구로구에서 배회중인 서문식씨(남,54세)를 찾습니다-174cm,60kg,검정반팔티,검정바지,베이지색모자,우산소지
vo.la/gtaWd / ☎182",서울특별시 구로구 ,2025-09-17 18:53,2025-09-17,안전안내,205309,기타,2025-09-17
"[경기남부경찰청] 안양시에서 실종된 진선희씨(여,74세)를 찾습니다 -155cm,50kg,회색외투,보라색반팔,회색바지,백색단발
vo.la/uOUBN / ☎182","경기도 안양시 만안구 ,경기도 안양시 동안구 ",2025-09-17 19:08,2025-09-17,안전안내,205310,기타,2025-09-17
"[경기남부경찰청] 군포시에서 배회중인 진선희씨(여,74세)를 찾습니다-155cm,50kg,회색외투,보라색반팔,회색바지,백색단발
vo.la/uOUBN / ☎182",경기도 군포시 ,2025-09-17 19:08,2025-09-17,안전안내,205311,기타,2025-09-17
"[서울경찰청] 양천구에서 실종된 신봉화씨(여,84세)를 찾습니다 -150cm,50kg,연분홍반팔티,기하학무늬남색바지,연회색신발
vo.la/keSkA / ☎182",서울특별시 양천구 ,2025-09-17 19:54,2025-09-17,안전안내,205312,기타,2025-09-17
"[경기남부경찰청] 화성시에서 실종된 조주한(남, 8세)을 찾습니다 -130cm,35kg,파란색반팔티,남색츄리닝,흰색운동화
vo.la/2LRHC / ☎182",경기도 화성시 ,2025-09-17 20:57,2025-09-17,안전안내,205318,기타,2025-09-17
"[서울경찰청] 강동구에서 실종된 김재권씨(남, 70세)를 찾습니다 - 160cm, 60kg, 흰카라반팔티,검정칠부바지,검정운동화 vo.la/ceqxU / ☎182",서울특별시 강동구 ,2025-09-18 8:45,2025-09-18,안전안내,205327,기타,2025-09-18
"[경기남부경찰청] 안성시에서 실종된 안승초씨(남, 80세)를 찾습니다 - 165cm, 55kg, 연두색점퍼,파랑체육복,벙거지모자 vo.la/eA9gO / ☎182",경기도 안성시 ,2025-09-18 9:20,2025-09-18,안전안내,205328,기타,2025-09-18
"[서울경찰청] 중구에서 목격된 신철화씨(남, 62세)를 찾습니다 - 165cm, 80kg, 흰색환자복상하의,흰색운동화,대머리 vo.la/8giBG / ☎182",서울특별시 중구 ,2025-09-18 9:41,2025-09-18,안전안내,205330,기타,2025-09-18
"[서울경찰청] 강서구에서 실종된 김순섭씨(여, 71세)를 찾습니다 - 158cm, 58kg, 분홍바람막이점퍼,검정바지,검정운동화 vo.la/U1BgF / ☎182",서울특별시 강서구 ,2025-09-18 11:03,2025-09-18,안전안내,205333,기타,2025-09-18
"[서울경찰청] 영등포구에서 배회중인 김순섭씨(여, 71세)를 찾습니다- 158cm,58kg, 분홍바람막이점퍼,검정바지,검정운동화 vo.la/U1BgF / ☎182",서울특별시 영등포구 ,2025-09-18 11:04,2025-09-18,안전안내,205334,기타,2025-09-18
"[서울경찰청] 강서구에서 배회중인 윤형정씨(여, 80세)를 찾습니다-155cm,45kg,가로줄무늬긴팔티,분홍하트바지,검정운동화 vo.la/hkCdj / ☎182",서울특별시 강서구 ,2025-09-18 11:05,2025-09-18,안전안내,205335,기타,2025-09-18
"[경기남부경찰청] 수원시에서 실종된 양천순씨(남, 54세)를 찾습니다 - 162cm, 75kg, 남색점퍼, 검정티셔츠, 회색바지 vo.la/LD4BL / ☎182","경기도 수원시 장안구 ,경기도 수원시 권선구 ,경기도 수원시 팔달구 ,경기도 수원시 영통구 ",2025-09-18 19:07,2025-09-18,안전안내,205343,기타,2025-09-18
"[서울경찰청] 동대문구에서 배회중인 양천순씨(남, 54세)를 찾습니다 - 162cm, 75kg, 남색점퍼, 검정티셔츠, 회색바지 vo.la/LD4BL / ☎182",서울특별시 동대문구 ,2025-09-18 19:07,2025-09-18,안전안내,205344,기타,2025-09-18
"[서울경찰청] 종로구에서 배회중인 양천순씨(남, 54세)를 찾습니다 - 162cm, 75kg, 남색점퍼, 검정티셔츠, 회색바지 vo.la/LD4BL / ☎182",서울특별시 종로구 ,2025-09-18 19:08,2025-09-18,안전안내,205345,기타,2025-09-18
"[서울경찰청] 구로구에서 실종된 원미자씨(여,76세)를 찾습니다-155cm, 45kg, 초록노랑얼룩무늬반팔,보라색반바지
vo.la/YaMMb / ☎182",서울특별시 구로구 ,2025-09-19 10:34,2025-09-19,안전안내,205348,기타,2025-09-19
"[서울경찰청] 금천구에서 배회중인 원미자씨(여,76세)를 찾습니다-155cm, 45kg, 초록노랑얼룩무늬반팔,보라색반바지 vo.la/YaMMb / ☎182",서울특별시 금천구 ,2025-09-19 10:38,2025-09-19,안전안내,205349,기타,2025-09-19
"[경기남부경찰청] 광명시에서 목격된 원미자씨(여,76세)를 찾습니다-155cm, 45kg, 초록노랑얼룩무늬반팔,보라색반바지 vo.la/YaMMb / ☎182",경기도 광명시 ,2025-09-19 10:39,2025-09-19,안전안내,205350,기타,2025-09-19
"[서울경찰청] 강서구에서 실종된 김학균씨(남,40세)를 찾습니다-179cm,75kg,녹색체크무늬셔츠,베이지색하의,베이지색신발
vo.la/Wv53w / ☎182",서울특별시 강서구 ,2025-09-19 12:18,2025-09-19,안전안내,205354,기타,2025-09-19
"[경기남부경찰청] 김포시에서 배회중인 김학균씨(남,40세)를 찾습니다-179cm,75kg,녹색체크무늬셔츠,베이지색 하의와 신발 vo.la/Wv53w / ☎182",경기도 김포시 ,2025-09-19 12:22,2025-09-19,안전안내,205355,기타,2025-09-19
"[서울경찰청] 노원구에서 실종된 김현주씨(여,41세)를 찾습니다 -160cm,68kg,꽃무늬티,회색칠부바지,검정슬리퍼
vo.la/bhWwm / ☎182",서울특별시 노원구 ,2025-09-19 13:30,2025-09-19,안전안내,205356,기타,2025-09-19
"[서울경찰청] 용산구에서 배회중인 신철화씨(남,62세)를 찾습니다-165cm,80kg,흰색환자복상하의,흰색운동화,대머리 vo.la/8giBG / ☎182",서울특별시 용산구 ,2025-09-19 13:36,2025-09-19,안전안내,205357,기타,2025-09-19
"[서울경찰청] 종로구에서 목격된 신철화씨(남,62세)를 찾습니다-165cm,80kg,흰색환자복상하의,흰색운동화,대머리 
vo.la/8giBG / ☎182",서울특별시 종로구 ,2025-09-19 13:40,2025-09-19,안전안내,205358,기타,2025-09-19
"[경기북부경찰청] 고양시에서 실종된 정혜덕씨(남, 82세)를 찾습니다 - 170cm, 75kg, 긴팔회색상의, 검정긴바지
vo.la/FHnjD / ☎182","경기도 고양시 덕양구 ,경기도 고양시 일산동구 ,경기도 고양시 일산서구 ",2025-09-19 13:46,2025-09-19,안전안내,205359,기타,2025-09-19
"[경기북부경찰청] 파주시에서 배회중인 정혜덕씨(남, 82세)를 찾습니다 - 170cm, 75kg, 긴팔회색상의, 검정긴바지 
vo.la/FHnjD / ☎182",경기도 파주시 ,2025-09-19 13:48,2025-09-19,안전안내,205360,기타,2025-09-19
[강남구] 언주역 8번출구 앞 도로 침하로 인해 언주역(차병원사거리)에서 신논현역 방향으로 도로 통제 중이니 우회하여 주시기 바랍니다.,"서울특별시 강남구 역삼동,서울특별시 강남구 삼성동,서울특별시 강남구 논현동",2025-09-19 14:24,2025-09-19,안전안내,205363,교통통제,2025-09-19
"[서울경찰청] 노원구에서 실종된 하영준씨(남, 74세)를 찾습니다 - 160cm, 50kg, 안경착용, 백색상고머리 
vo.la/D01wO / ☎182",서울특별시 노원구 ,2025-09-19 14:41,2025-09-19,안전안내,205365,기타,2025-09-19
[강남구] 언주역 인근 도로 지반 침하로 인한 봉은사로 차량 통제가 완전 해제되었음을 알려드립니다.,"서울특별시 강남구 역삼동,서울특별시 강남구 삼성동,서울특별시 강남구 논현동",2025-09-19 16:18,2025-09-19,안전안내,205371,교통통제,2025-09-19
"[서울경찰청] 도봉구에서 배회중인 하영준씨(남, 74세)를 찾습니다 -160cm,50kg,파란색겉옷,백발,검정운동화,안경 
vo.la/D01wO / ☎182",서울특별시 도봉구 ,2025-09-19 16:59,2025-09-19,안전안내,205372,기타,2025-09-19
"[서울경찰청] 동작구에서 실종된 김재완씨(남,70세)를 찾습니다-160cm,50kg,검정노랑섞인점퍼,검정모자,빨간운동화
vo.la/AzhEC / ☎182",서울특별시 동작구 ,2025-09-19 18:03,2025-09-19,안전안내,205374,기타,2025-09-19
"[서울경찰청] 영등포구에서 배회중인 김재완씨(남,70세)를 찾습니다-160cm,50kg,검정노랑섞인점퍼,검정모자,빨간운동화 vo.la/AzhEC / ☎182",서울특별시 영등포구 ,2025-09-19 18:07,2025-09-19,안전안내,205375,기타,2025-09-19
"[서울경찰청] 강서구에서 실종된 백낙봉씨(남,64세)를 찾습니다 -163cm,50kg,병원 흰색환자복 상하의,검정슬리퍼
vo.la/02zck / ☎182",서울특별시 강서구 ,2025-09-20 8:14,2025-09-20,안전안내,205379,기타,2025-09-20
"[서울경찰청] 양천구에서 배회중인 백낙봉씨(남,64세)를 찾습니다 -163cm,50kg,병원 흰색환자복 상하의,검정슬리퍼
vo.la/02zck / ☎182",서울특별시 양천구 ,2025-09-20 8:15,2025-09-20,안전안내,205380,기타,2025-09-20
"[서울경찰청] 영등포구에서 배회중인 김무영씨(남,48세)를 찾습니다 -160cm,50kg,남색등산복상의,검정7부바지,검정운동화
vo.la/HQp3e / ☎182",서울특별시 영등포구 ,2025-09-20 9:46,2025-09-20,안전안내,205381,기타,2025-09-20
"[서울경찰청] 구로구에서 배회중인 김무영씨(남,48세)를 찾습니다 -160cm,50kg,남색등산복상의,검정7부바지,검정운동화
vo.la/HQp3e / ☎182",서울특별시 구로구 ,2025-09-20 9:47,2025-09-20,안전안내,205382,기타,2025-09-20
"[경기북부경찰청] 고양시에서 실종된 한낭자씨(여, 84세)를 찾습니다 - 153cm, 48kg, 보통체격, 백발 파마머리
vo.la/NXN2R / ☎182","경기도 고양시 덕양구 ,경기도 고양시 일산동구 ,경기도 고양시 일산서구 ",2025-09-20 10:52,2025-09-20,안전안내,205384,기타,2025-09-20
"[경기북부경찰청] 파주시에서 배회중인 한낭자씨(여, 84세)를 찾습니다 - 153cm, 48kg, 보통체격, 백발 파마머리
vo.la/NXN2R / ☎182",경기도 파주시 ,2025-09-20 10:53,2025-09-20,안전안내,205385,기타,2025-09-20
[행정안전부] 내일까지 많은 비가 예보되어 있습니다. 하천변 산책로ㆍ농수로ㆍ계곡은 범람이나 급류 휩쓸림 사고의 위험이 있으니 출입을 금지해주세요.,"강원특별자치도 전체 ,경기도 전체 ,경상남도 전체 ,경상북도 전체 ,광주광역시 전체 ,대구광역시 전체 ,대전광역시 전체 ,부산광역시 전체 ,서울특별시 전체 ,울산광역시 전체 ,인천광역시 전체 ,전라남도 전체 ,전라북도 전체 ,제주특별자치도 전체 ,충청남도 전체 ,충청북도 전체 ,세종특별자치시  ",2025-09-20 10:59,2025-09-20,안전안내,205386,호우,2025-09-20
"[여주시] 돌풍·번개를 동반한 많은 비가 예상됩니다. 하천,계곡등 접근을 금지하시고 산사태,침수지역,반지하주택 등 인근주민들은 사전대비 및 안전에 유의 바랍니다.",경기도 여주시 ,2025-09-20 14:02,2025-09-20,안전안내,205393,호우,2025-09-20
[군포시] 오늘 13시 34분경 금정고가차도 상판 일부파손으로 군포방향 전면 교통통제중이오니 안전점검 완료시까지 우회하여 주시기 바랍니다.,경기도 군포시 ,2025-09-20 14:46,2025-09-20,안전안내,205406,붕괴,2025-09-20
[군포시청]오늘 13시 34분경 금정고가차도 상판 일부파손으로 군포지샘병원→안양방향 교통통제중이오니 안전점검 완료시까지 우회하여 주시기 바랍니다.,경기도 군포시 ,2025-09-20 15:28,2025-09-20,안전안내,205413,기타,2025-09-20
"[서울경찰청] 용산구에서 실종된 허정행씨(여,77세)를 찾습니다-150cm,40kg,검정긴팔,검정바지,회색양말,안경착용
vo.la/6MuJu / ☎182",서울특별시 용산구 ,2025-09-20 16:11,2025-09-20,안전안내,205421,기타,2025-09-20
"[서울경찰청] 중구에서 배회중인 허정행씨(여,77세)를 찾습니다-150cm,40kg,검정긴팔,검정바지,회색양말,안경착용 
vo.la/6MuJu / ☎182",서울특별시 중구 ,2025-09-20 16:13,2025-09-20,안전안내,205425,기타,2025-09-20
[행정안전부] 그동안 내린 비로 지반이 약해져 있으니 산사태ㆍ비탈면ㆍ축대ㆍ제방 붕괴 징후가 있는 곳에서는 즉시 안전한 곳으로 대피하시기 바랍니다.,"경기도 전체 ,경상남도 전체 ,경상북도 전체 ,대전광역시 전체 ,부산광역시 전체 ,울산광역시 전체 ,전라남도 전체 ,전라북도 전체 ,충청남도 전체 ,충청북도 전체 ,세종특별자치시  ",2025-09-20 17:00,2025-09-20,안전안내,205437,호우,2025-09-20
"[군포시청]금정고가교 상판 일부 파손으로 교통통제중이오니, 호계방향으로 이동시
당동지하차도로 우회하여 주시기 바랍니다.",경기도 군포시 ,2025-09-20 17:16,2025-09-20,안전안내,205443,교통통제,2025-09-20
"[행정안전부] 반지하주택, 지하상가 등 바닥에 물이 차오르거나 하수 역류 시 즉시 지상으로 대피해주세요. 공동주택 지하주차장은 빗물 유입 시 출입을 금지해주세요.","강원특별자치도 전체 ,경기도 전체 ,경상남도 전체 ,경상북도 전체 ,대전광역시 전체 ,부산광역시 전체 ,울산광역시 전체 ,전라남도 전체 ,전라북도 전체 ,제주특별자치도 전체 ,충청남도 전체 ,충청북도 전체 ,세종특별자치시  ",2025-09-20 20:57,2025-09-20,안전안내,205551,호우,2025-09-20
"[김포시청] 장릉배수지 내 관로파손으로 인한 탁수발생으로 긴급단수 및 복구작업이 12시부터 18시까지 진행됩니다.(단수지역:북변동, 감정동, 사우동·풍무동 일원)","경기도 김포시 북변동,경기도 김포시 감정동,경기도 김포시 사우동,경기도 김포시 풍무동",2025-09-21 13:28,2025-09-21,안전안내,205615,수도,2025-09-21
"[경기북부경찰청] 고양시에서 실종된 김준열씨(남, 60세)를 찾습니다 -168cm,51kg,짧은머리,하늘색반팔,남색바지,슬리퍼 vo.la/8ZAax / ☎182","경기도 고양시 덕양구 ,경기도 고양시 일산동구 ,경기도 고양시 일산서구 ",2025-09-21 14:06,2025-09-21,안전안내,205616,기타,2025-09-21
"[경기북부경찰청] 파주시에서 배회중인 김준열씨(남, 60세)를 찾습니다 -168cm,51kg,짧은머리,하늘색반팔,남색바지,슬리퍼 vo.la/8ZAax / ☎182",경기도 파주시 ,2025-09-21 14:07,2025-09-21,안전안내,205617,기타,2025-09-21
"[서울경찰청] 동작구에서 실종된 이광준씨(남, 33세)를 찾습니다-178cm,마른체형,베이지색셔츠,검정긴바지,회색신발,검정우산 vo.la/Ryszj / ☎182",서울특별시 동작구 ,2025-09-21 14:23,2025-09-21,안전안내,205618,기타,2025-09-21
"[경기남부경찰청] 부천시에서 배회중인 이광준씨(남, 33세)를 찾습니다 -178cm,베이지색셔츠,검정긴바지,회색신발,검정우산 vo.la/Ryszj / ☎182",경기도 부천시 ,2025-09-21 14:24,2025-09-21,안전안내,205619,기타,2025-09-21
[부천시청] 현재 화물차량 교통사고로 인해 내동사거리에서 부천IC방향에 차량통제하고 있으니 우회도로를 이용하시기 바랍니다.,"경기도 부천시 원미동,경기도 부천시 춘의동,경기도 부천시 도당동,경기도 부천시 약대동,경기도 부천시 중동,경기도 부천시 오정동,경기도 부천시 여월동,경기도 부천시 원종동,경기도 부천시 고강동,경기도 부천시 대장동,경기도 부천시 삼정동,경기도 부천시 내동",2025-09-21 15:49,2025-09-21,안전안내,205623,교통통제,2025-09-21
"[경기남부경찰청] 성남시에서 실종된 문수영씨(남, 59세)를 찾습니다 - 170cm, 짧은흰색머리, 짙은색셔츠, 검정긴바지 vo.la/moPxA / ☎182","경기도 성남시 수정구 ,경기도 성남시 중원구 ,경기도 성남시 분당구 ",2025-09-21 17:15,2025-09-21,안전안내,205627,기타,2025-09-21
"[화성시] 9.22.(금) 19:30 화성종합경기타운에서 대규모 행사 진행 예정, 주변도로 교통혼잡이 예상되오니 대중교통 이용 및 차량 우회하여 주시기 바랍니다.",경기도 화성시 ,2025-09-22 10:50,2025-09-22,안전안내,205638,기타,2025-09-22
[서울특별시청] 오늘 오후 2시~5시경 국군의 날 행사 관련 비행(훈련)으로 비행음 발생이 우려되오니 양지하시기 바랍니다.,서울특별시 전체 ,2025-09-22 13:30,2025-09-22,안전안내,205640,기타,2025-09-22
"[서울경찰청] 양천구에서 실종된 박무일씨(남, 79세)를 찾습니다 - 150cm,49kg,어두운반팔티,검정긴바지,검정구두
vo.la/uBhQb / ☎182",서울특별시 양천구 ,2025-09-22 16:23,2025-09-22,안전안내,205643,기타,2025-09-22
"[서울경찰청] 강북구에서 실종된 안승배씨(남,82세)를 찾습니다-168cm,60kg,붉은계열조끼,검정반팔,검정긴바지,검정운동화 
vo.la/8qgWS / ☎182",서울특별시 강북구 ,2025-09-22 16:50,2025-09-22,안전안내,205644,기타,2025-09-22
"[서울경찰청]마포구에서 배회중인 안승배씨(남,82세)를 찾습니다-168cm,60kg,붉은계열조끼,검정반팔,검정긴바지,검정운동화 vo.la/8qgWS/ ☎182",서울특별시 마포구 ,2025-09-22 16:53,2025-09-22,안전안내,205645,기타,2025-09-22
"[경기북부경찰청]고양시에서 배회중인 안승배씨(남,82세)를 찾습니다-168cm,60kg,붉은계열조끼,검정반팔,검정바지,검정운동화 vo.la/8qgWS/ ☎182","경기도 고양시 덕양구 ,경기도 고양시 일산동구 ,경기도 고양시 일산서구 ",2025-09-22 16:58,2025-09-22,안전안내,205646,기타,2025-09-22
"[경기남부경찰청] 부천시에서 실종된 권영규씨(남,84세)를 찾습니다 -160cm,어두운색자켓,베이지색바지,흰운동화,흰모자
vo.la/iQsxs / ☎182",경기도 부천시 ,2025-09-22 18:07,2025-09-22,안전안내,205649,기타,2025-09-22
"[중랑구]용마산로 139다길40(신내동), 포시즌빌 주변 멧돼지 출몰 신고가 접수되었습니다.주민분들께서는 외출을 자제하여 주시고 안전에 유의하여 주시기 바랍니다.",서울특별시 중랑구 ,2025-09-22 20:53,2025-09-22,안전안내,205660,기타,2025-09-22
"[서울경찰청] 강서구에서 실종된 리암세인피터슨씨(남,23세)를 찾습니다 -175cm,110kg,흰색반팔티,회색긴바지,진회색운동화
vo.la/rxLbb/ ☎182",서울특별시 강서구 ,2025-09-23 8:53,2025-09-23,안전안내,205664,기타,2025-09-23
"[서울경찰청] 양천구에서 배회중인 리암세인피터슨씨(남,23세)를 찾습니다-175cm,110kg,흰색반팔티,회색긴바지,진회색운동화
vo.la/rxLbb/ ☎182",서울특별시 양천구 ,2025-09-23 8:53,2025-09-23,안전안내,205665,기타,2025-09-23
"[경기남부경찰청] 부천시에서 실종된 권영규씨(남, 84세)를 찾습니다 -160cm, 흰색모자, 흰색회색체크셔츠, 검정신발
vo.la/iQsxs / ☎182",경기도 부천시 ,2025-09-23 9:36,2025-09-23,안전안내,205667,기타,2025-09-23
"[서울경찰청] 광진구에서 실종된 박영수씨(남,89세)를 찾습니다 -175cm,70kg,하늘색점퍼,검정운동화,마스크,구부정한허리
vo.la/ak9kC / ☎182",서울특별시 광진구 ,2025-09-23 16:01,2025-09-23,안전안내,205674,기타,2025-09-23
"[서울경찰청] 송파구에서 배회중인 박영수씨(남,89세)를 찾습니다-175cm,70kg,하늘색점퍼,검정운동화,마스크,구부정한허리
vo.la/ak9kC / ☎182",서울특별시 송파구 ,2025-09-23 16:02,2025-09-23,안전안내,205675,기타,2025-09-23
"[서울경찰청] 중랑구에서 배회중인 박영수씨(남,89세)를 찾습니다 -175cm,70kg,하늘색점퍼,검정운동화,마스크,구부정한허리
vo.la/ak9kC / ☎182",서울특별시 중랑구 ,2025-09-23 16:02,2025-09-23,안전안내,205676,기타,2025-09-23
"[서울경찰청] 영등포구에서 배회중인 정우씨(남,23세)를 찾습니다 -180cm,검정프로스펙스반팔티,검정반바지,어두운색크로스백
vo.la/M9K1B / ☎182",서울특별시 영등포구 ,2025-09-23 17:05,2025-09-23,안전안내,205681,기타,2025-09-23
"[서울경찰청]노원구에서 실종된 정우씨(남,23세)를 찾습니다-180cm,69kg,검정프로스펙스반팔티,검정반바지,어두운색크로스백
vo.la/M9K1B / ☎182",서울특별시 노원구 ,2025-09-23 17:05,2025-09-23,안전안내,205682,기타,2025-09-23
"[서울경찰청] 강동구에서 실종된 정용백씨(남,61세)를 찾습니다-155cm,남색반팔티,검정츄리닝바지,갈색챙모자,귀도리,흰실내화
vo.la/kizDK / ☎182",서울특별시 강동구 ,2025-09-23 17:28,2025-09-23,안전안내,205683,기타,2025-09-23
"[경기남부경찰청] 광주시에서 실종된 고동화씨(여, 70세)를 찾습니다 -155cm, 48kg, 얼룩무늬자켓, 검정바지
vo.la/KwLqa / ☎182",경기도 광주시 ,2025-09-23 17:47,2025-09-23,안전안내,205684,기타,2025-09-23
"[경기남부경찰청] 이천시에서 배회중인 고동화씨(여, 70세)를 찾습니다 -155cm, 48kg, 얼룩무늬자켓, 검정바지
vo.la/KwLqa / ☎182",경기도 이천시 ,2025-09-23 17:47,2025-09-23,안전안내,205685,기타,2025-09-23
"[경기남부경찰청] 안산시에서 실종된 윤금년씨(여, 92세)를 찾습니다 -153cm,노란색잠바,밤색바지,자주색신발,자주색모자
vo.la/cb38A / ☎182","경기도 안산시 상록구 ,경기도 안산시 단원구 ",2025-09-23 17:56,2025-09-23,안전안내,205686,기타,2025-09-23
"[중랑구청]신내동 279-2(안새우개 마을, 포시즌빌) 주변에서 멧돼지 2~3마리가 출몰하였습니다. 주민분들께서는 외출을 자제하시고 안전에 유의하여주시기 바랍니다",서울특별시 중랑구 ,2025-09-23 18:57,2025-09-23,안전안내,205689,기타,2025-09-23
"[서울경찰청] 강동구에서 배회중인 박영수씨(남,89세)를 찾습니다-175cm,70kg,하늘색점퍼,검정운동화,마스크,구부정한허리
vo.la/ak9kC / ☎182",서울특별시 강동구 ,2025-09-23 20:19,2025-09-23,안전안내,205692,기타,2025-09-23
"[경기남부경찰청] 하남시에서 배회중인 박영수씨(남,89세)를 찾습니다 -175cm,하늘색점퍼,검정운동화,마스크,허리구부정
vo.la/ak9kC / ☎182",경기도 하남시 ,2025-09-23 20:20,2025-09-23,안전안내,205693,기타,2025-09-23
"[경기남부경찰청] 성남시에서 배회중인 박영수씨(남,89세)를 찾습니다 -175cm,하늘색점퍼,검정운동화,마스크,허리구부정
vo.la/ak9kC / ☎182","경기도 성남시 수정구 ,경기도 성남시 중원구 ,경기도 성남시 분당구 ",2025-09-23 20:21,2025-09-23,안전안내,205694,기타,2025-09-23
"[서울경찰청] 강서구에서 실종된 강성호씨(남, 74세)를 찾습니다 -160cm, 보라색셔츠(체크), 진한회색바지, 매쉬소재 신발 vo.la/S4ZRN / ☎182",서울특별시 강서구 ,2025-09-24 14:51,2025-09-24,안전안내,205700,기타,2025-09-24
"[서울경찰청] 경찰은 성북구에서 실종된 정재일씨(남, 83세)를 찾습니다 -160cm, 60kg, 청록색잠바, 검정색모자 착용 vo.la/veu3i / ☎182",서울특별시 성북구 ,2025-09-24 18:45,2025-09-24,안전안내,205704,기타,2025-09-24
"[서울경찰청] 강북구에서 배회중인 정재일씨(남, 83세)를 찾습니다 -160cm, 60kg, 청록색잠바, 검정색모자 착용 vo.la/veu3i / ☎182",서울특별시 강북구 ,2025-09-24 18:46,2025-09-24,안전안내,205705,기타,2025-09-24
"[서울경찰청]성동구에서 실종된 천병운씨(남,51세)를 찾습니다-150cm,55kg,남색반팔,남색칠부바지,하늘색크록스,선글라스 
vo.la/cohnz / ☎182",서울특별시 성동구 ,2025-09-25 10:36,2025-09-25,안전안내,205714,기타,2025-09-25
"[서울경찰청]광진구에서 배회중인 천병운씨(남,51세)를 찾습니다-150cm,55kg,남색반팔,남색칠부바지,하늘색크록스,선글라스 vo.la/cohnz / ☎182",서울특별시 광진구 ,2025-09-25 10:38,2025-09-25,안전안내,205715,기타,2025-09-25
"[부천시청] 현재 소사본동 101-1번지 서울신학대학교 정문 전신주 전도로 인한 일대 정전 및 통신장애 발생, 한국전력공사와 통신사에서 복구 중에 있습니다.",경기도 부천시 소사본동,2025-09-25 13:39,2025-09-25,안전안내,205717,기타,2025-09-25
"[경기남부경찰청] 부천시에서 실종된 하상복씨(남,73세)를 찾습니다 -170cm,60kg,검정잠바,검정바지,흰색운동화
vo.la/KuHFA / ☎182",경기도 부천시 ,2025-09-25 14:26,2025-09-25,안전안내,205718,기타,2025-09-25
[성남시청] 도시가스 공사 중 사고 발생으로 정자동 188-1 불정교사거리 용인방향 성남대로 교통통제 중으로 우회하여 주시기 바랍니다.,"경기도 성남시 수정구 ,경기도 성남시 중원구 ,경기도 성남시 분당구 ",2025-09-25 14:46,2025-09-25,안전안내,205719,교통통제,2025-09-25
"[서울경찰청] 동작구에서 실종된 정종한(남, 15세)을 찾습니다 -163cm, 68kg, 흰색교복상의, 남색긴바지
vo.la/3rUFh / ☎182",서울특별시 동작구 ,2025-09-25 16:42,2025-09-25,안전안내,205720,기타,2025-09-25
"[서울경찰청] 관악구에서 배회중인 정종한(남, 15세)을 찾습니다 -163cm, 68kg, 흰색교복상의, 남색긴바지
vo.la/3rUFh / ☎182",서울특별시 관악구 ,2025-09-25 16:43,2025-09-25,안전안내,205721,기타,2025-09-25
"[서울특별시청] 오늘 국군의 날 행사로 교통통제(서울공항~숭례문 13시~15시40분까지, 숭례문~광화문 14~18시까지) 예정이오니 우회하시기 바랍니다.",서울특별시 전체 ,2025-09-26 11:00,2025-09-26,안전안내,205729,기타,2025-09-26
[안양시청] 9.26(화) 13:30~14:30분까지 군부대 이동으로 인해 <인덕원에서 과천 방향> 통제하니 우회하여 주시기 바랍니다.,"경기도 안양시 만안구 ,경기도 안양시 동안구 ",2025-09-26 11:24,2025-09-26,안전안내,205730,교통통제,2025-09-26
[과천시청]오늘 국군의 날 행사로 교통통제(13:40~14:40)/염곡사거리~관문사거리(하행) /관문사거리~과천대로~사당역(상행) 예정이오니 우회하시기 바랍니다.,경기도 과천시 ,2025-09-26 12:29,2025-09-26,안전안내,205731,교통통제,2025-09-26
"[경기북부경찰청] 고양시에서 실종된 이춘근씨(남, 84세)를 찾습니다 -172cm,56kg, 진한녹색상의,검정바지,흰색운동화 vo.la/CemOi / ☎182","경기도 고양시 덕양구 ,경기도 고양시 일산동구 ,경기도 고양시 일산서구 ",2025-09-26 14:03,2025-09-26,안전안내,205732,기타,2025-09-26
"[서울경찰청] 중구에서 배회중인 이춘근씨(남, 84세)를 찾습니다 -172cm,56kg, 진한녹색상의,검정바지,흰색운동화 vo.la/CemOi / ☎182",서울특별시 중구 ,2025-09-26 14:26,2025-09-26,안전안내,205733,기타,2025-09-26
"[서울경찰청] 노원구에서 실종된 이남수씨(남,84세)를 찾습니다 -160cm,카키등산긴팔,국방등산바지,검정운동화,검정야구모자
vo.la/GLhAW / ☎182",서울특별시 노원구 ,2025-09-26 17:10,2025-09-26,안전안내,205736,기타,2025-09-26
"[서울경찰청] 마포구에서 실종된 남반례씨(여, 84세)를 찾습니다- 160cm, 50kg, 체크남방,검정바지,흰모자,보라색우산 vo.la/wuZnZ / ☎182",서울특별시 마포구 ,2025-09-27 9:29,2025-09-27,안전안내,205743,기타,2025-09-27
"[서울경찰청] 서대문구에서 배회중인 남반례씨(여,84세)를 찾습니다- 160cm, 50kg, 체크남방,검정바지,흰모자,보라색우산 vo.la/wuZnZ / ☎182",서울특별시 서대문구 ,2025-09-27 9:30,2025-09-27,안전안내,205744,기타,2025-09-27
"[서울경찰청] 용산구에서 실종된 조한교씨(남, 28세)를 찾습니다- 187cm, 120kg, 국방색체크무늬셔츠,회색바지,슬리퍼 vo.la/iFv9Q / ☎182",서울특별시 용산구 ,2025-09-27 9:56,2025-09-27,안전안내,205747,기타,2025-09-27
"[경기북부경찰청] 파주시에서 실종된 조행자씨(여, 84세)를 찾습니다- 155cm,55kg,화려한무늬상의,초록색칠부바지,빨강샌들 vo.la/n2Dhm / ☎182",경기도 파주시 ,2025-09-27 10:16,2025-09-27,안전안내,205748,기타,2025-09-27
"[경기북부경찰청] 고양시에서 목격된 남반례씨(여,84세)를 찾습니다- 160cm, 50kg, 체크남방,검정바지,흰모자,보라색우산 vo.la/wuZnZ / ☎182","경기도 고양시 덕양구 ,경기도 고양시 일산동구 ,경기도 고양시 일산서구 ",2025-09-27 13:18,2025-09-27,안전안내,205749,기타,2025-09-27
"[군포시] 추석연휴 중 9.30.(토), 10.2.(월) (오전 09:00~12:00) 보건소 선별진료소 운영하오니, 이용에 참고 바랍니다.",경기도 군포시 ,2025-09-27 16:11,2025-09-27,안전안내,205751,전염병,2025-09-27
"[서울경찰청] 강북구에서 실종된 이지동씨(남, 72세)를 찾습니다- 160cm, 60kg, 회색긴팔,검정긴바지,슬리퍼,민머리 vo.la/VKG3H / ☎182",서울특별시 강북구 ,2025-09-27 18:03,2025-09-27,안전안내,205754,기타,2025-09-27
"[서울경찰청] 도봉구에서 배회중인 이지동씨(남, 72세)를 찾습니다- 160cm, 60kg, 회색긴팔,검정긴바지,슬리퍼,민머리 vo.la/VKG3H / ☎182",서울특별시 도봉구 ,2025-09-27 18:08,2025-09-27,안전안내,205755,기타,2025-09-27
[금천구] 동일여고 앞 금하로 차량 전복사고로 인한 복구작업중으로 양방향 전면 교통통제 중입니다. 인근 차량은 우회하여 주시기 바랍니다.,서울특별시 금천구 ,2025-09-27 18:41,2025-09-27,안전안내,205756,교통통제,2025-09-27
"[서울경찰청] 강북구에서 실종된 정동월씨(여, 81세)를 찾습니다- 160cm, 62kg, 흰색혼합파랑긴팔상의,검정바지,슬리퍼 vo.la/ogLZO / ☎182",서울특별시 강북구 ,2025-09-27 18:56,2025-09-27,안전안내,205760,기타,2025-09-27
"[서울경찰청] 도봉구에서 목격된 정동월씨(여, 81세)를 찾습니다- 160cm, 62kg, 흰색혼합파랑긴팔상의,검정바지,슬리퍼 vo.la/ogLZO / ☎182",서울특별시 도봉구 ,2025-09-27 18:56,2025-09-27,안전안내,205761,기타,2025-09-27
[금천구] 동일여고 앞 금하로 차량 전복사고 복구작업 완료로 도로통제 해제. 물청소 작업 실시로 미끄러우니 안전에 주의하시기 바랍니다.,서울특별시 금천구 ,2025-09-27 19:45,2025-09-27,안전안내,205762,교통통제,2025-09-27
"[서울경찰청] 강북구에서 실종된 안승배씨(남, 82세)를 찾습니다 -168cm,60kg,파란색긴팔,붉은색조끼,검정바지,운동화
vo.la/VtfHX / ☎182",서울특별시 강북구 ,2025-09-28 14:00,2025-09-28,안전안내,205770,기타,2025-09-28
"[서울경찰청] 서대문구에서 배회중인 안승배씨(남, 82세)를 찾습니다 -168cm,60kg,파란색긴팔,붉은색조끼,검정바지,운동화
vo.la/VtfHX / ☎182",서울특별시 서대문구 ,2025-09-28 14:00,2025-09-28,안전안내,205771,기타,2025-09-28
"[경기북부경찰청]남양주시에서 실종된 윤태선씨(남,70세)를 찾습니다-170cm,63kg,남색카라반팔,남색바지,회색신발(녹색끈) 
vo.la/2BteP/ ☎182",경기도 남양주시 ,2025-09-28 17:24,2025-09-28,안전안내,205778,기타,2025-09-28
"[서울경찰청] 송파구에서 실종된 김정희씨(여,53세)를 찾습니다-156cm,60kg,흰색반팔티,검은색츄리닝바지(3선),3선슬리퍼
vo.la/zwywg/ ☎182",서울특별시 송파구 ,2025-09-29 18:43,2025-09-29,안전안내,205796,기타,2025-09-29
"[경기남부경찰청] 화성시에서 실종된 이종섭(남,64세)를 찾습니다 -185cm,75kg,검정반팔티,회색긴바지,남색크록스
vo.la/K0HeB/ ☎182",경기도 화성시 ,2025-09-29 19:25,2025-09-29,안전안내,205797,기타,2025-09-29
"[경기남부경찰청] 오산시에서 배회중인 이종섭(남,64세)를 찾습니다 -185cm,75kg,검정반팔티,회색긴바지,남색크록스
vo.la/K0HeB/ ☎182",경기도 오산시 ,2025-09-29 19:26,2025-09-29,안전안내,205798,기타,2025-09-29
"[경기남부경찰청] 용인시에서 실종된 박성권씨(남,48세)를 찾습니다-165cm,탈모,검정모자,흰검가로줄무늬티,검정바지,흰운동화 vo.la/VbE56 / ☎182","경기도 용인시 처인구 ,경기도 용인시 기흥구 ,경기도 용인시 수지구 ",2025-09-30 15:32,2025-09-30,안전안내,205802,기타,2025-09-30
"[경기남부경찰청] 성남시에서 배회중인 박성권씨(남,48세)를 찾습니다-165cm,탈모,검정모자,흰검가로줄무늬티,검정바지,흰운동화 vo.la/VbE56 / ☎182","경기도 성남시 수정구 ,경기도 성남시 중원구 ,경기도 성남시 분당구 ",2025-09-30 15:34,2025-09-30,안전안내,205803,기타,2025-09-30
"[서울경찰청] 중랑구에서 배회중인 이재극씨(남, 82세)를 찾습니다 - 170cm, 55kg, 청색긴팔, 검정바지, 보라색슬리퍼 vo.la/xwjhz / ☎182",서울특별시 중랑구 ,2025-09-30 16:07,2025-09-30,안전안내,205805,기타,2025-09-30
"[경기북부경찰청] 고양시에서 실종된 이덕성씨(남, 81세)를 찾습니다 - 158cm, 60kg, 검정모자, 색안경, 검정상하의 vo.la/yaZ26 / ☎182","경기도 고양시 덕양구 ,경기도 고양시 일산동구 ,경기도 고양시 일산서구 ",2025-09-30 18:54,2025-09-30,안전안내,205806,기타,2025-09-30
"[경기북부경찰청] 파주시에서 배회중인 이덕성씨(남, 81세)를 찾습니다 -158cm, 60kg, 검정모자, 색안경, 검정상하의 vo.la/yaZ26 / ☎182",경기도 파주시 ,2025-09-30 18:54,2025-09-30,안전안내,205807,기타,2025-09-30
"[경기남부경찰청] 안산시에서 실종된 손금자씨(여,73세)를 찾습니다 -163cm,짧은백발머리,빨간색추리닝(팔에 흰줄),검정바지 vo.la/oXxw1 / ☎182","경기도 안산시 상록구 ,경기도 안산시 단원구 ",2025-10-01 13:57,2025-10-01,안전안내,205814,기타,2025-10-01
"[경기북부경찰청] 고양시에서 실종된 김경민(남,18세)을 찾습니다-160cm,흰색(팔부분 파란색)긴팔티,하늘색청바지,검정운동화 vo.la/C5Xwh / ☎182","경기도 고양시 덕양구 ,경기도 고양시 일산동구 ,경기도 고양시 일산서구 ",2025-10-01 16:11,2025-10-01,안전안내,205818,기타,2025-10-01
"[서울경찰청] 은평구에서 배회중인 김경민(남, 18세)을 찾습니다-160cm,흰색(팔부분 파란색)긴팔티,하늘색청바지,검정운동화 vo.la/C5Xwh / ☎182",서울특별시 은평구 ,2025-10-01 16:12,2025-10-01,안전안내,205819,기타,2025-10-01
[남양주시]금일 17:59경 오남읍 오남리 840-3 창고 화재 발생. 이 지역을 우회하여 주시고 인근 주민은 안전사고 발생에 유의 바랍니다.,경기도 남양주시 오남읍,2025-10-01 18:18,2025-10-01,안전안내,205820,화재,2025-10-01
[김포시] 오늘 11:11경 김포시 장기동 804-35(장기교차로 인근) 화재사고 발생. 이 지역을 우회하여 주시고 인근 주민은 안전사고 발생에 유의 바랍니다.,"경기도 김포시 운양동,경기도 김포시 장기동,경기도 김포시 감정동",2025-10-02 11:58,2025-10-02,안전안내,205822,화재,2025-10-02
"[경기남부경찰청] 화성시에서 실종된 이현진씨(여, 73세)를 찾습니다- 158cm, 50kg, 회색꽃무늬긴팔,검정바지,검정운동화 vo.la/uuuGO / ☎182",경기도 화성시 ,2025-10-02 14:40,2025-10-02,안전안내,205823,기타,2025-10-02
"[경기남부경찰청] 수원시에서 배회중인 이현진씨(여, 73세)를 찾습니다- 158cm,50kg, 회색꽃무늬긴팔,검정바지,검정운동화 vo.la/uuuGO / ☎182","경기도 수원시 장안구 ,경기도 수원시 권선구 ,경기도 수원시 팔달구 ,경기도 수원시 영통구 ",2025-10-02 14:41,2025-10-02,안전안내,205824,기타,2025-10-02
"[경기북부경찰청] 의정부시에서 실종된 안인수씨(여, 91세)를 찾습니다- 160cm, 80kg, 검정긴팔상의, 핑크색잠옷바지 vo.la/cr8jo / ☎182",경기도 의정부시 ,2025-10-02 17:08,2025-10-02,안전안내,205827,기타,2025-10-02
"[경기북부경찰청] 양주시에서 배회중인 안인수씨(여, 91세)를 찾습니다- 160cm, 80kg, 검정긴팔상의, 핑크색잠옷바지 vo.la/cr8jo / ☎182",경기도 양주시 ,2025-10-02 17:09,2025-10-02,안전안내,205828,기타,2025-10-02
"[서울경찰청] 경찰은 노원구에서 배회중인 안인수씨(여, 91세)를 찾습니다- 160cm, 80kg, 검정긴팔상의, 핑크색잠옷바지 vo.la/cr8jo / ☎182",서울특별시 노원구 ,2025-10-02 17:09,2025-10-02,안전안내,205829,기타,2025-10-02
"[경기남부경찰청] 부천시에서 배회중인 조영열씨(남, 79세)를 찾습니다-167cm,55kg,녹색점퍼,짙은색바지,파랑운동화,지팡이 vo.la/Cx7gm / ☎182",경기도 부천시 ,2025-10-02 18:46,2025-10-02,안전안내,205831,기타,2025-10-02
"[서울경찰청] 송파구에서 실종된 김재춘씨(남, 76세)를 찾습니다- 162cm, 50kg, 남색체크남방,회색바지,나이키검정운동화 vo.la/SGhp6 / ☎182",서울특별시 송파구 ,2025-10-02 19:21,2025-10-02,안전안내,205832,기타,2025-10-02
"[서울경찰청] 강동구에서 배회중인 김재춘씨(남, 76세)를 찾습니다- 162cm,50kg, 남색체크남방,회색바지,나이키검정운동화 vo.la/SGhp6 / ☎182",서울특별시 강동구 ,2025-10-02 19:22,2025-10-02,안전안내,205833,기타,2025-10-02
"[서울경찰청] 강서구에서 실종된 김철영씨(남, 85세)를 찾습니다- 166cm, 73kg, 황토색반팔셔츠,검정반바지,검정중절모 vo.la/BMhHH / ☎182",서울특별시 강서구 ,2025-10-02 19:30,2025-10-02,안전안내,205834,기타,2025-10-02
"[성남시청] 금일 14시33분경 수정구 단대동 56-7번지 일원 가스 누출사고 발생, 주변 접근 및 통행금지. 이 지역을 지나는 차량은 우회바랍니다.",경기도 성남시 수정구 단대동,2025-10-03 15:22,2025-10-03,안전안내,205836,기타,2025-10-03
"[경기남부경찰청] 성남시에서 실종된 엄숙희씨(여,76세)를 찾습니다 -155cm,50kg,꽃무늬긴팔,검정긴바지,자주색운동화 vo.la/Q6RAD / ☎182","경기도 성남시 수정구 ,경기도 성남시 중원구 ,경기도 성남시 분당구 ",2025-10-03 16:39,2025-10-03,안전안내,205837,기타,2025-10-03
"[경기남부경찰청]성남시에서 실종된 김종덕씨(여,69세)를 찾습니다-150cm,43kg,분홍색계통잠바,검정바지,검정운동화(흰색바닥) vo.la/H2sZv/ ☎182","경기도 성남시 수정구 ,경기도 성남시 중원구 ,경기도 성남시 분당구 ",2025-10-03 17:17,2025-10-03,안전안내,205838,기타,2025-10-03
"[서울경찰청] 중구에서 목격된 고가영(여,14세)을 찾습니다-165cm,40kg,검정후드티,검정반바지,흰색크록스,검정마스크 vo.la/FWLh9 / ☎182",서울특별시 중구 ,2025-10-03 18:10,2025-10-03,안전안내,205839,기타,2025-10-03
"[서울경찰청] 구로구에서 실종된 조세희씨(남, 84세)를 찾습니다 -165cm,53kg,보라색잠바,검정바지,검정운동화,흰마스크 vo.la/Kb93Q / ☎182",서울특별시 구로구 ,2025-10-04 8:59,2025-10-04,안전안내,205845,기타,2025-10-04
"[서울경찰청] 영등포구에서 배회중인 조세희씨(남, 84세)를 찾습니다-165cm,53kg,보라색잠바,검정바지,검정운동화,흰마스크 vo.la/Kb93Q / ☎182",서울특별시 영등포구 ,2025-10-04 9:00,2025-10-04,안전안내,205846,기타,2025-10-04
"[서울경찰청] 노원구에서 실종된 최정숙씨(여, 69세)를 찾습니다 -150cm, 50kg, 빨간색체크무늬니트, 검정바지 vo.la/7uaVE / ☎182",서울특별시 노원구 ,2025-10-04 9:12,2025-10-04,안전안내,205847,기타,2025-10-04
"[서울경찰청] 중랑구에서 배회중인 최정숙씨(여, 69세)를 찾습니다 -150cm, 50kg, 빨간색체크무늬니트, 검정바지 vo.la/7uaVE / ☎182",서울특별시 중랑구 ,2025-10-04 9:13,2025-10-04,안전안내,205848,기타,2025-10-04
"[경기북부경찰청] 경찰은 가평군에서 배회중인 김바우씨(남, 88세)를 찾습니다 - 160cm, 57kg, 검정반팔, 검정반바지 vo.la/KrSvw / ☎182",경기도 가평군 ,2025-10-04 14:15,2025-10-04,안전안내,205853,기타,2025-10-04
"[경기북부경찰청] 경찰은 연천군에서 실종된 임은자씨(여, 81세)를 찾습니다 -158cm, 60kg, 반백퍼머머리, 빨강장화 vo.la/yECv2 / ☎182",경기도 연천군 ,2025-10-04 16:17,2025-10-04,안전안내,205855,기타,2025-10-04
"[경기북부경찰청] 동두천시에서 배회중인 임은자씨(여, 81세)를 찾습니다 -158cm, 60kg, 반백퍼머머리, 빨강장화 vo.la/yECv2 / ☎182",경기도 동두천시 ,2025-10-04 16:17,2025-10-04,안전안내,205856,기타,2025-10-04
"[서울경찰청] 동대문구에서 실종된 문병준씨(남, 84세)를 찾습니다 -160cm,빨강모자,남색패딩,회색바지,검정운동화,손수레 vo.la/6kdeR / ☎182",서울특별시 동대문구 ,2025-10-04 16:59,2025-10-04,안전안내,205860,기타,2025-10-04
"[서울경찰청] 광진구에서 배회중인 문병준씨(남, 84세)를 찾습니다 -160cm,빨강모자,남색패딩,회색바지,검정운동화,손수레 vo.la/6kdeR / ☎182",서울특별시 광진구 ,2025-10-04 17:00,2025-10-04,안전안내,205861,기타,2025-10-04
"[경기남부경찰청] 안산시에서 실종된 김종권씨(남, 30세)를 찾습니다 -168cm, 50kg, 회색긴팔, 검정바지, 빨강백팩 vo.la/Y5ZcP / ☎182","경기도 안산시 상록구 ,경기도 안산시 단원구 ",2025-10-04 19:07,2025-10-04,안전안내,205863,기타,2025-10-04
"[경기북부경찰청] 의정부시에서 배회중인 권태후씨(남, 82세)를 찾습니다- 162cm,남색점퍼,검정바지,검정모자,지팡이,우산 vo.la/Ukb1a / ☎182",경기도 의정부시 ,2025-10-05 15:51,2025-10-05,안전안내,205868,기타,2025-10-05
"[서울경찰청] 노원구에서 배회중인 추태환씨(남, 86세)를 찾습니다- 166cm,55kg, 파랑점퍼,검정바지,검정모자,검정운동화 vo.la/pqWES / ☎182",서울특별시 노원구 ,2025-10-05 17:28,2025-10-05,안전안내,205873,기타,2025-10-05
"[경기남부경찰청] 화성시에서 실종된 문정오씨(남, 26세)를 찾습니다- 161cm, 53kg, 회색잠바,검정바지,검정운동화 vo.la/7ydLO / ☎182",경기도 화성시 ,2025-10-05 18:02,2025-10-05,안전안내,205874,기타,2025-10-05
"[경기남부경찰청] 수원시에서 배회중인 문정오씨(남, 26세)를 찾습니다- 161cm, 53kg, 회색잠바,검정바지,검정운동화 vo.la/7ydLO / ☎182","경기도 수원시 장안구 ,경기도 수원시 권선구 ,경기도 수원시 팔달구 ,경기도 수원시 영통구 ",2025-10-05 18:03,2025-10-05,안전안내,205875,기타,2025-10-05
"[서울경찰청] 강동구에서 목격된 문병준씨(남, 84세)를 찾습니다 -160cm,빨강모자,남색패딩,회색바지,검정운동화,손수레 vo.la/6kdeR / ☎182",서울특별시 강동구 ,2025-10-06 9:50,2025-10-06,안전안내,205878,기타,2025-10-06
"[경기남부경찰청] 용인시에서 실종된 박갑선씨(여,71세)를 찾습니다-162cm,분홍색점퍼,남색바지,갈색신발,베이지색가방,마스크
vo.la/BMEYo / ☎182","경기도 용인시 처인구 ,경기도 용인시 기흥구 ,경기도 용인시 수지구 ",2025-10-06 10:12,2025-10-06,안전안내,205879,기타,2025-10-06
"[경기남부경찰청]성남시에서 배회중인 박갑선씨(여,71세)를 찾습니다-162cm,분홍색점퍼,남색바지,갈색신발,베이지색가방,마스크
vo.la/BMEYo / ☎182","경기도 성남시 수정구 ,경기도 성남시 중원구 ,경기도 성남시 분당구 ",2025-10-06 10:13,2025-10-06,안전안내,205880,기타,2025-10-06
"[경기북부경찰청] 고양시에서 배회중인 김지훈씨(남,21세)를 찾습니다 -174cm,70kg,하늘색반팔티셔츠,회색바지,마른체형
vo.la/pAmuc / ☎182","경기도 고양시 덕양구 ,경기도 고양시 일산동구 ,경기도 고양시 일산서구 ",2025-10-06 10:32,2025-10-06,안전안내,205882,기타,2025-10-06
"[서울경찰청] 강서구에서 실종된 성재열씨(남,57세)를 찾습니다 -165cm,60kg,검정반팔티,회색운동복바지,흰색운동화
vo.la/LstZ6 / ☎182",서울특별시 강서구 ,2025-10-06 10:53,2025-10-06,안전안내,205883,기타,2025-10-06
"[서울경찰청] 영등포구에서 배회중인 성재열씨(남,57세)를 찾습니다 -165cm,60kg,검정반팔티,회색운동복바지,흰색운동화
vo.la/LstZ6 / ☎182",서울특별시 영등포구 ,2025-10-06 10:53,2025-10-06,안전안내,205884,기타,2025-10-06
"[서울경찰청] 서대문구에서 실종된 김기현씨(남,63세)를 찾습니다 -175cm,60kg,짙은청색과빨간색이섞인 점퍼,검정바지
vo.la/1Po0f / ☎182",서울특별시 서대문구 ,2025-10-06 11:07,2025-10-06,안전안내,205885,기타,2025-10-06
"[서울경찰청] 강북구에서 배회중인 김기현씨(남,63세)를 찾습니다 -175cm,60kg,짙은청색과빨간색이섞인 점퍼,검정바지
vo.la/1Po0f / ☎182",서울특별시 강북구 ,2025-10-06 11:07,2025-10-06,안전안내,205886,기타,2025-10-06
[금천구] 오늘 12:23경 가산동 340-5 서부간선도로 지하차도 일직방향 8km 지점 화재 발생. 일직 및 성산 양방향 통제중이오니 인근 차량은 우회바랍니다.,서울특별시 금천구 ,2025-10-06 12:52,2025-10-06,안전안내,205888,화재,2025-10-06
"[서울경찰청] 중구에서 실종된 고보일씨(남, 75세)를 찾습니다 - 171cm, 71kg, 자주색트레이닝복상의, 슬리퍼
vo.la/oJorT / ☎182",서울특별시 중구 ,2025-10-06 13:10,2025-10-06,안전안내,205889,기타,2025-10-06
[금천구] 12:52경 가산동 340-5 서부간선도로 지하차도 화재 완진. 성산방향 도로통제 해제. (일직방향은 통제중),서울특별시 금천구 ,2025-10-06 13:10,2025-10-06,안전안내,205890,화재,2025-10-06
"[서울경찰청] 종로구에서 배회중인 고보일씨(남, 75세)를 찾습니다 - 171cm, 71kg, 자주색트레이닝복상의, 슬리퍼 
vo.la/oJorT / ☎182",서울특별시 종로구 ,2025-10-06 13:13,2025-10-06,안전안내,205891,기타,2025-10-06
"[경기남부경찰청] 수원시에서 실종된 김병옥씨(남, 84세)를 찾습니다 - 177cm, 60kg, 검정색상하의, 중절모
vo.la/LJo46 / ☎182","경기도 수원시 장안구 ,경기도 수원시 권선구 ,경기도 수원시 팔달구 ,경기도 수원시 영통구 ",2025-10-06 16:30,2025-10-06,안전안내,205894,기타,2025-10-06
"[경기북부경찰청] 파주시에서 실종된 최계선씨(여, 76세)를 찾습니다 -156cm,39kg,파란색상의,검정하의,검정신발 
vo.la/kFUsB / ☎182",경기도 파주시 ,2025-10-06 17:15,2025-10-06,안전안내,205895,기타,2025-10-06
"[경기북부경찰청] 고양시에서 배회중인 최계선씨(여, 76세)를 찾습니다 -156cm,39kg,파란색상의,검정하의,검정신발 
vo.la/kFUsB / ☎182","경기도 고양시 덕양구 ,경기도 고양시 일산동구 ,경기도 고양시 일산서구 ",2025-10-06 17:18,2025-10-06,안전안내,205896,기타,2025-10-06
"[서울경찰청] 광진구에서 실종된 정진우씨(남, 72세)를 찾습니다 - 170cm, 75kg, 남색상의, 남색바지, 중절모
vo.la/FNGxK / ☎182",서울특별시 광진구 ,2025-10-06 17:42,2025-10-06,안전안내,205898,기타,2025-10-06
"[서울경찰청] 영등포구에서 배회중인 정진우씨(남, 72세)를 찾습니다 - 170cm, 75kg, 남색상의, 남색바지, 중절모 
vo.la/FNGxK / ☎182",서울특별시 영등포구 ,2025-10-06 17:45,2025-10-06,안전안내,205899,기타,2025-10-06
"[서울경찰청] 강남구에서 실종된 변유복씨(남, 81세)를 찾습니다 -167cm,회색조끼, 파란색긴팔티, 검정바지, 지팡이를 짚음 vo.la/TDz38 / ☎182",서울특별시 강남구 ,2025-10-07 11:00,2025-10-07,안전안내,205906,기타,2025-10-07
"[서울경찰청] 송파구에서 배회중인 변유복씨(남, 81세)를 찾습니다 -167cm,회색조끼,파란색긴팔티,검정바지,지팡이를 짚음 vo.la/TDz38 / ☎182",서울특별시 송파구 ,2025-10-07 11:02,2025-10-07,안전안내,205907,기타,2025-10-07
"[서울경찰청] 영등포구에서 실종된 이신구씨(남, 77세)를 찾습니다 -162cm,검정긴팔,검정바지,검정양말,검정샌들,회색모자 vo.la/Kkxeu / 182",서울특별시 영등포구 ,2025-10-07 18:21,2025-10-07,안전안내,205915,기타,2025-10-07
"[서울경찰청] 구로구에서 배회중인 이신구씨(남, 77세)를 찾습니다 -162cm,검정긴팔,검정바지,검정양말,검정샌들,회색모자 vo.la/Kkxeu / ☎182",서울특별시 구로구 ,2025-10-07 18:22,2025-10-07,안전안내,205916,기타,2025-10-07
"[용산구청] 세계불꽃축제 관람객 급증으로 이촌한강공원 매우 혼잡, 진입 자제, 해당 지역 진입시 안전에 각별히 유의하여 주시기 바랍니다.",서울특별시 용산구 ,2025-10-07 18:41,2025-10-07,안전안내,205917,교통통제,2025-10-07
"[동작구청] 용양봉저정공원 인근 불꽃놀이 인파로 혼잡, 근처에 계신 시민들께서는 안전에 유의하시기 바랍니다. 용양봉저정공원 인파 추가 출입을 금지합니다.",서울특별시 동작구 ,2025-10-07 18:42,2025-10-07,안전안내,205918,기타,2025-10-07
[서울특별시청] 오늘 서울세계불꽃축제로 5호선 여의나루역은 18시 36분부터 무정차통과되오니 열차이용에 참고바랍니다.,"서울특별시 마포구 ,서울특별시 영등포구 ",2025-10-07 18:50,2025-10-07,안전안내,205919,기타,2025-10-07
"[경기남부경찰청] 수원시에서 실종된 송영순씨(여, 75세)를 찾습니다 -158cm,55kg,카키색상의,검정긴바지,검정신발 vo.la/JTNa6 / ☎182","경기도 수원시 장안구 ,경기도 수원시 권선구 ,경기도 수원시 팔달구 ,경기도 수원시 영통구 ",2025-10-07 18:52,2025-10-07,안전안내,205920,기타,2025-10-07
"[서울특별시청] 서울세계불꽃축제로 마포구, 영등포구, 용산구, 동작구 한강공원주변 불꽃놀이 인파로 매우 혼잡하오니 시민들께서는 안전에 유의하시기 바랍니다.",서울특별시 전체 ,2025-10-07 19:03,2025-10-07,안전안내,205921,기타,2025-10-07
[동작구청]현재 용양봉저정 및 효사정 불꽃놀이 관람 인원들께서는 관람시 안전에 유의해 주시기 바라며 난간에서 멀리 떨어져서 관람해 주시기 바랍니다.,서울특별시 동작구 ,2025-10-07 19:03,2025-10-07,안전안내,205922,통신,2025-10-07
"[영등포구청] 세계불꽃축제 관람객 급증으로 여의도 및 한강공원 일대가 매우 혼잡하니 안전에 각별히 유의하시기 바라며, 현재 여의나루역은 무정차 통과중입니다.",서울특별시 영등포구 ,2025-10-07 19:03,2025-10-07,안전안내,205923,기타,2025-10-07
"[용산구청] 세계불꽃축제 관람객 급증으로 원효대교 북단, 현대자동차 주변 육교가 매우 혼잡합니다. 안전을 위해 해당 지역 접근을 자제하여주시기 바랍니다.",서울특별시 용산구 ,2025-10-07 19:29,2025-10-07,안전안내,205924,교통통제,2025-10-07
[동작구청] 용양봉저정 및 효사 인근 불꽃놀이 관람객들께서는 장소가 협소하니 관람시 안전에 유의하여 관람해 주시고 현장 통제인원의 통제에 따라주시기 바랍니다.,서울특별시 동작구 ,2025-10-07 19:36,2025-10-07,안전안내,205925,기타,2025-10-07
[동작구청] 용양봉저정 및 효사정 공원 불꽃놀이 관람인원 출입을 통제중입니다. 관람예정이신 분들은 우회바랍니다.,서울특별시 동작구 ,2025-10-07 19:39,2025-10-07,안전안내,205926,기타,2025-10-07
"[경기북부경찰청] 고양시에서 실종된 정혜덕씨(남, 82세)를 찾습니다 -167cm, 짧은백발머리, 노랑잠바(체크남방), 검정바지 vo.la/KF559 / ☎182","경기도 고양시 덕양구 ,경기도 고양시 일산동구 ,경기도 고양시 일산서구 ",2025-10-07 19:52,2025-10-07,안전안내,205928,기타,2025-10-07
"[용산구청] 서울세계불꽃축제 종료후 귀가 시 안전에 유의하여주시기 바라며, 이촌한강공원, 한강대교, 원효대교는 매우 혼잡하므로 우회하여 주시기 바랍니다.",서울특별시 용산구 ,2025-10-07 20:28,2025-10-07,안전안내,205929,교통통제,2025-10-07
"[동작구청] 노량진 수산시장, 용양봉저정, 효사정 인근 불꽃축제 관람 인파로 혼잡 예상, 차량 우회 바랍니다.",서울특별시 동작구 ,2025-10-07 20:36,2025-10-07,안전안내,205930,기타,2025-10-07
"[동작구청] 노량진 수산시장, 용양봉저정, 효사정 인근 불꽃놀이 관람 시민들께서는 나가는 통로가 협소하오니 서두르지 마시고 천천히 퇴장바랍니다.",서울특별시 동작구 ,2025-10-07 20:37,2025-10-07,안전안내,205931,기타,2025-10-07
[동작구청] 노량진 수산시장 불꽃놀이 관람 시민들께서는 나가는 통로가 매우 협소하오니 서두르지 마시고 천천히 퇴장바랍니다.,서울특별시 동작구 ,2025-10-07 20:44,2025-10-07,안전안내,205932,기타,2025-10-07
[영등포구청] 세계불꽃축제 귀가 인파로 인하여 여의도 주변 모든 지하철역이 혼잡하니 안전에 유의하여 서두르지 마시고 천천히 이용바랍니다.,서울특별시 영등포구 ,2025-10-07 21:40,2025-10-07,안전안내,205933,기타,2025-10-07
"[서울경찰청] 경찰은 금천구에서 실종된 김형기씨(여, 53세)를 찾습니다- 160cm, 60kg, 흰색환자복, 파랑슬리퍼 vo.la/py4Ey / ☎182",서울특별시 금천구 ,2025-10-08 10:01,2025-10-08,안전안내,205936,기타,2025-10-08
"[서울경찰청] 경찰은 구로구에서 목격된 김형기씨(여, 53세)를 찾습니다- 160cm, 60kg, 흰색환자복, 파랑슬리퍼 vo.la/py4Ey / ☎182",서울특별시 구로구 ,2025-10-08 10:01,2025-10-08,안전안내,205937,기타,2025-10-08
"[서울경찰청] 송파구에서 실종된 황금주씨(남, 74세)를 찾습니다- 171cm, 48kg, 회색양복상의,검정바지,검정운동화,안경 vo.la/gTAnF / ☎182",서울특별시 송파구 ,2025-10-08 13:40,2025-10-08,안전안내,205938,기타,2025-10-08
"[경기남부경찰청] 광명시에서 실종된 김종원씨(남, 33세)를 찾습니다- 175cm,65kg, 빨강체크무늬남방,검정바지,검정운동화 vo.la/cYwOR / ☎182",경기도 광명시 ,2025-10-08 19:37,2025-10-08,안전안내,205950,기타,2025-10-08
"[경기북부경찰청] 파주시에서 실종된 조난재씨(여, 63세)를 찾습니다- 150cm, 50kg, 검정점퍼,회색추리닝,파랑운동화 vo.la/GG6XK / ☎182",경기도 파주시 ,2025-10-08 19:51,2025-10-08,안전안내,205951,기타,2025-10-08
"[경기북부경찰청] 고양시에서 배회중인 조난재씨(여, 63세)를 찾습니다- 150cm, 50kg, 검정점퍼,회색추리닝,파랑운동화 vo.la/GG6XK / ☎182","경기도 고양시 덕양구 ,경기도 고양시 일산동구 ,경기도 고양시 일산서구 ",2025-10-08 19:51,2025-10-08,안전안내,205952,기타,2025-10-08
"[경기북부경찰청] 파주시에서 실종된 이동호씨(남,85세)를 찾습니다-161cm,50kg,회색모자,남색점퍼,검정바지,나무지팡이
vo.la/Hcw7N / ☎182",경기도 파주시 ,2025-10-09 18:58,2025-10-09,안전안내,205959,기타,2025-10-09
"[경기북부경찰청] 고양시에서 배회중인 이동호씨(남,85세)를 찾습니다-161cm,50kg,회색모자,남색점퍼,검정바지,나무지팡이 vo.la/Hcw7N / ☎182","경기도 고양시 덕양구 ,경기도 고양시 일산동구 ,경기도 고양시 일산서구 ",2025-10-09 19:00,2025-10-09,안전안내,205960,기타,2025-10-09
"[서울경찰청] 성동구에서 실종된 공윤기씨(남, 74세)를 찾습니다 -154cm,왜소한 편, 자주색잠바,남색바지,검정운동화
vo.la/SStf1 / ☎182",서울특별시 성동구 ,2025-10-09 19:38,2025-10-09,안전안내,205962,기타,2025-10-09
"[서울경찰청] 용산구에서 배회중인 공윤기씨(남, 74세)를 찾습니다 -154cm,왜소한 편,자주색잠바,남색바지,검정운동화 vo.la/SStf1 / ☎182",서울특별시 용산구 ,2025-10-09 19:41,2025-10-09,안전안내,205963,기타,2025-10-09
"[서울경찰청] 구로구에서 실종된 박강옥씨(남, 80세)를 찾습니다 - 175cm, 60kg, 검정잠바, 검정바지, 검정운동화 vo.la/1Y2Jx / ☎182",서울특별시 구로구 ,2025-10-10 8:53,2025-10-10,안전안내,205967,기타,2025-10-10
"[서울경찰청] 영등포구에서 배회중인 박강옥씨(남, 80세)를 찾습니다 -175cm, 60kg, 검정잠바, 검정바지, 검정운동화 vo.la/1Y2Jx / ☎182",서울특별시 영등포구 ,2025-10-10 8:54,2025-10-10,안전안내,205968,기타,2025-10-10
"[서울경찰청] 강서구에서 실종된 서공숙씨(여, 77세)를 찾습니다 -160cm,63kg,흰마스크,겨자색잠바,검정바지,검정신발 vo.la/zOSNd / ☎182",서울특별시 강서구 ,2025-10-10 14:07,2025-10-10,안전안내,205975,기타,2025-10-10
"[서울경찰청] 양천구에서 배회중인 서공숙씨(여, 77세)를 찾습니다 -160cm,63kg,흰마스크,겨자색잠바,검정바지,검정신발 vo.la/zOSNd / ☎182",서울특별시 양천구 ,2025-10-10 14:08,2025-10-10,안전안내,205976,기타,2025-10-10
"[경기남부경찰청] 오산시에서 실종된 단현철씨(남, 59세)를 찾습니다 -150cm, 삭발, 회색티셔츠, 자주색긴바지, 보라색털신 vo.la/Jkd7i / ☎182",경기도 오산시 ,2025-10-10 17:28,2025-10-10,안전안내,205980,기타,2025-10-10
"[경기남부경찰청] 화성시에서 배회중인 단현철씨(남,59세)를 찾습니다 -150cm, 삭발, 회색티셔츠, 자주색긴바지, 보라색털신 vo.la/Jkd7i / ☎182",경기도 화성시 ,2025-10-10 17:28,2025-10-10,안전안내,205981,기타,2025-10-10
"[경기북부경찰청] 고양시에서 실종된 박찬(남, 90세)씨를 찾습니다 - 165cm, 55kg, 파랑모자, 노랑긴팔상의, 회색바지 vo.la/96KDs / ☎182","경기도 고양시 덕양구 ,경기도 고양시 일산동구 ,경기도 고양시 일산서구 ",2025-10-10 17:42,2025-10-10,안전안내,205982,기타,2025-10-10
[평택시청] 오늘 08:10경 평택시 소사동 235-1 농장화재 발생. 인근 주민은 창문을 닫고 주변 통행 자제 및 우회하시기 바랍니다.,경기도 평택시 ,2025-10-11 8:46,2025-10-11,안전안내,205987,화재,2025-10-11
"[경기남부경찰청] 부천시에서 배회중인 김도연(여,17세)을 찾습니다-170cm,75kg,검정후드티,검정바지,검정슬리퍼,검정모자 vo.la/eshwu / ☎182",경기도 부천시 ,2025-10-11 9:15,2025-10-11,안전안내,205991,기타,2025-10-11
[금천구]오늘12:40경 가산동550-15 세계일보 앞 차량 전봇대 추돌사고발생. 전신주 교체작업으로 인근도로 통제하오니 안전에 유의하시고 인근차량은 우회바랍니다,서울특별시 금천구 ,2025-10-11 13:37,2025-10-11,안전안내,205996,교통통제,2025-10-11
[금천구]가산동550-15 세계일보 앞 추돌사고 발생에 따라 전신주 교체작업 예정. 사고현장 인근 서부간선도로 지상부분 성산방향 운행차량은 서행하여 주시기바랍니다,서울특별시 금천구 ,2025-10-11 14:01,2025-10-11,안전안내,205998,교통통제,2025-10-11
"[경기남부경찰청] 이천시에서 실종된 김정숙씨(여,71세)를 찾습니다 -147cm,43kg,남색긴팔티셔츠,남색꽃무늬바지
vo.la/YrPNw / ☎182",경기도 이천시 ,2025-10-12 9:03,2025-10-12,안전안내,206009,기타,2025-10-12
"[경기남부경찰청] 김포시에서 배회중인 고오순씨(여,73세)를 찾습니다 -148cm, 파란색계열 긴팔티셔츠, 몸베바지
vo.la/heMok / ☎182",경기도 김포시 ,2025-10-12 11:56,2025-10-12,안전안내,206011,기타,2025-10-12
"[경기북부경찰청] 가평군에서 실종된 남별씨(여, 26세)를 찾습니다 - 165cm, 80kg, 검정상의, 청바지, 남색슬리퍼
vo.la/QtSRp / ☎182",경기도 가평군 ,2025-10-12 12:40,2025-10-12,안전안내,206012,기타,2025-10-12
"[경기북부경찰청] 남양주시에서 배회중인 남별씨(여, 26세)를 찾습니다 -165cm, 80kg, 검정상의, 청바지, 남색슬리퍼 vo.la/QtSRp / ☎182",경기도 남양주시 ,2025-10-12 12:43,2025-10-12,안전안내,206013,기타,2025-10-12
[남양주시] 18시30분경 진접읍 내각리 99-2번지 공업사 화재 발생으로 연기가 다량 발생하고있습니다. 인근 지역 주민은 안전에 유의하시기 바랍니다.,경기도 남양주시 진접읍,2025-10-12 19:11,2025-10-12,안전안내,206023,화재,2025-10-12
"[경기남부경찰청] 성남시에서 실종된 김봉기씨(남,81세)를 찾습니다 -163cm,60kg,남색점퍼,청바지,검정모자,검정신발
vo.la/xEWgB / ☎182","경기도 성남시 수정구 ,경기도 성남시 중원구 ,경기도 성남시 분당구 ",2025-10-12 20:20,2025-10-12,안전안내,206024,기타,2025-10-12
"[경기북부경찰청] 고양시에서 실종된 김생률씨(남, 71세)를 찾습니다 -163cm,55kg,검정잠바,등산복바지(검정),남색구두 vo.la/VLe3t / ☎182","경기도 고양시 덕양구 ,경기도 고양시 일산동구 ,경기도 고양시 일산서구 ",2025-10-13 8:42,2025-10-13,안전안내,206025,기타,2025-10-13
"[경기북부경찰청] 파주시에서 배회중인 김생률씨(남, 71세)를 찾습니다 -163cm,55kg,검정잠바,등산복바지(검정),남색구두 vo.la/VLe3t / ☎182",경기도 파주시 ,2025-10-13 8:42,2025-10-13,안전안내,206026,기타,2025-10-13
"[경기남부경찰청] 부천시에서 실종된 장재구씨(남, 75세)를 찾습니다-165cm,70kg,어두운색잠바,검정바지,검정운동화,지팡이 vo.la/X7XMA / ☎182",경기도 부천시 ,2025-10-13 14:23,2025-10-13,안전안내,206028,기타,2025-10-13
"[경기남부경찰청] 안성시에서 실종된 오흥식씨(남, 85세)를 찾습니다 -165cm,55kg, 연두색긴팔, 푸른색조끼, 검정바지 vo.la/QEOHW / ☎182",경기도 안성시 ,2025-10-13 15:57,2025-10-13,안전안내,206030,기타,2025-10-13
"[경기남부경찰청] 평택시에서 배회중인 오흥식씨(남, 85세)를 찾습니다 -165cm,55kg, 연두색긴팔, 푸른색조끼, 검정바지 vo.la/QEOHW / ☎182",경기도 평택시 ,2025-10-13 15:57,2025-10-13,안전안내,206031,기타,2025-10-13
"[서울경찰청] 경찰은 중랑구에서 실종된 김미영씨(여, 30세)를 찾습니다 -164cm, 55kg, 검정색긴팔원피스, 검정슬리퍼 vo.la/Zc6Fd / ☎182",서울특별시 중랑구 ,2025-10-13 18:19,2025-10-13,안전안내,206035,기타,2025-10-13
"[서울경찰청] 동대문구에서 배회중인 김미영씨(여, 30세)를 찾습니다 -164cm, 55kg, 검정색긴팔원피스, 검정슬리퍼 vo.la/Zc6Fd / ☎182",서울특별시 동대문구 ,2025-10-13 18:19,2025-10-13,안전안내,206036,기타,2025-10-13
"[서울경찰청] 동대문구에서 실종된 김진국씨(남, 80세)를 찾습니다- 170cm, 55kg, 어두운색상의,회색바지,검정운동화 vo.la/TQ4dS / ☎182",서울특별시 동대문구 ,2025-10-14 9:45,2025-10-14,안전안내,206044,기타,2025-10-14
"[서울경찰청] 중랑구에서 배회중인 김진국씨(남, 80세)를 찾습니다- 170cm, 55kg, 어두운색상의,회색바지,검정운동화 vo.la/TQ4dS / ☎182",서울특별시 중랑구 ,2025-10-14 9:46,2025-10-14,안전안내,206045,기타,2025-10-14
"[서울경찰청] 경찰은 노원구에서 실종된 이현진씨(여, 28세)를 찾습니다- 164cm, 50kg, 녹색상의, 핑크색하의, 흰신발 vo.la/BBcdm / ☎182",서울특별시 노원구 ,2025-10-14 15:21,2025-10-14,안전안내,206049,기타,2025-10-14
"[서울경찰청] 경찰은 성북구에서 배회중인 이현진씨(여, 28세)를 찾습니다- 164cm, 50kg, 녹색상의,핑크색하의,흰신발 vo.la/BBcdm / ☎182",서울특별시 성북구 ,2025-10-14 15:22,2025-10-14,안전안내,206050,기타,2025-10-14
"[경기남부경찰청] 부천시에서 배회중인 방현숙씨(여, 77세)를 찾습니다- 150cm, 45kg,주황색조끼,남색바지,우산미소지 vo.la/4qCUy / ☎182",경기도 부천시 ,2025-10-14 15:53,2025-10-14,안전안내,206053,기타,2025-10-14
"[서울경찰청] 구로구에서 배회중인 장재구씨(남,75세)를 찾습니다 -165cm,70kg,어두운색잠바,검정바지,검정운동화,지팡이
vo.la/X7XMA / ☎182",서울특별시 구로구 ,2025-10-15 10:03,2025-10-15,안전안내,206058,기타,2025-10-15
"[경기남부경찰청] 안산시에서 실종된 김경수씨(남,74세)를 찾습니다 -158cm,60kg,검정점퍼,검정바지,검정신발,남색모자
vo.la/ishch / ☎182","경기도 안산시 상록구 ,경기도 안산시 단원구 ",2025-10-15 11:06,2025-10-15,안전안내,206059,기타,2025-10-15
"[경기남부경찰청] 군포시에서 배회중인 김경수씨(남,74세)를 찾습니다 -158cm,60kg,검정점퍼,검정바지,검정신발,남색모자
vo.la/ishch / ☎182",경기도 군포시 ,2025-10-15 11:06,2025-10-15,안전안내,206060,기타,2025-10-15
"[서울경찰청] 중구에서 실종된 박춘자씨(여,80세)를 찾습니다 -163cm,55kg,주황색상의,흰색바지,검정운동화,검정가방 
vo.la/6y2Ht / ☎182",서울특별시 중구 ,2025-10-15 14:20,2025-10-15,안전안내,206064,기타,2025-10-15
"[경기북부경찰청] 고양시에서 배회중인 박춘자씨(여,80세)를 찾습니다-163cm,55kg,주황색상의,흰색바지,검정운동화,검정가방 vo.la/6y2Ht / ☎182","경기도 고양시 덕양구 ,경기도 고양시 일산동구 ,경기도 고양시 일산서구 ",2025-10-15 14:24,2025-10-15,안전안내,206065,기타,2025-10-15
"[서울경찰청] 성북구에서 목격된 김진국씨(남, 80세)를 찾습니다 -170cm,55kg,어두운색상의,회색바지,검정운동화,모자 
vo.la/TQ4dS / ☎182",서울특별시 성북구 ,2025-10-15 15:15,2025-10-15,안전안내,206066,기타,2025-10-15
"[서울경찰청] 동작구에서 실종된 김복동씨(남, 80세)를 찾습니다 -158cm,45kg,왜소한편,병원복상하의,연두색슬리퍼 
vo.la/KPcZq / ☎182",서울특별시 동작구 ,2025-10-15 16:28,2025-10-15,안전안내,206068,기타,2025-10-15
"[서울경찰청] 관악구에서 배회중인 김복동씨(남, 80세)를 찾습니다 -158cm,45kg,왜소한편,병원복상하의,연두색슬리퍼 vo.la/KPcZq / ☎182",서울특별시 관악구 ,2025-10-15 16:31,2025-10-15,안전안내,206069,기타,2025-10-15
"[경기북부경찰청] 파주시에서 실종된 도현관씨(남, 81세)를 찾습니다 - 170cm,55kg,모자,갈색잠바,칠부반바지,흰운동화 vo.la/3hi52 / ☎182",경기도 파주시 ,2025-10-16 8:52,2025-10-16,안전안내,206075,기타,2025-10-16
"[경기북부경찰청] 고양시에서 배회중인 도현관씨(남, 81세)를 찾습니다 -170cm,55kg,모자,갈색잠바,칠부반바지,흰운동화 vo.la/3hi52 / ☎182","경기도 고양시 덕양구 ,경기도 고양시 일산동구 ,경기도 고양시 일산서구 ",2025-10-16 8:52,2025-10-16,안전안내,206076,기타,2025-10-16
"[경기북부경찰청] 포천시에서 실종된 유현애씨(여, 52세)를 찾습니다 -150cm, 검정모자, 검정패딩, 검정추리닝, 남색신발 vo.la/FU9XF / ☎182",경기도 포천시 ,2025-10-16 9:23,2025-10-16,안전안내,206079,기타,2025-10-16
"[경기북부경찰청] 의정부시에서 배회중인 유현애씨(여, 52세)를 찾습니다 -150cm, 검정모자,검정패딩, 검정추리닝,남색신발 vo.la/FU9XF / ☎182",경기도 의정부시 ,2025-10-16 9:24,2025-10-16,안전안내,206080,기타,2025-10-16
"[서울경찰청] 강북구에서 실종된 김서원(남, 15세)을 찾습니다 - 167cm, 50kg, 검정후드집업, 회색바지, 흰색슬리퍼 vo.la/HtzkQ / ☎182",서울특별시 강북구 ,2025-10-16 13:14,2025-10-16,안전안내,206081,기타,2025-10-16
"[서울경찰청] 용산구에서 배회중인 김서원(남, 15세)을 찾습니다 -167cm, 50kg, 검정후드집업, 회색바지, 흰색슬리퍼 vo.la/HtzkQ / ☎182",서울특별시 용산구 ,2025-10-16 13:14,2025-10-16,안전안내,206082,기타,2025-10-16
"[서울경찰청] 동작구에서 실종된 이준서(남, 11세)를 찾습니다 - 153cm, 46kg, 남색잠바, 회색바지, 파란색운동화 vo.la/5vsEA / ☎182",서울특별시 동작구 ,2025-10-16 14:10,2025-10-16,안전안내,206085,기타,2025-10-16
"[경기남부경찰청] 부천시에서 실종된 윤옥순씨(여, 84세)를 찾습니다- 150cm, 40kg, 흰잠바,검정바지,휠라운동화,지팡이 vo.la/2HMk3 / ☎182",경기도 부천시 ,2025-10-16 14:52,2025-10-16,안전안내,206086,기타,2025-10-16
"[경기남부경찰청] 시흥시에서 배회중인 윤옥순씨(여, 84세)를 찾습니다- 150cm,40kg, 흰잠바,검정바지,휠라운동화,지팡이 vo.la/2HMk3 / ☎182",경기도 시흥시 ,2025-10-16 14:53,2025-10-16,안전안내,206087,기타,2025-10-16
"[서울경찰청] 종로구에서 실종된 양성준씨(남, 38세)를 찾습니다 -170cm, 밤색긴팔티, 청바지, 좌측 옆구리에 이름표 착용 vo.la/TYxon / ☎182",서울특별시 종로구 ,2025-10-16 15:42,2025-10-16,안전안내,206089,기타,2025-10-16
"[서울경찰청] 중구에서 배회중인 양성준씨(남, 38세)를 찾습니다 -170cm, 밤색긴팔티, 청바지, 좌측 옆구리에 이름표 착용 vo.la/TYxon / ☎182",서울특별시 중구 ,2025-10-16 15:44,2025-10-16,안전안내,206090,기타,2025-10-16
[고양시청]현재 제2자유로 장산가좌IC~법곳IC(서울방향) 교통사고로 인해 전면통제하오니 우회하시기 바랍니다.,경기도 고양시 ,2025-10-17 6:29,2025-10-17,안전안내,206098,교통통제,2025-10-17
[파주시청] 오늘 제2자유로 가좌IC인근에서 발생한 교통 사고 수습으로 인근 도로가 혼잡할 것으로 예상되니 서울방면 도로 이용 차량은 우회하여 주시기 바랍니다.,경기도 파주시 ,2025-10-17 6:31,2025-10-17,안전안내,206099,교통통제,2025-10-17
[고양시청] 금일 교통사고수습으로 통제된 제2자유로 장산가좌IC~법곳IC(서울방향)구간 통행을 재개하여 정상통행이 가능함을 알려드립니다.,경기도 고양시 ,2025-10-17 10:29,2025-10-17,안전안내,206102,교통통제,2025-10-17
"[서울경찰청] 광진구에서 실종된 백재민씨(남, 52세)를 찾습니다- 170cm, 60kg, 노랑점퍼,검정줄무늬바지,모자,양팔장애 vo.la/MdFLv / ☎182",서울특별시 광진구 ,2025-10-17 13:31,2025-10-17,안전안내,206104,기타,2025-10-17
"[서울경찰청] 송파구에서 배회중인 백재민씨(남, 52세)를 찾습니다- 170cm,60kg, 노랑점퍼,검정줄무늬바지,모자,양팔장애 vo.la/MdFLv / ☎182",서울특별시 송파구 ,2025-10-17 13:32,2025-10-17,안전안내,206105,기타,2025-10-17
"[서울경찰청] 강동구에서 배회중인 백재민씨(남, 52세)를 찾습니다- 170cm,60kg, 노랑점퍼,검정줄무늬바지,모자,양팔장애 vo.la/MdFLv / ☎182",서울특별시 강동구 ,2025-10-17 16:18,2025-10-17,안전안내,206109,기타,2025-10-17
"[서울경찰청] 광진구에서 실종된 김수만씨(남, 96세)를 찾습니다- 175cm, 60kg, 노랑잠바,검정바지,흰털신,흰마스크 vo.la/bKjc7 / ☎182",서울특별시 광진구 ,2025-10-17 20:04,2025-10-17,안전안내,206118,기타,2025-10-17
"[서울경찰청] 성동구에서 배회중인 김수만씨(남, 96세)를 찾습니다- 175cm, 60kg, 노랑잠바,검정바지,흰털신,흰마스크 vo.la/bKjc7 / ☎182",서울특별시 성동구 ,2025-10-17 20:05,2025-10-17,안전안내,206119,기타,2025-10-17
"[서울경찰청] 강동구에서 배회중인 김수만씨(남, 96세)를 찾습니다- 175cm, 60kg, 노랑잠바,검정바지,흰털신,흰마스크 vo.la/bKjc7 / ☎182",서울특별시 강동구 ,2025-10-17 20:05,2025-10-17,안전안내,206120,기타,2025-10-17
"[서울경찰청] 마포구에서 실종된 김정희씨(여,52세)를 찾습니다 -160cm,50kg,자주색상의,검정바지,검정신발,파랑쇼핑백
vo.la/L5D5e / ☎182",서울특별시 마포구 ,2025-10-18 9:14,2025-10-18,안전안내,206121,기타,2025-10-18
"[서울경찰청] 강북구에서 실종된 김지명(남,14세)을 찾습니다 -177cm,65kg,검정후드티,회색긴바지,흰색슬리퍼
vo.la/QyvbL / ☎182",서울특별시 강북구 ,2025-10-18 9:42,2025-10-18,안전안내,206122,기타,2025-10-18
"[서울경찰청] 은평구에서 배회중인 김지명(남,14세)을 찾습니다 -177cm,65kg,검정후드티,회색긴바지,흰색슬리퍼
vo.la/QyvbL / ☎182",서울특별시 은평구 ,2025-10-18 9:42,2025-10-18,안전안내,206123,기타,2025-10-18
"[서울경찰청] 서대문구에서 배회중인 김정희씨(여,52세)를 찾습니다 -160cm,50kg,자주색상의,검정바지,검정신발,파랑쇼핑백 vo.la/L5D5e / ☎182",서울특별시 서대문구 ,2025-10-18 13:05,2025-10-18,안전안내,206125,기타,2025-10-18
"[서울경찰청] 강서구에서 실종된 정현대씨(남,84세)를 찾습니다 -165cm,58kg,검정패딩,검정바지,검정운동화,갈색중절모
vo.la/23TEc / ☎182",서울특별시 강서구 ,2025-10-18 15:03,2025-10-18,안전안내,206126,기타,2025-10-18
"[서울경찰청] 강동구에서 배회중인 이종철씨(남,85세)를 찾습니다 -165cm,검정색점퍼,흰색체크셔츠,검정바지,검정운동화
vo.la/uoyt1 / ☎182",서울특별시 강동구 ,2025-10-18 15:24,2025-10-18,안전안내,206127,기타,2025-10-18
"[서울경찰청] 송파구에서 목격된 이종철씨(남,85세)를 찾습니다 -165cm,검정색점퍼,흰색체크셔츠,검정바지,검정운동화
vo.la/uoyt1 / ☎182",서울특별시 송파구 ,2025-10-18 15:24,2025-10-18,안전안내,206128,기타,2025-10-18
"[서울경찰청]용산구에서 실종된 이운하씨(남,88세)를 찾습니다-150cm,55kg,검정긴팔티,초록색조끼,4족보행보조기,모자착용
vo.la/QaOXu / ☎182",서울특별시 용산구 ,2025-10-18 19:42,2025-10-18,안전안내,206130,기타,2025-10-18
"[서울경찰청] 성동구에서 배회중인 이종철씨(남,85세)를 찾습니다 -165cm,검정색점퍼,흰색체크셔츠,검정바지,검정운동화 vo.la/uoyt1 / ☎182",서울특별시 성동구 ,2025-10-18 20:02,2025-10-18,안전안내,206131,기타,2025-10-18
"[서울경찰청] 송파구에서 실종된 김병효씨(남,76세)를 찾습니다-165cm,65kg,회색점퍼,검정바지,흑발,안경착용,검정지팡이
vo.la/7TnLD / ☎182",서울특별시 송파구 ,2025-10-18 20:12,2025-10-18,안전안내,206132,기타,2025-10-18
"[서울경찰청] 동대문구에서 실종된 박관석씨(남, 67세)를 찾습니다- 167cm,75kg, 녹색점퍼,회색바지,흰운동화,오른발절음 vo.la/xuHN5 / ☎182",서울특별시 동대문구 ,2025-10-20 9:07,2025-10-20,안전안내,206142,기타,2025-10-20
"[서울경찰청] 광진구에서 배회중인 박관석씨(남, 67세)를 찾습니다- 167cm,75kg, 녹색점퍼,회색바지,흰운동화,오른발절음 vo.la/xuHN5 / ☎182",서울특별시 광진구 ,2025-10-20 9:08,2025-10-20,안전안내,206143,기타,2025-10-20
"[경기남부경찰청] 성남시에서 배회중인 이병우씨(여, 79세)를 찾습니다 - 156cm, 55kg, 남색잠바, 청바지, 갈색신발 vo.la/ik8dR / ☎182","경기도 성남시 수정구 ,경기도 성남시 중원구 ,경기도 성남시 분당구 ",2025-10-20 15:04,2025-10-20,안전안내,206148,기타,2025-10-20
"[서울경찰청] 중랑구에서 배회중인 백연옥씨(여, 80세)를 찾습니다- 155cm, 64kg, 청색긴팔상의,빨강바지,분홍슬리퍼 vo.la/hdpR5 / ☎182",서울특별시 중랑구 ,2025-10-20 18:09,2025-10-20,안전안내,206151,기타,2025-10-20
"[서울경찰청] 경찰은 강서구에서 실종된 홍옥석씨(여, 76세)를 찾습니다 - 145cm, 52kg, 베이지색점퍼, 검정바지
vo.la/mk4CY / ☎182",서울특별시 강서구 ,2025-10-21 9:14,2025-10-21,안전안내,206154,기타,2025-10-21
"[서울경찰청] 중랑구에서 실종된 김성준씨(남, 46세)를 찾습니다 -175cm,76kg,회색플리스자켓,검정바지,검정운동화
vo.la/RFh88 / ☎182",서울특별시 중랑구 ,2025-10-21 10:19,2025-10-21,안전안내,206156,기타,2025-10-21
"[서울경찰청] 종로구에서 실종된 박옥남씨(여, 71세)를 찾습니다 -155cm,40kg,반백발 묶음머리,선글라스 주로 착용 
vo.la/KiUVi / ☎182",서울특별시 종로구 ,2025-10-21 10:39,2025-10-21,안전안내,206157,기타,2025-10-21
"[서울경찰청] 동대문구에서 배회중인 박옥남씨(여,71세)를 찾습니다 -155cm,40kg,반백발 묶음머리,선글라스 주로 착용 
vo.la/KiUVi / ☎182",서울특별시 동대문구 ,2025-10-21 10:40,2025-10-21,안전안내,206158,기타,2025-10-21
[성남시청] 수정구 둔전동 ADEX 행사장 많은 인파 밀집 발생하여 안전사고 위험이 높음으로 주변 접근 및 통행자제. 이 지역을 지나는 차량은 우회바랍니다.,"경기도 성남시 수정구 ,경기도 성남시 중원구 ,경기도 성남시 분당구 ",2025-10-21 13:08,2025-10-21,안전안내,206160,기타,2025-10-21
"[경기북부경찰청] 고양시에서 실종된 유강선씨(남,66세)를 찾습니다 -170cm,남색점퍼,검정바지,검정구두,안경착용
vo.la/y29qi / ☎182","경기도 고양시 덕양구 ,경기도 고양시 일산동구 ,경기도 고양시 일산서구 ",2025-10-21 14:13,2025-10-21,안전안내,206161,기타,2025-10-21
[성남시청] 수정구 둔전동 ADEX 행사장 많은 인파 밀집 발생하여 안전사고 위험이 높음으로 노약자분은 주변 접근 및 통행을 자제하여 주시기 바랍니다.,"경기도 성남시 수정구 ,경기도 성남시 중원구 ,경기도 성남시 분당구 ",2025-10-21 14:50,2025-10-21,안전안내,206162,기타,2025-10-21
"[서울경찰청] 강북구에서 실종된 이영규씨(남,84세)를 찾습니다-170cm,70kg,검정계통양복상하의,회색운동화,챙달린모자  
vo.la/rF4WX / ☎182",서울특별시 강북구 ,2025-10-21 19:04,2025-10-21,안전안내,206164,기타,2025-10-21
"[경기북부경찰청] 고양시에서 실종된 방홍열씨(남,61세)를 찾습니다-170cm,검정긴팔티,검정바지,검정신발(흰테두리),등산스틱 vo.la/V3ckZ / ☎182","경기도 고양시 덕양구 ,경기도 고양시 일산동구 ,경기도 고양시 일산서구 ",2025-10-22 8:00,2025-10-22,안전안내,206167,기타,2025-10-22
"[경기북부경찰청] 파주시에서 배회중인 방홍열씨(남,61세)를 찾습니다-170cm,검정긴팔티,검정바지,검정신발(흰테두리),등산스틱 vo.la/V3ckZ / ☎182",경기도 파주시 ,2025-10-22 8:01,2025-10-22,안전안내,206168,기타,2025-10-22
"[경기북부경찰청] 경찰은 파주시에서 배회중인 유강선씨(남,66세)를 찾습니다 -170cm,남색점퍼,검정바지,검정구두,안경착용 vo.la/y29qi / ☎182",경기도 파주시 ,2025-10-22 9:38,2025-10-22,안전안내,206171,기타,2025-10-22
[성남시청] 수정구 둔전동 ADEX 행사장 인파 운집으로 인한 안전사고 위험이 예상되므로 노약자분들은 주변 접근 및 통행을 자제해주시기 바랍니다.,"경기도 성남시 수정구 ,경기도 성남시 중원구 ,경기도 성남시 분당구 ",2025-10-22 9:54,2025-10-22,안전안내,206172,기타,2025-10-22
[성남시청] 수정구 ADEX 행사장 많은 인파로 안전사고발생이 우려되오니 관람객들은 다소 불편하시더라도 질서 유지 및 경찰 통제에 적극 협조하여 주시기 바랍니다.,"경기도 성남시 수정구 ,경기도 성남시 중원구 ,경기도 성남시 분당구 ",2025-10-22 10:56,2025-10-22,안전안내,206173,기타,2025-10-22
"[경기북부경찰청] 남양주시에서 실종된 유종열씨(남,66세)를 찾습니다-158cm,야구모자,검정잠바,녹색군무늬바지,회색신발,등굽음 vo.la/MfWcL / ☎182",경기도 남양주시 ,2025-10-22 16:09,2025-10-22,안전안내,206178,기타,2025-10-22
"[경기북부경찰청] 구리시에서 배회중인 유종열씨(남,66세)를 찾습니다-158cm,야구모자,검정잠바,녹색군무늬바지,회색신발,등굽음 vo.la/MfWcL / ☎182",경기도 구리시 ,2025-10-22 16:10,2025-10-22,안전안내,206179,기타,2025-10-22
[성남시청] 수정구 ADEX 행사장 많은 인파로 안전사고발생이 우려되오니 관람객들은 다소 불편하시더라도 질서 유지 및 경찰 통제에 적극 협조하여 주시기 바랍니다,"경기도 성남시 수정구 수진동,경기도 성남시 수정구 복정동,경기도 성남시 수정구 신촌동,경기도 성남시 수정구 오야동,경기도 성남시 수정구 심곡동,경기도 성남시 수정구 고등동,경기도 성남시 수정구 상적동,경기도 성남시 수정구 둔전동,경기도 성남시 수정구 시흥동,경기도 성남시 수정구 금토동,경기도 성남시 수정구 사송동,경기도 성남시 중원구 성남동",2025-10-22 16:13,2025-10-22,안전안내,206180,기타,2025-10-22
"[서울경찰청] 노원구에서 실종된 한우리씨(여, 31세)를 찾습니다 - 155cm, 80kg, 검정색잠바, 청바지, 운동화 vo.la/MYV0q / ☎182",서울특별시 노원구 ,2025-10-22 17:12,2025-10-22,안전안내,206185,기타,2025-10-22
"[경기북부경찰청] 의정부시에서 배회중인 한우리씨(여, 31세)를 찾습니다 -155cm, 80kg, 검정색잠바, 청바지, 운동화 vo.la/MYV0q / ☎182",경기도 의정부시 ,2025-10-22 17:13,2025-10-22,안전안내,206186,기타,2025-10-22
"[경기남부경찰청] 부천시에서 목격된 조인영씨(여,32세)를 찾습니다-156cm,70kg,긴팔티,남색추리닝바지,카페에서 장시간배회 vo.la/cN65a / ☎182",경기도 부천시 ,2025-10-22 17:41,2025-10-22,안전안내,206189,기타,2025-10-22
"[서울경찰청] 성북구에서 실종된 박근우씨(남, 67세)를 찾습니다 -165cm,파랑색잠바,검정추리닝,검정운동화,걸음 절뚝거림 vo.la/GRdZh / ☎182",서울특별시 성북구 ,2025-10-22 19:17,2025-10-22,안전안내,206191,기타,2025-10-22
"[서울경찰청] 동대문구에서 배회중인 박근우씨(남, 67세)를 찾습니다 -165cm,파랑색잠바,검정추리닝,검정운동화,걸음 절뚝거림 vo.la/GRdZh / ☎182",서울특별시 동대문구 ,2025-10-22 19:18,2025-10-22,안전안내,206192,기타,2025-10-22
"[경기남부경찰청] 용인시에서 실종된 황일웅씨(남, 94세)를 찾습니다 -162cm,안경,양손지팡이,남색잠바,검정바지,흰색신발 vo.la/VFbHE / ☎182","경기도 용인시 처인구 ,경기도 용인시 기흥구 ,경기도 용인시 수지구 ",2025-10-22 19:53,2025-10-22,안전안내,206193,기타,2025-10-22
"[서울경찰청] 서초구에서 배회중인 황일웅씨(남, 94세)를 찾습니다 - 162cm,안경,양손지팡이,남색잠바,검정바지,흰색신발 vo.la/VFbHE / ☎182",서울특별시 서초구 ,2025-10-22 19:55,2025-10-22,안전안내,206194,기타,2025-10-22
"[경기남부경찰청] 화성시에서 실종된 이종섭씨(남, 64세)를 찾습니다- 180cm, 95kg, 검정잠바,짙은회색바지,흰머리삭발 vo.la/Q0JBb / ☎182",경기도 화성시 ,2025-10-23 10:38,2025-10-23,안전안내,206202,기타,2025-10-23
"[경기남부경찰청] 수원시에서 배회중인 이종섭씨(남, 64세)를 찾습니다- 180cm, 95kg, 검정잠바,짙은회색바지,흰머리삭발 vo.la/Q0JBb / ☎182","경기도 수원시 장안구 ,경기도 수원시 권선구 ,경기도 수원시 팔달구 ,경기도 수원시 영통구 ",2025-10-23 10:39,2025-10-23,안전안내,206203,기타,2025-10-23
"[경기남부경찰청] 평택시에서 목격된 이병옥씨(남, 70세)를 찾습니다- 164cm,53kg, 남색티,검정바지,검정운동화,뒷짐걸음 vo.la/7FhSM / ☎182",경기도 평택시 ,2025-10-23 17:57,2025-10-23,안전안내,206210,기타,2025-10-23
"[경기남부경찰청] 안산시에서 실종된 유연위씨(여, 56세)를 찾습니다- 153cm, 75kg, 회색상의,검정바지,흰신발,흰가방 vo.la/cvCyg / ☎182","경기도 안산시 상록구 ,경기도 안산시 단원구 ",2025-10-23 18:09,2025-10-23,안전안내,206211,기타,2025-10-23
"[경기남부경찰청] 안산시에서 실종된 최신원씨(남,79세)를 찾습니다-165cm,60kg,회색티,검정조끼,베이지바지,흰모자,회색신 vo.la/3gBsb / ☎182","경기도 안산시 상록구 ,경기도 안산시 단원구 ",2025-10-23 20:15,2025-10-23,안전안내,206214,기타,2025-10-23
[서대문구] 금일 9시~12시경 서대문구청사 화재대피훈련으로 연기 및 헬기(비행) 소음 발생이 우려되오니 이점 양지하시기 바랍니다.,"서울특별시 서대문구 연희동,서울특별시 서대문구 홍은동",2025-10-24 9:30,2025-10-24,안전안내,206217,기타,2025-10-24
"[경기북부경찰청] 남양주시에서 실종된 이창원씨(남,48세)를 찾습니다-175cm,녹색체크점퍼,회색바지,뿔테안경,아이보리색에코백
vo.la/4SYV0 / ☎182",경기도 남양주시 ,2025-10-24 10:04,2025-10-24,안전안내,206219,기타,2025-10-24
"[경기북부경찰청] 구리시에서 배회중인 이창원씨(남,48세)를 찾습니다-175cm,녹색체크점퍼,회색바지,뿔테안경,아이보리색에코백
vo.la/4SYV0 / ☎182",경기도 구리시 ,2025-10-24 10:06,2025-10-24,안전안내,206220,기타,2025-10-24
"[서울경찰청] 영등포구에서 실종된 권서희씨(여, 82세)를 찾습니다 -148cm,43kg,주황색패딩,검정바지,보라색운동화
vo.la/ARf5e / ☎182",서울특별시 영등포구 ,2025-10-24 16:43,2025-10-24,안전안내,206225,기타,2025-10-24
"[서울경찰청] 구로구에서 배회중인 권서희씨(여, 82세)를 찾습니다 -148cm,43kg,주황색패딩,검정바지,보라색운동화
vo.la/ARf5e / ☎182",서울특별시 구로구 ,2025-10-24 16:44,2025-10-24,안전안내,206226,기타,2025-10-24
"[서울경찰청] 송파구에서 실종된 조점례씨(여, 83세)를 찾습니다 -155cm,핑크색경량패딩,줄무늬상의,검정바지
vo.la/zAVVD / ☎182",서울특별시 송파구 ,2025-10-24 16:52,2025-10-24,안전안내,206227,기타,2025-10-24
"[안산시청]10.26.(목) 첫차부터 버스 파업으로 불편이 예상되니, 시청 홈페이지 등에서 파업 노선을 확인하시고 대체 교통수단을 이용 바랍니다. 492-2260",경기도 안산시 ,2025-10-24 18:00,2025-10-24,안전안내,206229,교통통제,2025-10-24
"[수원시청] 수원시 광역, 시내버스 총파업 예정 10.26.(목) 첫차부터. 마을버스 정상운행. 세부사항은 수원시 홈페이지를 참조 바랍니다.",경기도 수원시 ,2025-10-24 18:03,2025-10-24,안전안내,206230,기타,2025-10-24
"[서울경찰청] 송파구에서 실종된 석승훈씨(남,80세)를 찾습니다 -164cm,70kg,얼룩남방,검정색조끼,남색바지,검정운동화
vo.la/KLeZk / ☎182",서울특별시 송파구 ,2025-10-24 19:52,2025-10-24,안전안내,206231,기타,2025-10-24
"[경기남부경찰청] 성남시에서 배회중인 석승훈씨(남,80세)를 찾습니다-164cm,70kg,얼룩남방,검정조끼,남색바지,검정운동화
vo.la/KLeZk / ☎182","경기도 성남시 수정구 ,경기도 성남시 중원구 ,경기도 성남시 분당구 ",2025-10-24 19:52,2025-10-24,안전안내,206232,기타,2025-10-24
"[안산시청]10.26.(목) 첫차부터 버스 파업으로 불편이 예상되니, 시청 홈페이지 등에서 파업 노선을 확인하시고 대체 교통수단을 이용 바랍니다. 492-2260",경기도 안산시 ,2025-10-24 22:00,2025-10-24,안전안내,206235,교통통제,2025-10-24
"[서울경찰청] 강남구에서 실종된 변유복씨(남, 81세)를 찾습니다 -167cm,75kg, 검정모자,노란색지팡이,파란색긴팔티셔츠 vo.la/u8X6X / ☎182",서울특별시 강남구 ,2025-10-25 10:18,2025-10-25,안전안내,206240,기타,2025-10-25
"[서울경찰청] 송파구에서 배회중인 변유복씨(남, 81세)를 찾습니다 -167cm,75kg, 검정모자,노란색지팡이,파란색긴팔티셔츠 vo.la/u8X6X / ☎182",서울특별시 송파구 ,2025-10-25 10:19,2025-10-25,안전안내,206241,기타,2025-10-25
"[성남시청] 경기도 시내버스 노조 협상결렬 시 파업예고로 26일(목) 04시부터 시내버스 노선 운행중단 예정이니 마을버스, 지하철 및 대체교통수단을 이용바랍니다.","경기도 성남시 수정구 ,경기도 성남시 중원구 ,경기도 성남시 분당구 ",2025-10-25 11:02,2025-10-25,안전안내,206242,기타,2025-10-25
"[화성시청] 경기도 광역, 시내버스 총파업 예정 10.26.(목) 첫차부터. 마을버스 정상운행. 세부사항은 화성시 홈페이지를 참조 바랍니다.",경기도 화성시 ,2025-10-25 12:04,2025-10-25,안전안내,206243,기타,2025-10-25
"[안양시청] 10.26.(목) 첫 차 부터 파업예정, 마을버스, 지하철 등 대체노선을 이용하시기 바랍니다. url.kr/vrg6bo
※ 파업 철회 시 정상 운행","경기도 안양시 만안구 ,경기도 안양시 동안구 ",2025-10-25 14:31,2025-10-25,안전안내,206246,기타,2025-10-25
"[경기남부경찰청] 안산시에서 실종된 박도순씨(남, 72세)를 찾습니다- 168cm, 54kg, 검정코트,검정바지,검정마스크,안경 vo.la/ZV6xS / ☎182","경기도 안산시 상록구 ,경기도 안산시 단원구 ",2025-10-25 14:37,2025-10-25,안전안내,206247,기타,2025-10-25
[부천시청]오늘 13시경 괴안동 91-18 인근 수도관 누수로 괴안동 등 일대 단수발생 예상. 현재 복구 중이며 식수 및 생활용수 확보 등 단수에 대비 바랍니다.,"경기도 부천시 범박동,경기도 부천시 괴안동",2025-10-25 15:15,2025-10-25,안전안내,206248,수도,2025-10-25
[군포시]10.26.목 첫차부터 경기도 일부 버스가 파업 예정. 파업노선 및 무료셔틀버스 운행상세는 군포시 홈페이지 참조. url.kr/7fp4xm,경기도 군포시 ,2025-10-25 15:21,2025-10-25,안전안내,206249,교통사고,2025-10-25
"[성남시청] 경기도 시내버스 노조 협상결렬 시 파업예고로 26일(목) 04시부터 시내버스 노선 운행중단 예정이니 마을버스, 지하철 및 대체교통수단을 이용바랍니다","경기도 성남시 수정구 ,경기도 성남시 중원구 ,경기도 성남시 분당구 ",2025-10-25 16:04,2025-10-25,안전안내,206252,기타,2025-10-25
"[서울경찰청] 종로구에서 실종된 소명덕씨(여, 89세)를 찾습니다 - 150cm, 50kg, 보라색티, 꽃무늬바지, 지팡이 vo.la/YMKK7 / ☎182",서울특별시 종로구 ,2025-10-25 17:03,2025-10-25,안전안내,206253,기타,2025-10-25
"[서울경찰청] 성북구에서 배회중인 소명덕씨(여, 89세)를 찾습니다 - 150cm, 50kg, 보라색티, 꽃무늬바지, 지팡이 vo.la/YMKK7 / ☎182",서울특별시 성북구 ,2025-10-25 17:04,2025-10-25,안전안내,206254,기타,2025-10-25
"[안산시청]10.26.(목) 첫차부터 버스 파업으로 불편이 예상되니, 시청 홈페이지 등에서 파업 노선을 확인하시고 대체 교통수단을 이용 바랍니다. 492-2260",경기도 안산시 ,2025-10-25 20:30,2025-10-25,안전안내,206261,교통통제,2025-10-25
[수원시] 경기도 버스 파업 철회로 전 버스 노선 정상운행됩니다.,"경기도 수원시 장안구 ,경기도 수원시 권선구 ,경기도 수원시 팔달구 ,경기도 수원시 영통구 ",2025-10-25 23:37,2025-10-25,안전안내,206264,기타,2025-10-26
[군포시] 버스 파업의 협상이 타결되어 이 시간 이후 전 버스 노선 정상운행 합니다.,경기도 군포시 ,2025-10-25 23:39,2025-10-25,안전안내,206265,기타,2025-10-26
"[용인시청] 26일 예고되었던 경기도 버스 파업이 철회되어 광역버스, 시내버스, 마을버스 모든 노선이 정상 운행합니다. 이용에 참고하시길 바랍니다.","경기도 용인시 처인구 ,경기도 용인시 기흥구 ,경기도 용인시 수지구 ",2025-10-25 23:58,2025-10-25,안전안내,206266,기타,2025-10-26
[오산시청] 금일 예고되었던 버스파업은 노사협상 타결로 정상 운행됩니다.,경기도 오산시 ,2025-10-26 5:30,2025-10-26,안전안내,206267,교통통제,2025-10-26
"[경기도청] 경기도 시내버스 노사 합의로 파업이 타결되어, 버스 전 노선이 정상 운행함을 알려드립니다.",경기도 전체 ,2025-10-26 6:00,2025-10-26,안전안내,206268,기타,2025-10-26
"[서울경찰청] 성북구에서 실종된 오창석씨(남, 65세)를 찾습니다- 167cm,70kg, 검정점퍼,검정바지,검정뿔테안경,흰운동화 vo.la/mVd33 / ☎182",서울특별시 성북구 ,2025-10-26 10:03,2025-10-26,안전안내,206272,기타,2025-10-26
"[서울경찰청] 강북구에서 목격된 오창석씨(남, 65세)를 찾습니다- 167cm,70kg, 검정점퍼,검정바지,검정뿔테안경,흰운동화 vo.la/mVd33 / ☎182",서울특별시 강북구 ,2025-10-26 10:04,2025-10-26,안전안내,206273,기타,2025-10-26
"[서울경찰청] 종로구에서 목격된 오창석씨(남, 65세)를 찾습니다- 167cm,70kg, 검정점퍼,검정바지,검정뿔테안경,흰운동화 vo.la/mVd33 / ☎182",서울특별시 종로구 ,2025-10-26 10:04,2025-10-26,안전안내,206274,기타,2025-10-26
"[서울경찰청] 강북구에서 배회중인 이지동씨(남, 72세)를 찾습니다 - 162cm, 회색계열 긴팔내의, 청바지, 검정색슬리퍼 vo.la/T3bsG / ☎182",서울특별시 강북구 ,2025-10-26 14:31,2025-10-26,안전안내,206278,기타,2025-10-26
"[서울경찰청] 노원구에서 배회중인 이병하씨(남, 83세)를 찾습니다- 156cm,40kg,검정점퍼,검정바지,운동화,갈색체크베레모 vo.la/CDz0W / ☎182",서울특별시 노원구 ,2025-10-26 17:32,2025-10-26,안전안내,206282,기타,2025-10-26
"[서울경찰청] 종로구에서 실종된 박병대씨(남, 84세)를 찾습니다- 167cm,68kg, 밤색점퍼,회색청바지,파랑운동화,짧은백발 vo.la/eLEgM / ☎182",서울특별시 종로구 ,2025-10-26 17:37,2025-10-26,안전안내,206283,기타,2025-10-26
"[서울경찰청] 도봉구에서 목격된 백수연씨(여, 49세)를 찾습니다- 160cm, 연두색상의,남색점퍼,검정바지,흰운동화,상고머리 vo.la/9qNMm / ☎182",서울특별시 도봉구 ,2025-10-26 17:57,2025-10-26,안전안내,206284,기타,2025-10-26
"[경기북부경찰청] 의정부시에서 목격된 백수연씨(여, 49세)를 찾습니다-160cm,연두색상의,남색점퍼,검정바지,흰운동화,상고머리 vo.la/9qNMm / ☎182",경기도 의정부시 ,2025-10-26 17:58,2025-10-26,안전안내,206285,기타,2025-10-26
"[서울경찰청] 금천구에서 실종된 장일준씨(남, 76세)를 찾습니다 - 168cm,55kg,검정추리닝상의,남색바지,밤색계통운동화
vo.la/Rb7UM / ☎182",서울특별시 금천구 ,2025-10-27 10:15,2025-10-27,안전안내,206297,기타,2025-10-27
"[경기남부경찰청]군포시에서 실종된 김우주(남,8세)를 찾습니다-133cm,남색자켓(흰소매),청바지,백팩,신발주머니,노란마스크
vo.la/XRbqa/ ☎182",경기도 군포시 ,2025-10-27 17:40,2025-10-27,안전안내,206303,기타,2025-10-27
"[경기북부경찰청] 고양시에서 실종된 이수기씨(여,73세)를 찾습니다-158cm,50kg,남색반코트,검정바지,안경착용,검정운동화
vo.la/JX0Wn / ☎182","경기도 고양시 덕양구 ,경기도 고양시 일산동구 ,경기도 고양시 일산서구 ",2025-10-27 18:15,2025-10-27,안전안내,206308,기타,2025-10-27
"[경기북부경찰청] 파주시에서 배회중인 이수기씨(여,73세)를 찾습니다-158cm,50kg,남색반코트,검정바지,안경착용,검정운동화 vo.la/JX0Wn / ☎182",경기도 파주시 ,2025-10-27 18:18,2025-10-27,안전안내,206309,기타,2025-10-27
"[서울경찰청]은평구에서 목격된 박옥남씨(여,71세)를 찾습니다-155cm,40kg,검정벙거지,노란빛깔선글라스,검정상하의,비닐우산 
vo.la/KiUVi/ ☎182",서울특별시 은평구 ,2025-10-27 18:42,2025-10-27,안전안내,206312,기타,2025-10-27
"[경기남부경찰청] 화성시에서 실종된 이점동씨(남,82세)를 찾습니다-165cm,73kg,연녹색잠바,검정바지,검정운동화,남색모자 
vo.la/WmJpG / ☎182",경기도 화성시 ,2025-10-27 20:47,2025-10-27,안전안내,206315,기타,2025-10-27
"[남양주시] 도로균열에 따라 와부읍 덕소리 580-1 경강로 양평~서울 방향 교통통제 중입니다. 교통정보를 미리 확인하시고, 우회도로를 이용해주세요.","경기도 남양주시 와부읍,경기도 남양주시 조안면",2025-10-27 22:16,2025-10-27,안전안내,206318,교통통제,2025-10-27
"[서울경찰청] 서대문구에서 실종된 한우리씨(여,22세)를 찾습니다 -158cm, 통통한체형, 카키색티셔츠, 회색치마, 회색숄더백 vo.la/cOgQ3 / ☎182",서울특별시 서대문구 ,2025-10-28 8:31,2025-10-28,안전안내,206321,기타,2025-10-28
"[경기북부경찰청] 의정부시에서 배회중인 한우리씨(여, 22세)를 찾습니다 -158cm,통통한체형,카키색티셔츠,회색치마,회색숄더백 vo.la/cOgQ3 / ☎182",경기도 의정부시 ,2025-10-28 8:32,2025-10-28,안전안내,206322,기타,2025-10-28
"[서울경찰청] 강북구에서 실종된 유형석(남, 16세)을 찾습니다 -173cm,56kg, 하늘색후드티,검정반바지,흰색슬리퍼,백팩 vo.la/Q5e3j / ☎182",서울특별시 강북구 ,2025-10-28 9:19,2025-10-28,안전안내,206323,기타,2025-10-28
"[서울경찰청] 송파구에서 실종된 김정효씨(남, 26세)를 찾습니다 -176cm,파란색긴팔티와 회색반팔티,남색잠옷바지,회색슬리퍼 vo.la/GyecT / ☎182",서울특별시 송파구 ,2025-10-28 15:14,2025-10-28,안전안내,206331,기타,2025-10-28
"[서울경찰청] 광진구에서 배회중인 김정효씨(남, 26세)를 찾습니다 -176cm,파란색긴팔티와 회색반팔티,남색잠옷바지,회색슬리퍼 vo.la/GyecT / ☎182",서울특별시 광진구 ,2025-10-28 16:03,2025-10-28,안전안내,206332,기타,2025-10-28
"[서울경찰청] 동작구에서 실종된 신윤명씨(남, 80세)를 찾습니다 - 165cm, 카키색자켓, 진회색 운동복바지, 지팡이 소지 vo.la/0xHxD / ☎182",서울특별시 동작구 ,2025-10-28 16:32,2025-10-28,안전안내,206335,기타,2025-10-28
"[서울경찰청] 서초구에서 배회중인 신윤명씨(남, 80세)를 찾습니다 - 165cm, 카키색자켓, 진회색 운동복바지, 지팡이 소지 vo.la/0xHxD / ☎182",서울특별시 서초구 ,2025-10-28 16:33,2025-10-28,안전안내,206336,기타,2025-10-28
"[경기남부경찰청] 부천시에서 목격된 이해용씨(남, 70세)를 찾습니다 - 175cm,100kg, 체크무늬난방, 검정바지, 운동화 vo.la/gvFfZ / ☎182",경기도 부천시 ,2025-10-28 17:15,2025-10-28,안전안내,206337,기타,2025-10-28
"[서울경찰청] 강동구에서 실종된 김한기씨(남, 86세)를 찾습니다 -160cm,60kg, 베레모,흰색마스크,남색스웨터,회색바지 vo.la/z44Lf / ☎182",서울특별시 강동구 ,2025-10-28 18:51,2025-10-28,안전안내,206340,기타,2025-10-28
[남양주시] 도로 복구 완료에 따라 와부읍 덕소리 580-1 경강로 양평~서울 방향 도로 통행이 재개되었음을 알려드립니다.,"경기도 남양주시 와부읍,경기도 남양주시 조안면",2025-10-28 20:44,2025-10-28,안전안내,206342,기타,2025-10-28
"[서울경찰청] 서대문구에서 실종된 박정호씨(남, 80세)를 찾습니다-163cm,60kg,청색점퍼,검정바지,검정운동화,녹색야구모자 vo.la/nxw0R / ☎182",서울특별시 서대문구 ,2025-10-29 10:21,2025-10-29,안전안내,206346,기타,2025-10-29
"[서울경찰청] 은평구에서 배회중인 박정호씨(남, 80세)를 찾습니다-163cm,60kg,청색점퍼,검정바지,검정운동화,녹색야구모자 vo.la/nxw0R / ☎182",서울특별시 은평구 ,2025-10-29 10:21,2025-10-29,안전안내,206347,기타,2025-10-29
"[서울경찰청] 송파구에서 배회중인 김한기씨(남, 86세)를 찾습니다- 160cm,60kg, 베레모,흰색마스크,남색스웨터,회색바지 vo.la/z44Lf / ☎182",서울특별시 송파구 ,2025-10-29 10:45,2025-10-29,안전안내,206350,기타,2025-10-29
"[경기북부경찰청] 연천군에서 실종된 윤종한씨(남,85세)를 찾습니다 -168cm,85kg,회색셔츠,청바지,흰색모자,지팡이
vo.la/2y0LV / ☎182",경기도 연천군 ,2025-10-30 10:11,2025-10-30,안전안내,206364,기타,2025-10-30
"[금천구] 오늘 14:53경 가산동 340-7 교통사고 발생. 서부간선도로 지하도로 성산방향 1개 차로 통제중이니, 안전에 유의하시고 서행운전 바랍니다.",서울특별시 금천구 ,2025-10-30 15:32,2025-10-30,안전안내,206366,교통통제,2025-10-30
"[서울경찰청]종로구에서 실종된 김경식씨(남,92세)를 찾습니다-170cm,60kg,백발,갈색자켓,남색바지,회색등산화,복지관목걸이
vo.la/xOuXG / ☎182",서울특별시 종로구 ,2025-10-30 16:25,2025-10-30,안전안내,206367,기타,2025-10-30
"[서울경찰청] 송파구에서 실종된 백재민씨(남,52세)를 찾습니다-170cm,형광색점퍼,회색바지,흰운동화,하늘색모자,화상입은얼굴
vo.la/FY1vC / ☎182",서울특별시 송파구 ,2025-10-30 19:01,2025-10-30,안전안내,206372,기타,2025-10-30
"[서울경찰청]광진구에서 배회중인 백재민씨(남,52세)를 찾습니다-170cm,형광색점퍼,회색바지,흰운동화,하늘색모자,화상입은얼굴
vo.la/FY1vC / ☎182",서울특별시 광진구 ,2025-10-30 19:02,2025-10-30,안전안내,206373,기타,2025-10-30
"[경기남부경찰청] 용인시에서 실종된 박갑선씨(여, 71세)를 찾습니다 - 155cm,빨강상의,검정하의,검정신발,우산,초록가방 vo.la/f9Fyb / ☎182","경기도 용인시 처인구 ,경기도 용인시 기흥구 ,경기도 용인시 수지구 ",2025-10-31 8:28,2025-10-31,안전안내,206376,기타,2025-10-31
"[서울경찰청] 노원구에서 실종된 김만용씨(남,82세)를 찾습니다 -157cm,파란패딩잠바,남색운동복(측면흰줄),흰운동화,지팡이 vo.la/ad8PB / ☎182",서울특별시 노원구 ,2025-10-31 10:44,2025-10-31,안전안내,206378,기타,2025-10-31
"[서울경찰청] 도봉구에서 배회중인 김만용씨(남,82세)를 찾습니다 -157cm,파란패딩잠바,남색운동복(측면흰줄),흰운동화,지팡이 vo.la/ad8PB / ☎182",서울특별시 도봉구 ,2025-10-31 10:45,2025-10-31,안전안내,206379,기타,2025-10-31
"[경기남부경찰청] 부천시에서 실종된 박영자씨(여, 82세)를 찾습니다 -150cm, 어두운색카라티, 밝은색잠옷바지, 초록색운동화 vo.la/NpZ1Y / ☎182",경기도 부천시 ,2025-10-31 13:37,2025-10-31,안전안내,206380,기타,2025-10-31
"[경기남부경찰청] 시흥시에서 배회중인 박영자씨(여, 82세)를 찾습니다 -150cm, 어두운색카라티,밝은색잠옷바지,초록색운동화 vo.la/NpZ1Y / ☎182",경기도 시흥시 ,2025-10-31 13:38,2025-10-31,안전안내,206381,기타,2025-10-31
"[경기북부경찰청] 동두천시에서 배회중인 윤종한씨(남,85세)를 찾습니다 -168cm,85kg, 흰색모자,회색셔츠,청바지,지팡이 vo.la/2y0LV / ☎182",경기도 동두천시 ,2025-10-31 15:59,2025-10-31,안전안내,206383,기타,2025-10-31
"[서울경찰청] 양천구에서 실종된 임정순씨(여, 76세)를 찾습니다 -156cm, 꽃무늬남색블라우스, 남색바지, 분홍운동화,지팡이 vo.la/PsNJm / ☎182",서울특별시 양천구 ,2025-10-31 18:23,2025-10-31,안전안내,206385,기타,2025-10-31
"[서울경찰청] 강서구에서 배회중인 임정순씨(여, 76세)를 찾습니다 -156cm, 꽃무늬남색블라우스, 남색바지,분홍운동화,지팡이 vo.la/PsNJm / ☎182",서울특별시 강서구 ,2025-10-31 18:23,2025-10-31,안전안내,206386,기타,2025-10-31
"[서울경찰청] 중구에서 목격된 청 춘씨(남,44세,싱가폴,농아자)를 찾습니다-170cm,대머리,녹색잠바,남색바지,뿔테안경,가방 vo.la/EARz8 / ☎182",서울특별시 중구 ,2025-10-31 19:34,2025-10-31,안전안내,206390,기타,2025-10-31
"[서울경찰청] 중구에서 실종된 백수연씨(여, 49세)를 찾습니다 -160cm,50kg,검정색상하의,흰색나이키운동화,회색야구모자
vo.la/Qyee1 / ☎182",서울특별시 중구 ,2025-11-01 8:28,2025-11-01,안전안내,206391,기타,2025-11-01
"[서울경찰청] 중랑구에서 배회중인 백수연씨(여,49세)를 찾습니다-160cm,50kg,검정색상하의,흰색나이키운동화,회색야구모자 vo.la/Qyee1 / ☎182",서울특별시 중랑구 ,2025-11-01 8:31,2025-11-01,안전안내,206392,기타,2025-11-01
"[서울경찰청] 종로구에서 실종된 김고우나씨(여, 34세)를 찾습니다 - 165cm,80kg,검정잠바,청바지,운동화,겐조가방 
vo.la/p7fhA / ☎182",서울특별시 종로구 ,2025-11-01 13:26,2025-11-01,안전안내,206393,기타,2025-11-01
"[서울경찰청] 성북구에서 배회중인 김고우나씨(여, 34세)를 찾습니다 - 165cm,80kg,검정잠바,청바지,운동화,겐조가방 vo.la/p7fhA / ☎182",서울특별시 성북구 ,2025-11-01 13:27,2025-11-01,안전안내,206394,기타,2025-11-01
"[서울경찰청] 강북구에서 실종된 조병호씨(남,73세)를 찾습니다-175cm,68kg,검정패딩점퍼,회색긴바지,모자착용,흰색슬리퍼 vo.la/5swNB / ☎182",서울특별시 강북구 ,2025-11-01 13:45,2025-11-01,안전안내,206395,기타,2025-11-01
[시흥시] 오늘15:12경 시흥시 대야동 97 인근 공장화재 발생.진압중 인근 주민과 등산객은 통행 자제하시고 안전사고 발생에 주의하시기 바랍니다.,경기도 시흥시 ,2025-11-01 15:23,2025-11-01,안전안내,206397,산불,2025-11-01
"[서울경찰청] 성북구에서 실종된 이용기씨(여,82세)를 찾습니다 - 150cm,60kg,꽃무늬원피스,분홍조끼,하늘색운동화
vo.la/NkcOx / ☎182",서울특별시 성북구 ,2025-11-01 15:36,2025-11-01,안전안내,206398,기타,2025-11-01
"[서울경찰청] 동대문구에서 배회중인 이용기씨(여,82세)를 찾습니다 - 150cm,60kg,꽃무늬원피스,분홍조끼,하늘색운동화 vo.la/NkcOx / ☎182",서울특별시 동대문구 ,2025-11-01 15:38,2025-11-01,안전안내,206399,기타,2025-11-01
[시흥시청] 대야동 97번지 공장화재 진압중. 잔해 및 연기 등 유해물질 유입이 우려되오니 인근 거주자분들께서는 창문을 닫는 등 안전사고 발생에 유의 바랍니다.,"경기도 시흥시 대야동,경기도 시흥시 계수동",2025-11-01 17:12,2025-11-01,안전안내,206402,화재,2025-11-01
"[경기북부경찰청]고양시에서 실종된 최명선씨(여,76세)를 찾습니다-148cm,45kg,분홍긴팔상의,체크무늬녹색바지,허리많이굽음 
vo.la/uu33z/ ☎182","경기도 고양시 덕양구 ,경기도 고양시 일산동구 ,경기도 고양시 일산서구 ",2025-11-01 18:58,2025-11-01,안전안내,206404,기타,2025-11-01
"[서울경찰청] 은평구에서 배회중인 최명선씨(여,76세)를 찾습니다-148cm,45kg,분홍긴팔상의,체크무늬녹색바지,허리많이굽음 vo.la/uu33z / ☎182",서울특별시 은평구 ,2025-11-01 19:01,2025-11-01,안전안내,206405,기타,2025-11-01
[시흥시청] 오늘 18:02경 시흥시 무지내동 139-4번지 야적장 화재 발생. 이 지역을 우회하여 주시고 인근 주민은 안전사고 발생에 유의 바랍니다.,경기도 시흥시 ,2025-11-02 18:34,2025-11-02,안전안내,206413,화재,2025-11-02
[시흥시청] 오늘 18:02경 시흥시 무지내동 139-4 화재 발생. 주변으로 확산될 우려가 있으니 인근 주민은 안전한 곳으로 대피하시기 바랍니다.,경기도 시흥시 무지내동,2025-11-02 18:38,2025-11-02,안전안내,206414,화재,2025-11-02
"[경기남부경찰청] 시흥시에서 실종된 이옥순씨(여, 75세)를 찾습니다 -150cm,50kg,아이보리잠바,검정바지,노란색쇼핑백 vo.la/GUH4X / ☎182",경기도 시흥시 ,2025-11-03 15:47,2025-11-03,안전안내,206417,기타,2025-11-03
"[경기남부경찰청] 용인시에서 실종된 이일선씨(여, 77세)를 찾습니다- 155cm, 50kg, 검정외투,회색바지,흰바탕검정신 vo.la/nqwG8 / ☎182","경기도 용인시 처인구 ,경기도 용인시 기흥구 ,경기도 용인시 수지구 ",2025-11-03 17:24,2025-11-03,안전안내,206423,기타,2025-11-03
"[경기남부경찰청] 안성시에서 배회중인 이일선씨(여, 77세)를 찾습니다- 155cm, 50kg, 검정외투,회색바지,흰바탕검정신 vo.la/nqwG8 / ☎182",경기도 안성시 ,2025-11-03 17:24,2025-11-03,안전안내,206424,기타,2025-11-03
"[서울경찰청] 마포구에서 실종된 신영순씨(여, 71세)를 찾습니다- 156cm, 45kg, 갈색후드티,검정바지,흰운동화,파마 vo.la/bt2Zx / ☎182",서울특별시 마포구 ,2025-11-03 18:04,2025-11-03,안전안내,206426,기타,2025-11-03
"[서울경찰청] 용산구에서 실종된 조태용씨(남,79세)를 찾습니다-160cm,50kg,검정중절모,조끼,검정크록스신발,목발
vo.la/JfADV / ☎182",서울특별시 용산구 ,2025-11-04 10:52,2025-11-04,안전안내,206435,기타,2025-11-04
"[서울경찰청] 중구에서 배회중인 조태용씨(남,79세)를 찾습니다-160cm,50kg,검정중절모,조끼,검정크록스신발,목발 
vo.la/JfADV / ☎182",서울특별시 중구 ,2025-11-04 10:54,2025-11-04,안전안내,206436,기타,2025-11-04
"[금천구]오늘 14:52경 서부간선도로 성산대교 방향 지하차도내 
차량화재로 양방향 통제중이니 우회바랍니다.",서울특별시 금천구 ,2025-11-04 15:30,2025-11-04,안전안내,206439,교통통제,2025-11-04
"[서울경찰청]중구에서 목격된 김남경씨(여,51세)를 찾습니다-153cm,52kg,흰색병원복,검정바지,빨강슬리퍼,파랑기저귀비닐팩 vo.la/zmjOr/ ☎182",서울특별시 중구 ,2025-11-04 17:38,2025-11-04,안전안내,206440,기타,2025-11-04
"[경기남부경찰청] 부천시에서 실종된 고경미씨(여,51세)를 찾습니다-160cm,60kg,밤색잠바,파란상의,검정바지,검정운동화
vo.la/iUD9p / ☎182",경기도 부천시 ,2025-11-04 18:13,2025-11-04,안전안내,206441,기타,2025-11-04
"[포천시청] 호우예비특보 발표. 하천, 계곡 등 위험지역 야영및 접근 금지. 하천변 주차금지. 반지하주택 등 저지대 침수우려지역은 안전에 대비하시기 바랍니다.",경기도 포천시 ,2025-11-05 9:39,2025-11-05,안전안내,206452,호우,2025-11-05
"[양주시] 호우,강풍 예비특보 발표, 강한 비바람이 예상되니 하천변 산책로, 계곡 등의 출입을 삼가시고 강풍으로 인한 간판,낙하물 등 안전사고에 주의바랍니다.",경기도 양주시 ,2025-11-05 10:02,2025-11-05,안전안내,206455,호우,2025-11-05
"[고양시청] 호우,강풍 예비특보 발표, 강한 비바람이 예상되니 하천변 산책로, 계곡 등의 출입을 삼가시고 강풍으로 인한 간판, 낙하물 등 안전사고에 주의바랍니다.",경기도 고양시 ,2025-11-05 11:53,2025-11-05,안전안내,206456,호우,2025-11-05
"[화성시]오늘 밤, 이른 새벽 많은 비와 강풍 예보. 하천변 산책로, 산사태 취약 지역 등 위험지역에 접근하지 마시고, 간판, 낙하물 등 안전사고에 주의바랍니다.",경기도 화성시 ,2025-11-05 15:12,2025-11-05,안전안내,206459,호우,2025-11-05
"[오산시청] 오늘 저녁부터 새벽까지 강풍을 동반한 집중호우가 예상됩니다. 오산천 산책로, 저지대 출입을 자제하시고, 간판 및 창문 파손 등에 유의하시기 바랍니다.",경기도 오산시 ,2025-11-05 15:45,2025-11-05,안전안내,206460,호우,2025-11-05
"[시흥시청]저녁부터 강한 비와 강풍이 예상 되오니 하천변 산책로 출입금지, 강풍으로 인한 낙하물 등 안전사고 주의, 내집앞 배수로 낙엽등 이물질 제거 바랍니다.",경기도 시흥시 ,2025-11-05 16:04,2025-11-05,안전안내,206461,호우,2025-11-05
"[경기도청] 내일까지 많은 비와 강풍이 예상됩니다. 하천변 산책로에 진입하지 마시고, 배수구 낙엽을 사전에 제거하시기 바랍니다. 저지대 거주자는 침수에 대비하세요",경기도 전체 ,2025-11-05 16:20,2025-11-05,안전안내,206462,호우,2025-11-05
"[안산시청]저녁부터 강한 비와 강풍이 예상되오니 하천 및 해안가 출입금지, 낙하물 피해 대비 간판 등 시설물 사전 고정, 저지대 침수에 유의하여 주시기 바랍니다.",경기도 안산시 ,2025-11-05 16:24,2025-11-05,안전안내,206463,호우,2025-11-05
"[서울경찰청] 송파구에서 실종된 조정애씨(여, 76세)를 찾습니다 -152cm,65kg,베이지색코트,검정긴바지,검정운동화
vo.la/B4xo2 / ☎182",서울특별시 송파구 ,2025-11-05 16:48,2025-11-05,안전안내,206465,기타,2025-11-05
"[남양주시] 저녁부터 강한 비, 바람이 예상되오니 내집 앞 낙엽제거, 하천변 산책로 출입금지 등 안전사고에 유의하시기 바랍니다.",경기도 남양주시 ,2025-11-05 17:18,2025-11-05,안전안내,206466,호우,2025-11-05
"[구리시청] 저녁부터 강한 비와 강풍이 예상되오니 하천 출입금지, 낙하물 피해 대비 간판 등 시설물 사전 고정, 저지대 침수에 유의하여 주시기 바랍니다.",경기도 구리시 ,2025-11-05 17:22,2025-11-05,안전안내,206467,호우,2025-11-05
"[행정안전부] 많은 비가 예보되어 있습니다. 집 주변 배수로는 낙엽 등으로 막히지 않게 점검해주시고, 하천변 산책로와 계곡 등 위험지역은 출입을 삼가시기 바랍니다","강원특별자치도 양구군 ,강원특별자치도 인제군 ,강원특별자치도 철원군 ,강원특별자치도 춘천시 ,강원특별자치도 홍천군 ,강원특별자치도 화천군 ,경기도 전체 ,경상남도 하동군 ,서울특별시 전체 ,인천광역시 전체 ,충청남도 당진시 ,충청남도 서산시 ,충청남도 태안군 ,충청남도 홍성군 ",2025-11-05 18:18,2025-11-05,안전안내,206468,호우,2025-11-05
"[수원특례시청] 6일 아침까지 많은 비가 예상되오니 하천변 산책로 출입을 금하시고, 내집 주변 배수구가 낙엽으로 막히지 않도록 사전에 제거하여 주시기 바랍니다.","경기도 수원시 장안구 ,경기도 수원시 권선구 ,경기도 수원시 팔달구 ,경기도 수원시 영통구 ",2025-11-05 19:45,2025-11-05,안전안내,206473,호우,2025-11-05
"[양주시] 호우예비특보 및 강풍주의보 발표, 매우 강한 비바람이 예상되니 하천변 등 위험지역 출입을 삼가시고 강풍으로 인한 간판,낙하물 안전사고에 주의바랍니다.",경기도 양주시 ,2025-11-05 20:20,2025-11-05,안전안내,206474,호우,2025-11-05
"[여주시] 6일 오전까지 많은 비가 예상되오니 하천변, 산책로 출입을 금하시고, 내집 주변 배수구가 낙엽으로 막히지 않도록 사전에 제거하여 주시기 바랍니다.",경기도 여주시 ,2025-11-05 20:53,2025-11-05,안전안내,206476,호우,2025-11-05
"[남양주시]금일 21시 부로 강풍주의보가 발효되었으니 상가, 공사장 간판 등 부속물 고정 및 비닐하우스 결박 등 피해예방 조치와 낙하물 안전사고에 유의바랍니다.",경기도 남양주시 ,2025-11-05 20:56,2025-11-05,안전안내,206477,강풍,2025-11-05
"[파주시청] 오늘 21:00분 강풍주의보 발효. 간판 등 부착물 고정, 선박 묶기, 비닐하우스 등 시설물 피해 주의, 외출 삼가 등 안전에 주의 바랍니다.",경기도 파주시 ,2025-11-05 21:01,2025-11-05,안전안내,206479,강풍,2025-11-05
"[포천시청] 금일 21시부로 강풍주의보 발효. 매우 강한 비바람이 예상되니, 강풍으로 인한 간판등 부속물 고정등 안전사고에 유의하시기 바랍니다.",경기도 포천시 ,2025-11-05 21:10,2025-11-05,안전안내,206480,기타,2025-11-05
"[가평군청] 내일까지 많은 비와 강풍이 예상됩니다. 하천변 산책로, 계곡, 야영장 등 위험지역 접근을 자제하고, 저지대 거주자는 침수에 대비하여 주시기 바랍니다.",경기도 가평군 ,2025-11-05 21:15,2025-11-05,안전안내,206481,호우,2025-11-05
"[고양시청] 강풍주의보 및 호우예비특보 발표, 강풍으로인한 간판, 낙하물 안전사고에 주의바라며 하천변 등 위험지역 출입을 자제하여 주시기 바랍니다.",경기도 고양시 ,2025-11-05 21:17,2025-11-05,안전안내,206482,호우,2025-11-05
"[오산시청] 오늘 21시부터 강풍주의보가 발효되었으니 간판, 창문 등의 파손에 유의하시고, 낙하물 등 안전사고에 대비해 주시기 바랍니다.",경기도 오산시 ,2025-11-05 21:19,2025-11-05,안전안내,206483,강풍,2025-11-05
"[연천군청] 오늘 21시부로 강풍주의보 발효. 강한 비바람이 예상되며, 강풍으로 인한 비산물 방지를 위해 간판등 시설 고정으로 안전사고에 유의하시기 바랍니다.",경기도 연천군 ,2025-11-05 21:34,2025-11-05,안전안내,206484,기타,2025-11-05
"[관악구청] 오늘 밤사이 강한 비바람이 예상됩니다. 물막이판 및 
집주변 배수로 등을 점검하시고, 관악산과 별빛내린천 및 위험지역 출입을 삼가시기 바랍니다.",서울특별시 관악구 ,2025-11-05 21:39,2025-11-05,안전안내,206485,호우,2025-11-05
[김포시청] 6일(월) 새벽 강풍동반 시간당 20mm 내외의 많은 비가 예상되오니 위험지역 출입금지 및 시설물 관리에 각별히 주의 바랍니다.,경기도 김포시 ,2025-11-05 22:00,2025-11-05,안전안내,206486,호우,2025-11-05
"[동작구] 11월6일(월) 새벽 강풍동반 시간당 20mm 내외 많은 비가 예상됩니다. 도림천, 서달산 등 출입자제 및 공사장 등 시설물 관리에 주의 바랍니다.",서울특별시 동작구 ,2025-11-05 22:13,2025-11-05,안전안내,206487,강풍,2025-11-05
"[여주시] 내일(6일)까지 많은 비와 강풍이 예상되오니 하천변 산책로 출입 자제 및 배수로 사전점검하시고, 낙하물로 인한 안전사고에 유의하시기 바랍니다.",경기도 여주시 ,2025-11-05 22:16,2025-11-05,안전안내,206488,강풍,2025-11-05
"[영등포구]오늘 밤 강한 비바람 예상. 집주변 빗물받이 막히지 않게 낙엽제거, 저지대 물막이판 점검과 도림천 등 하천출입 삼가, 공사장 안전관리 등 유의바랍니다",서울특별시 영등포구 ,2025-11-05 23:03,2025-11-05,안전안내,206489,호우,2025-11-05
"[파주시청] 오늘 23:00 호우주의보 발효. 하천변 산책로, 계곡 야영장 등 위험지역 접근을 자제하고, 저지대 거주자는 침수에 대비하여 주시기 바랍니다.",경기도 파주시 ,2025-11-05 23:03,2025-11-05,안전안내,206490,호우,2025-11-05
"[행정안전부] 오늘 07시30분 강풍경보, 간판 등 부착물 고정,선박 결박,비닐하우스 등 시설물 피해에 유의바랍니다","경기도 김포시 ,경기도 시흥시 ,경기도 안산시 ,경기도 평택시 ,경기도 화성시 ,인천광역시 강화군 ,인천광역시 계양구 ,인천광역시 미추홀구 ,인천광역시 남동구 ,인천광역시 동구 ,인천광역시 부평구 ,인천광역시 서구 ,인천광역시 연수구 ,인천광역시 중구 ,전라북도 고창군 ,전라북도 군산시 ,전라북도 김제시 ,전라북도 부안군 ",2025-11-06 7:34,2025-11-06,안전안내,206503,강풍,2025-11-06
"[행정안전부] 오늘 09시00분 서해중부앞바다(인천·경기북부앞바다,인천·경기남부앞바다) 풍랑경보, 어선 출항 금지, 해안가 낚시야영객은 안전지대로 대피바랍니다","경기도 김포시 ,경기도 시흥시 ,경기도 안산시 ,경기도 평택시 ,경기도 화성시 ,인천광역시 강화군 ,인천광역시 남동구 ,인천광역시 동구 ,인천광역시 서구 ,인천광역시 연수구 ,인천광역시 옹진군 ,인천광역시 중구 ",2025-11-06 7:35,2025-11-06,안전안내,206505,풍랑,2025-11-06
[안양시청] 하천수위 상승으로 안전사고 발생의 위험이 있으니 징검다리 등 하천시설물 이용을 자제하여 주시기 바랍니다.,"경기도 안양시 만안구 ,경기도 안양시 동안구 ",2025-11-06 7:38,2025-11-06,안전안내,206506,호우,2025-11-06
"[경기도청] 오늘과 내일 사이 강한 바람이 예상됩니다. 출근길 낙하물 안전사고에 유의하시고 간판, 비닐하우스 등 시설물은 고정 조치하여 주시기 바랍니다.",경기도 전체 ,2025-11-06 7:50,2025-11-06,안전안내,206510,강풍,2025-11-06
"[남양주시]강풍주의보 발효중. 공사장, 상가 간판 및 비닐하우스 등 시설물을 결박하여 주시고 낙하물 주의, 위험시설 접근자제 등 안전사고에 유의하시기 바랍니다.",경기도 남양주시 ,2025-11-06 8:07,2025-11-06,안전안내,206513,강풍,2025-11-06
"[성남시청] 오늘과 내일 강한 바람이 예상되오니 출근길 낙하물 안전사고에 유의하시고 간판, 비닐하우스 등 시설물은 고정 조치하여 주시기 바랍니다.","경기도 성남시 수정구 ,경기도 성남시 중원구 ,경기도 성남시 분당구 ",2025-11-06 8:11,2025-11-06,안전안내,206514,강풍,2025-11-06
"[시흥시청] 오늘 07시 30분 강풍경보 발령. 출근길 낙하물 안전사고에 유의하시고 간판, 비닐하우스 등 시설물은 고정 조치해주시기 바랍니다.",경기도 시흥시 ,2025-11-06 8:16,2025-11-06,안전안내,206515,강풍,2025-11-06
"[의왕시청] 금일 호우. 강풍이 예상되오니 낙하물 주의, 하천변 산책로, 저지대 출입 자제 등 안전에 유의하시기 바랍니다.",경기도 의왕시 ,2025-11-06 8:21,2025-11-06,안전안내,206517,호우,2025-11-06
"[화성시]강풍·풍랑 경보 발효, 간판, 부착물 고정, 선박 결박, 비닐하우스 등 시설물 피해에 대비 바라며,해안 및 위험지역 접근금지 등 안전에 유의 바랍니다.",경기도 화성시 ,2025-11-06 8:21,2025-11-06,안전안내,206518,풍랑,2025-11-06
"[가평군청] 오늘과 내일 사이 강한 바람이 예상되오니, 낙하물 안전사고에 유의하시고 옥외광고물, 비닐하우스, 공사장 펜스 등 시설물은 고정하여 주시기 바랍니다.",경기도 가평군 ,2025-11-06 8:58,2025-11-06,안전안내,206526,강풍,2025-11-06
"[서울경찰청] 구로구에서 실종된 채장송씨(남, 81세)를 찾습니다- 168cm, 76kg, 갈색양복자켓,검정바지,흰운동화,안경 vo.la/g3OZV / ☎182",서울특별시 구로구 ,2025-11-06 9:30,2025-11-06,안전안내,206530,기타,2025-11-06
"[서울경찰청] 영등포구에서 배회중인 채장송씨(남, 81세)를 찾습니다- 168cm,76kg, 갈색양복자켓,검정바지,흰운동화,안경 vo.la/g3OZV / ☎182",서울특별시 영등포구 ,2025-11-06 9:31,2025-11-06,안전안내,206531,기타,2025-11-06
"[서울경찰청] 금천구에서 실종된 이규하씨(남, 88세)를 찾습니다-170cm,60kg,회색붉은색혼합긴팔,검정바지,지팡이,회색모자 vo.la/15Oi2 / ☎182",서울특별시 금천구 ,2025-11-06 10:13,2025-11-06,안전안내,206532,기타,2025-11-06
"[서울경찰청] 관악구에서 배회중인 이규하씨(남,88세)를 찾습니다-170cm,60kg,회색붉은색혼합긴팔,검정바지,지팡이,회색모자 vo.la/15Oi2 / ☎182",서울특별시 관악구 ,2025-11-06 10:13,2025-11-06,안전안내,206533,기타,2025-11-06
[안양시청] 강풍주의보 발효중입니다. 낙하물에 의한 안전사고 없도록 간판 등 시설물 안전조치하여 주시기 바랍니다.,"경기도 안양시 만안구 ,경기도 안양시 동안구 ",2025-11-06 12:21,2025-11-06,안전안내,206538,강풍,2025-11-06
"[여주시청] 오늘 21시 여주시 전역 한파주의보 발효. 내일 아침 급격한 기온하락이 예상되니 노약자 체온유지, 야외활동 자제, 도로결빙 등 안전에 유의 바랍니다",경기도 여주시 ,2025-11-06 12:21,2025-11-06,안전안내,206539,한파,2025-11-06
[과천시청] 현재 과천시 전역에 강풍주의보 발효 중이오니 낙하물에 의한 안전사고가 없도록 간판이나 현수막 등 시설물 안전조치에 유의하여 주시기를 바랍니다.,경기도 과천시 ,2025-11-06 15:04,2025-11-06,안전안내,206548,강풍,2025-11-06
[경기도청] 오후부터 기온이 급격히 떨어져 내일과 모레 아침기온이 오늘보다 10-15도 떨어지겠으니 외출시 여러 겹의 옷을 겹쳐 입는 등 보온에 유의 바랍니다.,"경기도 가평군 ,경기도 광주시 ,경기도 구리시 ,경기도 남양주시 ,경기도 동두천시 ,경기도 양주시 ,경기도 양평군 ,경기도 여주시 ,경기도 연천군 ,경기도 의정부시 ,경기도 이천시 ,경기도 파주시 ,경기도 포천시 ,경기도 고양시 덕양구 ,경기도 고양시 일산동구 ,경기도 고양시 일산서구 ,경기도 용인시 처인구 ,경기도 용인시 기흥구 ,경기도 용인시 수지구 ",2025-11-06 15:07,2025-11-06,안전안내,206549,한파,2025-11-06
"[서울특별시청] 내일까지 강한 바람이 계속됩니다. 시설물 고정 및 유리 파손 주의, 야외 활동 시 공사장에서 날아오는 물건이나 낙하물의 위험에 유의 바랍니다.",서울특별시 전체 ,2025-11-06 15:24,2025-11-06,안전안내,206551,강풍,2025-11-06
"[의왕시청] 의왕지역 강풍주의보 발효 중, 낙하물 안전사고에 유의하시고 옥외광고물, 비닐하우스, 공사장 펜스 등 시설물은 고정하여 주시기 바랍니다.",경기도 의왕시 ,2025-11-06 16:04,2025-11-06,안전안내,206554,강풍,2025-11-06
"[영등포구] 내일까지 강풍이 지속됩니다. 낙하물에 의한 안전사고가 없도록 옥외 간판, 현수막, 공사장 펜스 등 시설물을 고정하여 안전에 유의하여 주시기 바랍니다.",서울특별시 영등포구 ,2025-11-06 16:04,2025-11-06,안전안내,206555,강풍,2025-11-06
[성동구청] 현재 강풍주의보 발효 중. 응봉산·매봉산·대현산·금호산·달맞이공원 등 산지형공원 등산로 26개소 출입 통제. 이용 중인 주민은 즉시 대피바랍니다.,서울특별시 성동구 ,2025-11-06 16:23,2025-11-06,안전안내,206558,강풍,2025-11-06
"[서울특별시청] 강풍주의보 발효중입니다. 간판 등 부착물 추락, 수목 또는 구조물 전도 사고에 유의하시고, 공사장 인근으로의 접근을 자제하시기 바랍니다.",서울특별시 전체 ,2025-11-06 16:29,2025-11-06,안전안내,206559,강풍,2025-11-06
"[동작구청] 내일까지 강한바람이 지속되오니 낙하물 사고가 발생하지 않도록 간판, 현수막, 공사장 펜스 등 시설물을 고정하여 주시고 강풍피해에 유의하시기 바랍니다.",서울특별시 동작구 ,2025-11-06 16:32,2025-11-06,안전안내,206560,기타,2025-11-06
[광진구] 오늘 21시 부로 광진구 전지역 급격한 기온하강이 예상되오니 내일 아침 외출 시 방한용품 착용 등 보온에 유의하시기 바랍니다.,서울특별시 광진구 ,2025-11-06 16:40,2025-11-06,안전안내,206562,한파,2025-11-06
"[군포시청] 군포시 강풍주의보 발효중. 낙하물 안전사고에 유의하시고 간판, 비닐하우스 등 시설물은 고정 조치해주시기 바랍니다.",경기도 군포시 ,2025-11-06 16:41,2025-11-06,안전안내,206563,강풍,2025-11-06
"[용산구청] 현재 강풍주의보 발효로 매봉산 출입 통제중. 외출자제. 간판,공사장펜스 등 시설물을 고정하여, 낙하물에 의한 안전사고가 없도록 유의하시기 바랍니다.",서울특별시 용산구 ,2025-11-06 16:54,2025-11-06,안전안내,206565,강풍,2025-11-06
"[관악구청] 내일까지 강풍이 예상 됩니다. 옥외 간판, 현수막, 공사장 펜스 등 시설물을 고정하여 낙하물에 의한 안전사고가 없도록 조치하여 주시기 바랍니다.",서울특별시 관악구 ,2025-11-06 16:56,2025-11-06,안전안내,206566,강풍,2025-11-06
[광명시청]내일까지 강풍이 지속되오니 낙하물 사고가 발생하지 않도록 간판 등 시설물과 공사장 안전에 철저를 기해주시고 야외활동 시 강풍 피해에 주의하시기 바랍니다,경기도 광명시 ,2025-11-06 16:58,2025-11-06,안전안내,206567,강풍,2025-11-06
"[양평군] 강풍으로 인한 강한 바람이 예상되니 문과 창문을 잘닫아 움직이지 않도록 하고 옥외간판, 비닐하우스 등 시설물을 보강·고정하는 등 안전에 유의바랍니다.",경기도 양평군 ,2025-11-06 17:16,2025-11-06,안전안내,206571,강풍,2025-11-06
"[서초구] 내일까지 강한바람이 지속되오니 낙하물 사고가 발생하지 않도록 간판, 현수막, 공사장 펜스 등 시설물을 고정하여 주시고 강풍피해에 유의하시기 바랍니다.",서울특별시 서초구 ,2025-11-06 17:25,2025-11-06,안전안내,206574,강풍,2025-11-06
"[강북구] 내일까지 강풍 및 돌풍이 예상 되오니, 낙하물에 의한 안전사고가 없도록 위험지역 인근으로의 접근을 자제하시고 안전한 지역으로 대피하여 주시기 바랍니다.",서울특별시 강북구 ,2025-11-06 17:36,2025-11-06,안전안내,206575,강풍,2025-11-06
"[시흥시청] 시흥시 강풍경보가 발효됨에 따라 시설물 파손과 낙하물 사고에 유의하여 주시고, 어린이와 노약자 등은 외출 또는 야외활동 자제 바랍니다.",경기도 시흥시 ,2025-11-06 17:59,2025-11-06,안전안내,206580,강풍,2025-11-06
"[남양주시]금일 21시 한파주의보 발효. 내일 아침 급격한 기온하락이 예상되오니 비닐하우스, 축사 등 농업시설물을 점검하시어 피해예방에 유의하시기 바랍니다.",경기도 남양주시 ,2025-11-06 18:00,2025-11-06,안전안내,206581,한파,2025-11-06
"[부천시청] 현재 부천시 강풍주의보 발효중. 공사장, 간판, 시설물 점검 및 고정 등 안전조치 바라며, 밤사이 급격한 기온하락이 예상되니 건강관리에 유의바랍니다.",경기도 부천시 ,2025-11-06 18:00,2025-11-06,안전안내,206582,강풍,2025-11-06
[동두천시]강풍주의보가 발효 중으로 오늘과 내일 강한 바람이 예상됩니다. 퇴근길 낙하물 안전사고에 주의해 주시고 광고물 등 시설물을 고정조치하여 주시기 바랍니다.,경기도 동두천시 ,2025-11-06 18:01,2025-11-06,안전안내,206583,강풍,2025-11-06
"[양평군] 21시 한파주의보 발효 예정, 기온이 급강하함에 따라 농작물 냉해 피해 예방조치, 노약자 야외 외출 자제 및 건강관리 등 안전수칙을 준수 바랍니다.",경기도 양평군 ,2025-11-06 18:13,2025-11-06,안전안내,206586,한파,2025-11-06
"[용인특례시]금일 밤사이 강한 바람 및 급격한 기온 하락이 예상되오니 낙하물 안전사고, 간판, 비닐하우스 고정조치 및 건강관리에 유의하시기 바랍니다.","경기도 용인시 처인구 ,경기도 용인시 기흥구 ,경기도 용인시 수지구 ",2025-11-06 18:17,2025-11-06,안전안내,206587,강풍,2025-11-06
"[은평구] 강풍으로 인한 간판, 현수막 등 낙하물 사고에 유의하여 주시고, 공사장 인근으로의 접근 자제 및 위험 징후 감지 시 안전한 실내로 대피하시기 바랍니다.",서울특별시 은평구 ,2025-11-06 18:25,2025-11-06,안전안내,206591,강풍,2025-11-06
"[파주시청] 현재 강풍주의보 발효 중으로 낙하물 사고에 주의하시기 바라며, 새벽부터 기온이 큰 폭으로 떨어질 것으로 예상되오니 건강관리에 유의 바랍니다.",경기도 파주시 ,2025-11-06 18:30,2025-11-06,안전안내,206592,한파,2025-11-06
"[중랑구청]강풍주의보 발효중입니다. 내일까지 간판 등 부착물 추락, 수목 또는 구조물 전도 사고에 유의하시고 공사장 인근으로 접근을 자제하시기 바랍니다.",서울특별시 중랑구 ,2025-11-06 19:06,2025-11-06,안전안내,206595,강풍,2025-11-06
"[서울특별시청] 오늘 21시 서울(동북권,서북권)에 급격한 기온하강이 예상되오니 가급적 외출을 삼가시고, 외출 시 방한용품 착용 등 보온에 유의하시기 바랍니다.","서울특별시 강북구 ,서울특별시 광진구 ,서울특별시 노원구 ,서울특별시 도봉구 ,서울특별시 동대문구 ,서울특별시 마포구 ,서울특별시 서대문구 ,서울특별시 성동구 ,서울특별시 성북구 ,서울특별시 용산구 ,서울특별시 은평구 ,서울특별시 종로구 ,서울특별시 중구 ,서울특별시 중랑구 ",2025-11-06 19:10,2025-11-06,안전안내,206597,한파,2025-11-06
"[서울경찰청] 성북구에서 실종된 신웅성씨(남, 83세)를 찾습니다- 165cm, 65kg, 진갈색상의,살색조끼,검정바지,흰운동화 vo.la/QwSox / ☎182",서울특별시 성북구 ,2025-11-06 19:41,2025-11-06,안전안내,206598,기타,2025-11-06
"[서울경찰청] 중구에서 배회중인 신웅성씨(남, 83세)를 찾습니다- 165cm, 65kg, 진갈색상의,살색조끼,검정바지,흰운동화 vo.la/QwSox / ☎182",서울특별시 중구 ,2025-11-06 19:42,2025-11-06,안전안내,206599,기타,2025-11-06
"[서울경찰청] 종로구에서 배회중인 신웅성씨(남, 83세)를 찾습니다- 165cm,65kg, 진갈색상의,살색조끼,검정바지,흰운동화 vo.la/QwSox / ☎182",서울특별시 종로구 ,2025-11-06 19:42,2025-11-06,안전안내,206600,기타,2025-11-06
[남양주시] 한파주의보 발효중. 출퇴근 시간 도로결빙에 유의하시고 노약자분들께서는 체온을 유지하여 주시기 바랍니다.,경기도 남양주시 ,2025-11-06 21:55,2025-11-06,안전안내,206603,한파,2025-11-06
"[포천시] 한파주의보 발효 중. 농작물 냉해 피해 예방조치, 노약자 야외 외출 자제 및 건강 관리 등 안전 수칙을 준수 바랍니다.",경기도 포천시 ,2025-11-07 9:17,2025-11-07,안전안내,206604,한파,2025-11-07
"[양주시] 전지역 한파주의보 발효 중입니다. 노약자 외출자제 및 건강에 유의하시고, 농작물이 냉해피해를 입지 않도록 주의하시기 바랍니다.",경기도 양주시 ,2025-11-07 9:35,2025-11-07,안전안내,206605,한파,2025-11-07
"[서울경찰청] 마포구에서 실종된 박선자씨(여,73세)를 찾습니다-156cm남색반코트,고동색면바지,검정운동화,흰색얼굴가리개 
vo.la/0PvhZ / ☎182",서울특별시 마포구 ,2025-11-07 11:39,2025-11-07,안전안내,206606,기타,2025-11-07
"[서울경찰청] 용산구에서 배회중인 박선자씨(여,73세)를 찾습니다-156cm남색반코트,고동색면바지,검정운동화,흰색얼굴가리개 vo.la/0PvhZ / ☎182",서울특별시 용산구 ,2025-11-07 11:42,2025-11-07,안전안내,206607,기타,2025-11-07
[서초구] 오늘 21:55경 신원동 544-3 비닐하우스 화재 발생. 주변으로 확산 우려가 있으니 인근 주민은 내곡중학교 등 안전한 곳으로 즉시 대피바랍니다.,서울특별시 서초구 신원동,2025-11-07 22:15,2025-11-07,안전안내,206613,화재,2025-11-07
"[서울경찰청] 강남구에서 실종된 홍명원(여,13세)을 찾습니다 -155cm,40kg,파란색집업상의,회색바지,초록색신발,안경착용
vo.la/OOate / ☎182",서울특별시 강남구 ,2025-11-08 12:39,2025-11-08,안전안내,206617,기타,2025-11-08
"[서울경찰청]구로구에서 배회중인 김영국씨(남,84세)를 찾습니다-160cm,45kg,남색패딩,검정바지,보라운동화,지팡이,헌팅캡
vo.la/6zuF1 / ☎182",서울특별시 구로구 ,2025-11-08 17:01,2025-11-08,안전안내,206620,기타,2025-11-08
"[서울경찰청]금천구에서 목격된 김영국씨(남,84세)를 찾습니다-160cm,45kg,남색패딩,검정바지,보라운동화,지팡이,헌팅캡
vo.la/6zuF1 / ☎182",서울특별시 금천구 ,2025-11-08 17:01,2025-11-08,안전안내,206621,기타,2025-11-08
"[서울경찰청] 성북구에서 실종된 신수복씨(여,77세)를 찾습니다-158cm,64kg,반백커트머리,빨간색니트,남색바지,빨간색단화
vo.la/1BaO6 / ☎182",서울특별시 성북구 ,2025-11-08 17:15,2025-11-08,안전안내,206622,기타,2025-11-08
"[서울경찰청] 중랑구에서 실종된 문익수씨(남,70세)를 찾습니다 -165cm,57kg,검정색상하의,등산화,모자착용,크로스백
vo.la/zP7gU / ☎182",서울특별시 중랑구 ,2025-11-08 18:06,2025-11-08,안전안내,206623,기타,2025-11-08
"[경기북부경찰청] 남양주시에서 실종된 김숙자씨(여,71세)를 찾습니다 -162cm,60kg,베이지색잠바,검정하의,검정신발
vo.la/f6954 / ☎182",경기도 남양주시 ,2025-11-08 20:30,2025-11-08,안전안내,206630,기타,2025-11-08
"[서울경찰청] 종로구에서 실종된 주영숙씨(여, 80세)를 찾습니다 -147cm, 47kg, 진회색롱패딩, 검정바지, 회색신발 vo.la/0SnCz / ☎182",서울특별시 종로구 ,2025-11-09 13:11,2025-11-09,안전안내,206635,기타,2025-11-09
"[서울경찰청] 동대문구에서 배회중인 주영숙씨(여, 80세)를 찾습니다 -147cm,47kg, 진회색롱패딩, 검정바지, 회색신발 vo.la/0SnCz / ☎182",서울특별시 동대문구 ,2025-11-09 13:12,2025-11-09,안전안내,206636,기타,2025-11-09
"[서울경찰청] 경찰은 중랑구에서 실종된 유수환(남, 17세)을 찾습니다- 175cm, 72kg, 와인색긴팔,검정바지,운동화 vo.la/tQ9GM / ☎182",서울특별시 중랑구 ,2025-11-09 15:30,2025-11-09,안전안내,206637,기타,2025-11-09
"[경기남부경찰청] 성남시에서 배회중인 유수환(남, 17세)을 찾습니다- 175cm, 72kg, 와인색긴팔상의,검정바지,운동화 vo.la/tQ9GM / ☎182","경기도 성남시 수정구 ,경기도 성남시 중원구 ,경기도 성남시 분당구 ",2025-11-09 15:31,2025-11-09,안전안내,206638,기타,2025-11-09
[서울교통공사] 서울교통공사 노조 파업으로 퇴근시간대 지하철 혼잡이 예상됩니다. 파업기간 동안 증회운영 중인 버스 등 대체 교통수단을 이용해 주시기 바랍니다.,"경기도 전체 ,서울특별시 전체 ,인천광역시 전체 ",2025-11-09 17:45,2025-11-09,안전안내,206640,기타,2025-11-09
"[서울경찰청] 동대문구에서 실종된 고금석씨(남, 91세)를 찾습니다 -153cm, 검정자켓,검정바지,검정신발,검흰줄무늬모자 vo.la/T4LOJ / ☎ 182",서울특별시 동대문구 ,2025-11-09 18:12,2025-11-09,안전안내,206641,기타,2025-11-09
"[경기남부경찰청] 안양시에서 실종된 김현중씨(남, 31세)를 찾습니다 - 180cm, 회색긴팔티, 검정긴바지, 검정크로스백 vo.la/8r3rc / ☎182","경기도 안양시 만안구 ,경기도 안양시 동안구 ",2025-11-09 18:47,2025-11-09,안전안내,206642,기타,2025-11-09
"[경기북부경찰청] 고양시에서 실종된 이종만씨(남, 81세)를 찾습니다 -170cm,75kg, 국방색잠바,남색바지,검정운동화 vo.la/g21Wd / ☎182","경기도 고양시 덕양구 ,경기도 고양시 일산동구 ,경기도 고양시 일산서구 ",2025-11-09 19:39,2025-11-09,안전안내,206643,기타,2025-11-09
"[경기남부경찰청]화성시에서 실종된 정우희(여,11세)를 찾습니다-160cm,45kg,남색후드티,흰색바지.흰색슬리퍼,핑크긴우산 
vo.la/Wma04 / ☎182",경기도 화성시 ,2025-11-10 9:42,2025-11-10,안전안내,206646,기타,2025-11-10
[안성시] 오늘 12:38경 도기동 218-1 화재 발생. 다량 연기 발생으로 인근 차량 및 주민은 안전사고 발생에 유의 바랍니다.,"경기도 안성시 계동,경기도 안성시 옥산동,경기도 안성시 도기동,경기도 안성시 중리동,경기도 안성시 신흥동,경기도 안성시 인지동,경기도 안성시 서인동,경기도 안성시 석정동,경기도 안성시 아양동",2025-11-10 13:38,2025-11-10,안전안내,206649,화재,2025-11-10
"[경기남부경찰청] 안산시에서 배회중인 임숙희씨(여,85세)를 찾습니다-150cm,50kg,녹색점퍼,검정신발,벙거지모자,검정가방
vo.la/50KrR / ☎182","경기도 안산시 상록구 ,경기도 안산시 단원구 ",2025-11-10 15:22,2025-11-10,안전안내,206655,기타,2025-11-10
"[서울경찰청] 송파구에서 실종된 임준호(남,12세)를 찾습니다-168cm,52kg,검정후드집업,검정바지,흰운동화,자전거(흰색)
vo.la/Nidz4 / ☎182",서울특별시 송파구 ,2025-11-11 19:28,2025-11-11,안전안내,206686,기타,2025-11-11
"[경기북부경찰청] 구리시에서 실종된 장경용씨(남,55세)를 찾습니다 -160cm,70kg,검정점퍼,검정바지,다리약간절음
vo.la/EPKuo / ☎182",경기도 구리시 ,2025-11-11 19:40,2025-11-11,안전안내,206687,기타,2025-11-11
"[서울경찰청] 종로구에서 실종된 권영우씨(남,82세)를 찾습니다 -160cm,60kg,남색패딩,검정바지,검정신발
vo.la/M5Xna / ☎182",서울특별시 종로구 ,2025-11-11 20:04,2025-11-11,안전안내,206688,기타,2025-11-11
"[서울경찰청] 중구에서 배회중인 고가영(여, 14세)을 찾습니다- 165cm,57kg,검정롱패딩,검정바지,흰운동화,흰모자,백팩 vo.la/nstog / ☎182",서울특별시 중구 ,2025-11-12 11:17,2025-11-12,안전안내,206690,기타,2025-11-12
"[서울경찰청] 송파구에서 실종된 조점례씨(여, 84세)를 찾습니다 -158cm,갈색의 흰머리(퍼머),검정잠바,검정바지,흰운동화 vo.la/PCmRy / ☎182",서울특별시 송파구 ,2025-11-12 16:13,2025-11-12,안전안내,206693,기타,2025-11-12
[중랑구] 신내동410-1 주변에서 진돗개 1마리가 탈출하였습니다. 주민분들께서는 외출을 자제하시고 안전에 유의하여주시기 바랍니다.,서울특별시 중랑구 ,2025-11-12 17:44,2025-11-12,안전안내,206697,기타,2025-11-12
[마포구청] 금일 16:50 경 아현역 인근 세민하이파크(아현동 331-7)에서 화재로 연기 발생 중이니 인근 주민께서는 안전에 유의하시기 바랍니다.,서울특별시 마포구 ,2025-11-12 18:13,2025-11-12,안전안내,206699,화재,2025-11-12
"[경기남부경찰청] 부천시에서 실종된 박재명씨(남,69세)를 찾습니다-172cm,56kg,어두운색상하의,모자,왼발에깁스 
vo.la/fPnsB / ☎182",경기도 부천시 ,2025-11-13 10:14,2025-11-13,안전안내,206702,기타,2025-11-13
"[경기북부경찰청] 남양주시에서 실종된 김종호씨(남,74세)를 찾습니다-165cm,70kg,남색스마일잠옷,양말,신발없음
vo.la/QBoBc / ☎182",경기도 남양주시 ,2025-11-13 14:32,2025-11-13,안전안내,206704,기타,2025-11-13
"[중랑구] 11월 12일(일), 신내동410-1 주변에서 탈출하였던 진돗개 1마리는 생포되었음을 주민 분들께 안내드립니다.",서울특별시 중랑구 ,2025-11-13 18:14,2025-11-13,안전안내,206707,기타,2025-11-13
[화성시] 경진여객 광역버스 11.14(화) 게릴라성 파업으로 출퇴근 시간대 대체수단 이용 권장,경기도 화성시 ,2025-11-14 7:06,2025-11-14,안전안내,206711,교통통제,2025-11-14
"[서울경찰청] 강북구에서 실종된 이상운씨(남,60세)를 찾습니다 -168cm,60kg,남색패딩점퍼,회색트레이닝바지,흰색슬리퍼
vo.la/ZXuRa / ☎182",서울특별시 강북구 ,2025-11-14 9:11,2025-11-14,안전안내,206712,기타,2025-11-14
"[서울경찰청] 강북구에서 실종된 임용택씨(남,66세)를 찾습니다-162cm,62kg,검정패딩,푸른등산바지,검정야구털모자,자전거
vo.la/VkhSt / ☎182",서울특별시 강북구 ,2025-11-14 9:19,2025-11-14,안전안내,206713,기타,2025-11-14
[금천구] 오늘 09:18경 시흥동 중앙철재종합상가 16동 화재 발생. 연기 확산중으로 인근 차량은 우회하시고 인근 주민은 안전사고 발생에 유의 바랍니다.,서울특별시 금천구 ,2025-11-14 9:57,2025-11-14,안전안내,206714,화재,2025-11-14
"[안양시청] 금천구 중앙철재종합상가 화재로 인해 경수대로 서울방향(석수역~기아대교 구간) 3개 차로 통제중.
교통이 혼잡하니 우회바랍니다.","경기도 안양시 만안구 ,경기도 안양시 동안구 ",2025-11-14 11:26,2025-11-14,안전안내,206716,화재,2025-11-14
"[서울경찰청] 영등포구에서 실종된 이은순씨(여,75세)를 찾습니다 -155cm,50kg,검정색파마머리,검정테안경
vo.la/DRqTs / ☎182",서울특별시 영등포구 ,2025-11-14 14:34,2025-11-14,안전안내,206718,기타,2025-11-14
"[서울경찰청] 성동구에서 실종된 임기철씨(남, 70세)를 찾습니다 -170cm,남색잠바, 군복얼룩무늬바지, 백발(앞머리대머리) vo.la/fLftb / ☎182",서울특별시 성동구 ,2025-11-15 9:19,2025-11-15,안전안내,206725,기타,2025-11-15
"[서울경찰청] 동대문구에서 배회중인 임기철씨(남, 70세)를 찾습니다 -170cm,남색잠바,군복얼룩무늬바지,백발(앞머리대머리) vo.la/fLftb / ☎182",서울특별시 동대문구 ,2025-11-15 9:21,2025-11-15,안전안내,206726,기타,2025-11-15
"[서울경찰청] 동작구에서 실종된 김이화씨(남, 46세)를 찾습니다 -168cm, 남색잠바, 청바지, 검정캡모자, 검정운동화 vo.la/aUmGq / ☎182",서울특별시 동작구 ,2025-11-15 10:14,2025-11-15,안전안내,206728,기타,2025-11-15
[화성시] 경진여객 광역버스 11.15.(수) 퇴근 시간대 게릴라성 파업 예정으로 대체수단 이용 권장,경기도 화성시 ,2025-11-15 11:15,2025-11-15,안전안내,206730,기타,2025-11-15
[수원특례시] 경진여객 광역버스 11.15.(수) 16:00부터 게릴라성 파업 예정. 대체수단 이용 권장.,"경기도 수원시 장안구 ,경기도 수원시 권선구 ,경기도 수원시 팔달구 ,경기도 수원시 영통구 ",2025-11-15 14:52,2025-11-15,안전안내,206734,기타,2025-11-15
"[서울경찰청] 동작구에서 목격된 이은영씨(여,47세)를 찾습니다-160cm,70kg,휠라체크점퍼,검정바지,크로스백,안경착용 
vo.la/YqZtw / ☎182",서울특별시 동작구 ,2025-11-16 14:18,2025-11-16,안전안내,206738,기타,2025-11-16
"[서울경찰청] 관악구에서 배회중인 이은영씨(여,47세)를 찾습니다-160cm,70kg,휠라체크점퍼,검정바지,크로스백,안경착용 vo.la/YqZtw / ☎182",서울특별시 관악구 ,2025-11-16 14:21,2025-11-16,안전안내,206739,기타,2025-11-16
"[가평군청]오늘 오후부터 밤사이 비와 눈이 예보되어 있으니 ▲도로결빙유의, 저속운행▲농축산피해 및 수도동파 대비▲외출자제 등 안전에 유의바랍니다.",경기도 가평군 ,2025-11-16 17:11,2025-11-16,안전안내,206743,대설,2025-11-16
"[양평군] 17일 새벽까지 눈·비가 내리고 기온이 급강하 됨으로 인해 도로결빙이 우려되오니, 도로 미끄럼 사고와 보행안전에 유의하여 주시기 바랍니다.",경기도 양평군 ,2025-11-16 17:27,2025-11-16,안전안내,206744,대설,2025-11-16
"[여주시] 17일 기온 급강하로 도로, 교량, 고갯길 결빙 예상되니 안전사고와 보행에 유의하여 주시기 바랍니다.",경기도 여주시 ,2025-11-16 17:38,2025-11-16,안전안내,206745,한파,2025-11-16
"[서울경찰청] 송파구에서 실종된 김종식씨(남,70세)를 찾습니다 -166cm,57kg,검정점퍼,남색트레이닝바지,진한남색운동화
vo.la/kzTDU / ☎182",서울특별시 송파구 ,2025-11-16 17:58,2025-11-16,안전안내,206750,기타,2025-11-16
[김포시청] 17일(금)~18일(토) 새벽녘과 야밤에 영하권의 날씨로 도로 살얼음으로 인한 미끄럼 안전사고 우려가 있으니 조심하시기 바랍니다.,경기도 김포시 ,2025-11-16 18:00,2025-11-16,안전안내,206751,한파,2025-11-16
"[군포시] 현재 내리는 비가 밤사이 진눈깨비로 변하거나 얼어, 내일 아침 도로살얼음이 생길 수 있습니다. 도로 안전에 유의하시기 바랍니다.",경기도 군포시 ,2025-11-16 18:06,2025-11-16,안전안내,206752,대설,2025-11-16
"[행정안전부] 전국에 비가 내리고 있으며, 밤사이 기온이 영하로 내려가 도로가 어는 곳이 있겠습니다. 되도록 대중교통을 이용하시고 운전 시에는 서행하세요.","강원특별자치도 전체 ,경기도 전체 ,경상남도 전체 ,경상북도 전체 ,광주광역시 전체 ,대구광역시 전체 ,대전광역시 전체 ,부산광역시 전체 ,서울특별시 전체 ,울산광역시 전체 ,인천광역시 전체 ,전라남도 전체 ,전라북도 전체 ,제주특별자치도 전체 ,충청남도 전체 ,충청북도 전체 ,세종특별자치시  ",2025-11-16 19:04,2025-11-16,안전안내,206756,대설,2025-11-16
[고양시청] 17일(금) 새벽 기온이 영하로 내려가 도로 결빙이 예상되오니 운전시 감속 운행 및 안전거리 유지 등 미끄럼 사고에 주의 바랍니다.,경기도 고양시 ,2025-11-16 20:00,2025-11-16,안전안내,206757,대설,2025-11-16
[수원특례시] 경진여객 광역버스 11.17.(금) 첫차부터 오전 10:00까지 파업. 대체수단 이용 권장.,경기도 수원시 ,2025-11-16 22:00,2025-11-16,안전안내,206758,기타,2025-11-16
[화성시] 경진여객 광역버스 11.17.(금) 출근 시간대 게릴라성 파업 예정으로 대체수단 이용 권장,경기도 화성시 ,2025-11-16 22:43,2025-11-16,안전안내,206759,기타,2025-11-16
"[경기도청] 어제 내린 비가 얼어 도로살얼음이 예상됩니다. 터널 앞, 교량 위, 그늘진 곳에서는 미끄럼 사고 발생할 우려가 있으니 각별히 주의하시기 바랍니다.",경기도 전체 ,2025-11-17 7:00,2025-11-17,안전안내,206760,대설,2025-11-17
"[성남시] 어제 내린 비가 얼어 도로살얼음이 예상됩니다. 터널 앞, 교량 위, 그늘진 곳에서는 미끄럼 사고 발생할 우려가 있으니 각별히 주의하시기 바랍니다.","경기도 성남시 수정구 ,경기도 성남시 중원구 ,경기도 성남시 분당구 ",2025-11-17 7:41,2025-11-17,안전안내,206761,한파,2025-11-17
"[용인특례시] 어제 내린 비가 얼어 터널 앞, 교량 위, 응달진 곳 등 블랙아이스 사고 발생이 우려되오니 차량 운행에 각별히 주의하시기 바랍니다.","경기도 용인시 처인구 ,경기도 용인시 기흥구 ,경기도 용인시 수지구 ",2025-11-17 8:09,2025-11-17,안전안내,206763,기타,2025-11-17
"[서울경찰청] 동대문구에서 실종된 이윤각씨(남,78세)를 찾습니다 -157cm,63kg,회색모자,남색점퍼,회색바지,검정구두
vo.la/HDPVr / ☎182",서울특별시 동대문구 ,2025-11-17 9:10,2025-11-17,안전안내,206766,기타,2025-11-17
"[서울경찰청] 종로구에서 배회중인 이윤각씨(남,78세)를 찾습니다 -157cm,63kg,회색모자,남색점퍼,회색바지,검정구두
vo.la/HDPVr / ☎182",서울특별시 종로구 ,2025-11-17 9:10,2025-11-17,안전안내,206767,기타,2025-11-17
"[화성시] 금일 저녁 강설 후 급격한 기온 하락이 예상되오니, 저녁 퇴근길 및 내일 새벽 도로주행 시 서행운전 및 안전거리를 확보하여 도로결빙 미끄럼 사고에 유의",경기도 화성시 ,2025-11-17 18:29,2025-11-17,안전안내,206791,대설,2025-11-17
[오산시청] 오늘 저녁 기온 하락을 동반한 강설로 인하여 도로 결빙이 예상되오니 도로 이용 시 보행 및 운전과 개인 건강에 각별히 유의하여 주시기 바랍니다.,경기도 오산시 ,2025-11-17 18:43,2025-11-17,안전안내,206793,대설,2025-11-17
"[경기도청] 오늘 내린 눈이 얼어 내일 아침까지 도로 살얼음이 예상됩니다. 터널 앞, 교량 인근, 그늘진 곳은 위험하오니 감속 등 안전운행 하시기 바랍니다.",경기도 전체 ,2025-11-17 21:00,2025-11-17,안전안내,206803,대설,2025-11-17
[성북구청] 주택화재로 장위동 동방고개 인근 소방용수로 인한 도로결빙우려로 양방향 교통통제 중. 염화칼슘 살포작업(6시~8시)중이니 통행 시 우회바람.,서울특별시 성북구 ,2025-11-18 6:21,2025-11-18,안전안내,206821,화재,2025-11-18
"[시흥시청] 어제 내린 눈으로 도로 결빙이 예상됩니다. 터널 앞, 교량 인근, 그늘진 곳에서 미끄럼 사고 발생할 우려가 있으니 감속운전 등 안전에 유의 바랍니다.",경기도 시흥시 ,2025-11-18 7:00,2025-11-18,안전안내,206827,기타,2025-11-18
"[경기북부경찰청] 파주시에서 실종된 배지원씨(여, 45세)를 찾습니다- 150cm, 50kg, 검정점퍼,황토색바지,검정캡모자 vo.la/nrxGF / ☎182",경기도 파주시 ,2025-11-18 8:35,2025-11-18,안전안내,206847,기타,2025-11-18
"[경기도청] 어제 내린 눈이 녹은 후 다시 결빙되어 도로 살얼음이 예상됩니다. 터널 앞, 교량 인근, 그늘진 곳은 위험하오니 차량 운전에 주의하시기 바랍니다.",경기도 전체 ,2025-11-18 9:01,2025-11-18,안전안내,206851,대설,2025-11-18
"[경기남부경찰청] 성남시에서 실종된 오중웅씨(남, 85세)를 찾습니다-170cm,60kg,검정상하의,체크모자,녹색크로스백,지팡이 vo.la/jJzjD / ☎182","경기도 성남시 수정구 ,경기도 성남시 중원구 ,경기도 성남시 분당구 ",2025-11-18 11:33,2025-11-18,안전안내,206856,기타,2025-11-18
"[서울경찰청] 마포구에서 배회중인 임춘임씨(여, 81세)를 찾습니다 -152cm, 검정커트머리,민트색패딩,검정바지,분홍운동화 vo.la/mGJSe / ☎182",서울특별시 마포구 ,2025-11-18 15:13,2025-11-18,안전안내,206858,기타,2025-11-18
"[경기남부경찰청] 용인시에서 배회중인 오지은씨(여,50세)를 찾습니다-160cm,긴머리(허리),선글라스,검정상의,검정바지,가방 vo.la/gNdme / ☎182","경기도 용인시 처인구 ,경기도 용인시 기흥구 ,경기도 용인시 수지구 ",2025-11-18 16:49,2025-11-18,안전안내,206862,기타,2025-11-18
"[서울경찰청] 강동구에서 배회중인 오지은씨(여, 50세)를 찾습니다 -160cm,긴머리(허리),선글라스,검정상의,검정바지,가방 vo.la/gNdme / ☎182",서울특별시 강동구 ,2025-11-18 16:50,2025-11-18,안전안내,206863,기타,2025-11-18
"[서울경찰청] 금천구에서 실종된 최서원(남,13세)을 찾습니다 -153cm,70kg,검정점퍼,회색티,검정바지,검정운동화 
vo.la/haQtT / ☎182",서울특별시 금천구 ,2025-11-19 11:41,2025-11-19,안전안내,206870,기타,2025-11-19
[수원시청] 경진여객 광역버스 11.20.(월) 첫차부터 오전 10:00까지 파업. 대체수단 이용 권장.,경기도 수원시 ,2025-11-19 18:00,2025-11-19,안전안내,206876,기타,2025-11-19
[화성시] 경진여객 광역버스 11. 20.(월) 출근 시간대 게릴라성 파업 예정으로 대체수단 이용 권장,경기도 화성시 ,2025-11-19 18:00,2025-11-19,안전안내,206877,기타,2025-11-19
"[마포구청]금일 06:41경 서울시 마포구 도화동 317 음식점화 화재 발생, 검은 연기 다량 외부 분출중이니 인근 주민께서는 마포초등학교로 대피바랍니다.",서울특별시 마포구 ,2025-11-20 7:05,2025-11-20,안전안내,206878,화재,2025-11-20
"[서울경찰청] 금천구에서 실종된 최계춘씨(남, 84세)를 찾습니다 -170cm,60kg, 회색베레모,쥐색티셔츠,쥐색바지,지팡이 vo.la/hujgm / ☎182",서울특별시 금천구 ,2025-11-20 12:46,2025-11-20,안전안내,206879,기타,2025-11-20
"[경기남부경찰청] 안양시에서 목격된 최계춘씨(남, 84세)를 찾습니다 -170cm, 회색베레모, 쥐색티셔츠, 쥐색바지, 지팡이 vo.la/hujgm / ☎182","경기도 안양시 만안구 ,경기도 안양시 동안구 ",2025-11-20 12:47,2025-11-20,안전안내,206880,기타,2025-11-20
"[경기남부경찰청] 평택시에서 실종된 진정옥씨(여,75세)를 찾습니다 -150cm,45kg,검정점퍼,검정바지,흰색운동화
vo.la/KEUif/ ☎182",경기도 평택시 ,2025-11-20 15:05,2025-11-20,안전안내,206883,기타,2025-11-20
"[서울경찰청] 종로구에서 실종된 장영자씨(여, 82세)를 찾습니다- 148cm, 56kg, 짙은녹색롱패딩,회색바지,분홍장갑 vo.la/iFdZn / ☎182",서울특별시 종로구 ,2025-11-21 9:25,2025-11-21,안전안내,206893,기타,2025-11-21
"[서울경찰청] 서대문구에서 목격된 장영자씨(여, 82세)를 찾습니다- 148cm, 56kg, 짙은녹색롱패딩,회색바지,분홍장갑 vo.la/iFdZn / ☎182",서울특별시 서대문구 ,2025-11-21 9:25,2025-11-21,안전안내,206894,기타,2025-11-21
"[경기남부경찰청] 안양시에서 실종된 신재현씨(남, 44세)를 찾습니다- 176cm, 70kg, 어두운색후드잠바,삼선추리닝바지 vo.la/GhdHC / ☎182","경기도 안양시 만안구 ,경기도 안양시 동안구 ",2025-11-21 13:50,2025-11-21,안전안내,206895,기타,2025-11-21
"[서울경찰청] 종로구에서 실종된 김해배씨(남, 73세)를 찾습니다 -175cm, 회색,남색패딩,군복바지,회색모자,검정귀마개 vo.la/dvLuf / ☎182",서울특별시 종로구 ,2025-11-21 14:30,2025-11-21,안전안내,206896,기타,2025-11-21
"[서울경찰청] 동대문구에서 배회중인 김해배씨(남, 73세)를 찾습니다 -175cm, 회색,남색패딩,군복바지,회색모자,검정귀마개 vo.la/dvLuf / ☎182",서울특별시 동대문구 ,2025-11-21 14:30,2025-11-21,안전안내,206897,기타,2025-11-21
"[서울경찰청] 송파구에서 실종된 강옥란씨(여, 83세)를 찾습니다- 155cm, 40kg, 보라색자켓, 검정바지, 베이지모자 vo.la/MTNVa / ☎182",서울특별시 송파구 ,2025-11-21 17:50,2025-11-21,안전안내,206900,기타,2025-11-21
[화성시] 경진여객 광역버스 전 노선 11. 22.(수) 총 파업. 대체수단 이용 권장.(홈페이지 참고: https://url.kr/at4oxs),경기도 화성시 ,2025-11-21 21:00,2025-11-21,안전안내,206902,기타,2025-11-21
[수원시청] 경진여객 광역버스 전노선 11.22.(수) 총파업. 대체수단 이용 권장. https://url.kr/1wn5dt,경기도 수원시 ,2025-11-21 21:05,2025-11-21,안전안내,206903,기타,2025-11-21
"[서울경찰청]도봉구에서 실종된 전향자씨(여,76세)를 찾습니다-158cm,60kg,주황등산점퍼(몸통부분회색),밤색바지,갈색신발
vo.la/zpjqU/ ☎182",서울특별시 도봉구 ,2025-11-22 8:36,2025-11-22,안전안내,206906,기타,2025-11-22
"[서울경찰청]마포구에서 목격된 이재현(남,16세)을 찾습니다-181cm,65kg,베이지후드집업,검정바지,검정운동화,검정가방,안경 vo.la/KrvGG/ ☎182",서울특별시 마포구 ,2025-11-22 10:03,2025-11-22,안전안내,206907,기타,2025-11-22
"[경기남부경찰청] 시흥시에서 실종된 이달상씨(남,72세)를 찾습니다-178cm,65kg,검정점퍼,검정바지,왼발절뚝임 
vo.la/MQHMM / ☎182",경기도 시흥시 ,2025-11-22 11:10,2025-11-22,안전안내,206910,기타,2025-11-22
"[경기남부경찰청] 성남시에서 실종된 김금순씨(여,65세)를 찾습니다-147cm,63kg,통통한체형,남색점퍼,검정바지,검정신발
vo.la/UEfJr / ☎182","경기도 성남시 수정구 ,경기도 성남시 중원구 ,경기도 성남시 분당구 ",2025-11-22 16:01,2025-11-22,안전안내,206911,기타,2025-11-22
"[서울경찰청] 종로구에서 실종된 장영신(여,74세)을 찾습니다-158cm,60kg,아이보리색패딩,검정바지,회색모자 
vo.la/YpJpq / ☎182",서울특별시 종로구 ,2025-11-22 18:19,2025-11-22,안전안내,206912,기타,2025-11-22
"[서울경찰청] 노원구에서 배회중인 장영신씨(여,74세)를 찾습니다-158cm,60kg,아이보리색패딩,검정바지,회색모자 
vo.la/YpJpq / ☎182",서울특별시 노원구 ,2025-11-22 18:26,2025-11-22,안전안내,206913,기타,2025-11-22
"[경기북부경찰청] 구리시에서 실종된 정재훈씨(남,29세)를 찾습니다-165cm,68kg,카키색점퍼,검정바지,등산화,크로스백 
vo.la/hSjxH / ☎182",경기도 구리시 ,2025-11-22 19:30,2025-11-22,안전안내,206917,기타,2025-11-22
"[서울경찰청] 서대문구에서 배회중인 이재현(남,16세)을 찾습니다 -181cm,65kg,자주색후드롱자켓,검정바지,안경,검정캐리어
vo.la/KrvGG/ ☎182",서울특별시 서대문구 ,2025-11-23 9:31,2025-11-23,안전안내,206918,기타,2025-11-23
"[남양주시]내일 아침 기온이 큰 폭으로 떨어질 것으로 예상되오니 어린이, 노약자 등 체온유지 및 농작물 피해예방에 유의하시기 바랍니다.",경기도 남양주시 ,2025-11-23 16:56,2025-11-23,안전안내,206925,한파,2025-11-23
"[경기도청] 기온이 큰 폭으로 떨어져 도로 살얼음 위험과 한파 피해가 우려되므로 감속 안전운전과 야외활동 시 방한용품 착용, 수도관 동파 예방 등 주의 바랍니다.",경기도 전체 ,2025-11-23 17:00,2025-11-23,안전안내,206926,한파,2025-11-23
"[화성시] 23일 (목) 21시부터 주말까지 영하권 지속, 수도관 동파 예방 조치, 농작물 냉해피해
예방조치, 취약계층(독거노인 등) 외출 자제 및 안전수칙 준수",경기도 화성시 ,2025-11-23 17:19,2025-11-23,안전안내,206928,한파,2025-11-23
"[시흥시] 오늘21시 한파주의보 발효, 도로 살얼음 낙상주의, 야외활동자제,방한용품착용,감속안전운전과 수도관,보일러 동파방지 등 안전에 유의하시기 바랍니다.",경기도 시흥시 ,2025-11-23 17:33,2025-11-23,안전안내,206930,한파,2025-11-23
"[오산시청] 급격한 기온 강하가 예상되므로 각 가정에서는 난방에 유의하시고, 결빙이 우려되니 출퇴근시 가급적 대중교통을 이용 및 운전시 감속운행하시기 바랍니다.",경기도 오산시 ,2025-11-23 17:36,2025-11-23,안전안내,206932,한파,2025-11-23
"[안산시청] 21시 한파주의보 발효, 도로 살얼음과 시설 및 인명 피해 우려되니, 감속운전, 수도관 동파예방, 방한용품 착용 등으로 한파에 대비하시기 바랍니다.",경기도 안산시 ,2025-11-23 17:50,2025-11-23,안전안내,206937,한파,2025-11-23
"[김포시청] 오늘 밤부터 주말까지 한파주의보 발효, 체감온도 최대 영하8도로 체온유지, 낙상, 동파, 화재가 우려되오니 안전에 주의하세요",경기도 김포시 ,2025-11-23 17:51,2025-11-23,안전안내,206939,한파,2025-11-23
"[서울특별시청] 오늘 21시부터 서울 전역에 급격한 기온하강이 예상되오니 가급적 외출을 삼가시고, 외출 시 방한용품 착용 등 보온에 유의하시기 바랍니다.",서울특별시 전체 ,2025-11-23 18:00,2025-11-23,안전안내,206940,한파,2025-11-23
[수원시청] 경진여객 광역버스 11.24.(금) 16:00부터 마지막차 까지 파업. 대체수단 이용 권장. 시 홈페이지 참고. url.kr/1wn5dt,경기도 수원시 ,2025-11-23 21:00,2025-11-23,안전안내,206953,기타,2025-11-23
"[영등포구] 급격한 기온하강이 예상되어 한파특보가 발효됐습니다. 주말까지 한파가 예상되오니 노약자 야외활동 자제, 온열기 화재예방 등 안전에 유의하시기 바랍니다.",서울특별시 영등포구 ,2025-11-23 21:00,2025-11-23,안전안내,206954,한파,2025-11-23
"[남양주시]금일 21시부로 한파주의보가 발효됨에 따라 노약자, 어린이 등 야외활동 자제 및 방한용품 착용 등 안전수칙을 준수하여 주시기 바랍니다.",경기도 남양주시 ,2025-11-23 21:01,2025-11-23,안전안내,206956,한파,2025-11-23
"[화성시] 경진여객 광역버스 11. 24.(금) 16시 이후 파업 예정으로 대체수단 이용 권장, 버스정보시스템 및 시홈페이지 참고",경기도 화성시 ,2025-11-23 21:06,2025-11-23,안전안내,206957,기타,2025-11-23
"[금천구] 급격한 기온 하강이 예상되어 오늘 21시 한파주의보 발효. 실내외 보온유지, 방한용품 착용, 난방기기 화재 등 안전에 유의 바랍니다.",서울특별시 금천구 ,2025-11-23 21:24,2025-11-23,안전안내,206959,한파,2025-11-23
"[강동구청] 서울 전역에 한파로 급격한 기온 하강이 예상되오니 가급적 외출을 삼가시고, 수도관 동파 사고, 난방기 화재 사고 등 안전에 유의하시기 바랍니다.",서울특별시 강동구 ,2025-11-23 22:08,2025-11-23,안전안내,206960,한파,2025-11-23
"[경기도청] 어제 내린 비가 얼어 도로 살얼음이 예상됩니다. 터널 앞, 교량 인근, 그늘진 곳은 위험하오니 감속 등 차량 운전에 주의하시기 바랍니다.",경기도 전체 ,2025-11-24 7:00,2025-11-24,안전안내,206964,대설,2025-11-24
"[경기남부경찰청] 성남시에서 실종된 박점순씨(여, 82세)를 찾습니다 -156cm,남색잠바,몸베바지,흰색수건및마스크,회색운동화 vo.la/OpDWc / ☎182","경기도 성남시 수정구 ,경기도 성남시 중원구 ,경기도 성남시 분당구 ",2025-11-24 9:57,2025-11-24,안전안내,206969,기타,2025-11-24
"[서울경찰청] 관악구에서 배회중인 김도형씨(남, 43세)를 찾습니다 - 163cm, 하늘색긴팔티, 검정바지, 삼선검정슬리퍼 vo.la/FTSKy / ☎182",서울특별시 관악구 ,2025-11-24 13:28,2025-11-24,안전안내,206972,기타,2025-11-24
"[서울경찰청] 강남구에서 배회중인 김도형씨(남, 43세)를 찾습니다 - 163cm, 하늘색긴팔티, 검정바지, 삼선검정슬리퍼 vo.la/FTSKy / ☎182",서울특별시 강남구 ,2025-11-24 13:28,2025-11-24,안전안내,206973,기타,2025-11-24
"[안산시청] 오늘밤 기온이 큰 폭으로 떨어져 도로결빙과 한파 피해가 우려되니, 감속운전, 수도관·보일러 동파예방, 외출시 방한용품 착용 등 한파에 주의 바랍니다.",경기도 안산시 ,2025-11-24 16:54,2025-11-24,안전안내,206979,한파,2025-11-24
"[김포시청] 내일 새벽녘 체감온도가 영하 10도로 내려갈 예정이니, 어른신과 노약자 등 취약계층의 건강관리에 특히 유의하시기 바랍니다.",경기도 김포시 ,2025-11-24 18:02,2025-11-24,안전안내,206992,한파,2025-11-24
"[시흥시청] 밤사이 기온 강하로 도로결빙과 한파 피해가 우려되오니, 수도관 보일러 동파방지, 감속안전운전, 방한용품 착용 등 안전에 각별히 유의하시기 바랍니다.",경기도 시흥시 ,2025-11-24 18:08,2025-11-24,안전안내,206993,한파,2025-11-24
"[서울경찰청] 송파구에서 실종된 김한별(여,17세)을 찾습니다-158cm,43kg,흰색자켓,검정바지,검정운동화,안경착용
vo.la/Kbqou / ☎182",서울특별시 송파구 ,2025-11-25 8:58,2025-11-25,안전안내,206997,기타,2025-11-25
"[서울경찰청]마포구에서 실종된 김성복씨(남,84세)를 찾습니다-168cm,60kg,검정상하의,검정운동화,검정벙거지모자,마스크 
vo.la/cCgEb/ ☎182",서울특별시 마포구 ,2025-11-25 9:09,2025-11-25,안전안내,206998,기타,2025-11-25
"[서울경찰청]서대문구에서 목격된 김성복씨(남,84세)를 찾습니다-168cm,60kg,검정상하의,검정운동화,검정벙거지모자,마스크 vo.la/cCgEb/ ☎182",서울특별시 서대문구 ,2025-11-25 9:12,2025-11-25,안전안내,206999,기타,2025-11-25
"[서울경찰청] 강동구에서 실종된 전춘자씨(여, 72세)를 찾습니다 - 145cm, 40kg, 빨간색모자, 남색잠바 
vo.la/USWZx / ☎182",서울특별시 강동구 ,2025-11-25 16:56,2025-11-25,안전안내,207003,기타,2025-11-25
"[여주시] 여주시 중앙동 일부지역 정전이 발생되어 한전에서 복구 중이니, 전기기기의 모든 전원을 끄고 손전등을 사용하는 등 안전사고 발생에 유의하시기 바랍니다.","경기도 여주시 월송동,경기도 여주시 가업동,경기도 여주시 연라동,경기도 여주시 점봉동",2025-11-25 21:50,2025-11-25,안전안내,207004,정전,2025-11-25
"[서울경찰청] 노원구에서 실종된 이상구씨(남,70세)를 찾습니다-160cm,백발,진남색패딩,검정바지,남색운동화(빨간줄),거동불편
vo.la/qDWds/ ☎182",서울특별시 노원구 ,2025-11-26 9:07,2025-11-26,안전안내,207006,기타,2025-11-26
"[서울경찰청] 강남구에서 실종된 이갑세씨(남,81세)를 찾습니다 -163cm,남색패딩조끼,자주색긴팔니트,검정바지
vo.la/SzyNn / ☎182",서울특별시 강남구 ,2025-11-26 13:41,2025-11-26,안전안내,207009,기타,2025-11-26
[이천시] 오늘 15:30경 모가면 소사리 폐차장에서 화재 사고 발생. 검은 연기가 많이 발생하고 있으니 인근 주민들께서는 외출을 자제하여 주시기 바랍니다,"경기도 이천시 단월동,경기도 이천시 대포동,경기도 이천시 고담동,경기도 이천시 장록동,경기도 이천시 호법면,경기도 이천시 대월면,경기도 이천시 모가면,경기도 이천시 설성면",2025-11-26 16:07,2025-11-26,안전안내,207010,화재,2025-11-26
"[경기북부경찰청] 포천시에서 실종된 한말녀씨(여,76세)를 찾습니다 -140cm,43kg,보라색패딩,검정바지,갈색신발,흰마스크
vo.la/xheVJ / ☎182",경기도 포천시 ,2025-11-26 16:49,2025-11-26,안전안내,207011,기타,2025-11-26
"[서울경찰청] 서초구에서 배회중인 이갑세씨(남,81세)를 찾습니다 -171cm,남색패딩조끼,자주색긴팔니트,검정바지 vo.la/SzyNn / ☎182",서울특별시 서초구 ,2025-11-26 17:15,2025-11-26,안전안내,207012,기타,2025-11-26
"[경기남부경찰청] 성남시에서 실종된 손은덕씨(남, 65세)를 찾습니다- 157cm, 55kg, 녹색패딩,검정바지,흰운동화,마른편 vo.la/AcxvZ / ☎182","경기도 성남시 수정구 ,경기도 성남시 중원구 ,경기도 성남시 분당구 ",2025-11-27 13:45,2025-11-27,안전안내,207013,기타,2025-11-27
"[경기남부경찰청] 용인시에서 배회중인 손은덕씨(남, 65세)를 찾습니다- 157cm,55kg,녹색패딩,검정바지,흰운동화,마른편 vo.la/AcxvZ / ☎182","경기도 용인시 처인구 ,경기도 용인시 기흥구 ,경기도 용인시 수지구 ",2025-11-27 13:45,2025-11-27,안전안내,207014,기타,2025-11-27
"[경기도청]어제 내린 비가 새벽 영하의 기온으로 얼어 도로 살얼음이 예상됩니다. 터널 앞, 교량 인근, 그늘진 곳은 위험하니 감속 등 안전 운행 하시기 바랍니다.",경기도 전체 ,2025-11-28 7:00,2025-11-28,안전안내,207026,대설,2025-11-28
[안산시] 오늘 9시45분 경 목내동 404-1 공장화재 발생. 주변 도로에 있는 차량은 이 지역을 우회하여 주시고 인근 주민은 안전사고 발생에 유의 바랍니다,"경기도 안산시 상록구 사동,경기도 안산시 단원구 ",2025-11-28 10:56,2025-11-28,안전안내,207028,화재,2025-11-28
"[안산시] 오늘 오전 9시 45분 발생한 목내동 공장 화재로 인하여 다량의 연기와 냄새가 발생하고 있으니, 각별히 유의 바랍니다.","경기도 안산시 상록구 사동,경기도 안산시 단원구 ",2025-11-28 11:12,2025-11-28,안전안내,207029,화재,2025-11-28
"[안산시청] 오늘 09시 45분경 목내동 404-1번지(반월산단) 공장 화재로 인하여 다량의 연기와 냄새가 발생하고 있으니, 각별히 유의하여 주시기 바랍니다.","경기도 안산시 상록구 사동,경기도 안산시 단원구 ",2025-11-28 13:01,2025-11-28,안전안내,207030,화재,2025-11-28
"[부천시청]오늘 12시33분 원종동19-4 화재발생, 연기 확산 중으로 인근 주민은 안전사고 발생에 유의하시고, 주변도로의 차량은 이 지역을 우회 바랍니다.","경기도 부천시 오정동,경기도 부천시 원종동,경기도 부천시 고강동,경기도 부천시 대장동",2025-11-28 13:04,2025-11-28,안전안내,207031,화재,2025-11-28
"[경기남부경찰청] 성남시에서 실종된 오중웅씨(남,85세)를 찾습니다-170cm,60kg,대머리,검정패딩,회색바지,지팡이소지 
vo.la/Onuma / ☎182","경기도 성남시 수정구 ,경기도 성남시 중원구 ,경기도 성남시 분당구 ",2025-11-28 17:48,2025-11-28,안전안내,207034,기타,2025-11-28
[시흥시청] 오늘 17:33경 시흥시 금이동 비닐하우스 화재 발생. 이 지역을 우회하여 주시고 인근 주민은 안전한 곳으로 대피하여 주시기 바랍니다.,경기도 시흥시 ,2025-11-28 17:49,2025-11-28,안전안내,207035,화재,2025-11-28
"[경기남부경찰청] 광주시에서 배회중인 오중웅씨(남,85세)를 찾습니다-170cm,60kg,대머리,검정패딩,회색바지,지팡이소지 vo.la/Onuma / ☎182",경기도 광주시 ,2025-11-28 17:52,2025-11-28,안전안내,207036,기타,2025-11-28
"[서울경찰청] 금천구에서 실종된 윤균례씨(여,84세)를 찾습니다-160cm,빨강티셔츠,베이지밍크털조끼,검정치마,검정구두,반백
vo.la/qhbPz / ☎182",서울특별시 금천구 ,2025-11-29 9:37,2025-11-29,안전안내,207039,기타,2025-11-29
"[서울경찰청] 구로구에서 배회중인 윤균례씨(여,84세)를 찾습니다-160cm,빨강티셔츠,베이지밍크털조끼,검정치마,검정구두,반백
vo.la/qhbPz / ☎182",서울특별시 구로구 ,2025-11-29 9:37,2025-11-29,안전안내,207040,기타,2025-11-29
"[포천시] 급격한 기온 강하가 예상되므로 농작물 냉해 피해 예방조치, 노약자 야외 외출 자제 및 건강관리 등 안전수칙을 준수 바랍니다.",경기도 포천시 ,2025-11-29 10:18,2025-11-29,안전안내,207041,한파,2025-11-29
"[포천시] 금일 18시 한파주의보 발효. 노약자 보온 유지, 동상, 낙상 방지 위해 야외활동 자제, 수도관 등 보온조치, 온열기 화재방지 등 주의 바랍니다.",경기도 포천시 ,2025-11-29 16:39,2025-11-29,안전안내,207046,한파,2025-11-29
"[연천군] 금일 밤까지 내린 눈으로 터널 앞, 교량 인근 등 도로 결빙이 예상되므로 안전 운행하시기 바라며 한파주의보에 따른 동파 등 안전에 유의하시기 바랍니다.",경기도 연천군 ,2025-11-29 17:12,2025-11-29,안전안내,207048,한파,2025-11-29
"[시흥시]오늘밤 기온 급강하에 따라 안전사고 예방을 위해 도로결빙 위험에 따른 감속 안전운행, 낙상사고 주의, 수도관 동파방지 등 안전사고에 유의하시기 바랍니다.",경기도 시흥시 ,2025-11-29 17:30,2025-11-29,안전안내,207052,한파,2025-11-29
"[안산시청] 오늘밤 기온이 떨어져 도로 결빙과 한파 피해가 우려되오니 감속운전, 수도관·보일러 동파 예방, 방한용품 착용 등 안전관리에 유의하여 주시기 바랍니다.",경기도 안산시 ,2025-11-29 17:44,2025-11-29,안전안내,207054,한파,2025-11-29
"[화성시]금일오후에 내린눈으로 도로결빙,살얼음 발생이 예상되므로 안전거리 확보 및 서행운전하여 주시고 기온급강하에 따른 수도관동파 등 안전에 유의하시기 바랍니다.",경기도 화성시 ,2025-11-29 18:11,2025-11-29,안전안내,207055,한파,2025-11-29
"[오산시청] 오늘 오후부터 내린 눈과 비, 낮은 기온으로 인해 도로 결빙이 예상됩니다. 보행과 운전에 주의하시고 개인 건강과 수도관 동파에 각별히 유의 바랍니다.",경기도 오산시 ,2025-11-29 18:28,2025-11-29,안전안내,207056,대설,2025-11-29
"[서울경찰청] 금천구에서 실종된 남춘화씨(여,47세)를 찾습니다-160cm,50kg,상하의 흰색,검정핸드백,아들(13세)과동행
vo.la/dxYyD / ☎182",서울특별시 금천구 ,2025-11-29 19:23,2025-11-29,안전안내,207058,기타,2025-11-29
"[경기도청] 기온이 큰 폭으로 떨어져 도로 살얼음 위험과 한파 피해가 우려되므로 감속 안전운전과 야외활동 시 방한용품 착용, 수도관 동파 예방 등 주의 바랍니다.",경기도 전체 ,2025-11-29 21:03,2025-11-29,안전안내,207062,한파,2025-11-29
"[기상청] 11월30일04:55 경북 경주시 동남동쪽 19km 지역 규모4.3 지진발생/낙하물 주의, 국민재난안전포털 행동요령에 따라 대응, 여진주의","강원특별자치도 전체 ,경기도 전체 ,경상남도 전체 ,경상북도 전체 ,광주광역시 전체 ,대구광역시 전체 ,대전광역시 전체 ,부산광역시 전체 ,서울특별시 전체 ,울산광역시 전체 ,인천광역시 전체 ,전라남도 전체 ,전라북도 전체 ,제주특별자치도 전체 ,충청남도 전체 ,충청북도 전체 ,세종특별자치시  ",2025-11-30 4:55,2025-11-30,긴급재난,207065,지진,2025-11-30
[기상청] 11월 30일 04:55 경북 경주시 지역에서 발생한 규모 4.3 지진은 상세분석을 통해 규모 4.0으로 조정됨,"강원특별자치도 전체 ,경기도 전체 ,경상남도 전체 ,경상북도 전체 ,광주광역시 전체 ,대구광역시 전체 ,대전광역시 전체 ,부산광역시 전체 ,서울특별시 전체 ,울산광역시 전체 ,인천광역시 전체 ,전라남도 전체 ,전라북도 전체 ,제주특별자치도 전체 ,충청남도 전체 ,충청북도 전체 ,세종특별자치시  ",2025-11-30 5:07,2025-11-30,안전안내,207067,지진,2025-11-30
"[양평군] 지난 29일 내린 눈·비와 현재 기온 급강하의 영향으로 도로결빙이 우려되오니, 도로 미끄럼 사고와 보행안전에 각별히 유의하여 주시기 바랍니다.",경기도 양평군 ,2025-11-30 6:00,2025-11-30,안전안내,207072,기타,2025-11-30
"[시흥시청] 오늘 아침 기온 급강하로 도로결빙 및 한파피해가 우려되오니, 감속안전운전, 낙상사고 주의, 방한용품 착용 등 안전에 각별히 유의하시기 바랍니다.",경기도 시흥시 ,2025-11-30 6:54,2025-11-30,안전안내,207076,한파,2025-11-30
"[안산시청] 아침 기온이 큰 폭으로 떨어져 도로결빙과 한파 피해가 우려되오니, 감속운전, 수도관 동파예방, 외출시 방한용품 착용 등 한파에 주의하시기 바랍니다.",경기도 안산시 ,2025-11-30 7:56,2025-11-30,안전안내,207077,한파,2025-11-30
"[광명시청]아침 기온이 큰 폭으로 떨어져 도로 결빙과 한파 피해가 우려되오니, 감속운전, 수도관 동파, 외출시 방한용품 착용 등 한파 피해에 유의하시기 바랍니다.",경기도 광명시 ,2025-11-30 8:11,2025-11-30,안전안내,207078,한파,2025-11-30
"[서울경찰청] 마포구에서 배회중인 안기옥씨(여, 68세)를 찾습니다 -153cm, 남색상의, 고동색바지, 검정신발, 보라색가방 vo.la/jxoZD / ☎182",서울특별시 마포구 ,2025-11-30 8:59,2025-11-30,안전안내,207080,기타,2025-11-30
"[서울경찰청] 서대문구에서 배회중인 안기옥씨(여, 68세)를 찾습니다 -153cm, 남색상의,고동색바지,검정신발,보라색가방 vo.la/jxoZD / ☎182",서울특별시 서대문구 ,2025-11-30 9:00,2025-11-30,안전안내,207081,기타,2025-11-30
"[서울경찰청] 동작구에서 실종된 조동례씨(여, 84세)를 찾습니다 - 140cm, 노란색모자, 흰색잠바, 검장바지, 지팡이 vo.la/twSDw / ☎182",서울특별시 동작구 ,2025-11-30 10:28,2025-11-30,안전안내,207084,기타,2025-11-30
"[서울경찰청] 관악구에서 배회중인 조동례씨(여, 84세)를 찾습니다 - 140cm, 노란색모자, 흰색잠바, 검장바지, 지팡이 vo.la/twSDw / ☎182",서울특별시 관악구 ,2025-11-30 10:28,2025-11-30,안전안내,207085,기타,2025-11-30
"[서울경찰청] 강동구에서 실종된 박성현씨(남,20세)를 찾습니다-173cm,검정뿔테안경,스포츠머리,검정패딩,남색바지,팔자걸음 vo.la/ZQRZY / ☎182",서울특별시 강동구 ,2025-11-30 10:42,2025-11-30,안전안내,207086,기타,2025-11-30
"[경기남부경찰청] 수원시에서 배회중인 박성현씨(남, 20세)를 찾습니다 -173cm,검정뿔테안경,스포츠머리,검정패딩,남색바지, vo.la/ZQRZY / ☎182","경기도 수원시 장안구 ,경기도 수원시 권선구 ,경기도 수원시 팔달구 ,경기도 수원시 영통구 ",2025-11-30 10:44,2025-11-30,안전안내,207087,기타,2025-11-30
"[서울경찰청] 영등포구에서 실종된 박막례씨(여, 78세)를 찾습니다 - 155cm, 백발, 파란잠바, 검정바지, 슬리퍼 buly.kr/C06fGP0 / ☎182",서울특별시 영등포구 ,2025-11-30 13:56,2025-11-30,안전안내,207089,기타,2025-11-30
"[서울경찰청] 성북구에서 배회중인 안기옥씨(여, 68세)를 찾습니다 -153cm,단발머리,남색잠바,검정바지,보라색가방 buly.kr/3NFXEJ6 / ☎182",서울특별시 성북구 ,2025-11-30 15:53,2025-11-30,안전안내,207093,기타,2025-11-30
"[서울경찰청] 영등포구에서 실종된 양우석씨(남, 34세)를 찾습니다 -178cm,남색패딩,갈색바지,초록백팩,검정신발 buly.kr/jWAZUk / ☎182",서울특별시 영등포구 ,2025-11-30 19:38,2025-11-30,안전안내,207102,기타,2025-11-30
"[서울경찰청] 동작구에서 배회중인 양우석씨(남, 34세)를 찾습니다 -178cm,남색패딩,갈색바지,초록백팩,검정신발 buly.kr/jWAZUk / ☎182",서울특별시 동작구 ,2025-11-30 19:41,2025-11-30,안전안내,207103,기타,2025-11-30
"[경기북부경찰청] 동두천시에서 실종된 정영진씨(남, 59세)를 찾습니다- 170cm, 70kg, 군청색점퍼,흰색안전모,와인색모자 vo.la/enXWt / ☎182",경기도 동두천시 ,2025-12-01 10:54,2025-12-01,안전안내,207116,기타,2025-12-01
"[경기북부경찰청] 연천군에서 배회중인 정영진씨(남, 59세)를 찾습니다- 170cm, 70kg, 군청색점퍼,흰색안전모,와인색모자 vo.la/enXWt / ☎182",경기도 연천군 ,2025-12-01 10:54,2025-12-01,안전안내,207117,기타,2025-12-01
"[서울경찰청] 강북구에서 실종된 김일석씨(남, 91세)를 찾습니다- 170cm,65kg,파랑패딩,검정바지,검정운동화,체크무늬모자 vo.la/SpuuQ / ☎182",서울특별시 강북구 ,2025-12-02 14:03,2025-12-02,안전안내,207122,기타,2025-12-02
"[서울경찰청] 강북구에서 실종된 구경선씨(여, 84세)를 찾습니다 -158cm,빨간색조끼,검정바지,빨간색운동화,주황머플러 vo.la/RNudb / ☎182",서울특별시 강북구 ,2025-12-02 17:37,2025-12-02,안전안내,207123,기타,2025-12-02
"[서울경찰청] 노원구에서 목격된 윤귀원씨(여,92세)를 찾습니다 -146cm,45kg,갈색털조끼,꽃무늬티셔츠,남색바지 
vo.la/Akxyv / ☎182",서울특별시 노원구 ,2025-12-03 8:30,2025-12-03,안전안내,207124,기타,2025-12-03
"[서울경찰청] 도봉구에서 배회중인 윤귀원씨(여,92세)를 찾습니다 -146cm,45kg,갈색털조끼,꽃무늬티셔츠,남색바지 
vo.la/Akxyv / ☎182",서울특별시 도봉구 ,2025-12-03 8:44,2025-12-03,안전안내,207125,기타,2025-12-03
"[서울경찰청] 중랑구에서 실종된 이종문씨(남,77세)를 찾습니다 -160cm,62kg,검정점퍼,커피색바지,검정모자
vo.la/LGRrs / ☎182",서울특별시 중랑구 ,2025-12-03 15:40,2025-12-03,안전안내,207129,기타,2025-12-03
"[경기북부경찰청] 구리시에서 배회중인 이종문씨(남,77세)를 찾습니다 -160cm,62kg,검정점퍼,커피색바지,검정모자 
vo.la/LGRrs / ☎182",경기도 구리시 ,2025-12-03 15:57,2025-12-03,안전안내,207130,기타,2025-12-03
"[안성시]12.5.(화)9시~16시 멧돼지 총기사용 포획으로 비봉산(봉산동) 산행을 금지하오니, 시민분들께서는 협조하여 주시기 바랍니다. ☎031-678-2615",경기도 안성시 ,2025-12-03 18:11,2025-12-03,안전안내,207131,기타,2025-12-03
"[경기남부경찰청] 수원시에서 실종된 배선희씨(남,71세)를 찾습니다 -172cm,60kg,회색패딩,슬리퍼,파란색우산
vo.la/zABLO / ☎182","경기도 수원시 장안구 ,경기도 수원시 권선구 ,경기도 수원시 팔달구 ,경기도 수원시 영통구 ",2025-12-03 18:43,2025-12-03,안전안내,207134,기타,2025-12-03
"[안성시]12.5.(화)9시~16시 멧돼지 총기사용 포획으로 비봉산(봉산동) 산행을 금지하오니, 시민분들께서는 협조하여 주시기 바랍니다. ☎031-678-2615",경기도 안성시 ,2025-12-04 18:41,2025-12-04,안전안내,207138,기타,2025-12-04
"[안성시]12.5.(화)9시~16시 멧돼지 총기사용 포획으로 비봉산(봉산동) 산행을 금지하오니, 시민분들께서는 협조하여 주시기 바랍니다. ☎031-678-2615",경기도 안성시 ,2025-12-05 8:30,2025-12-05,안전안내,207140,기타,2025-12-05
"[경기북부경찰청] 고양시에서 실종된 김동옥씨(남, 84세)를 찾습니다 -177cm,70kg,모자,흰마스크,파란색잠바,녹색바지 vo.la/asuRZ / ☎182","경기도 고양시 덕양구 ,경기도 고양시 일산동구 ,경기도 고양시 일산서구 ",2025-12-05 9:04,2025-12-05,안전안내,207141,기타,2025-12-05
"[서울경찰청] 노원구에서 배회중인 이미숙씨(여, 59세)를 찾습니다 -160cm,보라와노랑계열 등산복,검정바지,검정운동화,백팩 vo.la/gBXEB / ☎182",서울특별시 노원구 ,2025-12-05 9:30,2025-12-05,안전안내,207142,기타,2025-12-05
"[서울경찰청] 동작구에서 실종된 박남규씨(남, 76세)를 찾습니다 -180cm,검정모자,검정패딩,회색바지,검정운동화,비닐봉지 vo.la/axeDf / ☎182",서울특별시 동작구 ,2025-12-05 13:42,2025-12-05,안전안내,207145,기타,2025-12-05
"[서울경찰청] 영등포구에서 배회중인 박남규씨(남, 76세)를 찾습니다-180cm,검정모자,검정패딩,회색바지,검정운동화,비닐봉지 vo.la/axeDf / ☎182",서울특별시 영등포구 ,2025-12-05 13:47,2025-12-05,안전안내,207146,기타,2025-12-05
"[서울경찰청] 노원구에서 실종된 강진항씨(남,63세)를 찾습니다 -176cm,80kg,파란색패딩점퍼,검정계열바지,검정운동화
vo.la/XMtOX / ☎182",서울특별시 노원구 ,2025-12-06 13:16,2025-12-06,안전안내,207156,기타,2025-12-06
"[서울경찰청] 동대문구에서 배회중인 강진항씨(남,63세)를 찾습니다 -176cm,80kg,파란색패딩점퍼,검정계열바지,검정운동화
vo.la/XMtOX / ☎182",서울특별시 동대문구 ,2025-12-06 13:17,2025-12-06,안전안내,207157,기타,2025-12-06
"[경기도청] 어제 내린 비가 기온 강하로 다시 얼어 도로 결빙이 예상됩니다. 터널 앞, 교량 인근, 고가도로는 위험하니 감속 등 안전운전 하시기 바랍니다.",경기도 전체 ,2025-12-07 7:00,2025-12-07,안전안내,207175,대설,2025-12-07
"[용인특례시] 어제 내린 비가 얼어 터널 앞, 교량 위, 응달진 곳 등 블랙아이스 사고 발생이 우려되오니 차량 운행에 각별히 주의하시기 바랍니다.","경기도 용인시 처인구 ,경기도 용인시 기흥구 ,경기도 용인시 수지구 ",2025-12-07 7:00,2025-12-07,안전안내,207176,기타,2025-12-07
"[안산시청] 어제 내린 비로 일부 도로 및 인도 결빙이 예상됩니다. 감속 안전운전, 인도 미끄럼주의 등 안전사고에 주의해주시기 바랍니다.","경기도 안산시 상록구 ,경기도 안산시 단원구 ",2025-12-07 8:05,2025-12-07,안전안내,207177,한파,2025-12-07
"경찰은 도봉구에서 배회중인 강진항씨(남, 63세)를 찾습니다 -176cm, 파란색패딩, 검정바지, 검정운동화 vo.la/XMtOX / ☎182 [서울경찰청]",서울특별시 도봉구 ,2025-12-08 10:14,2025-12-08,안전안내,207192,기타,2025-12-08
"경찰은 안양시에서 실종된 조진형씨(남, 55세)를 찾습니다 -162cm, 검정계열 긴팔티, 검정바지 vo.la/qtGcW / ☎182 [경기남부경찰청]","경기도 안양시 만안구 ,경기도 안양시 동안구 ",2025-12-08 10:21,2025-12-08,안전안내,207193,기타,2025-12-08
오늘 12:29경 금곡동 66 창고화재 발생. 이 지역을 우회하고 안전에 유의하시기바랍니다. 031-5189-2119[화성시청],경기도 화성시 ,2025-12-08 13:09,2025-12-08,안전안내,207194,화재,2025-12-08
"경찰은 강서구에서 실종된 전유작씨(남,82세)를 찾습니다 -165cm,검정등산복,파란색바지,파란색운동화,검정장갑 vo.la/zqyad / ☎182 [서울경찰청]",서울특별시 강서구 ,2025-12-08 15:57,2025-12-08,안전안내,207196,기타,2025-12-08
"경찰은 송파구에서 실종된 양용석씨(남,53세)를 찾습니다 -175cm,검정패딩,검정바지,남색운동화,흰마스크
vo.la/hwxwr / ☎182 [서울경찰청]",서울특별시 송파구 ,2025-12-09 11:04,2025-12-09,안전안내,207201,기타,2025-12-09
"경찰은 안산시에서 실종된 이경애씨(여,53세)를 찾습니다-150cm,40kg,짧은머리,주황색조끼,검정바지 
vo.la/sKuer / ☎182 [경기남부경찰청]","경기도 안산시 상록구 ,경기도 안산시 단원구 ",2025-12-09 19:18,2025-12-09,안전안내,207203,기타,2025-12-09
"경찰은 구로구에서 배회중인 김진나씨(여, 33세)를 찾습니다 -153cm, 분홍색잠바, 검정바지, 운동화 vo.la/yQWgs / ☎182 [서울경찰청]",서울특별시 구로구 ,2025-12-10 14:14,2025-12-10,안전안내,207210,기타,2025-12-10
"경찰은 강남구에서 목격된 김진나씨(여, 33세)를 찾습니다 -153cm, 분홍색잠바, 검정바지, 운동화 vo.la/yQWgs / ☎182 [서울경찰청]",서울특별시 강남구 ,2025-12-10 14:15,2025-12-10,안전안내,207211,기타,2025-12-10
"경찰은 고양시에서 실종된 신경순씨(여, 67세)를 찾습니다 -158cm, 검정색(잠바,바지,운동화,마스크) vo.la/fjjmV / ☎182 [경기북부경찰청]","경기도 고양시 덕양구 ,경기도 고양시 일산동구 ,경기도 고양시 일산서구 ",2025-12-11 16:49,2025-12-11,안전안내,207227,기타,2025-12-11
"경기 북부지역에 밤사이 내린 비가 결빙되어 도로 살얼음이 예상됩니다. 특히 터널 앞, 교량 위, 그늘진 곳은 위험하오니 조심하시기 바랍니다. [경기도청]",경기도 전체 ,2025-12-12 7:00,2025-12-12,안전안내,207250,대설,2025-12-12
"밤사이 내린 비가 얼어 터널 앞, 교량 위, 응달진 곳 등 블랙아이스 사고 발생이 우려되오니 차량 운행에 각별히 주의하시기 바랍니다. [용인특례시]",경기도 용인시 ,2025-12-12 7:10,2025-12-12,안전안내,207251,기타,2025-12-12
"경찰은 송파구에서 실종된 최강명씨(남,28세)를 찾습니다 -168cm,68kg,베이지색후드점퍼,회색바지,검정신발
vo.la/gMYmC / ☎182 [서울경찰청]",서울특별시 송파구 ,2025-12-12 13:54,2025-12-12,안전안내,207259,기타,2025-12-12
"경찰은 부천시에서 실종된 김길수씨(남, 80세)를 찾습니다 -160cm,검정유광잠바,얼룩무늬바지,검정비니모자 vo.la/cpBWk / ☎182 [경기남부경찰청]",경기도 부천시 ,2025-12-13 9:50,2025-12-13,안전안내,207269,기타,2025-12-13
"경찰은 양천구에서 실종된 황기쁨(여,13세)을 찾습니다 -160cm,검정플리스자켓,검정바지,흰슬리퍼,검정가방 vo.la/OLdwH / ☎182 [서울경찰청]",서울특별시 양천구 ,2025-12-13 17:28,2025-12-13,안전안내,207271,기타,2025-12-13
"경찰은 강서구에서 배회중인 황기쁨(여,13세)을 찾습니다 -160cm,검정플리스자켓,검정바지,흰슬리퍼,검정가방 vo.la/OLdwH / ☎182 [서울경찰청]",서울특별시 강서구 ,2025-12-13 17:30,2025-12-13,안전안내,207272,기타,2025-12-13
"경찰은 강동구에서 배회중인 김미례씨(여, 70세)를 찾습니다 -161cm, 분홍색후드집업, 검정바지, 회색신발 vo.la/WBpcB / ☎182 [서울경찰청]",서울특별시 강동구 ,2025-12-13 18:20,2025-12-13,안전안내,207273,기타,2025-12-13
"경찰은 이천시에서 배회중인 황기쁨(여,13세)을 찾습니다-160cm,검정플리스자켓,검정바지,흰슬리퍼,검정가방 vo.la/OLdwH / ☎182 [경기남부경찰청]",경기도 이천시 ,2025-12-13 19:11,2025-12-13,안전안내,207275,기타,2025-12-13
"경찰은 고양시에서 실종된 송상태씨(남, 81세)를 찾습니다 -170cm,남색체크모자,검정바지,구두,연두색우산 vo.la/rjQan / ☎182 [경기북부경찰청]","경기도 고양시 덕양구 ,경기도 고양시 일산동구 ,경기도 고양시 일산서구 ",2025-12-14 17:59,2025-12-14,안전안내,207292,기타,2025-12-14
"오는 주말 극한 한파로 인한 피해가 우려되오니 야외활동 자제 등 건강관리에 유의하시고 특히, 돌봄이 필요한 이웃도 함께 보살펴 주시기 바랍니다. [고양시청]",경기도 고양시 ,2025-12-15 11:23,2025-12-15,안전안내,207304,한파,2025-12-15
12.15~12.18일간 기온 급강하에 따른 블랙아이스 사고 발생이 우려되오니 감속 운행 등 차량 운행에 각별히 주의하시기 바랍니다.[가평군청],경기도 가평군 ,2025-12-15 17:03,2025-12-15,안전안내,207338,호우,2025-12-15
오늘 저녁 비와 새벽 눈이 내려 도로결빙이 우려되오니 차량 운행시 서행하여 주시고 야외활동 등 안전에 각별이 유의하시기 바랍니다. [남양주시],경기도 남양주시 ,2025-12-15 17:15,2025-12-15,안전안내,207340,한파,2025-12-15
"이번 주말 극한 한파와 강설 전망. 한파대비 외출자제, 화재예방, 동파방지, 농축산시설 보온조치, 외출시 낙상 및 차량운행(결빙)등에 유의바랍니다.[여주시]",경기도 여주시 ,2025-12-15 17:16,2025-12-15,안전안내,207341,한파,2025-12-15
"경찰은 동대문구에서 실종된 박용원씨(남,63세)를 찾습니다-165cm,백발,남색패딩,회색긴팔및바지,갈색크록스 
vo.la/XzdLk / ☎182 [서울경찰청]",서울특별시 동대문구 ,2025-12-15 17:18,2025-12-15,안전안내,207343,기타,2025-12-15
"경찰은 노원구에서 배회중인 박용원씨(남,63세)를 찾습니다-165cm,백발,남색패딩,회색긴팔및바지,갈색크록스 
vo.la/XzdLk / ☎182 [서울경찰청]",서울특별시 노원구 ,2025-12-15 17:21,2025-12-15,안전안내,207346,기타,2025-12-15
"내일(토) 새벽부터 급격한 기온 하강(영하 11도)과 일부지역 강설 예보가 있으니, 안전사고에 유의하시기 바랍니다[김포시청]",경기도 김포시 ,2025-12-15 17:26,2025-12-15,안전안내,207348,대설,2025-12-15
"내일 새벽 눈이 내려 도로결빙이 우려되오니 차량 운행시 서행하여 주시기 바랍니다. 특히 터널 앞, 교량 위는 위험하오니 조심하시기 바랍니다. [포천시]",경기도 포천시 ,2025-12-15 17:36,2025-12-15,안전안내,207352,대설,2025-12-15
"이번 주말 강설 및 한파 예보가 있습니다. 따라서 도로결빙에 따른 감속운행, 낙상사고 주의, 수도관 동파방지 등 안전사고에 유의하여 주시기 바랍니다. [시흥시청]",경기도 시흥시 ,2025-12-15 18:00,2025-12-15,안전안내,207358,한파,2025-12-15
"이번 주말은 한파로 인한 피해가 우려되오니 야외활동 자제 등 건강관리에 유의하시고, 수도관 동파, 난방기 화재사고 등 안전에 유의하시기 바랍니다. [강동구청]",서울특별시 강동구 ,2025-12-15 18:00,2025-12-15,안전안내,207359,한파,2025-12-15
"주말 기간 강추위와 눈이 예보되고 있습니다. 내 주변 취약계층에 관심과 도로결빙에 따른 낙상 등 안전사고, 수도관 동파, 화재 등에 유의 바랍니다. [영등포구]",서울특별시 영등포구 ,2025-12-15 18:02,2025-12-15,안전안내,207362,한파,2025-12-15
"12.16.(토)부터 영하권 추위 및 눈이 예보됨에 따라 수도계량기·보일러 동파 예방, 빙판길 주의, 건강관리에 각별히 유의하시기 바랍니다.[용산구]",서울특별시 용산구 ,2025-12-15 18:04,2025-12-15,안전안내,207367,한파,2025-12-15
"주말기간 기온 급강하 및 강설로 인해 도로결빙이 예상됩니다. 야외활동 자제, 외출시 보온유의 및 낙상사고 주의, 감속운행 등 안전에 유의바랍니다. [금천구]",서울특별시 금천구 ,2025-12-15 18:20,2025-12-15,안전안내,207375,한파,2025-12-15
"오늘 밤사이 (눈)비와 기온 강하로 도로 결빙이 예상됩니다.
특히, 터널 앞, 교량 위, 그늘진 곳은 위험 하오니 안전에 유의하시기 바랍니다. [구리시]",경기도 구리시 ,2025-12-15 18:24,2025-12-15,안전안내,207379,대설,2025-12-15
"12.16.(토) 새벽 눈 예보와 금일(12.15.) 내린 비로 도로 결빙, 인도빙판 등 안전사고의 위험이 있으니 통행안전에 유의하여 주시기 바랍니다. [고양시]",경기도 고양시 ,2025-12-15 18:29,2025-12-15,안전안내,207382,대설,2025-12-15
"주말 강설 및 한파 예보가 있습니다. 도로결빙, 시설물 및 인명 피해가 우려되니, 감속운전, 수도관 동파예방, 낙상주의 등 안전사고에 유의 바랍니다. [안산시청]",경기도 안산시 ,2025-12-15 18:49,2025-12-15,안전안내,207384,한파,2025-12-15
"내일(토) 새벽 강설 및 급격한 한파가 예상되므로, 도로결빙 및 수도관·보일러 동파 예방, 방한용품 착용 등 안전관리에 유의하여 주시기 바랍니다.[화성시청]",경기도 화성시 ,2025-12-15 18:54,2025-12-15,안전안내,207385,대설,2025-12-15
"내일 새벽에 눈과 기온 급강하가 예상되므로 도로결빙 주의, 한랭질환 예방, 온열기 화재예방, 수도 동파방지, 농작물 냉해방지 등 안전에 유의바랍니다.[오산시]",경기도 오산시 ,2025-12-15 20:17,2025-12-15,안전안내,207388,한파,2025-12-15
"낮 동안 내린 비로 인해 터널 앞, 교량 위, 응달진 곳 등 블랙아이스 사고 발생이 우려되오니 차량 운행에 각별히 주의하시기 바랍니다.[용인특례시]",경기도 용인시 ,2025-12-15 20:50,2025-12-15,안전안내,207389,한파,2025-12-15
"오늘 밤과 내일 새벽 비와 눈이 내려 도로결빙이 우려되오니 운전 시 감속 운행, 미끄럼 사고 등 안전에 유의하시기 바랍니다. [남양주시]",경기도 남양주시 ,2025-12-15 21:00,2025-12-15,안전안내,207391,한파,2025-12-15
"내일 새벽, 오늘 내린 비가 결빙되고 비나 진눈깨비가 예상됩니다. 터널 입출구, 교량구간 살얼음 등 미끄럼 지역은 안전에 유의 하시기 바랍니다. [경기도청]",경기도 전체 ,2025-12-15 21:00,2025-12-15,안전안내,207392,대설,2025-12-15
"내일(토) 새벽부터 강설 및 한파로 인해 도로결빙이 예상되오니 차량 운행에 유의하여 주시고, 수도관·보일러 등 시설물 안전에 유의하시기 바랍니다.[수원특례시]","경기도 수원시 장안구 ,경기도 수원시 권선구 ,경기도 수원시 팔달구 ,경기도 수원시 영통구 ",2025-12-15 21:56,2025-12-15,안전안내,207394,한파,2025-12-15
"지난 밤사이 강설과 기온 급강하로 도로결빙이 우려되오니, 도로 미끄럼 사고와 보행안전에 각별히 유의바라며, 내 집 앞 눈치우기에 적극 참여바랍니다. [양평군]",경기도 양평군 ,2025-12-16 6:01,2025-12-16,안전안내,207396,대설,2025-12-16
"밤사이 내린 비와 진눈깨비가 결빙되어 도로 살얼음이 예상됩니다. 특히 터널 출입구, 교량 구간 살얼음 등 미끄럼 지역은 안전에 유의하시기를 바랍니다. [시흥시청]",경기도 시흥시 ,2025-12-16 7:00,2025-12-16,안전안내,207398,대설,2025-12-16
"아침 급격한 기온하락으로 도로결빙이 우려되오니 외출시 가급적 대중교통 이용, 운전시 감속운행, 미끄럼 사고 등 안전에 주의 바랍니다. [남양주시]",경기도 남양주시 ,2025-12-16 7:00,2025-12-16,안전안내,207399,한파,2025-12-16
"새벽부터 내린 눈과 한파로 도로가 얼어 위험하니 미끄럼 사고에 주의하시고, 수도계량기 동파 및 난방관리에 각별히 유의바랍니다. [용인특례시]",경기도 용인시 ,2025-12-16 8:00,2025-12-16,안전안내,207404,대설,2025-12-16
"주말 사이 급격한 기온저하로 한랭질환이 발생되지 않도록 외출을 자제하고 밤사이 내린 눈,비영향으로 도로살얼음 및 빙판길로 인한 안전사고에 유의바랍니다.[부천시청]",경기도 부천시 ,2025-12-16 8:00,2025-12-16,안전안내,207405,대설,2025-12-16
"새벽에 내린 비와 눈이 결빙되어 도로 및 인도 살얼음이 예상됩니다. 지하차도, 교량구간, 인도 등 미끄럼 우려지역은 안전에 유의하시기 바랍니다. [안산시청]",경기도 안산시 ,2025-12-16 8:09,2025-12-16,안전안내,207408,대설,2025-12-16
전 구간 제설작업 중이며 도로결빙이 우려되오니 ▲차량 감속운행 ▲대중교통 이용하기 ▲내집·점포 앞 눈 치우기 많은 협조 바랍니다.[안양시청],"경기도 안양시 만안구 ,경기도 안양시 동안구 ",2025-12-16 8:12,2025-12-16,안전안내,207409,대설,2025-12-16
"새벽부터 내린 눈과 영하 10도 내외의 강추위가 지속되오니 도로 결빙, 빙판길 안전 사고, 수도 동파, 농작물 피해, 화재 등에 주의하시기 바랍니다.[광명시청]",경기도 광명시 ,2025-12-16 8:28,2025-12-16,안전안내,207414,한파,2025-12-16
오늘 07시 37분경 성남~장호원 광주1터널 성남방향 8중 추돌사고 발생에 따른 수습으로 교통혼잡이 예상되오니 우회하여 주시기 바랍니다. [광주시],경기도 광주시 ,2025-12-16 8:37,2025-12-16,안전안내,207416,교통사고,2025-12-16
"오늘 08시 30분 군포시 대설주의보 발령. 야외 활동을 자제하여주시고, 현재 제설작업 중이나 도로결빙이 우려되오니 도로안전에 유의하시기 바랍니다[군포시]",경기도 군포시 ,2025-12-16 8:47,2025-12-16,안전안내,207417,대설,2025-12-16
"오늘 8:30 대설주의보 발령. 전 구간 제설작업 중. 기온하강에 따라 도로, 인도결빙이우려되오니. 차량감속운행하시고 미끄럼사고에 주의하시기 바랍니다. [과천시]",경기도 과천시 ,2025-12-16 9:17,2025-12-16,안전안내,207424,대설,2025-12-16
여주시 전역 대설주의보 발효 중. 강설·강풍으로 기온이 급하강하고 있으니 도로결빙으로 인한 안전사고 주의 및 노약자 외출자제 등 안전에 유의바랍니다. [여주시],경기도 여주시 ,2025-12-16 9:18,2025-12-16,안전안내,207425,대설,2025-12-16
"기온이 큰 폭으로 떨어질 것으로 예상되오니 도로결빙 주의 및 노약자분들의 체온유지, 농작물 관리에 유의하여 주시기 바랍니다. [남양주시]",경기도 남양주시 ,2025-12-16 9:54,2025-12-16,안전안내,207429,대설,2025-12-16
"내일(17일) 새벽까지 많은 눈이 내릴 것으로 예상되오니 도로 미끄럼 사고와 보행안전에 유의하시기 바라며, 내집 앞 눈치우기에 적극 참여바랍니다.[화성시]",경기도 화성시 ,2025-12-16 10:06,2025-12-16,안전안내,207430,대설,2025-12-16
"양주시 한파주의보 발표. 기온이 큰 폭으로 떨어질 것으로 예상되오니 도로 결빙 주의 및 노약자분들의 체온유지, 농작물 관리에 유의하여 주시기 바랍니다. [양주시]",경기도 양주시 ,2025-12-16 10:15,2025-12-16,안전안내,207434,한파,2025-12-16
현재 대설 및 강풍주의보 발효 중. 저녁부터는 기온의 급강하로 인해 도로 결빙 및 수도관 동파가 예상됩니다. 도로 통행 및 건강에 유의하시기 바랍니다. [오산시],경기도 오산시 ,2025-12-16 10:18,2025-12-16,안전안내,207436,대설,2025-12-16
"배티고개, 옥정고개, 만세고개 부근 많은 눈 및 도로 결빙으로 통행이 어려우니 교통정보 확인 및 우회 바랍니다. 운전시 감속 운행바랍니다.[안성시]",경기도 안성시 ,2025-12-16 10:32,2025-12-16,안전안내,207438,대설,2025-12-16
"16일(토) 21시 의정부시 한파주의보 발효 예정. 기온이 크게 떨어질 것으로 예상되오니 노약자 분들 체온유지, 수도관 동파에 유의해주시기 바랍니다. [의정부시]",경기도 의정부시 ,2025-12-16 11:09,2025-12-16,안전안내,207443,한파,2025-12-16
"21시 한파주의보 발효 예정, 수도 동파 및 농작물 냉해 예방조치, 한파쉼터 이용, 노약자 야외 외출 자제 및 건강관리 등 안전수칙을 준수바랍니다. [양평군]",경기도 양평군 ,2025-12-16 11:13,2025-12-16,안전안내,207444,한파,2025-12-16
"16일(토)21시 의왕시 한파주의보 발효 예정. 기온이 크게 떨어질 것으로 예상되니 야외활동 자제 등 건강관리, 수도관 동파에 유의해주시기 바랍니다. [의왕시청]",경기도 의왕시 ,2025-12-16 11:26,2025-12-16,안전안내,207446,한파,2025-12-16
"오늘 오후부터 서울전역 급격한 기온하강이 예상됩니다. 가급적 외출자제, 외출시 방한용품 착용, 미끄러짐 주의 등 건강관리에 유의하시기 바랍니다. [서울특별시청]",서울특별시 전체 ,2025-12-16 12:00,2025-12-16,안전안내,207453,한파,2025-12-16
"오후부터 강추위가 예상됩니다. 외출을 자제하시고, 보일러 및 수도 동파, 낙상사고 등 안전사고 예방과 건강관리에 유의하시기 바랍니다. [관악구청]",서울특별시 관악구 ,2025-12-16 12:46,2025-12-16,안전안내,207461,한파,2025-12-16
"기온이 큰 폭으로 떨어져 한파 피해가 우려되므로 야외활동 시 모자, 목도리 등 방한용품 착용, 수도계량기 보온조치 등 동파 예방에 주의 바랍니다.[경기도청]",경기도 전체 ,2025-12-16 13:00,2025-12-16,안전안내,207465,한파,2025-12-16
"이번 주말 극한 한파로 인한 피해가 우려되오니 야외활동 자제 등 건강관리에 유의하시고 특히, 돌봄이 필요한 우리 이웃도 함께 보살펴 주시기 바랍니다. [고양시청]",경기도 고양시 ,2025-12-16 13:23,2025-12-16,안전안내,207469,한파,2025-12-16
"한파와 강풍으로 인한 급격한 기온하강이 예상되오니 노약자 야외활동 자제, 수도계량기 보온조치 등 한랭질환 및 안전사고에 유의하시기 바랍니다.[은평구]",서울특별시 은평구 ,2025-12-16 14:59,2025-12-16,안전안내,207487,한파,2025-12-16
"16일(토) 21시 한파주의보 발효예정 ▲노약자 및 기저질환자 건강관리유의 ▲수도시설 동파예방(계량기함 내부 보온조치, 수도꼭지 틀어놓기) 바랍니다. [안양시청]","경기도 안양시 만안구 ,경기도 안양시 동안구 ",2025-12-16 15:00,2025-12-16,안전안내,207488,한파,2025-12-16
14:30경 용산구 한남동 11-49일대 강풍에 따른 공사장 가림막 쓰러짐 발생. 차량은 우회하여 주시고 인근 주민은 안전사고에 유의하시기 바랍니다.[용산구청],서울특별시 용산구 ,2025-12-16 15:21,2025-12-16,안전안내,207495,강풍,2025-12-16
"오후부터 급속한 영하권 추위와 눈이 예상되오니 외출자제, 수도계량기 및 보일러 동파방지, 화재예방 등 안전·건강관리에 특별히 유의하시기 바랍니다. [성북구청]",서울특별시 성북구 ,2025-12-16 15:22,2025-12-16,안전안내,207497,한파,2025-12-16
"급격한 기온 하강과 함께 강풍 피해가 예상됩니다. 용산구민께서는 가급적 외출 자제, 방한용품 착용, 미끄러짐 주의 등 안전에 유의하시기 바랍니다.[용산구청]",서울특별시 용산구 ,2025-12-16 15:26,2025-12-16,안전안내,207501,강풍,2025-12-16
"금일 21시부터 한파주의보 발효 예정입니다. 건강관리를 위해 외출을 자제하여 주시고, 계량기 동파방지, 미끄럼 사고 등에 유의하여 주시기 바랍니다. [구리시]",경기도 구리시 ,2025-12-16 16:58,2025-12-16,안전안내,207519,한파,2025-12-16
"금일 21시 한파주의보 발효, 노약자 보온 유지 및 야외활동 자제, 수도 계량기 보온조치, 도로 결빙 주의, 온열기 화재방지 등 주의 바랍니다.[포천시]",경기도 포천시 ,2025-12-16 17:32,2025-12-16,안전안내,207530,한파,2025-12-16
"금일 21시 한파주의보 발효 예정으로 강추위가 예상되오니 외출 자제, 농축산시설 보온 조치, 도로결빙 주의 등
안전 및 건강관리에 유의하시기 바랍니다.[남양주시]",경기도 남양주시 ,2025-12-16 17:57,2025-12-16,안전안내,207544,한파,2025-12-16
"많은 눈과 강추위가 예보되어 있습니다. 도로결빙으로 인한 차량 미끄럼 사고 우려가 높습니다. 감속운행, 차간거리 유지 등 안전운전에 유의 바랍니다. [국토교통부]","경기도 전체 ,광주광역시 전체 ,대전광역시 전체 ,서울특별시 전체 ,인천광역시 전체 ,전라남도 전체 ,전라북도 전체 ,충청남도 전체 ,충청북도 전체 ,세종특별자치시  ",2025-12-16 17:59,2025-12-16,안전안내,207547,대설,2025-12-16
"17일 최저기온 -11도 예상, 계량기함 보온상태 점검, 장기간 외출시 수돗물을 가늘게 틀어 수도계량기 동파 동결 예방 조치 바랍니다. ☎120 [서울특별시청]","서울특별시 강남구 ,서울특별시 강동구 ,서울특별시 강북구 ,서울특별시 강서구 ,서울특별시 광진구 ,서울특별시 구로구 ,서울특별시 금천구 ,서울특별시 노원구 ,서울특별시 도봉구 ,서울특별시 동대문구 ,서울특별시 동작구 ,서울특별시 마포구 ,서울특별시 서대문구 ,서울특별시 서초구 ,서울특별시 성동구 ,서울특별시 송파구 ,서울특별시 양천구 ,서울특별시 영등포구 ,서울특별시 용산구 ,서울특별시 종로구 ,서울특별시 중구 ,서울특별시 중랑구 ",2025-12-16 18:00,2025-12-16,안전안내,207549,한파,2025-12-16
"강설 및 한파로 도로 및 인도 결빙 예상되오니, 교량·터널인근 차량운행 및 보도 미끄럼 사고 유의하여 주시고 수도관·보일러 등 동파 예방에 주의바랍니다.[화성시]",경기도 화성시 ,2025-12-16 18:11,2025-12-16,안전안내,207556,한파,2025-12-16
"현재 강풍주의보 발효중, 21시 한파주의보 발효예정. 기온 하강과 함께 강풍 피해가 예상되니 외출자제, 빙판길 주의, 낙하물 안전사고 유의 바랍니다.[시흥시청]",경기도 시흥시 ,2025-12-16 18:12,2025-12-16,안전안내,207558,한파,2025-12-16
"김포 전역 올겨울 최저기온(체감온도 영하 17도)으로 어르신 안부확인 및 동파, 미끄럼사고 등 안전에 주의바랍니다.[김포시청]",경기도 김포시 ,2025-12-16 19:01,2025-12-16,안전안내,207569,한파,2025-12-16
"도로결빙으로 인한 차량 미끄럼 주의, 노약자 안부확인, 수도계량기 동파 등 한파로 인한 피해예방에 유의하여 주시기 바랍니다. [의정부시]",경기도 의정부시 ,2025-12-16 19:12,2025-12-16,안전안내,207574,한파,2025-12-16
"오늘 21시 한파주의보 발효. 급격한 기온 강하가 예상되므로 노약자 보온 유지, 도로 살얼음 주의, 수도관 동파예방 등 안전에 유의하시기 바랍니다.[군포시]",경기도 군포시 ,2025-12-16 19:19,2025-12-16,안전안내,207576,한파,2025-12-16
"금일 21시부로 한파주의보가 발효됨에 따라 외출을 자제하시고 방한용품 착용, 미끄럼 사고 주의 등 안전사고 예방과 건강관리에 유의하시기 바랍니다.[남양주시]",경기도 남양주시 ,2025-12-16 21:00,2025-12-16,안전안내,207599,한파,2025-12-16
"한파경보 발효중. 기온 급강하에 따른 도로결빙, 낙상, 수도관 동파 등 안전사고와 야외활동 자제, 방한용품 착용 등 건강관리에 유의하시기 바랍니다. [남양주시]",경기도 남양주시 ,2025-12-17 6:59,2025-12-17,안전안내,207619,한파,2025-12-17
"한파주의보 발효 중. 강추위가 예상되니 야외 활동 자제, 도로결빙 및 빙판길 주의, 시설물 동파 방지 등 안전사고 예방과 건강관리에 유의 바랍니다. [시흥시청]",경기도 시흥시 ,2025-12-17 7:01,2025-12-17,안전안내,207622,한파,2025-12-17
"많은 눈과 강추위가 예보되어 있습니다. 도로결빙으로 인한 차량 미끄럼 사고 우려가 높습니다. 감속운행, 차간거리 유지 등 안전운전에 유의 바랍니다. [국토교통부]","경기도 전체 ,광주광역시 전체 ,대전광역시 전체 ,서울특별시 전체 ,인천광역시 전체 ,전라남도 전체 ,전라북도 전체 ,충청남도 전체 ,충청북도 전체 ,세종특별자치시  ",2025-12-17 7:02,2025-12-17,안전안내,207626,대설,2025-12-17
"한파경보 발효 중, 수도 동파 및 농작물 냉해 예방조치, 한파쉼터 이용, 노약자 야외 외출 자제, 방한용품 착용 등 건강관리와 안전수칙을 준수바랍니다. [양평군]",경기도 양평군 ,2025-12-17 7:03,2025-12-17,안전안내,207627,한파,2025-12-17
"강추위가 지속되오니, 외출 시 방한용품 착용, 수도 동파 방지, 안전운전, 농작물 관리, 화재 등에 유의하시기 바랍니다.[광명시청]",경기도 광명시 ,2025-12-17 8:01,2025-12-17,안전안내,207637,한파,2025-12-17
"한파경보 발효중. 노약자 보온 유지 및 야외활동 자제, 농축산시설 보온 조치, 빙판길 주의, 온열기 화재방지, 수도 동파 등 주의하시기 바랍니다.[포천시]",경기도 포천시 ,2025-12-17 8:27,2025-12-17,안전안내,207644,한파,2025-12-17
"부천지역 최저기온 영하 11도 예상, 야외활동 시 모자, 목도리 등 방한용품 착용과 수도계량기 보온조치 등 동파 예방에 주의 바랍니다. [부천시청]",경기도 부천시 ,2025-12-17 8:45,2025-12-17,안전안내,207648,한파,2025-12-17
"한파경보 발효중이오니 야외활동을 자제하시고 도로결빙, 빙판길 안전사고, 수도동파, 농작물 피해 등 안전사고에 유의하시기 바랍니다. [남양주시]",경기도 남양주시 ,2025-12-17 9:28,2025-12-17,안전안내,207653,한파,2025-12-17
"여주시 전역 한파경보 발효 중 ▲야외활동 자제 ▲수도계량기,보일러 등 점검 ▲농축산물 피해예방 ▲난로,전기장판 등 난방기 화재에 유의하시기 바랍니다 [여주시]",경기도 여주시 ,2025-12-17 9:29,2025-12-17,안전안내,207654,한파,2025-12-17
"한파경보 발효중. 기온 급강하에 따른 도로결빙, 낙상, 수도관 동파 등 안전사고와 야외활동 자제, 방한용품 착용 등 건강관리에 유의하시기 바랍니다.[양주시]",경기도 양주시 ,2025-12-17 9:33,2025-12-17,안전안내,207656,한파,2025-12-17
"한파경보 발효중. 기온 급강하에 따른 도로결빙, 낙상, 수도관 동파 등 안전사고와 야외활동 자제, 방한용품 착용 등 건강관리에 유의하시기 바랍니다. [광주시]",경기도 광주시 ,2025-12-17 9:37,2025-12-17,안전안내,207657,한파,2025-12-17
"한파경보 발효중 ▲야외활동 자제 ▲난방기기 화재 유의 ▲결빙지역 안전운전 ▲수도동파, 농축산물 피해 등 안전사고에 유의하시기 바랍니다.[용인특례시]","경기도 용인시 처인구 ,경기도 용인시 기흥구 ,경기도 용인시 수지구 ",2025-12-17 10:00,2025-12-17,안전안내,207662,한파,2025-12-17
"오늘 05시 00분 한파경보 발효, 야외활동 자제 등 건강관리에 유의하시고 특히, 돌봄이 필요한 우리 이웃도 함께 보살펴 주시기 바랍니다. [고양시]",경기도 고양시 ,2025-12-17 10:05,2025-12-17,안전안내,207663,한파,2025-12-17
"한파특보 발효중▲면역력 약한 노약자, 어린이 야외활동 자제▲결빙지역 안전운전▲수도계량기 동파 예방 등 안전관리에 유의하시기 바랍니다. [수원특례시]",경기도 수원시 ,2025-12-17 10:17,2025-12-17,안전안내,207665,한파,2025-12-17
"이천시 전역 한파경보 발효 중 ▲야외활동 자제 ▲수도계량기,보일러 등 점검 ▲농축산물 피해예방 ▲난로,전기장판 등 난방기 화재에 유의하시기 바랍니다.[이천시]",경기도 이천시 ,2025-12-17 10:28,2025-12-17,안전안내,207668,한파,2025-12-17
"한파경보 발효 중. 노약자 건강관리 및 안부확인, 수도계량기 동파 예방, 방한용품 착용 등 한파로 인한 피해예방에 유의하여 주시기 바랍니다. [의정부시]",경기도 의정부시 ,2025-12-17 10:53,2025-12-17,안전안내,207673,한파,2025-12-17
"오늘도 강추위가 지속되고 있으니 외출은 자제하시고 외출시 모자, 목도리 등 방한용품을 착용하시고 수도계량기 보온상태 점검 동파예방에 주의바랍니다. [관악구청]",서울특별시 관악구 ,2025-12-17 10:57,2025-12-17,안전안내,207674,한파,2025-12-17
"한파주의보 발효 중. 도로 살얼음으로 인한 미끄럼 주의, 동파 예방 조치, 농작물 냉해피해 예방조치, 취약계층 외출 자제 및 건강관리 등 안전수칙 준수[화성시]",경기도 화성시 ,2025-12-17 12:21,2025-12-17,안전안내,207680,한파,2025-12-17
"한파경보 발령중. 야외 활동 자제, 방한용품 착용, 시설물 동파 방지, 도로결빙 등 안전사고와 건강에 유의하시기 바랍니다 [파주시]",경기도 파주시 ,2025-12-17 14:30,2025-12-17,안전안내,207691,한파,2025-12-17
"경찰은 수원시에서 실종된 문승준(남, 17세)을 찾습니다 -175cm,60kg, 검정롱패딩,회색긴바지,운동화 vo.la/GHcRD / ☎182 [경기남부경찰청]","경기도 수원시 장안구 ,경기도 수원시 권선구 ,경기도 수원시 팔달구 ,경기도 수원시 영통구 ",2025-12-17 15:54,2025-12-17,안전안내,207698,기타,2025-12-17
"기온 급강하로 인한 도로결빙, 수도관 동파, 낙상 등 안전사고에 주의하시고, 야외활동 시 방한용품 착용 등 건강관리에 유의하시기 바랍니다.[동두천시]",경기도 동두천시 ,2025-12-17 17:26,2025-12-17,안전안내,207706,한파,2025-12-17
"강추위가 지속될 예정이오니 외출 시 모자, 목도리 등 방한용품을 착용하시고 도로결빙으로 인한 안전사고에 유의하시기 바랍니다.[남양주시]",경기도 남양주시 ,2025-12-17 18:00,2025-12-17,안전안내,207709,한파,2025-12-17
"한파경보 발효중. 노약자 보온 유지 및 야외활동 자제, 농축산시설 보온 조치, 빙판길 주의, 온열기 화재방지, 수도 동파 등 주의하시기 바랍니다.[포천시]",경기도 포천시 ,2025-12-17 18:17,2025-12-17,안전안내,207711,한파,2025-12-17
여주시 현재 한파경보 발효 중 ▲야외활동 자제 ▲난방기 화재주의 ▲수도계량기 보온조치 ▲농축수산시설 냉해방지 ▲빙판길 서행운전 등 안전에 유의 바랍니다[여주시],경기도 여주시 ,2025-12-17 18:17,2025-12-17,안전안내,207712,한파,2025-12-17
"한파경보가 발효중이오니 노약자, 어린이 등 야외활동을 자제하시고 낙상사고, 수도관, 계량기 동파방지에 유의하여 주시기 바랍니다.[남양주시]",경기도 남양주시 ,2025-12-17 21:00,2025-12-17,안전안내,207720,한파,2025-12-17
"한파경보 발효중. 출퇴근 시간 도로결빙 및 낙상사고에 주의하시고 장갑, 목도리 등 방한용품 착용을 통해 체온유지에 유의하시기 바랍니다.[남양주시]",경기도 남양주시 ,2025-12-18 7:39,2025-12-18,안전안내,207729,한파,2025-12-18
"강추위가 지속되고 있습니다. 노약자분은 외출자제하고 야외활동시 방한용품 착용, 수도계량기 보온조치 등 한파 대비 안전관리에 유의 바랍니다.[경기도청]",경기도 전체 ,2025-12-18 8:00,2025-12-18,안전안내,207731,한파,2025-12-18
"열차장애로 운양역~양촌역 구간운행 중단
장기역~김포공항역 운행중으로
중단된 구간을 이용하시는 시민분들께서는 다른 교통 수단을 이용해 주시기바랍니다. [김포시]",경기도 김포시 ,2025-12-18 8:08,2025-12-18,안전안내,207732,교통사고,2025-12-18
"오늘 김포골드라인 열차장애 복구에 따라, 전구간 정상운행됨을 알려드립니다. [김포시]",경기도 김포시 ,2025-12-18 8:23,2025-12-18,안전안내,207733,교통사고,2025-12-18
"[용인시] 금일 08:00분경 용인경전철 장애로 운행 정지되고 있으니, 다른 교통편을 이용하시기 바랍니다. [용인경량전철(주) ☎031-329-3500]","경기도 용인시 처인구 ,경기도 용인시 기흥구 ,경기도 용인시 수지구 ",2025-12-18 8:39,2025-12-18,안전안내,207734,기타,2025-12-18
"한파경보 발효중. 도로결빙, 낙상, 수도관 동파 등 안전사고와 야외활동 자제, 방한용품 착용 등 건강관리에 유의하시기 바랍니다.[포천시]",경기도 포천시 ,2025-12-18 9:16,2025-12-18,안전안내,207736,한파,2025-12-18
"양주시 전역에 한파경보 발효중입니다. 기온 급강하에 따른 도로결빙, 낙상, 수도관 동파 등 안전사고와 야외활동 자제 등 건강관리에 유의하시기 바랍니다. [양주시]",경기도 양주시 ,2025-12-18 9:27,2025-12-18,안전안내,207738,한파,2025-12-18
금일 발생한 용인경전철 장애의 복구를 완료하여 정상운행을 재개합니다.[용인특례시],경기도 용인시 ,2025-12-18 10:44,2025-12-18,안전안내,207742,교통,2025-12-18
"한파주의보 발효 중, 수도 동파 및 농작물 냉해 예방조치, 한파쉼터 이용, 노약자 야외 외출 자제, 방한용품 착용 등 건강관리와 안전수칙을 준수바랍니다.[양평군]",경기도 양평군 ,2025-12-18 11:09,2025-12-18,안전안내,207743,한파,2025-12-18
"경찰은 화성시에서 실종된 임경선씨(여,56세)를 찾습니다 -160cm,갈색가죽자켓,분홍색슬리퍼,분홍색목도리
vo.la/qBdas / ☎182 [경기남부경찰청]",경기도 화성시 ,2025-12-18 14:41,2025-12-18,안전안내,207746,기타,2025-12-18
"경찰은 오산시에서 배회중인 임경선씨(여,56세)를 찾습니다 -160cm,갈색가죽자켓,분홍색슬리퍼,분홍색목도리
vo.la/qBdas / ☎182 [경기남부경찰청]",경기도 오산시 ,2025-12-18 14:42,2025-12-18,안전안내,207747,기타,2025-12-18
여주시 현재 한파주의보 발효 중 ▲야외활동 자제 ▲난방기 화재주의 ▲수도계량기 보온조치 ▲농축수산시설 냉해방지 ▲빙판길 서행운전 등 안전에 유의 바랍니다[여주시],경기도 여주시 ,2025-12-18 16:51,2025-12-18,안전안내,207748,한파,2025-12-18
"이번 주 지속적인 강추위로 도로 결빙과 시설물 및 인명 피해가 우려되오니, 감속운전, 수도관 동파예방, 방한용품 착용 등 한파에 대비하시기 바랍니다. [안산시청]","경기도 안산시 상록구 ,경기도 안산시 단원구 ",2025-12-18 17:13,2025-12-18,안전안내,207749,한파,2025-12-18
"금일 17시 10분 경 인천북항터널 김포방향 화물차 화재사고로 인해 해당구간 2개차로 통제중, 교통정보 확인 및 우회바랍니다. [인천김포고속도로㈜]","경기도 김포시 ,인천광역시 전체 ",2025-12-18 17:41,2025-12-18,안전안내,207751,기타,2025-12-18
"당분간 강한 한파가 예상됩니다. 가정에서는 난방 유지와 계량기 동파, 낙상 등 안전사고에 유의하시고, 가급적 대중교통을 이용해 주시기 바랍니다. [시흥시청]",경기도 시흥시 ,2025-12-18 17:59,2025-12-18,안전안내,207752,한파,2025-12-18
현재 한파주의보 발효 중 ▲야외활동 자제 ▲난방기 화재주의 ▲수도계량기 보온조치 ▲농축산시설 냉해방지 ▲빙판길 서행운전 등 안전에 유의바랍니다. [포천시청],경기도 포천시 ,2025-12-18 18:03,2025-12-18,안전안내,207754,한파,2025-12-18
"서대문구에서 배회중인 이하엘(여,11세)을 찾습니다 -160cm,70kg,검정후리스,반바지,크록스,나이키모자
vo.la/wPQqh / ☎182 [서울경찰청]",서울특별시 서대문구 ,2025-12-18 18:05,2025-12-18,안전안내,207755,기타,2025-12-18
"경찰은 강동구에서 실종된 차용술씨(남,81세)를 찾습니다-170cm,70kg,국방색점퍼,검정바지,빨강모자,지팡이
vo.la/OzNas / ☎182 [서울경찰청]",서울특별시 강동구 ,2025-12-18 18:22,2025-12-18,안전안내,207756,기타,2025-12-18
"경찰은 송파구에서 배회중인 차용술씨(남,81세)를 찾습니다-170cm,70kg,국방색점퍼,검정바지,빨강모자,지팡이
vo.la/OzNas / ☎182[서울경찰청]",서울특별시 송파구 ,2025-12-18 18:22,2025-12-18,안전안내,207757,기타,2025-12-18
"경찰은 강북구에서 실종된 방숙희씨(여,77세)를 찾습니다 -158cm,55kg,검정점퍼,검정바지,남색계통털모자
vo.la/GWBXd / ☎182 [서울경찰청]",서울특별시 강북구 ,2025-12-18 18:52,2025-12-18,안전안내,207761,기타,2025-12-18
"경찰은 성북구에서 배회중인 방숙희씨(여,77세)를 찾습니다 -158cm, 검정잠바, 검정바지, 남색모자, 숄더백 vo.la/GWBXd / ☎182 [서울경찰청]",서울특별시 성북구 ,2025-12-19 8:32,2025-12-19,안전안내,207766,기타,2025-12-19
"현재 한파주의보 발효중입니다. 기온 급강하에 따른 도로결빙, 낙상, 수도관 동파 등 안전사고와 야외활동 자제 등 건강관리에 유의하시기 바랍니다.[양주시]",경기도 양주시 ,2025-12-19 10:08,2025-12-19,안전안내,207768,한파,2025-12-19
"경찰은 강동구에서 실종된 유장호씨(남,55세)를 찾습니다-170cm,남색잠바,남색바지,남색신발,사각얼굴,짙은눈썹 vo.la/LQtmf / ☎182 [서울경찰청]",서울특별시 강동구 ,2025-12-19 11:06,2025-12-19,안전안내,207770,기타,2025-12-19
"경찰은 송파구에서 실종된 조길원씨(남 ,89세)를 찾습니다 -165cm,검정롱패딩,줄무늬셔츠,검정바지,지팡이 vo.la/DNHyN / ☎182 [서울경찰청]",서울특별시 송파구 ,2025-12-19 12:02,2025-12-19,안전안내,207771,기타,2025-12-19
"경찰은 양주시에서 배회중인 박정균씨(남,31세)를 찾습니다-173cm,건장함,검정(빨강)아디다스잠바,검정바지 vo.la/AjqOc / ☎182 [경기북부경찰청]",경기도 양주시 ,2025-12-19 13:20,2025-12-19,안전안내,207772,기타,2025-12-19
"한파로 인해 수도관 동파, 낙상 등 안전사고가 발생되고 있으니 주의하시고, 야외활동 자제 및 외출 시 방한용품 착용 등 건강관리에 유의하시기 바랍니다.[동두천시]",경기도 동두천시 ,2025-12-19 15:40,2025-12-19,안전안내,207774,한파,2025-12-19
권선동 1308번지 권선지하차도(동탄방향) 입구 옆 도로에서 누수로 인해 도로가 혼잡 할 수 있으니 우회하여 주시기 바랍니다. [수원특례시],"경기도 수원시 장안구 ,경기도 수원시 권선구 ,경기도 수원시 팔달구 ,경기도 수원시 영통구 ",2025-12-19 16:18,2025-12-19,안전안내,207775,기타,2025-12-19
도 전역에 눈이 내리고 있어 쌓인 눈에 미끄럼 사고가 우려됩니다. 안전 운전에 유의하시고 가급적 대중교통을 이용하여 주시기 바랍니다. [경기도청],경기도 전체 ,2025-12-19 17:00,2025-12-19,안전안내,207779,대설,2025-12-19
"오늘 저녁 눈이 내리고 추위가 지속되어, 도로 및 인도 결빙이 우려됩니다. 감속 운전, 인도 미끄럼주의 등 안전사고에 유의해 주시기 바랍니다.[안산시청]",경기도 안산시 ,2025-12-19 17:12,2025-12-19,안전안내,207780,대설,2025-12-19
김포 전역 퇴근시간인 18시까지 약1cm의 눈이 내린후 도로결빙으로 미끄럼사고와 농작물 및 계량기 등의 동파가 예상되니 시설물관리에 유의하시기 바랍니다[김포시청],경기도 김포시 ,2025-12-19 17:44,2025-12-19,안전안내,207783,대설,2025-12-19
"내일 새벽까지 강설과 지속적인 강추위로 도로, 보도 등 결빙이 우려되오니 운전 및 보행 시 유의하여 주시고 수도동파 예방 등 한파에 대비하시기 바랍니다.[화성시]",경기도 화성시 ,2025-12-19 17:54,2025-12-19,안전안내,207784,한파,2025-12-19
"경찰은 마포구에서 실종된 김상훈씨(남, 29세)를 찾습니다 -180cm, 국방색잠바, 검정바지, 빨간색운동화 vo.la/jeSni / ☎182 [서울경찰청]",서울특별시 마포구 ,2025-12-19 17:58,2025-12-19,안전안내,207785,기타,2025-12-19
"경찰은 서대문구에서 배회중인 김상훈씨(남, 29세)를 찾습니다 -180cm, 국방색잠바, 검정바지, 빨간색운동화 vo.la/jeSni / ☎182 [서울경찰청]",서울특별시 서대문구 ,2025-12-19 17:58,2025-12-19,안전안내,207786,기타,2025-12-19
한파주의보 발효 중 ▲도로결빙 대비 감속운전 ▲야외활동 자제 ▲수도계량기 보온조치 ▲농축산시설 냉해방지 ▲난방기 화재주의  등 안전에 유의바랍니다.[포천시청],경기도 포천시 ,2025-12-19 18:00,2025-12-19,안전안내,207787,한파,2025-12-19
"금일 저녁부터 눈이 내리며 기온저하로 도로결빙이 예상되오니 차량운행은 자제하시고 감속운행, 미끄럼 주의 등 안전사고에 유의하시기 바랍니다.[남양주시]",경기도 남양주시 ,2025-12-19 18:01,2025-12-19,안전안내,207788,한파,2025-12-19
"경찰은 노원구에서 실종된 문채린(여, 16세)을 찾습니다 -161cm,검정잠바,남색체육복바지,남색책가방,흰운동화 vo.la/pEdfD / ☎182 [서울경찰청]",서울특별시 노원구 ,2025-12-19 20:05,2025-12-19,안전안내,207797,기타,2025-12-19
"밤새 눈 날림 및 기온 저하로 내일 출근길 도로 결빙 및 빙판길이 우려되오니, 안전사고에 유의하시기 바랍니다.[광명시청]",경기도 광명시 ,2025-12-19 20:49,2025-12-19,안전안내,207798,대설,2025-12-19
도로결빙으로 인해 예래원에서 포천방향(탑동동 산2-1번지 인근) 도로통제 중이오니 우회하여 주시기 바랍니다.[동두천시],경기도 동두천시 ,2025-12-19 20:55,2025-12-19,안전안내,207799,한파,2025-12-19
강설 및 추위로 인한 도로 결빙으로 미끄럼 사고 우려가 높습니다. 감속 운전 및 차간거리 유지하여 주시고 가급적 대중교통을 이용하여 주시기 바랍니다. [안산시청],경기도 안산시 ,2025-12-20 6:00,2025-12-20,안전안내,207804,대설,2025-12-20
안양시 주요 도로 전 구간 제설 완료하였으나 골목길 결빙구간 주의하시고 내 집·내 점포 앞 눈 치우기 많은 협조 바랍니다.[안양시청],"경기도 안양시 만안구 ,경기도 안양시 동안구 ",2025-12-20 6:48,2025-12-20,안전안내,207813,대설,2025-12-20
"어제부터 내린 눈으로 도로가 얼어 위험하니 미끄럼 사고에 주의하시고, 가급적 대중교통을 이용하여 주시기 바랍니다. [용인특례시]",경기도 용인시 ,2025-12-20 6:50,2025-12-20,안전안내,207814,대설,2025-12-20
"밤새 강설 및 한파로 인하여 도로, 보도의 결빙 우려되오니, 안전사고에 유의하시기 바라며 주말까지 한파 지속됨으로 동파 및 한랭질환 등에 유의하시기 바람[화성시]",경기도 화성시 ,2025-12-20 6:53,2025-12-20,안전안내,207815,한파,2025-12-20
"의왕시 주요도로 제설 완료되었으나, 골목길, 인도 등 결빙구간 낙상사고 주의바라며, 내 집·점포 앞 눈 치우기에 동참하여 주시기 바랍니다. [의왕시청]",경기도 의왕시 ,2025-12-20 6:55,2025-12-20,안전안내,207817,대설,2025-12-20
"새벽에 내린 눈과 지속적인 강추위로 도로, 보도 등 결빙이 우려되니 운전 및 보행 시 안전에 유의하여 주시고 가급적 대중교통을 이용해 주시기 바랍니다.[시흥시청]",경기도 시흥시 ,2025-12-20 7:00,2025-12-20,안전안내,207819,대설,2025-12-20
"밤새 내린 눈이 영하의 기온으로 얼어 도로 살얼음이 예상됩니다. 안전거리 유지, 감속 운전하시고 가급적 대중교통을 이용하여 주시기 바랍니다. [경기도청]",경기도 전체 ,2025-12-20 7:00,2025-12-20,안전안내,207820,대설,2025-12-20
밤사이 내린 눈 및 기온저하로 인해 도로결빙이 예상되오니 대중교통 이용 및 안전운전을 통해 안전에 유의하시기 바랍니다.[남양주시],경기도 남양주시 ,2025-12-20 7:01,2025-12-20,안전안내,207821,한파,2025-12-20
"어제부터 내린 눈으로 도로가 얼어 위험하니 미끄럼 사고에 주의하시고 낙상, 수도관 동파 등 안전사고에 유의하시기 바랍니다.[가평군청]",경기도 가평군 ,2025-12-20 8:06,2025-12-20,안전안내,207835,대설,2025-12-20
"밤새 내린 눈으로 도로가 얼어 살얼음이 예상되므로 도로안전에 유의하여 주시기 바랍니다. 내 집, 내 점포 앞 눈 치우기에 동참하여 주시기 바랍니다 [군포시]",경기도 군포시 ,2025-12-20 8:28,2025-12-20,안전안내,207839,대설,2025-12-20
"강서구에서 실종된 김종길씨(남, 73세)를 찾습니다 -165cm,남색패딩,남색바지,남색모자,하늘색마스크,장갑 vo.la/GOGhF / ☎182 [서울경찰청]",서울특별시 강서구 ,2025-12-20 8:45,2025-12-20,안전안내,207845,기타,2025-12-20
"어제 내린 눈으로 도로가 얼어 위험하오니 미끄럼 사고, 보행안전에 유의 바라며, 내 집, 내 점포 앞 눈치우기에 적극 참여하여 주시기 바랍니다. [양평군]",경기도 양평군 ,2025-12-20 9:00,2025-12-20,안전안내,207850,대설,2025-12-20
"밤사이 내린 눈으로 도로가 얼어 위험하니 미끄럼 사고에 주의하시고, 낙상, 수도관 동파 등 안전관리 및 건강관리에 유의하시기 바랍니다.[포천시]",경기도 포천시 ,2025-12-20 9:09,2025-12-20,안전안내,207852,한파,2025-12-20
"양주시 전역에 한파특보 발효중입니다. 기온 급강하에 따른 도로결빙, 낙상, 수도관 동파 등 안전사고와 야외활동 자제 등 건강관리에 유의하시기 바랍니다. [양주시]",경기도 양주시 ,2025-12-20 10:11,2025-12-20,안전안내,207858,한파,2025-12-20
"강설,한파로 도로결빙 주의▲보행시 미끄럼주의▲시설물 동파 유의▲한랭질환 예방 및 방한용품 착용▲내집,점포 앞 눈치우기 등 적극 동참하여 주시기 바랍니다.[화성시]",경기도 화성시 ,2025-12-20 10:16,2025-12-20,안전안내,207859,한파,2025-12-20
"금일 10시 10분 의왕시 한파경보 발표. 강추위가 예상되오니 외출을 자제하시고 수도관 동파예방, 결빙지역 미끄럼 사고 등 안전에 유의하시기 바랍니다. [의왕시]",경기도 의왕시 ,2025-12-20 10:20,2025-12-20,안전안내,207862,한파,2025-12-20
수원지역 한파 지속 중 ▲수도 계량기함 보온상태 점검 ▲외출 시 수돗물 가늘게 틀어 수도관 동파 예방 ▲계량기 보온재 상수도사업소에서 상시 지급.[수원특례시],"경기도 수원시 장안구 ,경기도 수원시 권선구 ,경기도 수원시 팔달구 ,경기도 수원시 영통구 ",2025-12-20 10:23,2025-12-20,안전안내,207863,한파,2025-12-20
"오늘 21시 한파경보 발효 예정, 오전에 내린 눈과 기온의 급강하로 인한 도로 결빙이 예상되오니 보행 및 운전과 건강에 유의하여 주시기 바랍니다. [오산시]",경기도 오산시 ,2025-12-20 10:36,2025-12-20,안전안내,207867,한파,2025-12-20
"오늘 10시 10분 한파경보 발령. 강추위에 따른 외출 자제와 수도관 과 계량기 동파방지, 결빙지역 미끄럼 사고 등 안전에 유의하시기 바랍니다. [군포시]",경기도 군포시 ,2025-12-20 10:37,2025-12-20,안전안내,207868,한파,2025-12-20
"한파경보 발표. 기온 급강하에 따른 도로결빙, 낙상, 수도관 동파 등 안전사고와 야외활동 자제, 방한용품 착용 등 건강관리에 유의하시기 바랍니다. [광주시]",경기도 광주시 ,2025-12-20 10:41,2025-12-20,안전안내,207870,한파,2025-12-20
"오늘 오후부터 서울전역에 강추위가 예상됩니다. 노약자 등 가급적 외출자제, 외출시 방한용품 착용, 미끄러짐 주의 등 건강관리에 유의하시기 바랍니다.[서울특별시청]",서울특별시 전체 ,2025-12-20 12:00,2025-12-20,안전안내,207878,한파,2025-12-20
20일(수) 21시 한파경보 발효 ▲도로교통 안전유의 ▲취약인 건강관리 및 안부확인 ▲수도시설 동파예방 ▲야외활동 자제 ▲난방기 화재주의 바랍니다.[안양시청],"경기도 안양시 만안구 ,경기도 안양시 동안구 ",2025-12-20 14:00,2025-12-20,안전안내,207884,한파,2025-12-20
"밤사이 내린 눈과 한파로 도로결빙, 동파, 낙상사고 등이 발생되고 있으니, 야외활동 자제 및 외출 시 방한용품 착용 등 건강관리에 유의하시기 바랍니다.[동두천시]",경기도 동두천시 ,2025-12-20 14:02,2025-12-20,안전안내,207885,한파,2025-12-20
"오늘 밤부터 극한 한파가 전망됩니다. 야외활동 자제, 농축수산물 피해 사전 대비, 화재예방, 도로살얼음 미끄럼 주의 및 수도 동파 방지에 유의 바랍니다.[여주시]",경기도 여주시 ,2025-12-20 14:37,2025-12-20,안전안내,207889,한파,2025-12-20
시민대로 시청앞 평촌푸르지오센트럴파크 신축공사현장 사고로 인해 시청사거리~평촌역방향 교통통제중. 우회바랍니다. [안양시],"경기도 안양시 만안구 ,경기도 안양시 동안구 ",2025-12-20 15:00,2025-12-20,안전안내,207892,기타,2025-12-20
"금일 21시 한파경보 발효 예정, 강추위가 예상되오니 외출을 자제하시고, 수도관 동파예방, 결빙지역 미끄럼 사고 등 안전에 유의하시기 바랍니다. [구리시]",경기도 구리시 ,2025-12-20 15:40,2025-12-20,안전안내,207893,한파,2025-12-20
"오늘 15시 40분 단원구 선부동 1016-5에서 화재 발생. 차량은 건물 주변 도로를 우회하고, 인근시민께서는 유의하여 주시기 바랍니다.[안산시청]",경기도 안산시 단원구 선부동,2025-12-20 16:04,2025-12-20,안전안내,207899,화재,2025-12-20
"오늘 21시 한파경보 발효, 도로결빙과 시설물 및 인명 피해가 우려되니, 감속운전, 수도관 동파예방, 방한용품 착용 등으로 한파에 대비하시기 바랍니다.[안산시청]",경기도 안산시 ,2025-12-20 17:00,2025-12-20,안전안내,207919,한파,2025-12-20
"오늘 밤부터 토요일까지 강추위가 예보됩니다. 노약자 외출 자재, 수도관 동파 예방, 화재에 유의하여 주시고, 내 주변 취약계층 분들께도 관심 바랍니다.[영등포구]",서울특별시 영등포구 ,2025-12-20 17:01,2025-12-20,안전안내,207921,한파,2025-12-20
"오늘 21:00부터 한파경보가 발효되고 강추위가 예보됨에 따라 수도계량기·보일러 동파 예방, 빙판길 주의, 건강관리에 각별히 유의하시기 바랍니다.[용산구청]",서울특별시 용산구 ,2025-12-20 17:27,2025-12-20,안전안내,207929,한파,2025-12-20
"강한 추위가 지속되고, 도로결빙이 우려됩니다. 눈, 강풍, 한파로 인한 안전사고, 수도관 동파예방, 방한용품 착용 등 안전에 유의하여 주시기 바랍니다.[시흥시청]",경기도 시흥시 ,2025-12-20 17:38,2025-12-20,안전안내,207933,한파,2025-12-20
김포 지역 북극발 최강 한파로 주말까지 체감온도 영하 20도까지 떨어지니 특히 어르신 안부 확인과 시설물 관리에 각별히 주의바랍니다.[김포시청],경기도 김포시 ,2025-12-20 17:39,2025-12-20,안전안내,207935,한파,2025-12-20
"오늘 밤부터 기온이 큰 폭으로 떨어져 한파 피해가 우려되므로 야외활동 시 방한용품 착용, 수도관 동파 예방 등 안전에 유의하시기 바랍니다. [화성시]",경기도 화성시 ,2025-12-20 17:42,2025-12-20,안전안내,207937,한파,2025-12-20
"오늘 밤 여주시 전역 한파 경보. 극한 한파가 예상되오니, ▲야외활동 자제 ▲수도관 동파방지 ▲화재예방 ▲농축산시설 보온조치 등 한파에 대비바랍니다. [여주시]",경기도 여주시 ,2025-12-20 17:52,2025-12-20,안전안내,207941,한파,2025-12-20
"금일 21시 한파경보 발효, 농작물 냉해 피해 및 수도 동파 예방, 노약자 외출 자제 및 방한용품 착용 등 건강관리와 안전수칙을 준수하시기 바랍니다. [양평군]",경기도 양평군 ,2025-12-20 17:57,2025-12-20,안전안내,207942,한파,2025-12-20
"금일 저녁부터 기온이 큰 폭으로 떨어질 것으로 예상되오니 야외활동을 자제하시고 어린이, 노약자분 등 체온유지에 유의하시기 바랍니다.[남양주시]",경기도 남양주시 ,2025-12-20 18:01,2025-12-20,안전안내,207945,한파,2025-12-20
"오늘 저녁부터 영하의 강추위가 예상됩니다. 기온 급강하에 따른 도로결빙, 낙상, 수도관 동파 등 안전사고와 외출자제 등 건강관리에 유의하시기 바랍니다.[강동구청]",서울특별시 강동구 ,2025-12-20 18:02,2025-12-20,안전안내,207946,한파,2025-12-20
"오늘 밤부터 극한 한파가 전망됩니다. 야외활동 자제, 농축수산물 피해 사전 대비, 화재예방, 도로살얼음 미끄럼 주의 및 수도 동파 방지에 유의 바랍니다.[포천시]",경기도 포천시 ,2025-12-20 18:04,2025-12-20,안전안내,207948,한파,2025-12-20
20일(수) 21시 한파경보 발효 ▲도로교통 안전유의 ▲취약인 건강관리 및 안부확인 ▲수도시설 동파예방 ▲야외활동 자제 ▲난방기 화재주의 바랍니다.[동작구],서울특별시 동작구 ,2025-12-20 18:15,2025-12-20,안전안내,207952,한파,2025-12-20
"21시부로 의정부시 한파경보 발효 예정. 노약자 건강관리 및 안부확인, 수도계량기 동파 예방 등 한파로 인한 피해 예방에 유의하여 주시기 바랍니다. [의정부시]",경기도 의정부시 ,2025-12-20 18:27,2025-12-20,안전안내,207958,한파,2025-12-20
"기온이 급격히 낮아져 춥겠으니 노약자분은 외출자제, 외출시 모자 등 방한용품 착용, 수돗물은 약하게 틀고, 보온재 보충 등 안전에 유의 바랍니다. [경기도청]",경기도 전체 ,2025-12-20 19:00,2025-12-20,안전안내,207965,한파,2025-12-20
"어제부터 오늘 새벽까지 내린 눈과 한파로 인한 기온 급강하로 도로결빙이 우려되오니, 도로 미끄럼 사고와 보행안전에 유의하여 주시기 바랍니다. [양평군]",경기도 양평군 ,2025-12-20 19:09,2025-12-20,안전안내,207966,한파,2025-12-20
오늘 21시00분 한파경보 발령. 야외 활동을 자제하시고 외출 시 보온에 신경 쓰세요. 수도 계량기는 헌 옷 등으로 감싸 동파를 방지하세요. [행정안전부],"강원특별자치도 동해시 ,강원특별자치도 삼척시 ,강원특별자치도 영월군 ,강원특별자치도 원주시 ,강원특별자치도 정선군 ,강원특별자치도 태백시 ,강원특별자치도 평창군 ,강원특별자치도 횡성군 ,경기도 고양시 ,경기도 과천시 ,경기도 광주시 ,경기도 구리시 ,경기도 군포시 ,경기도 김포시 ,경기도 남양주시 ,경기도 성남시 ,경기도 수원시 ,경기도 안산시 ,경기도 안성시 ,경기도 안양시 ,경기도 양평군 ,경기도 여주시 ,경기도 오산시 ,경기도 용인시 ,경기도 의왕시 ,경기도 의정부시 ,경기도 이천시 ,경기도 평택시 ,경기도 하남시 ,경기도 화성시 ,경상북도 봉화군 ,경상북도 영양군 ,경상북도 울진군 ,서울특별시 강남구 ,서울특별시 강동구 ,서울특별시 강북구 ,서울특별시 강서구 ,서울특별시 관악구 ,서울특별시 광진구 ,서울특별시 구로구 ,서울특별시 금천구 ,서울특별시 노원구 ,서울특별시 도봉구 ,서울특별시 동대문구 ,서울특별시 동작구 ,서울특별시 마포구 ,서울특별시 서대문구 ,서울특별시 서초구 ,서울특별시 성동구 ,서울특별시 성북구 ,서울특별시 송파구 ,서울특별시 양천구 ,서울특별시 영등포구 ,서울특별시 용산구 ,서울특별시 은평구 ,서울특별시 종로구 ,서울특별시 중구 ,서울특별시 중랑구 ,인천광역시 강화군 ,충청남도 천안시 ,충청북도 괴산군 ,충청북도 단양군 ,충청북도 보은군 ,충청북도 음성군 ,충청북도 제천시 ,충청북도 진천군 ,충청북도 충주시 ,충청남도 계룡시 ,충청북도 증평군 ",2025-12-20 19:18,2025-12-20,안전안내,207968,한파,2025-12-20
오늘 21시00분 한파경보 발령. 야외 활동을 자제하시고 외출 시 보온에 신경 쓰세요. 수도 계량기는 헌 옷 등으로 감싸 동파를 방지하세요. [행정안전부],"강원특별자치도 양구군 ,강원특별자치도 인제군 ,강원특별자치도 춘천시 ,강원특별자치도 홍천군 ,강원특별자치도 화천군 ,경기도 가평군 ,경기도 동두천시 ,경기도 양주시 ,경기도 연천군 ,경기도 파주시 ,경기도 포천시 ",2025-12-20 19:18,2025-12-20,안전안내,207969,한파,2025-12-20
20일(수) 21시 한파경보 발효에 따른 ▲도로교통 안전유의 ▲취약인 건강관리 및 안부확인 ▲수도시설 동파예방 ▲야외활동자제 ▲난방기 화재주의 바랍니다.[가평군],경기도 가평군 ,2025-12-20 19:37,2025-12-20,안전안내,207970,한파,2025-12-20
"21시에 한파경보가 발효됩니다. 결빙 도로 보행 및 운전 시 주의하시고, 개인 건강과 수도 계량기 동파 방지에 각별히 유의하여 주시기 바랍니다. [오산시]",경기도 오산시 ,2025-12-20 20:20,2025-12-20,안전안내,207977,한파,2025-12-20
북극발 최강 한파로 주말까지 체감온도 영하 20도까지 떨어지니 ▲야외활동 자제 ▲수도관 동파예방 ▲방한용품 착용 등 안전에 유의하여 주시기 바랍니다.[파주시],경기도 파주시 ,2025-12-20 20:31,2025-12-20,안전안내,207979,한파,2025-12-20
"광명시 전역에 한파주의보 발효중입니다. 도로결빙 및 미끄럼 사고에 주의하시고, 수도관 동파, 낙상 사고 등 안전에 유의하시기 바랍니다.[광명시]",경기도 광명시 ,2025-12-20 20:59,2025-12-20,안전안내,207984,한파,2025-12-20
"금일 21시 한파경보 발효. 내일 아침 기온이 큰 폭으로 떨어질 것으로 예상되오니 방한용품 착용, 수도계량기 동파방지 등 각별히 유의하시기 바랍니다.[남양주시]",경기도 남양주시 ,2025-12-20 21:00,2025-12-20,안전안내,207985,한파,2025-12-20
"영하 13도 내외의 강추위가 3일간 지속될 예정이오니, 외출을 자제하시고 도로결빙, 운전사고, 수도동파, 농작물 피해, 화재 등에 주의하시기 바랍니다.[광명시]",경기도 광명시 ,2025-12-21 6:58,2025-12-21,안전안내,208025,한파,2025-12-21
"강한 추위가 지속되고 도로 및 인도결빙이 우려되오니, 감속운행, 낙상사고 주의, 수도관 동파 예방, 방한복 착용 등 안전에 유의하여 주시기 바랍니다.[시흥시청]",경기도 시흥시 ,2025-12-21 7:05,2025-12-21,안전안내,208032,한파,2025-12-21
김포 전역 도로결빙으로 출퇴근시 미끄럼사고가 우려되니 안전한 도보 및 운전 하시기 바랍니다.[김포시],경기도 김포시 ,2025-12-21 7:22,2025-12-21,안전안내,208037,한파,2025-12-21
"한파경보 발효중. 외출 시 장갑, 목도리 등 방한용품 착용, 도로결빙, 빙판길 미끄럼 주의 등 건강관리에 유의하시기 바랍니다.[남양주시]",경기도 남양주시 ,2025-12-21 7:29,2025-12-21,안전안내,208040,한파,2025-12-21
"한파경보 발효중입니다. 도로결빙과 시설물 및 인명 피해가 우려되니, 감속운전, 수도관 동파예방, 방한용품 착용 등으로 한파에 대비하시기 바랍니다.[안산시청]",경기도 안산시 ,2025-12-21 7:43,2025-12-21,안전안내,208045,한파,2025-12-21
"한파경보 발효 중으로 야외활동 시 방한용품 착용, 수도관·보일러 등 동파예방, 온열기기 사용으로 인한 화재사고에 유의하여 주시기 바랍니다. [화성시]",경기도 화성시 ,2025-12-21 8:03,2025-12-21,안전안내,208048,한파,2025-12-21
"성남시에서 실종된 이정임씨(여,41세)를 찾습니다-165cm,70kg,핑크패딩,베이지색바지,검정운동화,검정장갑
vo.la/KpTbk/ ☎182 [경기남부경찰청]","경기도 성남시 수정구 ,경기도 성남시 중원구 ,경기도 성남시 분당구 ",2025-12-21 8:22,2025-12-21,안전안내,208053,기타,2025-12-21
"한파경보 발효 중. 야외 활동을 자제하시고 외출 시 방한용품 착용, 수도 계량기는 헌 옷으로 감싸는 등 동파방지에 각별히 유의하시기 바랍니다.[포천시]",경기도 포천시 ,2025-12-21 9:06,2025-12-21,안전안내,208062,한파,2025-12-21
"양주시 전역 한파경보 발효중입니다. 기온 급강하에 따른 도로결빙, 낙상, 수도관 동파 등 안전사고와 야외활동 자제 등 건강관리에 유의하시기 바랍니다. [양주시]",경기도 양주시 ,2025-12-21 9:27,2025-12-21,안전안내,208065,한파,2025-12-21
"부천시에서 실종된 안선화씨(여,68세)를 찾습니다-157cm,회색패딩,검정바지,검정구두,안경착용,손가방 
vo.la/xAjKZ / ☎182 [경기남부경찰청]",경기도 부천시 ,2025-12-21 11:05,2025-12-21,안전안내,208083,기타,2025-12-21
여주시 전지역 한파경보 발효 중. ▲노약자 야외활동 자제 ▲수도계량기 보온조치 ▲농축산시설 냉해방지 ▲도로결빙 주의 ▲난방기 화재주의 등 안전유의하세요 [여주시],경기도 여주시 ,2025-12-21 11:15,2025-12-21,안전안내,208085,한파,2025-12-21
"현재 한파경보 발령 중. 야외 활동을 가급적 자제하시고 건강에 유의하시기 바라며, 수도 계량기 동파 방지를 위해 노력하여 주시기 바랍니다. [오산시]",경기도 오산시 ,2025-12-21 11:22,2025-12-21,안전안내,208086,한파,2025-12-21
"성남시에서 실종된 김주왕씨(남,76세)를 찾습니다-168cm,52kg,검정패딩,남색바지,검정모자,파란색배낭 
vo.la/fYsWD / ☎182 [경기남부경찰청]","경기도 성남시 수정구 ,경기도 성남시 중원구 ,경기도 성남시 분당구 ",2025-12-21 11:31,2025-12-21,안전안내,208087,기타,2025-12-21
"동대문구에서 배회중인 김주왕씨(남,76세)를 찾습니다-168cm,52kg,검정패딩,남색바지,검정모자,파란색배낭 
vo.la/fYsWD / ☎182 [서울경찰청]",서울특별시 동대문구 ,2025-12-21 11:33,2025-12-21,안전안내,208088,기타,2025-12-21
"수원지역에 한파가 계속되고 있습니다. ▲노약자, 어린이 등 야외활동 자제 ▲결빙지역 안전운전 ▲수도계량기 보온조치 등 안전관리에 유의하세요.[수원특례시]",경기도 수원시 ,2025-12-21 13:30,2025-12-21,안전안내,208093,한파,2025-12-21
"노원구에서 실종된 백남성씨(남,80세)를 찾습니다-157cm,53kg,회색점퍼,검정바지,검정신발,남색모자,안경
vo.la/rRPtR / ☎182 [서울경찰청]",서울특별시 노원구 ,2025-12-21 13:38,2025-12-21,안전안내,208094,기타,2025-12-21
"동대문구에서 배회중인 백남성씨(남,80세)를 찾습니다-157cm,회색점퍼,검정바지,검정신발,남색모자,안경 
vo.la/rRPtR / ☎182 [서울경찰청]",서울특별시 동대문구 ,2025-12-21 13:40,2025-12-21,안전안내,208095,기타,2025-12-21
"한파경보 발효 중, 농작물 냉해 피해 및 수도 동파 예방, 노약자 외출 자제 및 방한용품 착용 등 건강관리와 안전수칙을 준수하여 주시기 바랍니다. [양평군]",경기도 양평군 ,2025-12-21 14:18,2025-12-21,안전안내,208099,한파,2025-12-21
"강한 한파 영향 지속, 야외 활동 자제, 외출 시 방한용품 착용, 수도계량기는 헌 옷 등으로 감싸 동파를 방지하시기 바랍니다. [하남시]",경기도 하남시 ,2025-12-21 15:25,2025-12-21,안전안내,208106,한파,2025-12-21
"한파경보 발효 중. 야외 활동을 자제하여 주시고, 외출 시 방한용품 착용, 수도 계량기 동파 예방 등 건강관리 및 안전수칙을 지켜주시기 바랍니다. [구리시]",경기도 구리시 ,2025-12-21 16:32,2025-12-21,안전안내,208109,한파,2025-12-21
"경찰은 김포시에서 실종된 최영자씨(여, 80세)를 찾습니다 - 150cm,40kg,착의불상,지팡이소지 
vo.la/DOtqV / ☎182 [경기남부경찰청]",경기도 김포시 ,2025-12-21 17:23,2025-12-21,안전안내,208116,기타,2025-12-21
한파경보 발효 중. 영하권 추위가 지속되고 있으니 야외활동을 자제하시고 건강관리에 유의하시기 바랍니다.[남양주시],경기도 남양주시 ,2025-12-21 18:01,2025-12-21,안전안내,208130,한파,2025-12-21
의왕시 전역 한파경보 발효 중 ▲도로교통 안전유의 ▲취약인 건강관리 및 안부확인 ▲수도시설 동파예방 ▲야외활동 자제 ▲온열기기 화재주의 바랍니다.[의왕시],경기도 의왕시 ,2025-12-21 18:01,2025-12-21,안전안내,208131,한파,2025-12-21
"당분간 영하권 한파가 지속될 전망이오니 야외활동 자제 등 건강 유의, 농축수산물 피해 사전 대비, 도로살얼음 미끄럼 주의 및 안전운전에 유의 바랍니다.[포천시청]",경기도 포천시 ,2025-12-21 18:04,2025-12-21,안전안내,208132,한파,2025-12-21
가평군 전역 한파경보 발효 중 ▲도로교통 안전유의 ▲취약인 건강관리 및 안부확인 ▲수도시설 동파예방 ▲야외활동 자제 ▲온열기기 화재주의 바랍니다.[가평군청],경기도 가평군 ,2025-12-21 18:10,2025-12-21,안전안내,208134,한파,2025-12-21
"강한 추위가 지속되고 있습니다. 수도시설 동파예방, 난방기 화재 주의 등 안전사고에 대비해 주시고 외출시 체온유지로 건강관리에 유의하시기 바랍니다. [시흥시청]",경기도 시흥시 ,2025-12-21 18:18,2025-12-21,안전안내,208135,한파,2025-12-21
영하권 강추위에 따라 ▲수도계량기 동파 예방▲도로결빙 주의▲노약자 야외활동 자제▲난방기 화재 주의 등 안전관리에 유의바랍니다. [군포시],경기도 군포시 ,2025-12-21 18:53,2025-12-21,안전안내,208140,한파,2025-12-21
"강추위가 계속되고 있으니 노약자분은 외출을 자제, 외출시 모자, 목도리 등 방한용품 착용하시고 수도계량기는 헌 옷 등으로 감싸 동파를 방지하세요 [경기도청]",경기도 전체 ,2025-12-21 19:27,2025-12-21,안전안내,208142,한파,2025-12-21
"한파경보 발효 중. 도로 살얼음으로 인한 보행 시 미끄럼 주의, 동파 예방조치, 농작물 냉해피해 예방조치, 취약계층 외출자제 및 외출 시 방한용품 착용[화성시]",경기도 화성시 ,2025-12-21 19:36,2025-12-21,안전안내,208143,한파,2025-12-21
한파경보가 발효중이오니 수도계량기 동파예방 및 난방기 화재 등 안전사고에 유의하시기 바랍니다. [남양주시],경기도 남양주시 ,2025-12-21 21:02,2025-12-21,안전안내,208156,한파,2025-12-21
"강추위가 내일까지 지속될 예정이오니, 외출을 자제하시고 도로결빙, 운전사고, 수도동파, 농작물 피해, 화재 등에 주의하시기 바랍니다.[광명시]",경기도 광명시 ,2025-12-22 6:59,2025-12-22,안전안내,208173,한파,2025-12-22
"강추위가 예상되오니 장시간 야외 활동은 자제하시고, 외출 시 장갑·목도리·모자 등 방한용품을 착용하여 건강관리에 각별히 유의하시기 바랍니다. [시흥시청]",경기도 시흥시 ,2025-12-22 7:00,2025-12-22,안전안내,208174,한파,2025-12-22
한파경보 발효중. 가급적 외출을 자제하시고 체온유지 및 도로결빙 주의 등 안전에 유의하시기 바랍니다. [남양주시],경기도 남양주시 ,2025-12-22 7:00,2025-12-22,안전안내,208175,한파,2025-12-22
"한파경보가 지속중입니다. 장시간 야외활동 자제, 외출시 모자, 목도리 등 방한용품 착용으로 한파 대비 건강관리에 유의하시기 바랍니다.[안산시청]",경기도 안산시 ,2025-12-22 8:05,2025-12-22,안전안내,208187,한파,2025-12-22
"한파경보 발효중. 노약자 보온 유지 및 야외활동 자제, 농축산시설 보온 조치, 빙판길 주의, 온열기 화재방지, 수도 동파 등 주의하시기 바랍니다. [포천시]",경기도 포천시 ,2025-12-22 8:31,2025-12-22,안전안내,208189,한파,2025-12-22
"양주시 전역에 한파경보 발효중입니다. 기온 급강하에 따른 도로결빙, 낙상, 수도관 동파 등 안전사고와 야외 활동 자제 등 건강관리에 유의하시기 바랍니다.[양주시]",경기도 양주시 ,2025-12-22 10:02,2025-12-22,안전안내,208201,한파,2025-12-22
"한파경보 발효 중, 농작물 냉해 피해 및 수도 동파 예방, 노약자 외출 자제 및 방한용품 착용 등 건강관리와 안전수칙을 준수하여 주시기 바랍니다. [양평군]",경기도 양평군 ,2025-12-22 11:09,2025-12-22,안전안내,208208,한파,2025-12-22
"계속되는 추위로 인해 도로결빙, 동파, 낙상사고 등이 발생되고 있으니, 야외활동 자제 및 외출 시 방한용품 착용 등 건강관리에 유의하시기 바랍니다.[동두천시]",경기도 동두천시 ,2025-12-22 11:31,2025-12-22,안전안내,208209,한파,2025-12-22
이번 연휴기간 동안 한파영향 지속 전망 △외출자제 및 동파·낙상사고 주의 △농축산시설 보온조치 및 난방기 화재주의 △도로결빙에 따른 안전운전바랍니다. [여주시],경기도 여주시 ,2025-12-22 13:27,2025-12-22,안전안내,208210,한파,2025-12-22
"현재 한파주의보 발효 중. 야외 활동을 자제하여 주시고, 수도 계량기 동파 방지 및 미끄럼 주의 등 한파 피해 예방에 유의하여 주시기 바랍니다. [구리시]",경기도 구리시 ,2025-12-22 16:32,2025-12-22,안전안내,208216,한파,2025-12-22
"의왕시 전역 한파주의보 발효 중. 수도시설 동파예방, 난방기 화재 주의 등 안전사고에 대비해 주시고 외출시 체온유지로 건강관리에 유의하시기 바랍니다. [의왕시]",경기도 의왕시 ,2025-12-22 17:56,2025-12-22,안전안내,208224,한파,2025-12-22
"현재 한파경보 발효 중. 야외활동 자제, 난방기 화재주의 ,수도계량기 보온조치, 농축산시설 냉해방지, 빙판길 서행 운전 등 안전에 유의 바랍니다. [포천시청]",경기도 포천시 ,2025-12-22 18:06,2025-12-22,안전안내,208227,한파,2025-12-22
영하권 강추위에 따라 ▲수도계량기 동파 예방▲도로결빙 주의▲노약자 야외활동 자제▲난방기 화재 주의 등 안전관리에 유의바랍니다. [군포시],경기도 군포시 ,2025-12-22 18:09,2025-12-22,안전안내,208228,한파,2025-12-22
"추위가 계속되고 있으니 노약자분은 외출자제, 야외활동시 모자, 목도리 등 방한용품을 착용하시고 수도계량기는 헌 옷 등으로 감싸 동파를 예방하세요 [경기도청]",경기도 전체 ,2025-12-22 19:03,2025-12-22,안전안내,208233,한파,2025-12-22
"구리시에서 실종된 박미자씨(여, 54세)를 찾습니다 -160cm,65kg,진한녹색모자,밤색잠바,다리절뚝거림 vo.la/KqtcG / ☎182 [경기북부경찰청]",경기도 구리시 ,2025-12-22 19:06,2025-12-22,안전안내,208234,기타,2025-12-22
"남양주시에서 배회중인 박미자씨(여,54세)를 찾습니다 -160cm,65kg,진한녹색모자,밤색잠바,다리절뚝거림 vo.la/KqtcG / ☎182 [경기북부경찰청]",경기도 남양주시 ,2025-12-22 19:07,2025-12-22,안전안내,208235,기타,2025-12-22
"한파주의보 지속중입니다. 장시간 야외활동을 자제하고, 외출시 방한용품을 착용하는 등 한파 대비 건강관리에 유의하시기 바랍니다.[안산시청]","경기도 안산시 상록구 ,경기도 안산시 단원구 ",2025-12-23 8:03,2025-12-23,안전안내,208249,한파,2025-12-23
"강추위가 계속되고 있으니 노약자 야외활동 자제, 외출시 방한용품 착용, 빙판길 주의, 수도 동파 등 주의하시기 바랍니다. [포천시]",경기도 포천시 ,2025-12-23 8:43,2025-12-23,안전안내,208250,한파,2025-12-23
"양주시 전역에 한파경보 발효중입니다. 기온 급강하에 따른 도로결빙, 낙상, 수도관 동파 등 안전사고와 야외 활동 자제 등 건강관리에 유의하시기 바랍니다.[양주시]",경기도 양주시 ,2025-12-23 9:46,2025-12-23,안전안내,208253,한파,2025-12-23
"경찰은 강서구에서 배회중인 이완성씨(남, 79세)를 찾습니다 -165cm,검정패딩,검정바지,검정방한화,검정가방 vo.la/PzXFm / ☎182 [서울경찰청]",서울특별시 강서구 ,2025-12-23 16:10,2025-12-23,안전안내,208259,기타,2025-12-23
"노원구에서 실종된 고순덕씨(여, 82세)를 찾습니다 -155cm,파란색얇은잠바,보라색바지,검정신발,치매인식목걸이 vo.la/ywueJ / ☎182 [서울경찰청]",서울특별시 노원구 ,2025-12-23 17:10,2025-12-23,안전안내,208260,기타,2025-12-23
"강북구에서 배회중인 고순덕씨(여,82세)를 찾습니다 -155cm,파란색얇은잠바,보라색바지,검정신발,치매인식목걸이 vo.la/ywueJ / ☎182 [서울경찰청]",서울특별시 강북구 ,2025-12-23 17:11,2025-12-23,안전안내,208261,기타,2025-12-23
"천현동 603-14 인근 건물에서 화재 발생. 화재 연기로 인해 인근 덕풍현대아파트, 쌍용아파트 등 세대 내 창문 닫아 주시기바랍니다. [하남시]",경기도 하남시 ,2025-12-23 17:16,2025-12-23,안전안내,208262,화재,2025-12-23
"내일 새벽 눈 예보가 있으니 안전사고에 유의하시기 바라며, 내 집 앞 눈 치우기에 동참하여 주시기 바랍니다. [광명시]",경기도 광명시 ,2025-12-23 18:00,2025-12-23,안전안내,208264,대설,2025-12-23
"경찰은 수원시에서 실종된 김쌍엽씨(여, 70세)를 찾습니다 -160cm, 빨간색계열잠바, 검정색모자, 목도리 vo.la/EaUjC / ☎182 [경기남부경찰청]","경기도 수원시 장안구 ,경기도 수원시 권선구 ,경기도 수원시 팔달구 ,경기도 수원시 영통구 ",2025-12-23 19:16,2025-12-23,안전안내,208265,기타,2025-12-23
"경찰은 용인시에서 배회중인 김쌍엽씨(여, 70세)를 찾습니다 -160cm, 빨간색계열잠바, 검정모자, 목도리 vo.la/EaUjC / ☎182 [경기남부경찰청]","경기도 용인시 처인구 ,경기도 용인시 기흥구 ,경기도 용인시 수지구 ",2025-12-23 19:17,2025-12-23,안전안내,208266,기타,2025-12-23
"경찰은 성남시에서 실종된 염지훈(남, 15세)을 찾습니다 -185cm,60kg,남색패딩,검정바지,흰색운동화 vo.la/mOEef / ☎182 [경기남부경찰청]","경기도 성남시 수정구 ,경기도 성남시 중원구 ,경기도 성남시 분당구 ",2025-12-23 19:30,2025-12-23,안전안내,208267,기타,2025-12-23
"경찰은 광주시에서 배회중인 염지훈(남, 15세)을 찾습니다 -185cm,60kg,남색패딩,검정바지,흰색운동화 vo.la/mOEef / ☎182 [경기남부경찰청]",경기도 광주시 ,2025-12-23 19:31,2025-12-23,안전안내,208268,기타,2025-12-23
"금일 03:40분 서남권 대설특보 발령. 내 집 내 점포 앞 눈치우기에 동참하여 주시고,, 도로결빙 우려가 있어 대중교통을 이용하여 주시기 바랍니다.[강서구청]",서울특별시 강서구 ,2025-12-24 4:20,2025-12-24,안전안내,208271,대설,2025-12-24
"새벽에 내린 눈과 지속적인 강추위로 도로, 보도 등 결빙이 우려되니 운전 및 보행 시 안전에 유의하여 주시고 가급적 대중교통을 이용해주시기 바랍니다. [시흥시청]",경기도 시흥시 ,2025-12-24 7:00,2025-12-24,안전안내,208275,대설,2025-12-24
"금일 새벽부터 눈이 내리고 있고 영하의 기온으로 인해 도로결빙이 우려되오니, 도로 미끄럼 사고와 보행안전에 유의하여 주시기 바랍니다. [양평군]",경기도 양평군 ,2025-12-24 7:10,2025-12-24,안전안내,208277,대설,2025-12-24
"새벽에 눈이 내려 미끄러우니 운전 및 보행에 주의하시고, 내 집 앞 눈 치우기에 동참해주시기 바랍니다. [광명시]",경기도 광명시 ,2025-12-24 7:25,2025-12-24,안전안내,208280,대설,2025-12-24
"현재 남양주 전역에 눈이 내려 쌓이면서 도로결빙으로 인한 미끄럼 사고가 우려됩니다. 감속운행, 차간거리 유지등 안전사고에 유의하시기 바랍니다. [남양주시]",경기도 남양주시 ,2025-12-24 7:26,2025-12-24,안전안내,208281,대설,2025-12-24
"안양시 주요 도로 전구간 제설 완료하였으나 골목길, 경사로 결빙구간 주의하시고 내 집, 내 점포 앞 눈치우기 많은 협조 바랍니다. [안양시청]","경기도 안양시 만안구 ,경기도 안양시 동안구 ",2025-12-24 7:40,2025-12-24,안전안내,208282,대설,2025-12-24
"밤사이 내린 눈으로 군포시 주요도로 제설작업 중이나, 도로 결빙에 유의하여 주시기 바랍니다. 내 집, 내 점포 앞 눈치우기에 협조바랍니다 [군포시]",경기도 군포시 ,2025-12-24 7:46,2025-12-24,안전안내,208283,대설,2025-12-24
"오늘 새벽부터 내린 눈으로 도로가 얼어 위험하니 미끄럼 사고에 주의 하시고, 가급적 대중교통을 이용하여 주시기 바랍니다. [용인특례시]",경기도 용인시 ,2025-12-24 7:50,2025-12-24,안전안내,208284,대설,2025-12-24
"아침까지 이어진 눈과 추위로 도로 및 인도결빙이 우려되니, 감속운전, 보행시 낙상주의 등 안전사고에 유의하시고 되도록 대중교통을 이용해주시기 바랍니다.[안산시청]",경기도 안산시 ,2025-12-24 8:04,2025-12-24,안전안내,208286,대설,2025-12-24
김포 전역에 눈이 내려 도보와 운전시 안전사고 우려가 있으니 조심하시기 바랍니다.[김포시청],경기도 김포시 ,2025-12-24 8:23,2025-12-24,안전안내,208289,한파,2025-12-24
"밤사이 눈이 많이 내려 안전사고가 우려됩니다. 내집 내점포 앞 눈치우기에 동참하여 주시고, 도로결빙 우려가 있으니 대중교통을 이용하여 주시기 바랍니다.[부천시청]",경기도 부천시 ,2025-12-24 8:41,2025-12-24,안전안내,208295,대설,2025-12-24
"도봉구에서 실종된 한은예씨(여,82세)를 찾습니다-150cm,보라색자켓,꽃무늬검정바지,검정비니모자,검정장갑 
vo.la/WdgUi / ☎182 [서울경찰청]",서울특별시 도봉구 ,2025-12-24 14:13,2025-12-24,안전안내,208325,기타,2025-12-24
"경찰은 의정부시에서 실종된 김덕수씨(남,52세)를 찾습니다 -165cm,검정점퍼,중앙효양병원환자복,흰운동화
vo.la/veXBY / ☎182 [경기북부경찰청]",경기도 의정부시 ,2025-12-24 16:10,2025-12-24,안전안내,208328,기타,2025-12-24
"김포 일부지역에 크리스마스인 내일 새벽 눈 예보가 있습니다. 눈과 빙판길, 특히 인파밀집으로 안전사고가 발생하지 않도록 각별히 유의하세요. [김포시청]",경기도 김포시 ,2025-12-24 19:14,2025-12-24,안전안내,208336,한파,2025-12-24
"광진구에서 배회중인 박미자씨(여,54세)를 찾습니다 -160cm,진한녹색모자,밤색점퍼,꽃무늬바지,다리절뚝거림 vo.la/KqtcG / ☎182 [서울경찰청]",서울특별시 광진구 ,2025-12-24 19:22,2025-12-24,안전안내,208337,기타,2025-12-24
"내일 새벽에 비교적 많은 눈이 예보되어 있으니 운전 및 보행에 주의하시고, 내 집 앞 눈 치우기에 동참해 주시기 바랍니다.[광명시]",경기도 광명시 ,2025-12-24 20:05,2025-12-24,안전안내,208338,대설,2025-12-24
내일 새벽에 비교적 많은 눈이 예보되어 있으니 운전 및 보행에 주의하시고 내 집 앞 눈 치우기에 동참하여 주시기 바랍니다..[광주시],경기도 광주시 ,2025-12-24 20:31,2025-12-24,안전안내,208340,대설,2025-12-24
오늘 밤부터 내일 아침까지 많은 눈이 내릴 것으로 예상됩니다. 눈길 교통사고에 대비하여 가급적 대중교통을 이용하시고 외출을 자제하여 주시기 바랍니다. [경기도청],경기도 전체 ,2025-12-24 21:00,2025-12-24,안전안내,208341,대설,2025-12-24
"시흥시 대설주의보 발효 중
도로결빙 우려에 따른 안전거리 확보, 빙판길 주의, 시설물 피해 예방, 외출 자제 및 외출 시 체온유지 바랍니다. [시흥시청]",경기도 시흥시 ,2025-12-25 6:40,2025-12-25,안전안내,208346,대설,2025-12-25
"대설주의보 발효중입니다. 도로 및 인도 결빙이 우려되오니 감속 운전, 보행시 미끄럼주의 등 안전사고에 주의하시고, 가급적 대중교통 이용을 당부드립니다.[안산시청]",경기도 안산시 ,2025-12-25 7:00,2025-12-25,안전안내,208347,대설,2025-12-25
"현재 포천시 전역에 눈이 내려 쌓이면서 빙판길이 우려됩니다. 차량 운행시 서행하시기 바라며, 노약자 분들은 낙상 사고에 주의하시기 바랍니다. [포천시]",경기도 포천시 ,2025-12-25 7:01,2025-12-25,안전안내,208348,대설,2025-12-25
"대설주의보 발효중. 새벽에 내린 눈으로 도로, 인도 등 결빙이 예상되오니 터널·교량 인근 차량운행 및 보도 미끄럼 사고에 유의하시기 바랍니다. [화성시]",경기도 화성시 ,2025-12-25 7:13,2025-12-25,안전안내,208349,대설,2025-12-25
김포지역 8년만의 화이트 크리스마스로 오전에 눈이 그치겠지만 외출하시는 시민분들께서는 안전하게 이동하시기 바랍니다. [김포시청],경기도 김포시 ,2025-12-25 7:17,2025-12-25,안전안내,208350,대설,2025-12-25
"안양시 주요도로 전구간 제설작업 마쳤으나, 이면도로·육교 등 결빙구간 주의하시고, 내 집·내 점포 앞 눈치우기 많은 참여 바랍니다.[안양시청]","경기도 안양시 만안구 ,경기도 안양시 동안구 ",2025-12-25 7:20,2025-12-25,안전안내,208351,대설,2025-12-25
"의왕시 주요도로 제설 완료되었으나, 골목길, 인도 등 결빙구간 낙상사고 주의바라며, 내 집·점포 앞 눈 치우기에 동참하여 주시기 바랍니다. [의왕시청]",경기도 의왕시 ,2025-12-25 7:28,2025-12-25,안전안내,208352,대설,2025-12-25
"현재 양평군 전역에 눈이 내려 쌓이면서 도로와 인도에 결빙으로 인한 미끄럼 사고가 우려되오니, 안전운전 준수 및 보행안전에 유의하여 주시기 바랍니다. [양평군]",경기도 양평군 ,2025-12-25 7:42,2025-12-25,안전안내,208353,대설,2025-12-25
"많은 눈과 강추위가 계속되고 있습니다. 도로결빙으로 인한 차량 미끄럼 사고가 우려되니 감속운행, 차간거리 유지 등 안전운전에 각별히 유의바랍니다. [국토교통부]","강원특별자치도 전체 ,경기도 전체 ,서울특별시 전체 ,인천광역시 전체 ,전라북도 전체 ,충청남도 전체 ",2025-12-25 8:00,2025-12-25,안전안내,208355,대설,2025-12-25
"성탄절 아침 새벽부터 쌓인 눈으로 도로가 많이 미끄럽습니다. 가급적 대중교통을 이용하시고, 내 집, 내 점포 앞 눈 치우기를 실천 해주세요. [경기도청]",경기도 전체 ,2025-12-25 8:00,2025-12-25,안전안내,208356,대설,2025-12-25
"밤사이 강설로 인해 미끄럼 사고 우려가 있으니, 보행 및 운전 시 안전사고에 유의하시고, 내 집 앞 눈 치우기에 동참해 주시기 바랍니다. [부천시]",경기도 부천시 ,2025-12-25 8:01,2025-12-25,안전안내,208357,대설,2025-12-25
"현재 남양주 전역에 눈이 내려 쌓이면서 도로결빙으로 인한 미끄럼 사고가 우려됩니다. 감속운행, 차간거리 유지등 안전사고에 유의하시기 바랍니다. [남양주시]",경기도 남양주시 ,2025-12-25 8:09,2025-12-25,안전안내,208358,대설,2025-12-25
"밤사이 눈이 내려 차도와 인도가 미끄러우니 가급적 대중교통을 이용하시고, 내 집 앞 눈 치우기에 동참바랍니다.[광명시]",경기도 광명시 ,2025-12-25 8:19,2025-12-25,안전안내,208360,대설,2025-12-25
"군포시 주요도로 제설 완료되었으나, 인도, 골목길 등 결빙구간 낙상사고 주의바라며, 내집, 점포 앞 눈 치우기에 동참하여 주시기 바랍니다. [군포시]",경기도 군포시 ,2025-12-25 8:25,2025-12-25,안전안내,208361,대설,2025-12-25
"현재 가평군에 눈이 내리며 쌓이면서 도로, 인도 등 결빙이 예상되오니, 차량 운행시 서행하시기 바라며, 노약자 분들은 낙상 사고에 주의하시기 바랍니다. [가평군]",경기도 가평군 ,2025-12-25 8:45,2025-12-25,안전안내,208363,대설,2025-12-25
"새벽부터 내린 눈이 양평군 전역에 쌓여 인도에 결빙이 우려됩니다. 보행안전에 유의바라며 내 집, 내 점포 앞 눈 치우기에 적극 동참하여 주시기 바랍니다.[양평군]",경기도 양평군 ,2025-12-25 9:09,2025-12-25,안전안내,208367,대설,2025-12-25
"대설주의보 발효 중. 아침에 내린 눈으로 도로결빙이 우려, 보행 시 미끄럼 사고에 대비하여 내 집(점포) 앞 눈 치우기 동참하여 주시기 바랍니다. [화성시]",경기도 화성시 ,2025-12-25 9:13,2025-12-25,안전안내,208368,대설,2025-12-25
대설 주의보 발효 중입니다. 가급적 대중교통을 이용해 주시고 도로결빙이 우려되므로 보행 및 운전 시 미끄러움에 주의하시기 바랍니다. [오산시],경기도 오산시 ,2025-12-25 9:45,2025-12-25,안전안내,208371,대설,2025-12-25
"새벽부터 내린 눈이 동두천 전역에 쌓여 결빙이 우려됩니다. 보행 및 운전에 유의바라며 내 집, 내 점포 앞 눈 치우기에 적극 동참하여 주시기 바랍니다.[동두천시]",경기도 동두천시 ,2025-12-25 10:04,2025-12-25,안전안내,208373,대설,2025-12-25
"금일 많은 강설로 인해 미끄럼 사고 우려가 있으니, 보행 및 운전 시 안전사고에 유의하시고, 내 집, 내 점포 앞 눈 치우기에 동참하여 주시기 바랍니다.[연천군]",경기도 연천군 ,2025-12-25 10:19,2025-12-25,안전안내,208374,대설,2025-12-25
"성탄절 새벽부터 내린 눈으로 도로가 많이 미끄럽습니다. 보행 안전에 유의하시기 바라며, 내 집, 내 점포 앞 눈 치우기를 실천해 주시기 바랍니다.  [영등포구]",서울특별시 영등포구 ,2025-12-25 10:47,2025-12-25,안전안내,208375,대설,2025-12-25
"경찰은 노원구에서 실종된 김진나씨(여, 34세)를 찾습니다 - 153cm, 갈색자켓, 빨간색운동화, 녹색쇼핑백 vo.la/CyYvT / ☎182 [서울경찰청]",서울특별시 노원구 ,2025-12-25 14:32,2025-12-25,안전안내,208379,기타,2025-12-25
"경찰은 강남구에서 배회중인 김진나씨(여, 34세)를 찾습니다 - 153cm, 갈색자켓, 빨간색운동화, 녹색쇼핑백 vo.la/CyYvT / ☎182 [서울경찰청]",서울특별시 강남구 ,2025-12-25 14:33,2025-12-25,안전안내,208380,기타,2025-12-25
"경찰은 노원구에서 실종된 정승건씨(남, 74세)를 찾습니다 -169cm,남색잠바,남색바지,검정신발,크로스백,안경 vo.la/MSumR / ☎182 [서울경찰청]",서울특별시 노원구 ,2025-12-25 16:41,2025-12-25,안전안내,208382,기타,2025-12-25
"도봉구에서 배회중인 정승건씨(남, 74세)를 찾습니다 -169cm,남색잠바,남색바지,검정신발,크로스백,안경 vo.la/MSumR / ☎182 [서울경찰청]",서울특별시 도봉구 ,2025-12-25 16:42,2025-12-25,안전안내,208383,기타,2025-12-25
"오늘 밤 날씨가 영하로 내려감에 따라 미끄럼 사고 우려가 있으니, 운전 시 차간거리 유지, 고갯길, 교량, 터널 감속운행 등 교통안전에 유의 바랍니다. [화성시]",경기도 화성시 ,2025-12-25 18:00,2025-12-25,안전안내,208384,한파,2025-12-25
"경찰은 광진구에서 실종된 최귀인씨(여, 85세)를 찾습니다 -160cm,베이지색잠바,핑크색바지,털모자,지팡이 vo.la/cGuad / ☎182 [서울경찰청]",서울특별시 광진구 ,2025-12-25 19:48,2025-12-25,안전안내,208385,기타,2025-12-25
"경찰은 광주시에서 실종된 김인숙씨(여, 79세)를 찾습니다 -155cm, 황토색털모자, 황토색잠바, 회색조끼 vo.la/VdtAZ ☎ 182 [경기남부경찰청]",경기도 광주시 ,2025-12-26 9:30,2025-12-26,안전안내,208386,기타,2025-12-26
"성남시에서 실종된 안상모씨(남, 70세)를 찾습니다 -161cm, 60kg, 남색자켓, 검정바지, 체크목도리 vo.la/FAjOA / ☎182 [경기남부경찰청]","경기도 성남시 수정구 ,경기도 성남시 중원구 ,경기도 성남시 분당구 ",2025-12-26 16:59,2025-12-26,안전안내,208392,기타,2025-12-26
"경찰은 구로구에서 실종된 최종화씨(남,68세)를 찾습니다 -177cm,80kg,흰색환자복,검정바지,슬리퍼
vo.la/DUQBY / ☎182 [서울경찰청]",서울특별시 구로구 ,2025-12-27 9:01,2025-12-27,안전안내,208393,기타,2025-12-27
"경찰은 강서구에서 배회중인 최종화씨(남,68세)를 찾습니다 -177cm,80kg,흰색환자복,검정바지,슬리퍼 
vo.la/DUQBY / ☎182 [서울경찰청]",서울특별시 강서구 ,2025-12-27 9:11,2025-12-27,안전안내,208394,기타,2025-12-27
"오산시에서 실종된 최우석씨(남,20세)를 찾습니다 -171cm,털모자달린검정패딩,검정바지,아디다스검정모자
vo.la/pbaDj / ☎182 [경기남부경찰청]",경기도 오산시 ,2025-12-27 10:45,2025-12-27,안전안내,208395,기타,2025-12-27
"평택시에서 배회중인 최우석씨(남,20세)를 찾습니다 -171cm,털모자달린검정패딩,검정바지,아디다스검정모자 
vo.la/pbaDj / ☎182 [경기남부경찰청]",경기도 평택시 ,2025-12-27 10:48,2025-12-27,안전안내,208396,기타,2025-12-27
"강북구에서 실종된 김정자씨(여,83세)를 찾습니다-161cm,갈색롱패딩,황색바지,분홍부츠,빨간목도리,오른팔깁스 
vo.la/MktSB / ☎182 [서울경찰청]",서울특별시 강북구 ,2025-12-27 10:58,2025-12-27,안전안내,208397,기타,2025-12-27
"송파구에서 실종된 정옥례씨(여,68세)를 찾습니다 -158cm,검정점퍼,밝은색체크바지,털달린검정워커,안경착용
vo.la/HcskR / ☎182 [서울경찰청]",서울특별시 송파구 ,2025-12-27 11:16,2025-12-27,안전안내,208399,기타,2025-12-27
"고양시에서 실종된 전향자씨(여,76세)를 찾습니다 -158cm,60kg,베이지색패딩,검정바지,갈색단화 
vo.la/atMjT / ☎182 [경기북부경찰청]","경기도 고양시 덕양구 ,경기도 고양시 일산동구 ,경기도 고양시 일산서구 ",2025-12-27 12:00,2025-12-27,안전안내,208400,기타,2025-12-27
"파주시에서 배회중인 전향자씨(여,76세)를 찾습니다 -158cm,60kg,베이지색패딩,검정바지,갈색단화 
vo.la/atMjT / ☎182 [경기북부경찰청]",경기도 파주시 ,2025-12-27 12:02,2025-12-27,안전안내,208401,기타,2025-12-27
"내일 06~21시 서울, 인천, 경기지역에서 미세먼지 비상저감조치 시행. 개인 건강관리에 유의바랍니다. [환경부]","경기도 전체 ,서울특별시 전체 ,인천광역시 전체 ",2025-12-27 17:20,2025-12-27,안전안내,208404,미세먼지,2025-12-27
"강동구에서 실종된 구자원씨(남, 40세)를 찾습니다 -175cm,80kg,검정패딩,검정바지,검정신발,안경착용
vo.la/doKRW / ☎182 [서울경찰청]",서울특별시 강동구 ,2025-12-27 18:07,2025-12-27,안전안내,208407,기타,2025-12-27
"수도권 내일 06시~21시 미세먼지 비상저감조치 시행.
외출 자제, 마스크 착용, 대중교통 이용 등 건강에 유의하시기 바랍니다. [서울특별시청]",서울특별시 전체 ,2025-12-27 18:49,2025-12-27,안전안내,208409,미세먼지,2025-12-27
"미세먼지 노출시 기침·호흡곤란·가려움·안구건조 등 이상증상 위험이 있으니, 외출자제, 손씻기, 마스크착용 등 위생관리 철저로 건강관리에 유의바랍니다. [환경부]","경기도 전체 ,서울특별시 전체 ,인천광역시 전체 ",2025-12-28 8:20,2025-12-28,안전안내,208414,미세먼지,2025-12-28
"마포구에서 배회중인 고가영씨(여, 14세)를 찾습니다 -165cm,핑크색잠바,회색추리닝,크록스신발,검정크로스백 vo.la/wSJoW / ☎182 [서울경찰청]",서울특별시 마포구 ,2025-12-28 11:09,2025-12-28,안전안내,208420,기타,2025-12-28
"송파구에서 배회중인 백병춘씨(남, 61세)를 찾습니다 -160cm,황토색롱패딩,검정바지,검정크록스,백발대머리 vo.la/ywmZU / ☎182 [서울경찰청]",서울특별시 송파구 ,2025-12-28 20:10,2025-12-28,안전안내,208422,기타,2025-12-28
"성남시에서 배회중인 백병춘씨(남, 61세)를 찾습니다 -160cm,황토색롱패딩,검정바지,검정크록스,백발대머리 vo.la/ywmZU / ☎182 [경기남부경찰청]","경기도 성남시 수정구 ,경기도 성남시 중원구 ,경기도 성남시 분당구 ",2025-12-28 20:11,2025-12-28,안전안내,208423,기타,2025-12-28
"의정부시에서 실종된 김주현씨(남, 57세)를 찾습니다 -164cm,파란색모자,노란색잠바,검정바지,흰운동화 vo.la/YhDKd / ☎182 [경기북부경찰청]",경기도 의정부시 ,2025-12-29 10:57,2025-12-29,안전안내,208426,기타,2025-12-29
"의정부시에서 실종된 조상준씨(남, 72세)를 찾습니다-165cm,검정모자,보라색티,검정조끼,검정바지,검정신발 vo.la/swCze / ☎182 [경기북부경찰청]",경기도 의정부시 ,2025-12-29 13:25,2025-12-29,안전안내,208428,기타,2025-12-29
"양주시에서 배회중인 조상준씨(남,72세)를 찾습니다 -165cm,검정모자,보라색티,검정조끼,검정바지,검정신발 vo.la/swCze / ☎182 [경기북부경찰청]",경기도 양주시 ,2025-12-29 13:29,2025-12-29,안전안내,208429,기타,2025-12-29
"양천구에서 실종된 김소영씨(여, 48세)를 찾습니다 -165cm, 빨간색롱패딩, 검정바지, 검정운동화, 검정모자 vo.la/XALYm / ☎182 [서울경찰청]",서울특별시 양천구 ,2025-12-29 16:02,2025-12-29,안전안내,208431,기타,2025-12-29
"은평구에서 배회중인 김소영씨(여, 48세)를 찾습니다 -165cm,빨간색롱패딩, 검정바지, 검정운동화, 검정모자 vo.la/XALYm / ☎182 [서울경찰청]",서울특별시 은평구 ,2025-12-29 16:02,2025-12-29,안전안내,208432,기타,2025-12-29
김포 전역 눈이내려 도로가 미끄러우니 보행 및 운전 시 안전사고에 유의하시기 바랍니다. [김포시],경기도 김포시 ,2025-12-30 8:03,2025-12-30,안전안내,208437,대설,2025-12-30
"양주시 전역에 대설특보가 발효되었습니다. 도로, 인도 등 미끄러우니 보행 및 운전 시 안전사고에 예방에 각별히 유의하여 주시기 바랍니다. [양주시]",경기도 양주시 ,2025-12-30 8:57,2025-12-30,안전안내,208438,대설,2025-12-30
"현재 남양주 지역 눈,비가 내리고 있으니 기본속도 20~50 감속운행 및 안전운행을 하시어 안전사고에 주의하시기 바랍니다.[남양주시]",경기도 남양주시 ,2025-12-30 9:01,2025-12-30,안전안내,208439,대설,2025-12-30
"오늘 08시 40분 고양시 전역에 대설주의보가 발효되었습니다. 내 집, 점포 앞 눈 치우기. 도로결빙에 따른 서행 및 안전운전바랍니다. [고양시]",경기도 고양시 ,2025-12-30 9:07,2025-12-30,안전안내,208440,대설,2025-12-30
"현재 동두천시에 대설주의보가 발령되었으니 야외 활동과 차량운행을 자제하시고, 낙상 등 안전사고에 유의하여 주시기 바랍니다. [동두천시]",경기도 동두천시 ,2025-12-30 9:10,2025-12-30,안전안내,208441,대설,2025-12-30
"광주시 전역에 눈, 비가 내리고 있습니다. 도로, 인도 등 미끄러우니 보행 및 운전 시 안전사고 예방에 각별히 유의하여 주시기 바랍니다. [광주시]",경기도 광주시 ,2025-12-30 9:18,2025-12-30,안전안내,208443,대설,2025-12-30
"포천시 전역에 대설주의보 발효. 차량운행시 서행운전 하시기 바라며, 노약자 분들은 낙상사고에 주의하시기 바랍니다. [포천시]",경기도 포천시 ,2025-12-30 9:19,2025-12-30,안전안내,208444,대설,2025-12-30
"대설주의보 발효. 많은 눈이 예상됩니다. 길이 얼어 미끄럼 사고가 우려되오니  되도록 대중교통을 이용하시고, 운전 시에는 서행하세요. [동작구]",서울특별시 동작구 ,2025-12-30 9:47,2025-12-30,안전안내,208445,대설,2025-12-30
"금일 많은 강설로 인해 미끄럼 사고 우려가 있으니, 보행 및 운전 시 안전사고에 유의하시고 내 집, 내 점포 앞 눈 치우기에 동참해 주시기 바랍니다.[가평군]",경기도 가평군 ,2025-12-30 9:48,2025-12-30,안전안내,208446,대설,2025-12-30
"금일 09시부로 서울 지역에 대설주의보 발령되었습니다. 내 집 앞 눈 치우기 동참, 차량 운행 자제, 외출 시 대중교통을 이용해 주시기 바랍니다. [관악구청]",서울특별시 관악구 ,2025-12-30 9:52,2025-12-30,안전안내,208447,대설,2025-12-30
"대설주의보 발효. 운전 시 감속운행 및 비닐하우스 파손, 농작물 피해, 미끄럼 주의 등 안전사고 예방에 주의하시기 바랍니다.[남양주시]",경기도 남양주시 ,2025-12-30 10:04,2025-12-30,안전안내,208450,대설,2025-12-30
"오늘 09시부 서울지역 대설주의보 발령. 내 집 앞 눈 치우기에 동참해 주세요. 차량 운행은 자제하시고, 출퇴근 시에는 대중교통을 이용해 주세요. [강북구청]",서울특별시 강북구 ,2025-12-30 10:09,2025-12-30,안전안내,208451,대설,2025-12-30
"연천군 전역 대설주의보 발령. 내 집 앞 눈 치우기에 동참해 주세요. 차량 운행은 자제하시고, 외출 시에는 대중교통을 이용해 주세요. [연천군]",경기도 연천군 ,2025-12-30 10:13,2025-12-30,안전안내,208452,대설,2025-12-30
"금일 9시부로 부천시에 대설주의보가 발효되었습니다. 미끄럼 안전사고에 유의 바라며, 내 집 내 점포 앞 눈 치우기에 동참해 주시기 바랍니다. [부천시청]",경기도 부천시 ,2025-12-30 10:21,2025-12-30,안전안내,208454,대설,2025-12-30
"금일 현재 서울지역에 대설주의보가 발령 중입니다. 차량 운행 자제, 외출 시 대중교통 이용, 보도·이면도로 보행 시 낙상에 주의 바랍니다. [서울특별시청]",서울특별시 전체 ,2025-12-30 10:41,2025-12-30,안전안내,208455,대설,2025-12-30
"현재 대설주의보 발효중. 차량 운행 자제 및 미끄럼 주의 등 안전사고 예방에 유의하여 주시고, 내 집 내 점포 앞 눈 치우기에 동참하여 주시기 바랍니다.[구리시]",경기도 구리시 ,2025-12-30 10:55,2025-12-30,안전안내,208459,대설,2025-12-30
"11시 대설주의보 발효, 31일 새벽까지 많은 눈이 예보되어 도로 등에 결빙으로 인한 미끄럼 사고가 우려되니, 안전운전 준수 및 보행안전에 유의바랍니다.[양평군]",경기도 양평군 ,2025-12-30 11:06,2025-12-30,안전안내,208460,대설,2025-12-30
"현재 내리는 눈으로 미끄럼사고가 우려되니, 차량감속운행,대중교통이용,낙상사고주의등 안전에 유의바라며, 내집,내점포 앞 눈치우기에 동참해 주시기 바랍니다.[화성시]",경기도 화성시 ,2025-12-30 11:07,2025-12-30,안전안내,208461,대설,2025-12-30
"대설주의보가 발령되었습니다. 도로가 매우 미끄러우니 보행 시 낙상사고에 주의바라며, 또한, 내집.내전포 앞 눈치우기에 적극 참여하여 주시기 바랍니다.[영등포구]",서울특별시 영등포구 ,2025-12-30 11:11,2025-12-30,안전안내,208462,대설,2025-12-30
"오늘 많은 눈이 예상됩니다. 내 집 앞 눈 치우기 동참, 차량 운행 자제, 외출 시 대중교통 이용, 보도·이면도로 보행 시 낙상에 주의 바랍니다. [도봉구청]",서울특별시 도봉구 ,2025-12-30 11:15,2025-12-30,안전안내,208463,대설,2025-12-30
"여주시 현재 많은 눈이 내리고 있습니다. 도로 결빙 등으로 인한 미끄럼 사고가 우려되니, 안전운전 준수 및 보행안전에 유의바랍니다 .[여주시]",경기도 여주시 ,2025-12-30 11:26,2025-12-30,안전안내,208465,대설,2025-12-30
도내에 많은 눈이 내리고 있습니다. 가급적 대중교통을 이용하시고 차량 이용 시 감속 등 안전운전과 보행 중 미끄럼 사고에 조심하시기 바랍니다. [경기도청],경기도 전체 ,2025-12-30 11:50,2025-12-30,안전안내,208468,대설,2025-12-30
"강북구에서 실종된 정복순씨(여,82세)를 찾습니다-145cm,39kg,자주색잠바,꽃무늬바지,남색신발,흰색모자
vo.la/PtmTq / ☎182 [서울경찰청]",서울특별시 강북구 ,2025-12-30 11:58,2025-12-30,안전안내,208470,기타,2025-12-30
관내에 많은 눈이 내리고 있습니다. 가급적 대중교통을 이용하시고 차량 이용 시 감속 등 안전운전과 보행 중 미끄럼 사고에 조심하시기 바랍니다. [성남시청],"경기도 성남시 수정구 ,경기도 성남시 중원구 ,경기도 성남시 분당구 ",2025-12-30 12:06,2025-12-30,안전안내,208471,대설,2025-12-30
"오늘 현재 서울지역 대설주의보 발령. 내집 앞 눈 치우기에 적극 동참해주세요. 차량 운행 자제하시고 가급적 대중교통 이용, 보행시 낙상 주의바랍니다.[성북구청]",서울특별시 성북구 ,2025-12-30 13:00,2025-12-30,안전안내,208473,대설,2025-12-30
"현재 많은 눈이 내리고 있습니다. 비닐하우스 및 축수산 시설물 관리, 안전거리 확보 및 감속운전, 낙상사고 등 안전에 주의하시기 바랍니다. [포천시]",경기도 포천시 ,2025-12-30 13:07,2025-12-30,안전안내,208474,대설,2025-12-30
현재 이천시내에 많은 눈이 내리고 있습니다. 가급적 대중교통을 이용하시고 차량 이용 시 도로결빙 및 보행 미끄럼 안전에 유의하시기 바랍니다. [이천시청],경기도 이천시 ,2025-12-30 13:26,2025-12-30,안전안내,208475,대설,2025-12-30
"김포지역의 많은 눈으로 비닐하우스 붕괴 등 피해가 우려되니 예방조치 바라며 특히, 인명피해가 없도록 외출자제와 교통 안전에 주의바랍니다.[김포시청]",경기도 김포시 ,2025-12-30 13:39,2025-12-30,안전안내,208476,대설,2025-12-30
"비 또는 눈이 내리는 지역에서는 인도 및 도로에 결빙 우려가 있으니, 낙상사고 방지 및 차량 감속운전 등 안전에 유의하시기 바랍니다.[시흥시청]",경기도 시흥시 ,2025-12-30 13:58,2025-12-30,안전안내,208478,대설,2025-12-30
현재 많은 눈이 내리고 있습니다. 대설로 인한 사고 위험이 대단히 높으니 차량 운행 자제 및 미끄럼 주의 등 안전사고 예방에 유의하여 주시기 바랍니다[여주시],경기도 여주시 ,2025-12-30 14:00,2025-12-30,안전안내,208479,대설,2025-12-30
"현재 남양주 지역 많은 눈이 내리고 있으니 차량운행은 자제하시고 대중교통 이용, 감속운행, 안전거리 확보, 미끄럼 주의 등 각별히 유의하시기 바랍니다.[남양주시]",경기도 남양주시 ,2025-12-30 14:07,2025-12-30,안전안내,208480,대설,2025-12-30
"오늘 내리는 눈은 습기를 많이 포함하고 있어 눈의 무게가 무겁습니다. 시장, 축사, 비닐하우스 등 시설물에 눈이 쌓이지 않도록 관리하시기 바랍니다. [여주시]",경기도 여주시 ,2025-12-30 14:16,2025-12-30,안전안내,208482,대설,2025-12-30
"눈과 비가 내리면서 일부 도로 및 인도의 미끄럼사고가 우려됩니다. 감속 안전운전, 보행시 낙상주의 등 안전사고에 유의해주시기 바랍니다.[안산시청]",경기도 안산시 ,2025-12-30 14:34,2025-12-30,안전안내,208484,대설,2025-12-30
"현재 구리시에 많은 눈이 내리고 있으니 내 집, 내 점포 앞 눈 치우기에 적극 동참하여 주시고, 차량은 가급적 운행을 자제하여 주시기 바랍니다. [구리시]",경기도 구리시 ,2025-12-30 14:58,2025-12-30,안전안내,208486,대설,2025-12-30
송정초교~관송삼거리 구간 폭설로 인한 교통통제 중으로 우회 바랍니다. 가급적 외출을 자제하고 내 집(가게) 앞 눈치우기에 동참하여 주시기 바랍니다. [이천시청],"경기도 이천시 창전동,경기도 이천시 관고동,경기도 이천시 중리동,경기도 이천시 증일동,경기도 이천시 율현동,경기도 이천시 진리동,경기도 이천시 안흥동,경기도 이천시 갈산동,경기도 이천시 증포동,경기도 이천시 송정동,경기도 이천시 사음동,경기도 이천시 단월동,경기도 이천시 고담동,경기도 이천시 장록동",2025-12-30 15:07,2025-12-30,안전안내,208490,대설,2025-12-30
"눈과 비가 내려 차도 및 인도가 미끄러우니 운전 및 보행에 조심하시고, 해돋이 산행 시 미끄럼 사고에도 유의 바랍니다. [광명시]",경기도 광명시 ,2025-12-30 15:09,2025-12-30,안전안내,208491,대설,2025-12-30
"성남시에서 실종된 안병운씨(남,54세)를 찾습니다-165cm,90kg,검정패딩,회색바지,갈색신발,부분탈모
vo.la/PWfdQ / ☎182 [경기남부경찰청]","경기도 성남시 수정구 ,경기도 성남시 중원구 ,경기도 성남시 분당구 ",2025-12-30 15:48,2025-12-30,안전안내,208496,기타,2025-12-30
"내일까지 대설주의보로 많은 눈이 예상됩니다. 내집앞 눈치우기 동참, 외출 시 대중교통 이용, 특히 보행 시 보도가 미끄러우니 낙상사고에 주의 바랍니다.[강동구청]",서울특별시 강동구 ,2025-12-30 15:56,2025-12-30,안전안내,208497,대설,2025-12-30
"금일 강설로 덤프, 트랙터 450대가 교통량이 많은 지역부터 제설중에 있으며, 시민들께서는 야외활동 자제, 대중교통 이용, 내집 앞 제설을 당부드립니다.[여주시]",경기도 여주시 ,2025-12-30 16:26,2025-12-30,안전안내,208499,대설,2025-12-30
"현재 포천시 전역에 눈이 쌓이면서 빙판길이 우려됩니다. 차량 운행 시 감속 운행하여 주시고, 보행 시 보도가 미끄러우니 낙상사고에 주의 바랍니다.[포천시]",경기도 포천시 ,2025-12-30 17:10,2025-12-30,안전안내,208504,대설,2025-12-30
어제 내린 눈이 도로와 인도에 쌓여 미끄럼 사고가 우려되니 감속운행 및 보행안전에 유의바라며 내 집(점포) 앞 눈 치우기에 적극 동참해 주시기 바랍니다.[양평군],경기도 양평군 ,2025-12-31 7:17,2025-12-31,안전안내,208516,대설,2025-12-31
밤사이 내린 눈으로 인하여 도로 결빙이 우려됩니다. 차량 운행 시 서행하여 주시고 미끄럼사고에 각별이 유의하시기 바랍니다. [가평군],경기도 가평군 ,2025-12-31 9:03,2025-12-31,안전안내,208520,대설,2025-12-31
"경찰은 광진구에서 실종된 김병일씨(남,67세)를 찾습니다-160cm,검정잠바,남색바지,검정모자,마른체형,흰마스크 vo.la/UPtXs / ☎182 [서울경찰청]",서울특별시 광진구 ,2025-12-31 9:19,2025-12-31,안전안내,208523,기타,2025-12-31
"여주시 현재 잔여강설 제설 중에 있습니다. 시민분들께서는 감속운행, 보행안전에 유의바라며 내 집(점포) 앞 눈 치우기에 적극 동참해 주시기 바랍니다.[여주시]",경기도 여주시 ,2025-12-31 11:23,2025-12-31,안전안내,208526,대설,2025-12-31
[24년 행주산성 해맞이행사 취소] 2024년 행주산성 해맞이 행사는 12월 30일 대설주의보 때 내린 많은 눈으로 행사 안전사고가 우려되어 취소합니다.[고양시],경기도 고양시 ,2025-12-31 12:40,2025-12-31,안전안내,208528,교통,2025-12-31
"경찰은 중랑구에서 실종된 이종철씨(남, 58세)를 찾습니다 -170cm, 카키색후드잠바, 검정바지, 검정운동화 vo.la/XThzH / ☎182 [서울경찰청]",서울특별시 중랑구 ,2025-12-31 15:02,2025-12-31,안전안내,208530,기타,2025-12-31
"안산시에서 배회중인 이종철씨(남, 58세)를 찾습니다 -170cm, 카키색후드잠바, 검정바지, 검정운동화 vo.la/XThzH / ☎182 [경기남부경찰청]","경기도 안산시 상록구 ,경기도 안산시 단원구 ",2025-12-31 15:03,2025-12-31,안전안내,208531,기타,2025-12-31
2024. 1. 1.(월) 김포지역 주요 해맞이 장소에 영하의 날씨로 결빙과 인파밀집 안전사고가 우려되니 무엇보다 안전하게 새해를 맞이하세요.[김포시청],경기도 김포시 ,2025-12-31 17:00,2025-12-31,안전안내,208533,기타,2025-12-31
한파가 지속되고 있습니다. 해맞이 행사 참여시 개인 보온에 유념하시고 인파 밀집 사고 예방을 위해 주변 사람과 충분한 공간을 확보해 주시기 바랍니다.[오산시청],경기도 오산시 ,2025-12-31 19:02,2025-12-31,안전안내,208536,한파,2025-12-31
"은평구에서 실종된 유국림씨(남, 66세)를 찾습니다 -160cm, 회색긴잠바, 검정골덴바지, 검정색 투박한신발 vo.la/enbVj / ☎182 [서울경찰청]",서울특별시 은평구 ,2025-12-31 20:22,2025-12-31,안전안내,208538,기타,2025-12-31
"서대문구에서 배회중인 유국림씨(남, 66세)를 찾습니다-160cm, 회색긴잠바, 검정골덴바지, 검정색 투박한신발 vo.la/enbVj / ☎182 [서울경찰청]",서울특별시 서대문구 ,2025-12-31 20:23,2025-12-31,안전안내,208539,기타,2025-12-31
"내린 눈,비로 인한 도로 결빙이 우려되오니 차량 운행 시 서행하여 주시고 미끄럼사고에 각별히 유의하시기 바랍니다[남양주시]",경기도 남양주시 ,2025-12-31 20:46,2025-12-31,안전안내,208542,대설,2025-12-31
금일 23시부터 익일 01시까지 1호선 종각역 타종행사로 무정차 통과합니다. 종각역 이용고객은 인근 종로3가역이나 을지로입구역 이용바랍니다. [서울교통공사],서울특별시 전체 ,2025-12-31 22:59,2025-12-31,안전안내,208545,기타,2025-12-31
"새해 해맞이 행사 참여 시 인파 밀집 사고에 주의 바라며 도로 및 터널, 교량 등 결빙 우려에 따른 미끄럼 안전사고에 유의하시기 바랍니다. [시흥시청]",경기도 시흥시 ,2025-01-01 7:26,2025-01-01,안전안내,208552,한파,2025-01-01
"동작구에서 실종된 조형섭씨(남,72세)를 찾습니다-150cm,왜소한체격,노랑점퍼(가슴에치매환자표시),모자미착용 
vo.la/NzGAJ / ☎182 [서울경찰청]",서울특별시 동작구 ,2025-01-01 9:23,2025-01-01,안전안내,208557,기타,2025-01-01
"관악구에서 목격된 조형섭씨(남,72세)를 찾습니다-150cm,왜소한체격,노랑점퍼(가슴에치매환자표시),모자미착용 
vo.la/NzGAJ / ☎182 [서울경찰청]",서울특별시 관악구 ,2025-01-01 9:31,2025-01-01,안전안내,208558,기타,2025-01-01
"중랑구에서 실종된 배달조씨(남,80세)를 찾습니다-165cm,60kg,회색베레모,검정파카,검정바지,검정운동화
vo.la/mBLpp / ☎182 [서울경찰청]",서울특별시 중랑구 ,2025-01-01 16:16,2025-01-01,안전안내,208564,기타,2025-01-01
"안성시에서 실종된 장미경씨(여,48세)를 찾습니다-160cm,숏커트,검정피코트,노란무늬바지,흰색쇼핑백 
vo.la/iTraV / ☎182 [경기남부경찰청]",경기도 안성시 ,2025-01-01 19:59,2025-01-01,안전안내,208589,기타,2025-01-01
"평택시에서 배회중인 장미경씨(여,48세)를 찾습니다-160cm,숏커트,검정피코트,노란무늬바지,흰색쇼핑백 
vo.la/iTraV / ☎182 [경기남부경찰청]",경기도 평택시 ,2025-01-01 20:03,2025-01-01,안전안내,208590,기타,2025-01-01
"성북구에서 실종된 이규리양(여,12세)을 찾습니다-168cm,51kg,마름,파란색후드,검정치마,흰색크록스신발
vo.la/grhzW / ☎182 [서울경찰청]",서울특별시 성북구 ,2025-01-02 11:38,2025-01-02,안전안내,208601,기타,2025-01-02
"마포구에서 배회중인 이규리양(여,12세)을 찾습니다-168cm,51kg,마름,파란색후드,검정치마,흰색크록스신발
vo.la/grhzW / ☎182 [서울경찰청]",서울특별시 마포구 ,2025-01-02 11:39,2025-01-02,안전안내,208602,기타,2025-01-02
"마포구에서 실종된 유권씨(남,81세)를 찾습니다-167cm,64kg,회색모자,남색패딩,검정바지,흰운동화,흰마스크
vo.la/vXLbx / ☎182 [서울경찰청]",서울특별시 마포구 ,2025-01-02 17:15,2025-01-02,안전안내,208607,기타,2025-01-02
"고양시에서 실종된 조갑식씨(남,76세)를 찾습니다 -160cm,70kg,회색점퍼,남색바지,검정운동화
vo.la/PMvhZ / ☎112 [경기북부경찰청]","경기도 고양시 덕양구 ,경기도 고양시 일산동구 ,경기도 고양시 일산서구 ",2025-01-02 18:27,2025-01-02,안전안내,208612,기타,2025-01-02
"화성시에서 실종된 김영배씨(남,84세)를 찾습니다 -174cm,모자,스파이더롱패딩,검정자켓,회색바지,구두
vo.la/sSfLL / ☎112 [경기남부경찰청]",경기도 화성시 ,2025-01-02 19:21,2025-01-02,안전안내,208618,기타,2025-01-02
"수원시에서 배회중인 김영배씨(남,84세)를 찾습니다 -174cm,모자,스파이더롱패딩,검정자켓,회색바지,구두
vo.la/sSfLL / ☎112 [경기남부경찰청]","경기도 수원시 장안구 ,경기도 수원시 권선구 ,경기도 수원시 팔달구 ,경기도 수원시 영통구 ",2025-01-02 19:22,2025-01-02,안전안내,208619,기타,2025-01-02
"성남시에서 실종된 홍금표씨(여, 80세)를 찾습니다 -155cm,빨강색패딩,남색바지,파랑운동화,분홍털모자 vo.la/Aduen / ☎182 [경기남부경찰청]","경기도 성남시 수정구 ,경기도 성남시 중원구 ,경기도 성남시 분당구 ",2025-01-03 8:47,2025-01-03,안전안내,208634,기타,2025-01-03
"중랑구에서 실종된 김찬(남, 16세)을 찾습니다 -175cm,검정털잠바,검정바지,검정슬리퍼,알록달록한야구모자 vo.la/WbXgu / ☎182 [서울경찰청]",서울특별시 중랑구 ,2025-01-03 10:50,2025-01-03,안전안내,208637,기타,2025-01-03
"강북구에서 배회중인 김찬(남, 16세)을 찾습니다 -175cm,검정털잠바,검정바지,검정슬리퍼,알록달록야구모자 vo.la/WbXgu / ☎182 [서울경찰청]",서울특별시 강북구 ,2025-01-03 10:51,2025-01-03,안전안내,208638,기타,2025-01-03
"성북구에서 실종된 이지우(남, 16세)를 찾습니다 -170cm,검정패딩,회색추리닝,검정모자,검정가방,흰크록스 vo.la/XprSY / ☎182 [서울경찰청]",서울특별시 성북구 ,2025-01-03 13:36,2025-01-03,안전안내,208640,기타,2025-01-03
"노원구에서 배회중인 이지우(남, 16세)를 찾습니다 -170cm,검정패딩,회색추리닝,검정모자,검정가방,흰크록스 vo.la/XprSY / ☎182 [서울경찰청]",서울특별시 노원구 ,2025-01-03 13:36,2025-01-03,안전안내,208641,기타,2025-01-03
"강서구에서 실종된 조송래씨(여, 84세)를 찾습니다 -157cm, 파란색벙거지모자, 마스크, 검정잠바, 검정바지 vo.la/nszCK / ☎182 [서울경찰청]",서울특별시 강서구 ,2025-01-03 16:19,2025-01-03,안전안내,208643,기타,2025-01-03
"양천구에서 배회중인 조송래씨(여, 84세)를 찾습니다 - 157cm,파란색벙거지모자,마스크,검정잠바,검정바지 vo.la/nszCK / ☎182 [서울경찰청]",서울특별시 양천구 ,2025-01-03 16:20,2025-01-03,안전안내,208644,기타,2025-01-03
"오늘 15:55경 여주시 일부지역 정전되어 한국전력공사에서 복구 중이니, 교통신호 및 전기 기기 사용 등 안전사고에 유의하시기 바랍니다. [여주시]","경기도 여주시 상동,경기도 여주시 연양동,경기도 여주시 매룡동,경기도 여주시 천송동,경기도 여주시 오학동,경기도 여주시 강천면",2025-01-03 16:23,2025-01-03,안전안내,208645,정전,2025-01-03
"금천구에서 실종된 장석범씨(남, 67세)를 찾습니다 -165cm,55kg, 대머리,주황색티셔츠,회색바지,검정신발 vo.la/zspyT / ☎182 [서울경찰청]",서울특별시 금천구 ,2025-01-03 17:18,2025-01-03,안전안내,208646,기타,2025-01-03
"구로구에서 배회중인 장석범씨(남, 67세)를 찾습니다 -165cm,55kg,대머리,주황색티셔츠,회색바지,검정신발 vo.la/zspyT / ☎182 [서울경찰청]",서울특별시 구로구 ,2025-01-03 17:19,2025-01-03,안전안내,208647,기타,2025-01-03
겨울철 화재사고가 빈번히 발생되고 있습니다. 가족과 이웃의 안전한 생활을 위해 소화기 등 설비 준비와 경각심을 갖고 화재예방에 주의해 주세요. [김포시청],경기도 김포시 ,2025-01-03 17:25,2025-01-03,안전안내,208648,화재,2025-01-03
"오늘 기온 하강으로 자전거도로, 공원길, 경사로 등에 결빙이 발생하여 미끄럼사고가 우려되오니 안전을 위해 가급적 외출을 자제하여 주시기 바랍니다.[과천시]",경기도 과천시 ,2025-01-03 20:41,2025-01-03,안전안내,208655,기타,2025-01-03
"금일 내린 눈, 비로 인해 도로 결빙이 우려됩니다. 도로 미끄럼 사고와 보행안전에 유의하시기 바랍니다. [남양주시]",경기도 남양주시 ,2025-01-03 21:12,2025-01-03,안전안내,208656,대설,2025-01-03
"기온이 내려가면서 금일 내린 눈, 비로 인해 도로 결빙이 우려됩니다. 도로 미끄럼 사고와 보행안전에 유의하시기 바랍니다. [남양주시]",경기도 남양주시 ,2025-01-03 22:38,2025-01-03,안전안내,208658,기타,2025-01-03
"[광주시] 오늘 01:15경 광주시 능평동 일대 정전되어 한국전력공사에서 복구 중이니, 교통신호 및 전기기기 사용 등 안전사고에 유의하시기 바랍니다. [광주시]",경기도 광주시 ,2025-01-04 3:19,2025-01-04,안전안내,208659,기타,2025-01-04
[광주시] 오늘 04시경 경기도 광주시 능평동 일대 정전 복구가 완료되었습니다.[광주시],경기도 광주시 ,2025-01-04 4:30,2025-01-04,안전안내,208660,기타,2025-01-04
"기온이 내려가면서 어제 내린 눈, 비로 인해 도로 결빙이 우려됩니다. 도로 미끄럼 사고와 보행안전에 유의하시기 바랍니다. [남양주시]",경기도 남양주시 ,2025-01-04 6:39,2025-01-04,안전안내,208663,기타,2025-01-04
"어제 내린 비로 인해 터널 앞, 교량 위, 응달진 곳 등 블랙아이스 사고 발생이 우려되오니 차량 운행에 각별히 주의하시기 바랍니다. [용인특례시]","경기도 용인시 처인구 ,경기도 용인시 기흥구 ,경기도 용인시 수지구 ",2025-01-04 6:56,2025-01-04,안전안내,208666,기타,2025-01-04
여주시 짙은 안개로 가시거리가 짧고 블랙아이스로 인해 교통사고 발생 위험. 운전 시 감속주행 및 비상등 점등 등 교통안전에 각별히 유의하시기 바랍니다. [여주시],경기도 여주시 ,2025-01-04 8:42,2025-01-04,안전안내,208673,호우,2025-01-04
"짙은 안개로 가시거리가 짧고 결빙 위험. 특히 교량 위, 터널 진출입구 등을 지나갈때 감속운행을 통해 블랙아이스로 인한 교통사고에 주의하시기 바랍니다.[이천시청]",경기도 이천시 부발읍,2025-01-04 8:59,2025-01-04,안전안내,208674,한파,2025-01-04
"도로(인도) 결빙 및 안개로 안전사고 발생이 우려됨으로 감속운행,  낙상사고 방지 등 안전에 유의하시기 바랍니다. [시흥시청]",경기도 시흥시 ,2025-01-04 9:07,2025-01-04,안전안내,208675,한파,2025-01-04
"짙은 안개로 가시거리가 짧고 결빙 위험. 특히 교량 위, 터널 진출입구 등을 지나갈때 감속운행을 통해 블랙아이스로 인한 교통사고에 주의하시기 바랍니다. [광주시]",경기도 광주시 ,2025-01-04 9:10,2025-01-04,안전안내,208676,한파,2025-01-04
"기온이 내려가면서 이전에 내린 눈, 비로 인해 도로 결빙이 우려됩니다. 도로 미끄럼 사고와 보행안전에 유의하시기 바랍니다.[가평군청]",경기도 가평군 ,2025-01-04 9:38,2025-01-04,안전안내,208677,기타,2025-01-04
"성북구에서 실종된 이재학씨(남,82세)를 찾습니다-155cm,짙은갈색중절모,검정패딩(목안쪽녹색),바지,흰마스크 
vo.la/qNUNO / ☎182 [서울경찰청]",서울특별시 성북구 ,2025-01-04 16:24,2025-01-04,안전안내,208683,기타,2025-01-04
"종로구에서 목격된 이재학씨(남,82세)를 찾습니다-155cm,짙은갈색중절모,검정패딩(목안쪽녹색),바지,흰마스크 
vo.la/qNUNO / ☎182 [서울경찰청]",서울특별시 종로구 ,2025-01-04 16:26,2025-01-04,안전안내,208684,기타,2025-01-04
"새벽에 내린 비가 얼어 도로 결빙이 예상됩니다. 터널 앞, 교량 인근, 고가도로 등은 위험하오니 감속운행 등 교통안전에 유의하시기 바랍니다. [경기도청]",경기도 전체 ,2025-01-05 7:00,2025-01-05,안전안내,208692,대설,2025-01-05
"양천구에서 실종된 권승유(남,12세)를 찾습니다 -150cm,55kg,검정패딩,회색바지,검정신발,스포츠머리
vo.la/jNUWU / ☎182 [서울경찰청]",서울특별시 양천구 ,2025-01-05 17:25,2025-01-05,안전안내,208699,기타,2025-01-05
"의정부시에서 배회중인 정준섭씨(남,77세)를 찾습니다 -175cm,78kg,보라색패딩,검정바지,검정방한화
vo.la/RbXmx / ☎182 [경기북부경찰청]",경기도 의정부시 ,2025-01-05 17:45,2025-01-05,안전안내,208701,기타,2025-01-05
"성북구에서 배회중인 안혜숙씨(여,77세)를 찾습니다 -153cm,50kg,자주색긴코트,검정모자,검정하의,흰운동화
vo.la/yiNjZ / ☎112 [서울경찰청]",서울특별시 성북구 ,2025-01-05 18:51,2025-01-05,안전안내,208703,기타,2025-01-05
"기온 급강하로 인해 터널 앞, 교량 위, 응달진 곳, 인도 등 빙판길 사고(낙상사고)가 우려되오니 차량 및 보행자 모두 각별히 주의하시기 바랍니다.[용인특례시]","경기도 용인시 처인구 ,경기도 용인시 기흥구 ,경기도 용인시 수지구 ",2025-01-06 8:00,2025-01-06,안전안내,208710,한파,2025-01-06
"오늘 저녁 김포지역에 눈,비 및 영하권 강추위가 예상되는 바, 안전사고(빙판길 등) 예방 및 농업,계량기 등의 시설물관리에 신경 써주시기 바랍니다.[김포시청]",경기도 김포시 ,2025-01-06 10:30,2025-01-06,안전안내,208713,한파,2025-01-06
"원동 32-4번지, 대원아파트 앞 도로변에서 상수도 누수로 인한 복구공사가 진행되오니 통행시 차량 미끄럼 및 운전에 조심하시기 바랍니다. [오산시 수도과]",경기도 오산시 ,2025-01-06 12:01,2025-01-06,안전안내,208714,교통,2025-01-06
금일(토) 저녁 고양시 지역에 눈이 예보되어 있으며 영하권 기온으로 빙판길 사고가 우려되오니 차량 및 보행자 모두 각별히 유의하시기 바랍니다. [고양시],경기도 고양시 ,2025-01-06 16:54,2025-01-06,안전안내,208715,대설,2025-01-06
"은평구에서 실종된 문기(남, 58세)씨를 찾습니다 -165cm,50kg,쥐색패딩,남색바지,검정크로스백,안경착용 vo.la/WWEfx / ☎112 [서울경찰청]",서울특별시 은평구 ,2025-01-06 18:48,2025-01-06,안전안내,208717,기타,2025-01-06
"현재 눈이 오고 있으며 이후 한파로 도로결빙등 안전사고 발생 우려됨▲차량 운행시 감속운전,안전거리확보▲눈길 보행유의▲시설물 동파예방▲한랭질환 유의바랍니다[화성시]",경기도 화성시 ,2025-01-06 18:57,2025-01-06,안전안내,208719,대설,2025-01-06
"오늘 저녁부터 눈이 내릴 것으로 예상되어 인도 및 도로에 결빙 우려가 있으니, 낙상사고 방지 및 차량 감속운전 등 안전에 유의하시기 바랍니다.[시흥시청]",경기도 시흥시 ,2025-01-06 19:00,2025-01-06,안전안내,208720,대설,2025-01-06
"오늘 저녁 파주지역에 눈,비 및 영하권 강추위가 예상되는 바, 안전사고(빙판길 등) 예방 및 시설물관리에 신경 써주시기 바랍니다. [파주시청]",경기도 파주시 ,2025-01-06 19:10,2025-01-06,안전안내,208721,기타,2025-01-06
"눈이 내리면서 도로 및 인도의 미끄럼사고가 우려됩니다. 감속 운전, 보행시 낙상주의 등 안전사고에 유의해주시고, 가급적 대중교통 이용을 당부드립니다. [안산시청]","경기도 안산시 상록구 ,경기도 안산시 단원구 ",2025-01-06 19:43,2025-01-06,안전안내,208722,대설,2025-01-06
"도 전역에 내리는 눈이 영하의 기온으로 얼어 내일 새벽 도로 결빙이 예상됩니다. 안전거리 유지, 감속 운전하시고 가급적 대중교통을 이용하시기 바랍니다.[경기도청]",경기도 전체 ,2025-01-06 20:01,2025-01-06,안전안내,208724,대설,2025-01-06
현재 내린 눈으로 인한 도로결빙이 우려됩니다. 보행 및 운전 시 미끄럼 사고에 주의하시기 바랍니다. [오산시],경기도 오산시 ,2025-01-06 20:44,2025-01-06,안전안내,208728,대설,2025-01-06
"의왕시 도로 및 인도 적설로 인한 결빙우려로 안전사고에 유의바라며, 내 집·점포 앞 눈쓸기에 동참해주시기 바랍니다. [의왕시]",경기도 의왕시 ,2025-01-06 21:09,2025-01-06,안전안내,208730,대설,2025-01-06
"김포전역에 내린 눈으로 길이 미끄럽습니다. 새벽부터는 영하권의 강추위로 특히 빙판길과 블랙아이스로 인한 보행자 및 자동차 추돌등 안전사고를 조심하세요
[김포시청]",경기도 김포시 ,2025-01-06 21:13,2025-01-06,안전안내,208731,대설,2025-01-06
주요도로 제설 중. 교량구간 등 결빙 우려되오니 안전거리 유지 및 감속 운전 바랍니다.[안양시청],"경기도 안양시 만안구 ,경기도 안양시 동안구 ",2025-01-06 21:29,2025-01-06,안전안내,208734,대설,2025-01-06
"군포시 도로 및 인도 적설로 인한 결빙우려로 안전사고에 유의바라며, 내 집,점포 앞 눈쓸기에 동참해주시기 바랍니다. [군포시청]",경기도 군포시 ,2025-01-06 21:33,2025-01-06,안전안내,208735,대설,2025-01-06
"금일 내린 눈으로 도로의 결빙이 우려되오니 운전 및 통행시 낙상 등 안전사고에 유의하시고, 내집 내점포앞 눈치우기에 적극 참여하여 주시기 바랍니다[영등포구청]",서울특별시 영등포구 ,2025-01-06 22:14,2025-01-06,안전안내,208736,대설,2025-01-06
용산구 내린 눈으로 밤새 결빙이 우려되니 운전 및 통행 시 낙상 등 안전사고에 유의하시고 내 집 내 점포 앞 눈 치우기에 적극 참여해 주시기 바랍니다.[용산구청],서울특별시 용산구 ,2025-01-06 22:24,2025-01-06,안전안내,208737,대설,2025-01-06
"어제 내린 눈으로 도로 등 결빙이 우려되오니 안전운전 준수 및 보행안전에 유의하시고, 내 집(점포) 앞 눈치우기에 적극 참여하여 주시기 바랍니다. [양평군]",경기도 양평군 ,2025-01-07 6:01,2025-01-07,안전안내,208739,대설,2025-01-07
"시흥시 전역에 내린 눈이 얼어 인도 및 도로에 결빙이 우려되오니, 낙상사고 방지 및 차량 감속운전 등 안전에 유의하시기 바랍니다.[시흥시청]",경기도 시흥시 ,2025-01-07 7:00,2025-01-07,안전안내,208743,대설,2025-01-07
"강설 후 도로결빙으로 안전사고 발생이 우려되오니 감속운전,안전거리 확보 및 보행안전에 유의하시고,내 집(점포)앞 눈치우기에 적극 참여하여 주시기 바랍니다[화성시]",경기도 화성시 ,2025-01-07 8:00,2025-01-07,안전안내,208746,기타,2025-01-07
"어제 내린 눈이 영하의 기온으로 얼어 도로 결빙이 우려됩니다. 감속운전, 낙상주의 등 안전사고에 주의하시고, 가급적 대중교통을 이용해주시기 바랍니다.[안산시청]","경기도 안산시 상록구 ,경기도 안산시 단원구 ",2025-01-07 8:00,2025-01-07,안전안내,208747,대설,2025-01-07
밤새 내린 눈이 얼어 인도 및 도로가 미끄러우니 낙상사고 방지 및 감속운전 등 안전에 유의하시기 바랍니다.[광명시청],경기도 광명시 ,2025-01-07 8:01,2025-01-07,안전안내,208748,대설,2025-01-07
밤사이 내린 눈으로 도로가 결빙되어 미끄럼 사고가 우려되니 감속운전 및 낙상사고 등 안전에 유의하시기 바랍니다.[가평군],경기도 가평군 ,2025-01-07 8:26,2025-01-07,안전안내,208749,대설,2025-01-07
오늘밤 9시 한파주의보 발효에 따른 ▲야외활동 자제 및 방한용품 착용 ▲취약인 건강관리 및 안부 확인 ▲수도계량기동파 주의 ▲난방기 화재 주의 바랍니다.[가평군],경기도 가평군 ,2025-01-07 14:51,2025-01-07,안전안내,208757,한파,2025-01-07
"내일 아침 기온 영하 10도 내외로 춥겠으니 야외활동 시 모자, 목도리 등 방한용품 착용, 수도계량기는 헌 옷 등으로 감싸 동파를 방지하세요. [경기도청]",경기도 전체 ,2025-01-07 18:01,2025-01-07,안전안내,208767,한파,2025-01-07
"강추위가 예상됨으로 야외활동 자제 및 도로 결빙대비 감속운전, 수도계량기 동파주의, 노약자 건강 관리, 화재주의 등 안전에 유의 바랍니다.[시흥시청]",경기도 시흥시 ,2025-01-07 19:00,2025-01-07,안전안내,208771,한파,2025-01-07
"서초구에서 실종된 김종희씨(남,81세)를 찾습니다-175cm,70kg,남색외투,체크무늬베레모,안경,흰색목도리 
vo.la/sHrxv / ☎112 [서울경찰청]",서울특별시 서초구 ,2025-01-07 19:23,2025-01-07,안전안내,208774,기타,2025-01-07
오늘 저녁부터 내일 아침까지 강추위가 예상되는 바▲외출·야외활동 자제▲외출 시 방한용품 착용▲수도시설 동파예방▲난방기 화재주의 등 안전에 주의 바랍니다[화성시],경기도 화성시 ,2025-01-07 19:23,2025-01-07,안전안내,208775,한파,2025-01-07
"동작구에서 배회중인 김종희씨(남,81세)를 찾습니다-175cm,70kg,남색외투,체크무늬베레모,안경,흰색목도리 
vo.la/sHrxv / ☎112 [서울경찰청]",서울특별시 동작구 ,2025-01-07 19:26,2025-01-07,안전안내,208776,기타,2025-01-07
"기온 급강하(영하 10도 내외)로 강추위가 지속되고 있습니다.
노약자 건강관리, 빙판길 사고(낙상사고), 수도관 동파방지 등 안전에 유의 바랍니다.[용인특례시]","경기도 용인시 처인구 ,경기도 용인시 기흥구 ,경기도 용인시 수지구 ",2025-01-08 6:58,2025-01-08,안전안내,208784,한파,2025-01-08
"아침 기온이 영하 10도(체감 영하14도)내외로 한파 피해가 우려되니, 감속운전, 수도관 동파예방, 방한용품 착용 등으로 한파에 대비하시기 바랍니다.[안산시청]",경기도 안산시 ,2025-01-08 7:00,2025-01-08,안전안내,208786,한파,2025-01-08
"강추위로 인하여 노약자 건강관리, 시설물 동파방지 사전대비, 난방기 화재주의, 도로결빙에 따른 미끄럼 주의 등 안전에 유의 바랍니다.[시흥시청]",경기도 시흥시 ,2025-01-08 7:00,2025-01-08,안전안내,208785,한파,2025-01-08
"강추위로 인도 및 차도 결빙이 우려되오니 안전사고에 주의하시고, 수도동파, 농작물 냉해, 화재 등에 대비하시기 바랍니다.[광명시청]",경기도 광명시 ,2025-01-08 7:00,2025-01-08,안전안내,208787,한파,2025-01-08
기온 급감에 따른 한파주의 ▲야외활동 자제 ▲난방기 화재주의 ▲수도계량기 보온조치 ▲빙판길 서행운전 등 안전관리에 유의 바랍니다.[수원특례시],경기도 수원시 ,2025-01-08 7:13,2025-01-08,안전안내,208792,한파,2025-01-08
"노원구에서 실종된 이장호씨(남,86세)를 찾습니다 -158cm,65kg,파란색패딩,검정바지,남색모자,지팡이
vo.la/DJohA / ☎182 [서울경찰청]",서울특별시 노원구 ,2025-01-08 9:11,2025-01-08,안전안내,208794,기타,2025-01-08
"경찰은 강북구에서 실종된 안승배씨(남,82세)를 찾습니다 -168cm,60kg,반백머리,남색패딩,어두운색바지
vo.la/iDCdL / ☎182 [서울경찰청]",서울특별시 강북구 ,2025-01-08 10:12,2025-01-08,안전안내,208796,기타,2025-01-08
"오늘 12시 45분 성수동1가 13-460 해움자동차 건물에서 화재 발생. 차량은 건물 주변 도로를 우회하고, 건물 내 주민은 건물 밖으로 대피하세요. [성동구]","서울특별시 성동구 성수동1가,서울특별시 성동구 성수동2가,서울특별시 성동구 송정동",2025-01-08 13:06,2025-01-08,안전안내,208797,화재,2025-01-08
김포전역에 9일 새벽부터 많은 눈이 예상됨에 따라 대중교통 이용. 거주시설 및 농작물 등 취약시설 사전점검 등 인명피해 없도록 주의바랍니다. [김포시청],경기도 김포시 ,2025-01-08 17:00,2025-01-08,안전안내,208801,대설,2025-01-08
"내일 9일(화) 눈이 예상됩니다. 길이 얼어 미끄럼 사고가 우려되니 출퇴근 시 되도록 대중교통을 이용하시고, 운전 시에는 서행 바랍니다. [의정부시]",경기도 의정부시 ,2025-01-08 17:43,2025-01-08,안전안내,208803,대설,2025-01-08
"내일(9일) 새벽부터 고양시 전역에 많은 눈이 예상됨에 따라 대중교통 이용, 운전시 서행운전 바라며 내집 앞 눈치우기에도 동참하여 주시기 바랍니다. [고양시]",경기도 고양시 ,2025-01-08 18:07,2025-01-08,안전안내,208804,대설,2025-01-08
"내일 아침 06시부터 24시까지 서울 지역에 많은 눈이 예상되니, 대중교통을 이용해 주시고 보행 시 낙상에 주의 바랍니다. [서울특별시청]",서울특별시 전체 ,2025-01-08 18:14,2025-01-08,안전안내,208805,대설,2025-01-08
"내일(9시) 오전부터 광주시 전역에 많은 눈이 예상됨에 따라 대중교통 이용, 서행 운전 바라며 내 집 앞 눈치우기에도 동참하여 주시기 바랍니다.[광주시]",경기도 광주시 ,2025-01-08 18:17,2025-01-08,안전안내,208806,대설,2025-01-08
"내일 아침부터 남양주시 지역에 많은 눈이 예상되니, 대중교통을 이용해 주시고 보행 시 미끄럼사고에 주의 바랍니다. [남양주시]",경기도 남양주시 ,2025-01-08 18:37,2025-01-08,안전안내,208807,대설,2025-01-08
"내일 구리시에 많은 눈이 예상됩니다. 차량은 가급적 운행을 자제하여 주시고 내 집, 내 점포 앞 눈 치우기에 적극 동참하여주시기 바랍니다. [구리시]",경기도 구리시 ,2025-01-08 18:50,2025-01-08,안전안내,208808,대설,2025-01-08
"내일 아침부터 밤까지 많은 눈과 비가 예보되어 있으니 가급적 대중교통을 이용해주시고 운전자는 안전운전, 보행자는 미끄럼사고에 주의하시기 바랍니다.[광명시청]",경기도 광명시 ,2025-01-08 18:59,2025-01-08,안전안내,208809,대설,2025-01-08
"내일 강설예보에 따라 도로(인도) 결빙이 우려됩니다. 가급적 대중교통 이용, 운전 시 감속운행, 낙상사고 방지 등 안전사고에 유의하여 주시기 바랍니다.[시흥시청]",경기도 시흥시 ,2025-01-08 19:00,2025-01-08,안전안내,208810,대설,2025-01-08
"강남구에서 실종된 오화영씨(여,64세)를 찾습니다-152cm,50kg,검정롱패딩,검정조거팬츠,검정신발,자주색안경
vo.la/cQcEF / ☎112 [서울경찰청]",서울특별시 강남구 ,2025-01-08 19:13,2025-01-08,안전안내,208811,기타,2025-01-08
"내일 아침 06시부터 24시까지 3~8cm(많은곳 10cm이상)의 눈예보가 있으니, 집 앞 눈치우기, 보행 및 차량운행시 안전에 유의하시기 바랍니다. [서초구청]",서울특별시 서초구 ,2025-01-08 20:58,2025-01-08,안전안내,208813,대설,2025-01-08
"내일 아침 용산구 전역에 강설이 예상되니, 내 집 앞 눈 치우기 및 보행 시 안전에 유의하여 주시고, 가급적 대중교통을 이용하여 주시기 바랍니다. [용산구청]",서울특별시 용산구 ,2025-01-08 21:38,2025-01-08,안전안내,208815,대설,2025-01-08
"오전부터 밤까지 15cm 내외의 많은 눈이 예상되니, 출퇴근시 가급적 대중교통을 이용해 주시고 보행 시 빙판길 낙상사고에 주의 바랍니다. [용인특례시]","경기도 용인시 처인구 ,경기도 용인시 기흥구 ,경기도 용인시 수지구 ",2025-01-09 6:50,2025-01-09,안전안내,208818,대설,2025-01-09
"금일 아침부터 밤까지 비교적 많은 눈과 비가 예보되었으니 각종 안전사고에 유의하시고, 내 집 앞 눈치우기에 적극 동참하여 주시기 바랍니다.[광명시청]",경기도 광명시 ,2025-01-09 6:59,2025-01-09,안전안내,208819,대설,2025-01-09
"강설 예보에 따라 도로 및 인도 결빙이 우려됩니다. 감속 운전, 낙상주의 등 안전사고에 유의하시고, 가급적 대중교통을 이용해 주시기 바랍니다. [안산시청]",경기도 안산시 ,2025-01-09 7:00,2025-01-09,안전안내,208820,대설,2025-01-09
"대설에 따라 도로(인도) 결빙이 우려됩니다. 가급적 대중교통 이용, 운전 시 감속운행, 낙상사고 방지 등 안전사고에 유의하여 주시기 바랍니다.[시흥시청]",경기도 시흥시 ,2025-01-09 7:04,2025-01-09,안전안내,208821,대설,2025-01-09
"많은 눈이 예보되어 있습니다. 폭설과 도로살얼음으로 인한 차량 미끄럼 사고가 우려되니 감속운행, 차간거리 유지 등 안전운전에 각별히 유의바랍니다. [국토교통부]","강원특별자치도 전체 ,경기도 전체 ,경상북도 전체 ,대전광역시 전체 ,서울특별시 전체 ,인천광역시 전체 ,전라북도 전체 ,충청남도 전체 ,충청북도 전체 ,세종특별자치시  ",2025-01-09 8:00,2025-01-09,안전안내,208823,대설,2025-01-09
"많은 눈이 예보되어 있습니다. 길이 얼어 미끄럼 사고가 우려되니 출퇴근 시 되도록 대중교통을 이용하시고, 운전 시에는 서행하세요. [군포시]",경기도 군포시 ,2025-01-09 8:20,2025-01-09,안전안내,208824,대설,2025-01-09
금일 많은 눈이 예보되어 있으므로 가급적 대중교통 이용. 운전 시 감속운행 및 보행시 낙상사고 방지 등 안전사고에 유의하여 주시기 바랍니다.[화성시],경기도 화성시 ,2025-01-09 8:20,2025-01-09,안전안내,208825,대설,2025-01-09
오늘 많은 눈이 예보되어 있습니다. ▲눈길 미끄럼 주의 ▲동파방지 ▲온열기 화재예방 ▲내 집 앞 눈 치우기 등 안전 및 건강관리에 유의 바랍니다. [여주시],경기도 여주시 ,2025-01-09 8:34,2025-01-09,안전안내,208826,대설,2025-01-09
"늦은 밤까지 강하고 많은 눈이 예상됩니다. 출퇴근 시 대중교통 이용 및 운전 시 감속 운행 바라며, 미끄럼 사고에 주의하시기 바랍니다. [오산시]",경기도 오산시 ,2025-01-09 8:40,2025-01-09,안전안내,208827,대설,2025-01-09
"금일 늦은 밤까지 많은 양의 눈 예보가 있습니다. 보행 및 차량 운행시 안전에 유의하시고, 내 집,내 점포 앞 눈 치우기에 동참하여 주시기 바랍니다.[영등포구]",서울특별시 영등포구 ,2025-01-09 9:01,2025-01-09,안전안내,208830,대설,2025-01-09
오늘 09시00분 대설주의보 발효. 대중교통을 이용하시고 눈길 안전에 주의하시기 바랍니다. [행정안전부],"경기도 과천시 ,경기도 광명시 ,경기도 군포시 ,경기도 김포시 ,경기도 부천시 ,경기도 수원시 ,경기도 시흥시 ,경기도 안산시 ,경기도 안양시 ,경기도 의왕시 ,경기도 평택시 ,경기도 화성시 ,서울특별시 강남구 ,서울특별시 강동구 ,서울특별시 강북구 ,서울특별시 강서구 ,서울특별시 관악구 ,서울특별시 광진구 ,서울특별시 구로구 ,서울특별시 금천구 ,서울특별시 노원구 ,서울특별시 도봉구 ,서울특별시 동대문구 ,서울특별시 동작구 ,서울특별시 마포구 ,서울특별시 서대문구 ,서울특별시 서초구 ,서울특별시 성동구 ,서울특별시 성북구 ,서울특별시 송파구 ,서울특별시 양천구 ,서울특별시 영등포구 ,서울특별시 용산구 ,서울특별시 은평구 ,서울특별시 종로구 ,서울특별시 중구 ,서울특별시 중랑구 ,인천광역시 강화군 ,인천광역시 계양구 ,인천광역시 미추홀구 ,인천광역시 남동구 ,인천광역시 동구 ,인천광역시 부평구 ,인천광역시 서구 ,인천광역시 연수구 ,인천광역시 중구 ",2025-01-09 9:06,2025-01-09,안전안내,208831,대설,2025-01-09
오늘 10시00분 대설주의보 발효. 대중교통을 이용하시고 눈길 안전에 주의하시기 바랍니다. [행정안전부],"경기도 가평군 ,경기도 고양시 ,경기도 광주시 ,경기도 구리시 ,경기도 남양주시 ,경기도 동두천시 ,경기도 성남시 ,경기도 안성시 ,경기도 양주시 ,경기도 양평군 ,경기도 여주시 ,경기도 연천군 ,경기도 오산시 ,경기도 용인시 ,경기도 의정부시 ,경기도 이천시 ,경기도 파주시 ,경기도 포천시 ,경기도 하남시 ",2025-01-09 9:07,2025-01-09,안전안내,208832,대설,2025-01-09
양주시 전지역 대설주의보 발령. 대중교통을 이용하시고 눈길 안전에 주의하시기 바랍니다. [양주시],경기도 양주시 ,2025-01-09 9:19,2025-01-09,안전안내,208833,대설,2025-01-09
"오늘 도봉구 전역에 많은 눈이 예상됩니다. 내 집 앞 눈치우기 동참, 차량운행 자제, 대중교통 이용, 보도·이면도로 이용시 낙상에 주의 바랍니다. [도봉구청]",서울특별시 도봉구 ,2025-01-09 9:21,2025-01-09,안전안내,208835,대설,2025-01-09
"현재 우리시 전역에 대설주의보가 발령되었으니 야외활동을 자제해 주시고, 특히 낙상 등 안전사고에 유의하시기 바랍니다.[동두천시]",경기도 동두천시 ,2025-01-09 9:26,2025-01-09,안전안내,208836,대설,2025-01-09
"가평군 대설주의보 발령으로 차량미끄럼 사고가 우려되니 감속운행 등 안전사고에 유의하여 주시기 바라며, 내 집 앞 눈치우기에 동참해 주시기 바람니다.[가평군]",경기도 가평군 ,2025-01-09 9:37,2025-01-09,안전안내,208837,대설,2025-01-09
"금일(9일) 10시00분 고양시 전역에 대설주의보 발효. 대중교통 이용, 야외활동 자제, 눈길 안전에 주의하시기 바랍니다. [고양시]",경기도 고양시 ,2025-01-09 9:58,2025-01-09,안전안내,208842,대설,2025-01-09
"화성시에서 배회중인 정우희(여, 11세)를 찾습니다 -150cm,44kg,검정패딩,청바지,흰색운동화 vo.la/OrzgN / ☎182 [경기남부경찰청]",경기도 화성시 ,2025-01-09 10:55,2025-01-09,안전안내,208848,기타,2025-01-09
"현재 양평군 전역에 눈이 내려 쌓이면서 도로와 인도에 결빙으로 인한 미끄럼 사고가 우려되오니, 안전운전 준수 및 보행안전에 유의하여 주시기 바랍니다. [양평군]",경기도 양평군 ,2025-01-09 11:07,2025-01-09,안전안내,208849,대설,2025-01-09
"금일 늦은밤까지 노원구에 많은 눈이 예상됩니다. 보행 및 차량 운행 시 안전사고에 유의하시고, 내집, 내점포앞 눈치우기에 동참하여 주시기 바랍니다.[노원구청]",서울특별시 노원구 ,2025-01-09 13:09,2025-01-09,안전안내,208853,대설,2025-01-09
"금일 의왕시 대설주의보 발효 중으로 보행 및 운전에 주의하시기 바라며, 내 집·점포 앞 눈쓸기에 동참해주시기 바랍니다.[의왕시]",경기도 의왕시 ,2025-01-09 13:17,2025-01-09,안전안내,208854,대설,2025-01-09
현재 포천시 대설주의보 발효 중으로 차량 운행 시 안전거리 확보 및 감속운전을 하여주시고 노약자 분들은 낙상사고에 주의하시기 바랍니다. [포천시],경기도 포천시 ,2025-01-09 13:22,2025-01-09,안전안내,208855,대설,2025-01-09
"대설에 따른 파손, 전도 등 영향을 받는 외부 간판을 정비 바라며 도로 및 인도에 설치된 입간판, 배너, 현수막 등은 즉시 내부로 이동 조치 바랍니다. [광주시]",경기도 광주시 ,2025-01-09 14:02,2025-01-09,안전안내,208859,대설,2025-01-09
"금일 늦은밤까지 많은 눈이 예보되어 있습니다. 퇴근시 가급적 대중교통을 이용바라며, ▲눈길 서행운전 ▲안전사고 ▲시설물점검 등 안전에 유의바랍니다. [수원특례시]",경기도 수원시 ,2025-01-09 14:44,2025-01-09,안전안내,208862,대설,2025-01-09
대설주의보 발효중 ▲내집 앞 눈쓸기 동참 ▲도로결빙으로 인한 차량운행 및 보행주의 ▲수도관 동파 주의 등 안전에 유의하여 주시기 바랍니다.[하남시],경기도 하남시 ,2025-01-09 15:26,2025-01-09,안전안내,208864,대설,2025-01-09
"저녁시간 많은 눈이 예상됨에 따라 퇴근길 교통 혼잡이 우려됩니다. 가급적 대중교통을 이용하고, 운전 시 감속운행 등 안전사고에 유의 바랍니다. [시흥시청]",경기도 시흥시 ,2025-01-09 17:00,2025-01-09,안전안내,208874,대설,2025-01-09
"현재 양주시 전역에 눈이 쌓이면서 빙판길이 우려 됩니다. 차량 운행 시 감속 운행하여 주시고, 보행 시 보도가 미끄러우니 낙상사고에 주의 바랍니다. [양주시]",경기도 양주시 ,2025-01-09 17:01,2025-01-09,안전안내,208878,대설,2025-01-09
"오늘 내린 눈으로 인해 터널 앞, 교량 위, 응달진 곳은 블랙아이스 차량 사고 주의 및 퇴근 시 가급적 대중교통을 이용해 주시기 바랍니다.[용인특례시]","경기도 용인시 처인구 ,경기도 용인시 기흥구 ,경기도 용인시 수지구 ",2025-01-09 17:55,2025-01-09,안전안내,208893,대설,2025-01-09
"우리군 전역에 눈이 내려 도로 등 결빙이 우려되오니 안전운전 준수 및 보행안전에 유의바라며, 내 집(점포) 앞 눈치우기에 적극 참여하여 주시기 바랍니다.[양평군]",경기도 양평군 ,2025-01-09 17:57,2025-01-09,안전안내,208895,대설,2025-01-09
"대설주의보 발효 중▲퇴근길 감속 운전 및 차간거리 확보▲보행 중 미끄러짐 주의▲내 집,점포 앞 눈치우기 ▲ 외출자제 등 안전에 유의하시기 바랍니다.[화성시]",경기도 화성시 ,2025-01-09 17:59,2025-01-09,안전안내,208897,대설,2025-01-09
"많은 눈이 예보되어 있습니다. 폭설과 도로살얼음으로 인한 차량 미끄럼 사고가 우려되니 감속운행, 차간거리 유지 등 안전운전에 각별히 유의바랍니다 [국토교통부]","강원특별자치도 전체 ,경기도 전체 ,경상남도 전체 ,경상북도 전체 ,대전광역시 전체 ,서울특별시 전체 ,인천광역시 전체 ,충청남도 전체 ,충청북도 전체 ,세종특별자치시  ",2025-01-09 18:00,2025-01-09,안전안내,208900,대설,2025-01-09
"의정부시 일원에 강설로 인한 빙판길이 우려되니 감속운행, 차간거리 유지 등 안전운전에 각별히 유의바랍니다.[의정부시]",경기도 의정부시 ,2025-01-09 18:15,2025-01-09,안전안내,208911,대설,2025-01-09
금일 내린 눈으로 인해 도로와 보도 결빙이 우려되오니 외출시 대중교통을 이용해 주시고 보행시 빙판길 낙상사고에 유의하시기 바랍니다. [강동구청],서울특별시 강동구 ,2025-01-09 18:39,2025-01-09,안전안내,208918,대설,2025-01-09
내일 아침 기온 하강으로 도로 결빙이 예상됩니다. 가급적 대중교통을 이용해 주시고 보행 및 차량 운행 시 미끄럼 사고에 주의하시기 바랍니다. [도봉구청],서울특별시 도봉구 ,2025-01-09 20:00,2025-01-09,안전안내,208925,대설,2025-01-09
"성남시에서 실종된 이병제씨(남, 68세)를 찾습니다 -173cm, 주황색패딩, 검정바지, 운동화 vo.la/AzVWg / ☎112 [경기남부경찰청]","경기도 성남시 수정구 ,경기도 성남시 중원구 ,경기도 성남시 분당구 ",2025-01-09 20:38,2025-01-09,안전안내,208928,기타,2025-01-09
"금일 내린 눈으로 인해 도로와 인도 결빙이 우려되오니 감속운행, 대중교통 이용, 미끄럼 주의 등 안전사고에 유의하시기 바랍니다.[남양주시]",경기도 남양주시 ,2025-01-09 21:01,2025-01-09,안전안내,208931,대설,2025-01-09
김포지역 내일 체감온도 영하7도 예상. 새벽 도로결빙으로 인한 출근길 미끄럼 교통사고 조심하세요. [김포시청],경기도 김포시 ,2025-01-09 21:42,2025-01-09,안전안내,208935,한파,2025-01-09
금일21시55분 양감면 요당리 13-12 번지 화재로 인해 주변 연기가 많이 발생하고 있습니다. 인근 주민은 외출을 자제하는 등 안전에 유의하세요. [화성시],경기도 화성시 ,2025-01-09 23:40,2025-01-09,안전안내,208942,화재,2025-01-09
양감면 요당리 화재 현장은 103-12번지로 정정합니다. [화성시],경기도 화성시 ,2025-01-10 0:05,2025-01-10,안전안내,208943,화재,2025-01-10
양감면 요당리 103-12번지 화재 진압이 지연되고 있어 인근 주민들은 외출을 자제해 주시기 바랍니다.[화성시],"경기도 화성시 향남읍,경기도 화성시 양감면,경기도 화성시 정남면",2025-01-10 1:04,2025-01-10,안전안내,208944,화재,2025-01-10
"어제 양평군 전역에 내린 눈으로 도로와 인도 결빙이 예상되오니, 차량이용 감속 등 안전운전과 보행 중 미끄럼 사고에 각별히 유의하시기 바랍니다.[양평군]",경기도 양평군 ,2025-01-10 5:59,2025-01-10,안전안내,208950,대설,2025-01-10
"어제 내린 눈으로 인해 터널 앞, 교량 위, 응달진 곳은 블랙아이스 차량 사고 주의 및 출퇴근 시 가급적 대중교통을 이용해 주시기 바랍니다.[용인특례시]","경기도 용인시 처인구 ,경기도 용인시 기흥구 ,경기도 용인시 수지구 ",2025-01-10 6:55,2025-01-10,안전안내,208963,기타,2025-01-10
"어제 내린 눈이 영하의 기온으로 얼어 도로 결빙이 우려됩니다. 감속운전, 낙상주의 등 안전사고에 주의하시고, 가급적 대중교통을 이용해주시기 바랍니다.[안산시청]",경기도 안산시 ,2025-01-10 7:00,2025-01-10,안전안내,208966,대설,2025-01-10
어제 내린 눈으로 도로 살얼음과 곳곳에 안개가 발생하고 있습니다. 차량 이용 시 감속 등 안전 운전과 보행 중 미끄럼 사고에 조심하시기 바랍니다.  [경기도청],경기도 전체 ,2025-01-10 7:00,2025-01-10,안전안내,208967,대설,2025-01-10
어제 내린 눈으로 도로가 미끄러우니 운전자는 감속운전하시고 보행자는 낙상사고에 주의하시기 바라며 가급적 대중교통을 이용해 주시기 바랍니다.[광명시청],경기도 광명시 ,2025-01-10 7:03,2025-01-10,안전안내,208970,대설,2025-01-10
"어제 내린 눈으로 인해 도로와 인도 결빙으로 인한 사고가 우려되오니 
서행운전,안전거리 유지,보행시 낙상사고 방지 등 안전사고에 유의하여 주시기 바랍니다[화성시]",경기도 화성시 ,2025-01-10 7:20,2025-01-10,안전안내,208975,기타,2025-01-10
"어제 내린 눈이 영하의 기온으로 얼어 도로 결빙이 우려됩니다. 감속운전, 낙상주의 등 안전사고에 주의하시고, 가급적 대중교통을 이용해주시기 바랍니다. [시흥시청]",경기도 시흥시 ,2025-01-10 7:25,2025-01-10,안전안내,208976,대설,2025-01-10
"밤사이 폭설과 도로살얼음으로 인한 차량 미끄럼 사고가 우려되니 감속운행, 차간거리 유지 등 안전운전에 각별히 유의바랍니다. [국토교통부]","강원특별자치도 전체 ,경기도 전체 ,경상북도 전체 ,대구광역시 전체 ,대전광역시 전체 ,서울특별시 전체 ,인천광역시 전체 ,전라북도 전체 ,충청남도 전체 ,충청북도 전체 ,세종특별자치시  ",2025-01-10 8:00,2025-01-10,안전안내,208982,대설,2025-01-10
어제 내린 눈이 영하의 기온으로 얼어 미끄럼 사고가 우려되니 감속운전 및 보행 안전에 유의하시기 바랍니다.[가평군],경기도 가평군 ,2025-01-10 8:06,2025-01-10,안전안내,208983,대설,2025-01-10
"밤사이 기온강하로 인한 도로결빙이 우려되오니, 차량 감속운행, 차간거리 유지 및 보행자 낙상사고에 유의하시기 바랍니다.[의왕시]",경기도 의왕시 ,2025-01-10 8:24,2025-01-10,안전안내,208985,기타,2025-01-10
오늘 늦은 밤부터 내일 오전 사이 짙은 안개정보 발표. 운전 시 감속 주행 및 비상등 점등 등 교통안전에 각별히 유의하시기 바랍니다. [광주시],경기도 광주시 ,2025-01-10 18:05,2025-01-10,안전안내,209000,한파,2025-01-10
"강서구에서 실종된 신순녀씨(여,60세)를 찾습니다-152cm,밤색패딩,붉은계열꽃무늬치마,분홍색부츠,검정모자 
vo.la/cmFPP / ☎112 [서울경찰청]",서울특별시 강서구 ,2025-01-10 18:11,2025-01-10,안전안내,209001,기타,2025-01-10
"오늘(10일) 21시부터 내일(11일) 오전까지 안개발생으로 가시거리가 매우 짧을 예정이오니, 안전거리 확보 등 교통안전에 유의하시기 바랍니다. [남양주시]",경기도 남양주시 ,2025-01-10 20:40,2025-01-10,안전안내,209005,기타,2025-01-10
"오늘(11일) 오전까지 안개로 인하여 가시거리가 매우 짧을 예정이오니, 안전거리 확보 등 교통안전에 유의하시기 바랍니다. [남양주시]",경기도 남양주시 ,2025-01-11 7:04,2025-01-11,안전안내,209008,기타,2025-01-11
광주원주고속도로 광주방향 곤지암2터널(4.8k) 화물차 단독 화재 사고 처리중. 동곤지암IC~초월IC 통제중 우회바랍니다. [제이영동고속도로(주)],"강원특별자치도 원주시 ,경기도 광주시 ,경기도 양평군 ,경기도 여주시 ",2025-01-11 11:03,2025-01-11,안전안내,209014,기타,2025-01-11
"광주원주고속도로 광주방향 곤지암2터널(4.3K) 내 화재사고 진압완료, 1차로 개방 차로통행 중 안전운행 바랍니다. [제이영동고속도로(주)]","강원특별자치도 원주시 ,경기도 광주시 ,경기도 양평군 ,경기도 여주시 ",2025-01-11 11:54,2025-01-11,안전안내,209017,기타,2025-01-11
"용인시에서 실종된 신성중씨(남,82세)를 찾습니다-170cm,68kg,검정코트,검정구두,나무지팡이,검정털모자
vo.la/eXsVC / ☎182 [경기남부경찰청]","경기도 용인시 처인구 ,경기도 용인시 기흥구 ,경기도 용인시 수지구 ",2025-01-11 14:33,2025-01-11,안전안내,209019,기타,2025-01-11
"은평구에서 실종된 이흥용씨(남,86세)를 찾습니다 -165cm,52kg,국방색패딩,검정바지,검정신발 
vo.la/QBVjT / ☎182 [서울경찰청]",서울특별시 은평구 ,2025-01-11 16:29,2025-01-11,안전안내,209022,기타,2025-01-11
겨울철 화기사용과 실내 활동 등으로 화재가 많이 발생하고 있습니다. 취약시설에 대한 예방활동과 화재발생 시 인명피해가 없도록 조심해 주시기 바랍니다.[김포시청],경기도 김포시 ,2025-01-11 18:04,2025-01-11,안전안내,209023,화재,2025-01-11
"고갯길, 교량 위, 터널 입구 등 도로 결빙(블랙아이스)으로 인한 차량 미끄럼 사고가 우려되니 서행운전, 차간거리 확보 등 안전사고에 유의 바랍니다.[시흥시청]",경기도 시흥시 ,2025-01-12 7:00,2025-01-12,안전안내,209026,대설,2025-01-12
"경찰은 고양시에서 실종된 강정례씨(여, 79세)를 찾습니다 - 168cm, 50kg, 군청색잠바, 검정바지 vo.la/yNFrd / ☎112 [경기북부경찰청]","경기도 고양시 덕양구 ,경기도 고양시 일산동구 ,경기도 고양시 일산서구 ",2025-01-12 18:14,2025-01-12,안전안내,209029,기타,2025-01-12
"안산시에서 실종된 이명분씨(여, 67세)를 찾습니다 -155cm,진녹색롱패딩,검정바지,회색백팩,흰색운동화 vo.la/xngBr / ☎112 [경기남부경찰청]","경기도 안산시 상록구 ,경기도 안산시 단원구 ",2025-01-12 18:29,2025-01-12,안전안내,209030,기타,2025-01-12
"안양시에서 실종된 이정관씨(남,82세)를 찾습니다-150cm,52kg,백발,남색패딩,보라색바지,검정운동화 
vo.la/WkTGO / ☎112 [경기남부경찰청]","경기도 안양시 만안구 ,경기도 안양시 동안구 ",2025-01-13 9:59,2025-01-13,안전안내,209036,기타,2025-01-13
"고양시에서 실종된 정우용씨(남,74세)를 찾습니다 - 173cm,75kg,검정롱패딩,남색계열바지,검정모자
vo.la/jNrAy / ☎112 [경기북부경찰청]","경기도 고양시 덕양구 ,경기도 고양시 일산동구 ,경기도 고양시 일산서구 ",2025-01-14 9:22,2025-01-14,안전안내,209043,기타,2025-01-14
"고갯길, 교량 위, 터널 입구 등 도로 결빙(블랙아이스)으로 인한 차량 미끄럼 사고가 우려되니 서행운전, 차간거리 확보 등 안전사고에 유의 바랍니다.[양주시]",경기도 양주시 ,2025-01-14 11:52,2025-01-14,안전안내,209045,대설,2025-01-14
"오늘 눈과 비로 인한 교량, 도로, 터널 등에 결빙(블랙아이스)이 우려되오니 차량주행 및 보행 낙상사고 등 안전사고에 유의하시기 바랍니다. [동두천시]",경기도 동두천시 ,2025-01-14 11:57,2025-01-14,안전안내,209048,대설,2025-01-14
"오늘(14일) 오후 비가 그친 후 기온 급강하가 예상되오니, 빙판길 낙상사고, 방한용품 착용 및 수도동파에 유의하시기 바랍니다.[오산시]",경기도 오산시 ,2025-01-14 12:20,2025-01-14,안전안내,209049,한파,2025-01-14
오늘 비와 눈이 내리는 곳으로 도로가 얼어 결빙이 다수 발생해 도로가 매우 미끄럽습니다. 차량 이용 시 감속 등 안전운전 하시기 바랍니다. [경기도청],경기도 전체 ,2025-01-14 12:20,2025-01-14,안전안내,209050,대설,2025-01-14
오늘(14일) 눈과 비로 밤부터 내일 아침까지 도로 결빙이 우려되오니 차량주행 및 보행 낙상사고 등 안전사고에 유의하시기 바랍니다. [남양주시],경기도 남양주시 ,2025-01-14 12:21,2025-01-14,안전안내,209051,기타,2025-01-14
"14일(일) 오늘 내린 눈과 비로 인한 도로, 터널, 교량 등에 결빙(블랙아이스)가 우려되니 감속운행 등 교통안전에 유의하시기 바랍니다.[파주시청]",경기도 파주시 ,2025-01-14 12:25,2025-01-14,안전안내,209052,교통,2025-01-14
"눈과 비로 인한 교량,고갯길,터널 입구 등 도로 결빙(블랙아이스)이 우려되오니 차량 이용 시 감속 운행하여 주시고, 보행 중 낙상사고에 유의 바랍니다. [포천시]",경기도 포천시 ,2025-01-14 12:38,2025-01-14,안전안내,209053,대설,2025-01-14
오늘 내린 눈과 비로 밤부터 내일 아침까지 도로 결빙이 예상됩니다. 차량 운행 시 미끄럼 방지를 위해 감속 등 안전운전 하시기 바랍니다. [구리시],경기도 구리시 ,2025-01-14 12:41,2025-01-14,안전안내,209054,대설,2025-01-14
"의정부시 일원에 강설로 인한 빙판길이 우려되니 감속운행, 차간거리 유지 등 안전운전에 각별히 유의바랍니다. [의정부시]",경기도 의정부시 ,2025-01-14 13:00,2025-01-14,안전안내,209055,대설,2025-01-14
오늘 내린 눈과 비로 도로 결빙에 따른 안전사고 발생이 예상됩니다. 차량 운행 시 미끄럼 방지를 위해 감속 등 안전운전 하시기 바랍니다.[여주시],경기도 여주시 ,2025-01-14 13:14,2025-01-14,안전안내,209057,한파,2025-01-14
"눈과 비로 인한 교량,,고갯길,터널 입구 등 도로 결빙(블랙아이스)이 우려 되오니 차량 이용 시 감속 운행하여 주시고, 보행 중 낙상사고에 유의바랍니다.[광주시]",경기도 광주시 ,2025-01-14 13:53,2025-01-14,안전안내,209058,한파,2025-01-14
"강설 및 기온저하로 결빙이 우려됩니다. 빙판길 미끄럼 사고 등 보행안전에 유의하시기 바라며 가급적 대중교통을 이용하시고, 운전 시에는 서행하세요. [의정부시]",경기도 의정부시 ,2025-01-14 15:25,2025-01-14,안전안내,209062,대설,2025-01-14
"내린 눈과 한파로 빙판길이 우려되니,▲감속운행 및 보행 안전 ▲수도계량기 동파 ▲난방기 화재 주의 바라며,▲내 집 앞 눈치우기에 동참해 주시기 바람니다.[가평군]",경기도 가평군 ,2025-01-14 16:44,2025-01-14,안전안내,209064,한파,2025-01-14
"오늘 내린 비로 인해 터널 앞, 교량 위, 응달진 곳은 블랙아이스 차량 사고 주의 및 이동 시 가급적 대중교통을 이용해 주시기 바랍니다.[용인특례시]","경기도 용인시 처인구 ,경기도 용인시 기흥구 ,경기도 용인시 수지구 ",2025-01-14 16:55,2025-01-14,안전안내,209065,기타,2025-01-14
"오늘(14일) 고양시에 내린 눈과 비로 밤부터 내일 아침까지 도로 결빙이 우려되오니 차량 운행시 감속 운전, 보행시 낙상사고에 유의바랍니다. [고양시]",경기도 고양시 ,2025-01-14 17:09,2025-01-14,안전안내,209068,대설,2025-01-14
"오늘 내린 눈과 비로 인한 도로 결빙(블랙아이스)이 우려되오니, 가급적 대중교통을 이용하여 주시고, 보행 중 낙상사고에 유의하시기 바랍니다.[연천군]",경기도 연천군 ,2025-01-14 17:45,2025-01-14,안전안내,209069,한파,2025-01-14
"금일 내린 눈과 비로 인해 도로결빙이 우려되오니 차량은 감속운행하여 주시고, 보행자는 미끄럼 사고에 조심하여 주시기 바랍니다. [구리시]",경기도 구리시 ,2025-01-14 17:52,2025-01-14,안전안내,209070,대설,2025-01-14
"김포지역 저녁부터 기온이 낮아져 내일 새벽 체감온도 영하11도 예상. 어르신 안부 및 화재발생 예방, 보행 및 차량운전시 조심하세요. [김포시청]",경기도 김포시 ,2025-01-14 18:00,2025-01-14,안전안내,209072,한파,2025-01-14
"오늘(14일) 내린 눈과 비로 인한 도로 결빙으로 교통사고 등이 우려되오니, 차량주행 및 보행 낙상사고 등 안전사고에 유의하시기 바랍니다. [남양주시]",경기도 남양주시 ,2025-01-14 18:01,2025-01-14,안전안내,209073,기타,2025-01-14
"우천 후 기온 하강으로 인하여, 인도 및 도로 결빙 우려가 있으니, 낙상사고 방지 및 차량 감속 운행 등 안전에 유의하시기 바랍니다.[시흥시청]",경기도 시흥시 ,2025-01-14 18:25,2025-01-14,안전안내,209075,대설,2025-01-14
"우천 후 기온이 내려가 인도와 차도가 미끄러우니, 보행자는 낙상사고를 조심하시고 운전자는 감속 등 안전운전하시기 바랍니다.[광명시청]",경기도 광명시 ,2025-01-14 19:05,2025-01-14,안전안내,209078,한파,2025-01-14
"오늘 눈과 비로 인한 교량, 도로, 터널 등에 결빙(블랙아이스)이 우려되오니 차량주행 및 보행 낙상사고 등 안전사고에 유의하시기 바랍니다. [동두천시]",경기도 동두천시 ,2025-01-14 19:14,2025-01-14,안전안내,209079,대설,2025-01-14
"금일 내린 눈,비와 한파로 도로 결빙이 우려되니 가급적 대중교통을 이용해 주시고 운전시 감속운행 및 미끄럼 사고에 주의하시기 바랍니다. [도봉구]",서울특별시 도봉구 ,2025-01-14 20:00,2025-01-14,안전안내,209081,한파,2025-01-14
"오늘 눈과 비로 인한 교량, 도로, 터널 등에 결빙(블랙아이스)이 우려되오니 차량주행 및 보행 낙상사고 등 안전사고에 유의하시기 바랍니다. [동두천시]",경기도 동두천시 ,2025-01-14 20:36,2025-01-14,안전안내,209084,대설,2025-01-14
"어제 내린 눈과 한파로 도로결빙이 우려되니, 감속운행 및 보행안전, 수도계량기 동파·난방기 화재주의, 내집 앞 눈치우기에 적극 동참해 주시기 바랍니다. [양평군]",경기도 양평군 ,2025-01-15 6:01,2025-01-15,안전안내,209093,대설,2025-01-15
"밤사이 기온 하강으로 인하여 인도 및 도로결빙(블랙아이스)이 우려되오니 미끄럼 사고, 서행운전, 차간거리 확보 등 안전에 유의하시기 바랍니다.[시흥시청]",경기도 시흥시 ,2025-01-15 6:50,2025-01-15,안전안내,209095,대설,2025-01-15
"어제 내린 비로 인해 터널 앞, 교량 위, 응달진 곳은 블랙아이스 차량 사고 주의 및 출퇴근 시 가급적 대중교통을 이용해 주시기 바랍니다.[용인특례시]","경기도 용인시 처인구 ,경기도 용인시 기흥구 ,경기도 용인시 수지구 ",2025-01-15 6:55,2025-01-15,안전안내,209096,기타,2025-01-15
어제 내린 눈과 비가 얼어 도로 결빙이 예상됩니다. 도로살얼음으로 인한 미끄럼 사고가 우려되니 차량 운행 및 보행 시 안전에 유의하시기 바랍니다. [경기도청],경기도 전체 ,2025-01-15 7:00,2025-01-15,안전안내,209097,기타,2025-01-15
어제 내린 눈과 비로 인한 도로 결빙이 우려되오니 차량주행 및 보행 낙상사고 등 안전사고에 유의하시기 바랍니다. [남양주시],경기도 남양주시 ,2025-01-15 7:00,2025-01-15,안전안내,209098,기타,2025-01-15
"비 온 후 기온저하로 인도와 차도가 미끄러우니, 보행시 낙상에 조심하시고 운전시에는 안전운전하시기 바랍니다.[광명시청]",경기도 광명시 ,2025-01-15 7:01,2025-01-15,안전안내,209099,한파,2025-01-15
"어제 비와 아침 한파로 도로결빙, 한파 피해 우려됩니다. 감속운전, 낙상주의, 방한용품 착용 등으로 피해에 대비하시고, 가급적 대중교통 이용 바랍니다.[안산시청]","경기도 안산시 상록구 ,경기도 안산시 단원구 ",2025-01-15 7:01,2025-01-15,안전안내,209100,한파,2025-01-15
"고갯길, 교량 위, 터널 입구 등 도로 결빙(블랙아이스)으로 인한 차량 미끄럼 사고가 우려되니 서행 운전, 차간 거리 확보 등 안전사고에 유의 바랍니다.[양주시]",경기도 양주시 ,2025-01-15 7:15,2025-01-15,안전안내,209102,대설,2025-01-15
어제 내린 눈이 영하의 기온으로 얼어 도로결빙(블랙아이스)이 우려되니 감속운전 및 보행 안전에 유의하시기 바랍니다.[가평군],경기도 가평군 ,2025-01-15 7:20,2025-01-15,안전안내,209103,대설,2025-01-15
어제 내린 비로 인한 인도 및 도로의 결빙이 우려됩니다. 보행 및 운전 시 미끄럼 사고에 주의하시기 바랍니다.  [오산시],경기도 오산시 ,2025-01-15 7:51,2025-01-15,안전안내,209104,한파,2025-01-15
"도로결빙으로 인한 출퇴근길 미끄럼 사고가 우려되오니 대중교통 이용, 운전 시 차간거리 확보 및 서행, 보행안전에 유의하시기 바랍니다. [의정부시]",경기도 의정부시 ,2025-01-15 7:55,2025-01-15,안전안내,209105,대설,2025-01-15
"도로결빙으로 인한 출퇴근길 미끄럼 사고가 우려되오니 대중교통 이용, 운전 시 차간거리 확보 및 서행, 보행안전에 유의하시기 바랍니다. [여주시]",경기도 여주시 ,2025-01-15 8:41,2025-01-15,안전안내,209106,한파,2025-01-15
"성북구에서 배회중인 최선미씨(여, 60세)를 찾습니다 -158cm,65kg,검정긴점퍼,회색바지,운동화,분홍목도리 vo.la/jtRRu / ☎182 [서울경찰청]",서울특별시 성북구 ,2025-01-15 9:42,2025-01-15,안전안내,209107,기타,2025-01-15
"구리시에서 실종된 최기순씨(여,83세)를 찾습니다-155cm,세발자전거,자주색상의,보라색하의,흰색운동화 vo.la/ogrkH / ☎182 [경기북부경찰청]",경기도 구리시 ,2025-01-15 16:36,2025-01-15,안전안내,209109,기타,2025-01-15
"종로구에서 배회중인 오영두씨(남, 77세)를 찾습니다 -160cm,남색상의(등에흰줄무늬),검정하의,검정운동화 vo.la/GNuDO / ☎182 [서울경찰청]",서울특별시 종로구 ,2025-01-15 17:53,2025-01-15,안전안내,209111,기타,2025-01-15
"고양시에서 실종된 조수경씨(여, 28세)를 찾습니다 -162cm,72kg,검정롱패딩,청바지,흰색운동화 vo.la/Uewgs / ☎112 [경기북부경찰청]","경기도 고양시 덕양구 ,경기도 고양시 일산동구 ,경기도 고양시 일산서구 ",2025-01-15 18:07,2025-01-15,안전안내,209112,기타,2025-01-15
"양천구에서 실종된 박소연(여,14세)을 찾습니다 -164cm,검정롱패딩,안경,남색컨버스화,검정백팩과흰색백팩 vo.la/vDjiZ / ☎112 [서울경찰청]",서울특별시 양천구 ,2025-01-15 19:12,2025-01-15,안전안내,209114,기타,2025-01-15
오늘 21시00분 한파경보 발령. 야외 활동을 자제하시고 외출 시 보온에 신경 쓰세요. 수도 계량기는 헌 옷 등으로 감싸 동파를 방지하세요. [행정안전부],"강원특별자치도 강릉시 ,강원특별자치도 고성군 ,강원특별자치도 속초시 ,강원특별자치도 양구군 ,강원특별자치도 양양군 ,강원특별자치도 인제군 ,강원특별자치도 철원군 ,강원특별자치도 평창군 ,강원특별자치도 홍천군 ,경기도 연천군 ",2025-01-15 20:09,2025-01-15,안전안내,209116,한파,2025-01-15
"남양주에서 실종된 한다훈씨(여, 63세)를 찾습니다-150cm,45kg,털달린후드롱패딩점퍼(쥐색계열) vo.la/mgZSi / ☎112 [경기북부경찰청]",경기도 남양주시 ,2025-01-15 20:11,2025-01-15,안전안내,209117,기타,2025-01-15
금일 20:36경 향남읍 백토리 405번지 화재로 인해 주변 연기가 많이 발생하고 있습니다. 인근 주민은 외출을 자제하는 등 안전에 유의하시길 바랍니다.[화성시],경기도 화성시 향남읍,2025-01-15 21:27,2025-01-15,안전안내,209118,화재,2025-01-15
"아침 한파로 도로 결빙과 한파 피해가 우려됩니다. 감속운전, 낙상주의, 방한용품 착용 등으로 피해에 대비하시고, 가급적 대중교통 이용을 당부 드립니다.[안산시청]",경기도 안산시 ,2025-01-16 7:00,2025-01-16,안전안내,209120,한파,2025-01-16
"밤사이 기온 하강으로 인하여 인도 및 도로상 결빙(블랙아이스)이 우려되오니 미끄럼 사고 대비 서행운전, 차간거리 확보 등 안전에 유의하시기 바랍니다.[시흥시청]",경기도 시흥시 ,2025-01-16 7:20,2025-01-16,안전안내,209121,한파,2025-01-16
"중랑구에서 실종된 이민희씨(여,29세)를 찾습니다 -155cm,50kg,보라색패딩,회색바지,검정운동화 
vo.la/Omrpb / ☎182 [서울경찰청]","서울특별시 노원구 ,서울특별시 중랑구 ",2025-01-16 10:18,2025-01-16,안전안내,209122,기타,2025-01-16
"화성시에서 실종된 한상목씨(남,79세)를 찾습니다-160cm,파란색털모자,지팡이,검정상하의,흰색목폴라 
vo.la/ZiCaq / ☎182 [경기남부경찰청]",경기도 화성시 ,2025-01-16 16:05,2025-01-16,안전안내,209125,기타,2025-01-16
"수원시에서 실종된 정주은씨(여,46세)를 찾습니다 -155cm,85kg,베이지색상하의,노란색백팩
vo.la/oTasP / ☎182 [경기남부경찰청]","경기도 수원시 장안구 ,경기도 수원시 권선구 ,경기도 수원시 팔달구 ,경기도 수원시 영통구 ",2025-01-16 17:27,2025-01-16,안전안내,209126,기타,2025-01-16
"고양시에서 실종된 조석남씨(남, 79세)를 찾습니다  -160cm, 46kg, 백발, 회색전대, 남색패딩
vo.la/aqKCn / ☎112 [경기북부경찰청]","경기도 파주시 ,경기도 고양시 덕양구 ,경기도 고양시 일산동구 ,경기도 고양시 일산서구 ",2025-01-16 18:58,2025-01-16,안전안내,209127,기타,2025-01-16
"송파구에서 실종된 하시아씨(여,32세)를 찾습니다 -150cm,41kg,마른체격,푸른색롱후리스,회색어그부츠 
vo.la/ukxgz / ☎112 [서울경찰청]",서울특별시 송파구 ,2025-01-16 19:32,2025-01-16,안전안내,209128,기타,2025-01-16
오늘 오전부터 눈과 비가 남서부 지역을 시작으로 도내 전 지역으로 확대됩니다. 도로 결빙으로 인한 차량 및 보행자 안전사고에 유의하시기 바랍니다. [경기도청],경기도 전체 ,2025-01-17 11:00,2025-01-17,안전안내,209131,대설,2025-01-17
오늘 오전부터 시 전역에 눈과 비가 내리고 있습니다. 도로 결빙으로 인한 차량 및 보행자 안전사고에 유의하시기 바랍니다. [시흥시청],경기도 시흥시 ,2025-01-17 11:07,2025-01-17,안전안내,209132,대설,2025-01-17
눈이 와서 도로가 미끄러우니 감속 안전운전하시고 보행에도 조심하시기 바랍니다. 내리는 눈은 점차 눈비로 바뀌어 자정 경까지 이어질 예정입니다.[광명시청],경기도 광명시 ,2025-01-17 13:09,2025-01-17,안전안내,209133,대설,2025-01-17
눈과 비로 인한 도로 결빙이 우려되오니 차량주행 및 보행 낙상사고 등 안전사고에 주의하시기 바랍니다. [남양주시],경기도 남양주시 ,2025-01-17 13:32,2025-01-17,안전안내,209134,대설,2025-01-17
"쌓인 눈과 도로살얼음(특히 교량, 고가도로, 터널 입·출구등)으로 인해 길이 매우 미끄럽겠으니 교통사고에 주의 하시고 보행자는 안전사고에 유의 바랍니다.[파주시]",경기도 파주시 ,2025-01-17 16:08,2025-01-17,안전안내,209137,대설,2025-01-17
"17~18일 눈 또는 비로 인해 도로가 매우 미끄러우니 상습 빙판길, 도로살얼음 지역에 각별히 유의바랍니다[오산시]",경기도 오산시 ,2025-01-17 16:50,2025-01-17,안전안내,209138,대설,2025-01-17
오늘 오전부터 양주시 전역에 눈과 비가 내리고 있습니다. 도로 결빙으로 인한 차량 및 보행자 안전사고에 유의하시기 바랍니다. [양주시],경기도 양주시 ,2025-01-17 17:01,2025-01-17,안전안내,209140,대설,2025-01-17
금일(17일) 고양시 전역에 눈이 내려 도로가 매우 미끄러우니 차량운행시 감속운전하여 주시고 보행중 낙상사고에 주의하시기 바랍니다. [고양시],경기도 고양시 ,2025-01-17 17:06,2025-01-17,안전안내,209141,대설,2025-01-17
"현재 동두천시 전역에 대설주의보가 발령되었으니 야외활동 자제, 낙상사고 등 안전사고에 유의하시고 내 집앞 내 점포 눈쓸기에 동참하여 주시기 바랍니다.[동두천시]",경기도 동두천시 ,2025-01-17 17:07,2025-01-17,안전안내,209142,대설,2025-01-17
"금일 눈, 비가 내린 후 출·퇴근 시간 도로결빙으로 인한 안전사고 발생이 우려되오니 감속운전, 안전거리 확보 및 보행안전에 유의하시기 바랍니다.[화성시]",경기도 화성시 ,2025-01-17 17:08,2025-01-17,안전안내,209143,한파,2025-01-17
"오늘 내리는 비와 녹은 눈으로 도로가 매우 미끄럽거나 결빙이 발생할 수 있어 운전자는 서행운전과 안전거리 확보하시고, 보행자는 낙상사고에 주의하세요[서울특별시청]",서울특별시 전체 ,2025-01-17 17:13,2025-01-17,안전안내,209144,대설,2025-01-17
오늘 오전부터 의정부시 전역에 눈과 비가 내리고 있습니다. 도로 결빙으로 인한 차량 및 보행시 안전사고에 유의하시기 바랍니다.[의정부시],경기도 의정부시 ,2025-01-17 17:25,2025-01-17,안전안내,209146,대설,2025-01-17
최근 겨울철 주택시설 화재가 급증하고 있습니다. 작은 부주의로 인한 인명피해가 없도록 가정에서는 경각심을 가지고 화재예방 안전수칙을 준수해 주세요. [김포시청],경기도 김포시 ,2025-01-17 17:31,2025-01-17,안전안내,209148,화재,2025-01-17
"오늘 내린 눈으로 인해 터널 앞, 교량 위, 응달진 곳은 블랙아이스 차량 사고 및 보행자 낙상사고 등 안전사고에 주의하시기 바랍니다.[용인특례시]","경기도 용인시 처인구 ,경기도 용인시 기흥구 ,경기도 용인시 수지구 ",2025-01-17 17:50,2025-01-17,안전안내,209149,기타,2025-01-17
"도로 및 인도결빙으로 미끄럼 사고가 우려되오니 운전시 감속운행, 차간거리 확보 등 차량 및 보행자 안전사고에 유의하시기 바랍니다. [이천시청]",경기도 이천시 ,2025-01-17 19:05,2025-01-17,안전안내,209154,대설,2025-01-17
"강서구에서 배회 중인 송승옥씨(여,74세)를 찾습니다 -160cm,50kg,남색점퍼,검정바지,검정마스크착용
vo.la/jPozb / ☎112 [서울경찰청]",서울특별시 강서구 ,2025-01-17 19:34,2025-01-17,안전안내,209155,기타,2025-01-17
"금일 현재 양천구(신정동,신월동), 구로구(고척동,오류동) 지역난방 열공급 중단 중입니다. 신속히 복구중으로 열공급 재개시 재안내 드리겠습니다. [서울특별시]","서울특별시 양천구 신정동,서울특별시 양천구 신월동,서울특별시 구로구 고척동,서울특별시 구로구 오류동",2025-01-17 20:00,2025-01-17,안전안내,209156,수도,2025-01-17
"오늘 내린 눈, 비로 인하여 도로결빙이 우려되니 차량 감속 운행 및 보행 시 미끄럼 사고에 주의하시기 바랍니다. [도봉구청]",서울특별시 도봉구 ,2025-01-17 20:00,2025-01-17,안전안내,209157,기타,2025-01-17
"금천구에서 배회 중인 이경임씨(여,69세)를 찾습니다 -150cm,70kg,빨간색점퍼,분홍색바지,붉은운동화
vo.la/qJtDb / ☎112 [서울경찰청]",서울특별시 금천구 ,2025-01-17 20:28,2025-01-17,안전안내,209158,기타,2025-01-17
"지역난방공사 열공급 중단으로 전열기구가 필요한 가구는 (신정1,2,3,6,7, 신월7동) 주민센터에서 전열기구 제공 및 대피장소 안내받으실수 있습니다.[양천구]","서울특별시 양천구 신정동,서울특별시 양천구 신월동",2025-01-17 22:13,2025-01-17,안전안내,209160,기타,2025-01-17
[재알림]열공급 중단으로인한 전열기구 제공은 전기장판 대여로 정정합니다. [양천구],"서울특별시 양천구 신정동,서울특별시 양천구 신월동",2025-01-17 22:42,2025-01-17,안전안내,209161,기타,2025-01-17
어제 양평군 전역에 내린 눈으로 도로와 인도 결빙이 예상되오니 차량이용 감속 등 안전운전과 보행 중 미끄럼 사고에 각별히 유의하시기 바랍니다.[양평군],경기도 양평군 ,2025-01-18 6:06,2025-01-18,안전안내,209164,대설,2025-01-18
"도로 및 인도결빙으로 미끄럼 사고가 우려되오니 운전시 감속운행, 차간거리 확보 등 차량 및 보행자 안전사고에 유의하시기 바랍니다.[시흥시청]",경기도 시흥시 ,2025-01-18 6:50,2025-01-18,안전안내,209166,대설,2025-01-18
"오늘 내린 눈,비로 인해 터널 앞, 교량 위, 응달진 곳은 블랙아이스 차량 사고 및 보행자 낙상사고 등 안전사고에 주의하시기 바랍니다.[용인특례시]","경기도 용인시 처인구 ,경기도 용인시 기흥구 ,경기도 용인시 수지구 ",2025-01-18 6:55,2025-01-18,안전안내,209168,기타,2025-01-18
전날 내린 눈비로 인하여 도로가 미끄러울 수 있으니 감속 안전운전하시고 보행에도 주의바랍니다.[광명시청],경기도 광명시 ,2025-01-18 6:58,2025-01-18,안전안내,209169,대설,2025-01-18
"지난 밤사이 내린 비로 도로 살얼음과 짙은 안개가 발생하고 있습니다. 터널 앞, 교량 인근, 고가도로 등은 위험하오니 교통안전에 유의하시기 바랍니다. [경기도청]",경기도 전체 ,2025-01-18 7:00,2025-01-18,안전안내,209170,대설,2025-01-18
"새벽에 내린 비로 일부 도로 살얼음이 우려됩니다. 지하차도, 고가도로, 인도 등 미끄럼 사고에 주의하시고, 가급적 대중교통을 이용해 주시기 바랍니다.[안산시청]",경기도 안산시 ,2025-01-18 7:00,2025-01-18,안전안내,209171,대설,2025-01-18
"도로 및 인도결빙으로 미끄럼 사고가 우려되오니 운전시 감속운행, 차간거리 확보 등 차량 및 보행자 안전사고에 유의하시기 바랍니다. [남양주시]",경기도 남양주시 ,2025-01-18 7:01,2025-01-18,안전안내,209172,기타,2025-01-18
"금일 새벽 내린비로 일부구간(터널앞,교량하부 등) 도로결빙이 우려되오니 차량운행 시 감속운전 및 안전거리를 유지하여주시고 보행중 낙상사고에 유의바랍니다[화성시]",경기도 화성시 ,2025-01-18 7:07,2025-01-18,안전안내,209173,대설,2025-01-18
겨울비로 인해 도로가 매우 미끄러우니 결빙취약구간 운전시 안전거리 확보 및 서행 운전 등에 유의바랍니다.[오산시],경기도 오산시 ,2025-01-18 7:38,2025-01-18,안전안내,209175,기타,2025-01-18
"어제 내린 눈과 비가 결빙되어 도로살얼음이 발생, 운전자는 서행운전과 안전거리 확보하시고 보행자는 보행시 안전에 유의하시기 바랍니다. [의정부시]",경기도 의정부시 ,2025-01-18 8:18,2025-01-18,안전안내,209176,대설,2025-01-18
"군포시에서 실종된 윤우현씨(남, 84세)를 찾습니다-160cm,검정티,남색패딩조끼,NY야구모자,안경,검정장갑 vo.la/pNrEV / ☎182 [경기남부경찰청]",경기도 군포시 ,2025-01-18 14:02,2025-01-18,안전안내,209178,기타,2025-01-18
"구로구에서 배회중인 윤우현씨(남,84세)를 찾습니다-160cm,검정티,남색패딩조끼,NY로고야구모자,안경,검정장갑 vo.la/pNrEV / ☎182 [서울경찰청]",서울특별시 구로구 ,2025-01-18 14:03,2025-01-18,안전안내,209179,기타,2025-01-18
"양천구(신정동,신월동),구로구(고척동) 14:00부터 열공급 재개를 알려드립니다. 개별가정에 따라 정상공급까지 다소 시간이 소요될수 있습니다. [서울특별시청]","서울특별시 양천구 신정동,서울특별시 양천구 신월동,서울특별시 구로구 고척동",2025-01-18 14:25,2025-01-18,안전안내,209180,기타,2025-01-18
"성북구에서 실종된 이만규씨(남,78세)를 찾습니다-164cm,카키색조끼,파란색수면바지,회색슬리퍼,뒷짐걸음 
vo.la/xevJg / ☎182 [서울경찰청]","서울특별시 강북구 ,서울특별시 성북구 ",2025-01-19 10:17,2025-01-19,안전안내,209192,기타,2025-01-19
"송파구에서 실종된 박상복씨(남,76세)를 찾습니다-171cm,66kg,짙은색중절모,검정점퍼,노란색장바구니카트
vo.la/aQWaA / ☎182 [서울경찰청]",서울특별시 송파구 ,2025-01-19 15:12,2025-01-19,안전안내,209194,기타,2025-01-19
"구로구에서 실종된 김선순씨(여,72세)를 찾습니다-155cm,58kg,검정롱패딩,빨강스웨터,등산화,마스크착용
vo.la/QyPYX / ☎182 [서울경찰청]",서울특별시 구로구 ,2025-01-19 17:58,2025-01-19,안전안내,209197,기타,2025-01-19
"광명시에서 배회중인 김선순씨(여,72세)를 찾습니다-155cm,58kg,검정롱패딩,빨강스웨터,등산화,마스크 
vo.la/QyPYX / ☎112 [경기남부경찰청]",경기도 광명시 ,2025-01-19 18:02,2025-01-19,안전안내,209198,기타,2025-01-19
"남양주시에서 실종된 송용호씨(남,42세)를 찾습니다-165cm,45kg,스포츠머리,검정패딩,검정바지,검정모자 
vo.la/oVFLw/ ☎112 [경기북부경찰청]","경기도 구리시 ,경기도 남양주시 ",2025-01-20 14:35,2025-01-20,안전안내,209211,기타,2025-01-20
"노원구에서 실종된 김진나씨(여,34세)를 찾습니다-153cm,48kg,진회색점퍼,회색바지,빨강운동화,연두색쇼핑백 
vo.la/upQNW/ ☎112 [서울경찰청]",서울특별시 노원구 ,2025-01-20 15:45,2025-01-20,안전안내,209214,기타,2025-01-20
"송파구에서 배회중인 김진나씨(여,34세)를 찾습니다-153cm,48kg,진회색점퍼,회색바지,빨강운동화,연두색쇼핑백 
vo.la/upQNW/ ☎112 [서울경찰청]",서울특별시 송파구 ,2025-01-20 15:48,2025-01-20,안전안내,209215,기타,2025-01-20
금일 저녁 시 전역에 눈과 비가 예상됩니다. 도로 결빙으로 인한 차량 및 보행자 안전사고에 유의하시기 바랍니다. [양주시],경기도 양주시 ,2025-01-20 17:06,2025-01-20,안전안내,209217,대설,2025-01-20
"남양주시에서 배회중인 현기동씨(남,50세)를 찾습니다 -170cm,49kg,검정색긴팔상의,검정색바지,검정신발 vo.la/EeqtG / ☎112 [경기북부경찰청]",경기도 남양주시 ,2025-01-21 11:13,2025-01-21,안전안내,209232,기타,2025-01-21
"오늘 오후부터 서울전역에 강추위가 예상됩니다. 가급적 외출자제, 외출시 방한용품 착용, 미끄러짐 주의 등 건강관리에 유의바랍니다. [서울특별시청]",서울특별시 전체 ,2025-01-21 12:51,2025-01-21,안전안내,209236,한파,2025-01-21
"오늘 오후 약간의 비와 눈 흩날림이 예보되어 있으며, 자정부터 기온이 급강하하여 강추위가 약 3일간 지속될 예정이오니, 각종 안전사고에 대비 바랍니다. [광명시]",경기도 광명시 ,2025-01-21 13:12,2025-01-21,안전안내,209237,한파,2025-01-21
"김포전역 밤9시부터 기온급강하로 한파주의보 발효. 어르신 안부확인, 농업·수도 시설물 점검, 빙판길 보행자, 운전자 교통안전에 각별히 조심하세요. [김포시청]",경기도 김포시 ,2025-01-21 13:37,2025-01-21,안전안내,209238,한파,2025-01-21
"오늘 오후 9시부터 서울 지역에 한파주의보 발효 예정이니 가정에서 보온 유지하시고, 수도관 등 보온조치 및 온열기 화재에 주의 바랍니다.[영등포구]",서울특별시 영등포구 ,2025-01-21 15:16,2025-01-21,안전안내,209243,한파,2025-01-21
"경찰은 광주시에서 실종된 변윤구씨(남, 75세)를 찾습니다 - 173cm, 60kg, 검정잠바, 회색바지 vo.la/MrPow / ☎112 [경기남부경찰청]",경기도 광주시 ,2025-01-21 16:11,2025-01-21,안전안내,209245,기타,2025-01-21
"경찰은 성남시에서 배회중인 변윤구씨(남, 75세)를 찾습니다 - 173cm, 60kg, 검정잠바, 회색바지 vo.la/MrPow / ☎112 [경기남부경찰청]","경기도 성남시 수정구 ,경기도 성남시 중원구 ,경기도 성남시 분당구 ",2025-01-21 16:13,2025-01-21,안전안내,209246,기타,2025-01-21
"오늘 21시 한파주의보 발효 예정. 야외활동 자제, 농축수산물 피해 사전 대비, 화재예방, 도로살얼음 미끄럼 주의 및 수도 동파 방지에 유의 바랍니다.[의왕시]",경기도 의왕시 ,2025-01-21 16:34,2025-01-21,안전안내,209247,한파,2025-01-21
"21시 한파주의보 발효. 야외활동 자제, 화재예방, 빙판길주의, 수도관 및 계량기 동파방지에 유의바랍니다.[군포시]",경기도 군포시 ,2025-01-21 16:42,2025-01-21,안전안내,209248,한파,2025-01-21
"오늘 21시 한파주의보 발효 예정. 노약자 및 어린이 등은 건강관리와 보온에 유의하시고, 수도계량기 동파 및 도로 결빙 등을 주의하여 주시기 바랍니다. [오산시]",경기도 오산시 ,2025-01-21 17:00,2025-01-21,안전안내,209251,한파,2025-01-21
"21일(일) 21시 한파주의보 발효예정 
▲노약자 및 기저질환자 건강관리유의 
▲수도시설 동파예방(계량기함 내부 보온조치, 수도꼭지 틀어놓기)바랍니다.[관악구청]",서울특별시 관악구 ,2025-01-21 17:46,2025-01-21,안전안내,209256,한파,2025-01-21
"오늘 밤부터 강추위가 예보되어 있습니다. 노약자분은 외출자제하고 야외활동시 방한용품 착용, 수도계량기 보온조치 등 한파 대비 안전관리에 유의 바랍니다.[경기도청]","경기도 가평군 ,경기도 과천시 ,경기도 광명시 ,경기도 광주시 ,경기도 구리시 ,경기도 군포시 ,경기도 김포시 ,경기도 남양주시 ,경기도 동두천시 ,경기도 시흥시 ,경기도 양주시 ,경기도 양평군 ,경기도 연천군 ,경기도 오산시 ,경기도 의왕시 ,경기도 의정부시 ,경기도 파주시 ,경기도 포천시 ,경기도 하남시 ,경기도 화성시 ,임진강 수계지역(경기도 연천군,파주시)  ,경기도 수원시 장안구 ,경기도 수원시 권선구 ,경기도 수원시 팔달구 ,경기도 수원시 영통구 ,경기도 성남시 수정구 ,경기도 성남시 중원구 ,경기도 성남시 분당구 ,경기도 안양시 만안구 ,경기도 안양시 동안구 ,경기도 안산시 상록구 ,경기도 안산시 단원구 ,경기도 고양시 덕양구 ,경기도 고양시 일산동구 ,경기도 고양시 일산서구 ,경기도 용인시 처인구 ,경기도 용인시 기흥구 ,경기도 용인시 수지구 ,경기도 임진강 ,경기도 부천시 원미구 심곡동,경기도 부천시 원미구 원미동,경기도 부천시 원미구 소사동,경기도 부천시 원미구 역곡동,경기도 부천시 원미구 춘의동,경기도 부천시 원미구 도당동,경기도 부천시 원미구 약대동,경기도 부천시 원미구 중동,경기도 부천시 원미구 상동,경기도 부천시 소사구 심곡본동,경기도 부천시 소사구 소사본동,경기도 부천시 소사구 범박동,경기도 부천시 소사구 계수동,경기도 부천시 소사구 옥길동,경기도 부천시 소사구 괴안동,경기도 부천시 소사구 송내동,경기도 부천시 오정구 여월동,경기도 부천시 오정구 작동,경기도 부천시 오정구 원종동,경기도 부천시 오정구 오정동,경기도 부천시 오정구 고강동,경기도 부천시 오정구 대장동,경기도 부천시 오정구 삼정동,경기도 부천시 오정구 내동",2025-01-21 18:00,2025-01-21,안전안내,209257,한파,2025-01-21
"오늘 21시 한파주의보 발효 예정. 노약자 및 어린이 등은 건강관리와 보온에 유의하시고, 수도계량기 동파 및 도로 결빙 등을 주의하여 주시기 바랍니다.[남양주시]",경기도 남양주시 ,2025-01-21 18:30,2025-01-21,안전안내,209258,한파,2025-01-21
"성남시에서 실종된 이종정씨(남, 73세)를 찾습니다 -170cm,노란색긴팔,추리닝바지,보라색슬리퍼,흰마스크 vo.la/QbSRp / ☎112 [경기남부경찰청]","경기도 성남시 수정구 ,경기도 성남시 중원구 ,경기도 성남시 분당구 ",2025-01-21 18:36,2025-01-21,안전안내,209259,기타,2025-01-21
"오늘 21시 한파주의보 발효. 노약자분은 외출을 자제하여 주시고, 외출 시 방한용품 착용, 수도계량기 동파 및 도로 결빙 등에 유의하여 주시기 바랍니다.[구리시]",경기도 구리시 ,2025-01-21 18:57,2025-01-21,안전안내,209262,한파,2025-01-21
"오늘부터 강추위가 지속되오니 출근길 안전운전하시고, 외출 자제, 방한용품 착용, 수도동파 주의, 농작물 냉해 예방 등으로 한파에 대비하시기 바랍니다.[광명시청]",경기도 광명시 ,2025-01-21 18:59,2025-01-21,안전안내,209263,한파,2025-01-21
금일21시 한파주의보 발효예정으로 강추위가 예상되는바▲외출·야외활동 자제▲외출 시 방한용품 착용▲수도시설 동파예방▲난방기 화재주의 등 안전에 유의바랍니다[화성시],경기도 화성시 ,2025-01-21 19:30,2025-01-21,안전안내,209265,한파,2025-01-21
"오늘 밤부터 강추위가 예보되어 있습니다.▲노약자, 어린이 등 야외활동 자제▲결빙지역 안전운전▲수도계량기 보온조치 등 안전관리에 유의바랍니다. [수원특례시]","경기도 수원시 장안구 ,경기도 수원시 권선구 ,경기도 수원시 팔달구 ,경기도 수원시 영통구 ",2025-01-21 20:55,2025-01-21,안전안내,209268,한파,2025-01-21
"현재 강설 중 기온 급강하로 도로결빙이 예상되오니 감속운전, 안전거리 확보 및 낙상사고에 유의하여 주시고, 출퇴근시간엔 가급적 대중교통을 이용바랍니다[화성시]",경기도 화성시 ,2025-01-22 5:05,2025-01-22,안전안내,209270,한파,2025-01-22
"현재 내리는 눈이 한파로 인해 도로 결빙으로 이어지고 있으니 보행 및 운전 시 주의하시고, 개인 건강관리에 각별히 유의하시기 바랍니다. [오산시]",경기도 오산시 ,2025-01-22 6:07,2025-01-22,안전안내,209276,대설,2025-01-22
"현재 강설 중 도로결빙이 우려되오니 ▲차량안전운행 ▲대중교통 이용 ▲낙상사고 주의 등 안전에 유의바라며,내집 앞 눈치우기에 적극 동참하여 주시기 바랍니다[화성시]",경기도 화성시 ,2025-01-22 6:26,2025-01-22,안전안내,209278,한파,2025-01-22
"시흥시 한파주의보 발효. 결빙대비 감속 운전, 야외활동 시 방한용품 착용, 수도 등 동파방지, 화재주의 등 안전에 유의하시기 바랍니다. [시흥시청]",경기도 시흥시 ,2025-01-22 6:50,2025-01-22,안전안내,209283,한파,2025-01-22
"아침 강설로 도로 결빙과 한파 피해가 우려됩니다. 감속운전, 낙상주의, 방한용품 착용 등으로 피해에 대비하시고, 가급적 대중교통 이용을 당부 드립니다.[안산시청]",경기도 안산시 ,2025-01-22 6:54,2025-01-22,안전안내,209284,대설,2025-01-22
"현재 한파주의보 발효 중으로 낮은 기온과 바람이 불면서 매우 춥겠으니, 한파로 인한 안전사고와 건강관리에 각별히 유의 바랍니다. [부천시청]","경기도 부천시 원미구 심곡동,경기도 부천시 원미구 원미동,경기도 부천시 원미구 소사동,경기도 부천시 원미구 역곡동,경기도 부천시 원미구 춘의동,경기도 부천시 원미구 도당동,경기도 부천시 원미구 약대동,경기도 부천시 원미구 중동,경기도 부천시 원미구 상동,경기도 부천시 소사구 심곡본동,경기도 부천시 소사구 소사본동,경기도 부천시 소사구 범박동,경기도 부천시 소사구 계수동,경기도 부천시 소사구 옥길동,경기도 부천시 소사구 괴안동,경기도 부천시 소사구 송내동,경기도 부천시 오정구 여월동,경기도 부천시 오정구 작동,경기도 부천시 오정구 원종동,경기도 부천시 오정구 오정동,경기도 부천시 오정구 고강동,경기도 부천시 오정구 대장동,경기도 부천시 오정구 삼정동,경기도 부천시 오정구 내동",2025-01-22 7:00,2025-01-22,안전안내,209286,한파,2025-01-22
"새벽에 내린 눈으로 도로 및 인도결빙으로 미끄럼 사고가 우려되오니 운전시 감속운행, 차간거리 확보 등 차량 및 보행자 안전사고에 유의하시기 바랍니다.[양주시]",경기도 양주시 ,2025-01-22 7:01,2025-01-22,안전안내,209287,대설,2025-01-22
"한파주의보 발효중으로 기온 급하강에 따라 노약자 및 어린이 등은 건강관리와 보온에 유의하시고, 도로 결빙 등을 주의하여 주시기 바랍니다.[남양주시]",경기도 남양주시 ,2025-01-22 7:03,2025-01-22,안전안내,209288,한파,2025-01-22
"현재 각 지역에 눈이 내리고 있고, 매운 추운 날씨로 인하여 도로결빙 우려되니 교통안전 및 보행자 낙상사고에 주의하시기 바랍니다. [경기도청]",경기도 전체 ,2025-01-22 7:03,2025-01-22,안전안내,209289,대설,2025-01-22
"05시경 과천시 옛골토성 화재에 따른 소화 작업으로 인하여 선바위->과천, 남태령 방면 교통혼잡이 예상되어 차량운행 시에 안전에 유의하시기 바랍니다.[과천시]",경기도 과천시 ,2025-01-22 7:06,2025-01-22,안전안내,209290,화재,2025-01-22
과천동 522-33 옛골토성 화재연기 확산 등으로 인근 주민은 창호를 닫고 연기 흡입으로 인한 안전에 각별히 주의하시기 바랍니다 [과천시청],경기도 과천시 ,2025-01-22 7:13,2025-01-22,안전안내,209291,화재,2025-01-22
"새벽에 내린 눈으로 도로 및 인도 결빙으로 미끄럼 사고가 우려되오니 운전시 감속운행, 차간거리 확보 등 차량 및 보행자 안전사고에 유의하시기 바랍니다.[가평군]",경기도 가평군 ,2025-01-22 7:35,2025-01-22,안전안내,209295,한파,2025-01-22
"새벽에 갑자기 내린 눈과 추위로 출퇴근 시간대에 교통혼잡이 예상됩니다. 되도록 대중교통 이용, 운전 시 서행 등 보행안전에 유의하시기 바랍니다. [의정부시]",경기도 의정부시 ,2025-01-22 7:41,2025-01-22,안전안내,209296,대설,2025-01-22
"현재 한파주의보 발효 중이며, 일부 지역에 눈이 내리고 있습니다. 외출시 방한용품 착용, 도로결빙 및 보행자 미끄럼 사고 등에 유의하여 주시기 바랍니다.[구리시]",경기도 구리시 ,2025-01-22 7:48,2025-01-22,안전안내,209297,한파,2025-01-22
현재 한파주의보 발령으로 강추위가 예상되니 ▲외출·야외활동 자제▲외출 시 방한용품 착용▲수도시설 동파예방▲난방기 화재주의 등 안전에 유의바랍니다 [성북구청],서울특별시 성북구 ,2025-01-22 8:22,2025-01-22,안전안내,209299,한파,2025-01-22
"현재 강추위와 함께 눈이 내리고 있으니 수도관 동파예방, 외출 시 방한복 착용, 운전에 유의하여 주시기 바랍니다.[중랑구청]",서울특별시 중랑구 ,2025-01-22 8:43,2025-01-22,안전안내,209304,한파,2025-01-22
"양주시 전역 한파경보가 발표되었습니다. 기온 급강하에 따른 도로결빙, 낙상, 수도관 동파 등 안전사고와 야외활동 자제 등 건강관리에 유의하시기 바랍니다.[양주시]",경기도 양주시 ,2025-01-22 9:56,2025-01-22,안전안내,209314,한파,2025-01-22
오늘 10시00분 한파경보 발령. 야외 활동을 자제하시고 외출 시 보온에 신경 쓰세요. 수도 계량기는 헌 옷 등으로 감싸 동파를 방지하세요. [행정안전부],"강원특별자치도 강릉시 ,강원특별자치도 고성군 ,강원특별자치도 동해시 ,강원특별자치도 삼척시 ,강원특별자치도 속초시 ,강원특별자치도 양구군 ,강원특별자치도 양양군 ,강원특별자치도 영월군 ,강원특별자치도 원주시 ,강원특별자치도 인제군 ,강원특별자치도 정선군 ,강원특별자치도 철원군 ,강원특별자치도 춘천시 ,강원특별자치도 태백시 ,강원특별자치도 평창군 ,강원특별자치도 홍천군 ,강원특별자치도 화천군 ,강원특별자치도 횡성군 ,경기도 가평군 ,경기도 남양주시 ,경기도 동두천시 ,경기도 양주시 ,경기도 양평군 ,경기도 연천군 ,경기도 파주시 ,경기도 포천시 ",2025-01-22 10:01,2025-01-22,안전안내,209315,한파,2025-01-22
"현재 동두천시 전역에 한파경보가 발령 중이니 야외활동 자제, 낙상사고 등 안전사고에 유의하시고 외출시 꼭 방한용품을 착용 후 외출하여 주시기 바랍니다.[동두천시]",경기도 동두천시 ,2025-01-22 11:04,2025-01-22,안전안내,209323,한파,2025-01-22
"한파경보 발효 중, 농작물 냉해 피해 및 수도 동파 예방, 노약자 외출 자제 및 방한용품 착용 등 건강관리와 안전수칙을 준수하여 주시기 바랍니다.  [양평군]",경기도 양평군 ,2025-01-22 11:28,2025-01-22,안전안내,209326,한파,2025-01-22
"남양주시에 한파경보 발령 중이니 야외 활동 자제, 외출 시 방한용품 착용, 수도계량기 헌 옷 등 감싸기 등 동파방지 및 안전사고에 유의하시기 바랍니다 [남양주시]",경기도 남양주시 ,2025-01-22 14:13,2025-01-22,안전안내,209331,한파,2025-01-22
"강설 및 한파로 인해 도로결빙이 우려되오니 안전운전, 낙상사고 주의, 방한용품 착용 등 건강관리 유의, 내집앞 눈치우기에 적극 참여 바랍니다. [화성시]",경기도 화성시 ,2025-01-22 14:28,2025-01-22,안전안내,209332,한파,2025-01-22
"오늘 저녁 서울지역에 최대 한파가 예상되오니, 가급적 외출을 자제하시고, 수도관, 보일러 등 동파 사고에 주의하시기 바랍니다.[서울특별시청]","서울특별시 강남구 ,서울특별시 강동구 ,서울특별시 강북구 ,서울특별시 강서구 ,서울특별시 관악구 ,서울특별시 광진구 ,서울특별시 구로구 ,서울특별시 금천구 ,서울특별시 노원구 ,서울특별시 도봉구 ,서울특별시 동대문구 ,서울특별시 동작구 ,서울특별시 마포구 ,서울특별시 서대문구 ,서울특별시 서초구 ,서울특별시 성동구 ,서울특별시 송파구 ,서울특별시 양천구 ,서울특별시 영등포구 ,서울특별시 용산구 ,서울특별시 은평구 ,서울특별시 종로구 ,서울특별시 중구 ",2025-01-22 16:33,2025-01-22,안전안내,209344,한파,2025-01-22
"오늘밤부터 강추위가 예상됨에 따라, 야외활동 자제 및 방한용품 착용, 수도계량기 동파주의, 노약자 건강관리, 화재주의 등 안전에 유의바랍니다. [의왕시]",경기도 의왕시 ,2025-01-22 16:48,2025-01-22,안전안내,209349,한파,2025-01-22
"내일(화) 새벽 올해 들어 가장 매서운 강추위(영하 19도) 예보. 취약계층 보호, 농업·수도시설 점검, 빙판길 보행 및 운전시 안전사고 조심하세요. [김포시청]",경기도 김포시 ,2025-01-22 17:01,2025-01-22,안전안내,209356,한파,2025-01-22
"가평군 전역 한파경보 발효에 따라 야외활동 자제 및 방한용품 착용, 수도계량기 동파주의, 노약자 건강관리, 화재주의 등 안전에 유의바랍니다. [가평군]",경기도 가평군 ,2025-01-22 17:20,2025-01-22,안전안내,209365,한파,2025-01-22
한파가 지속되고 있으니 ▲취약인 건강관리 및 안부확인▲수도시설 동파예방▲야외활동 자제▲난방기 사용 시 화재사고  유의 ▲도로교통 안전유의 바랍니다. [안양시청],"경기도 안양시 만안구 ,경기도 안양시 동안구 ",2025-01-22 17:30,2025-01-22,안전안내,209369,한파,2025-01-22
"강한 추위가 계속되고 있으니 노약자 건강관리, 야외활동 자제, 도로 살얼음 주의, 수도계량기 동파예방, 난방기 화재주의 등 안전에 유의바랍니다.[군포시]",경기도 군포시 ,2025-01-22 17:52,2025-01-22,안전안내,209377,한파,2025-01-22
"오늘 밤부터 강추위가 예상됨에 따라, 도로결빙 및 수도계량기 동파 주의, 노약자 건강관리, 야외활동 자제 및 방한용품 착용 등 안전에 유의 바랍니다. [광주시]",경기도 광주시 ,2025-01-22 17:55,2025-01-22,안전안내,209379,한파,2025-01-22
"현재 한파주의보 발효 중입니다. 야외활동을 가급적 자제하여 주시고, 개인 건강관리와 수도계량기 동파, 도로 살얼음 등에 유의하여 주시기 바랍니다. [오산시]",경기도 오산시 ,2025-01-22 17:58,2025-01-22,안전안내,209382,한파,2025-01-22
"오늘부터 강추위가 당분간 지속되오니, 외출 자제, 방한복 착용 등으로 한파에 대비하시고, 수도동파 및 화재에도 주의하시기 바랍니다.[광명시청]",경기도 광명시 ,2025-01-22 17:58,2025-01-22,안전안내,209383,한파,2025-01-22
오늘 밤부터 강추위가 예상됩니다▲야외활동 자제▲방한용품 착용▲수도 동파 예방▲농작물 피해 대비▲도로결빙 주의 등 안전에 유의 바랍니다. [여주시],경기도 여주시 ,2025-01-22 17:59,2025-01-22,안전안내,209385,한파,2025-01-22
"현재 한파주의보 발효중으로 강추위가 예상되오니 야외활동 자제, 수도계량기 동파예방, 도로결빙 주의, 화재사고 예방 등 안전관리에 주의하시기 바랍니다.[용인특례시]","경기도 용인시 처인구 ,경기도 용인시 기흥구 ,경기도 용인시 수지구 ",2025-01-22 18:05,2025-01-22,안전안내,209390,한파,2025-01-22
"기온이 급강하함에 따라 노약자 및 어린이 등은 외출 시 방한용품 착용, 수도계량기 동파 및 보행자 미끄럼 사고 등에 주의하시기 바랍니다.[강동구청]",서울특별시 강동구 ,2025-01-22 18:13,2025-01-22,안전안내,209393,한파,2025-01-22
"금일 강설 및 강추위(영하13도)로 도로 결빙이 예상됨에 따라 대중교통 이용, 감속운전, 수도관 동파예방, 방한용품 착용 등 안전사고에 유의바랍니다. [화성시]",경기도 화성시 ,2025-01-22 18:41,2025-01-22,안전안내,209404,한파,2025-01-22
"시흥시 한파주의보 발효 중, 결빙 대비 감속 운전, 야외활동 시 방한용품 착용, 수도 등 동파방지, 화재주의 등 안전에 유의하시기 바랍니다.[시흥시청]",경기도 시흥시 ,2025-01-22 19:03,2025-01-22,안전안내,209415,한파,2025-01-22
"남양주시에 한파경보 발령 중이니 외출 시 방한용품 착용, 수도계량기 헌 옷 감싸기, 도로결빙, 전열기 화재 등 안전사고에 유의하시기 바랍니다.[남양주시]",경기도 남양주시 ,2025-01-22 20:28,2025-01-22,안전안내,209424,한파,2025-01-22
"현재 한파주의보 발효중으로 강추위가 예상되오니 야외활동 자제, 수도계량기 동파예방, 도로결빙 주의, 화재사고 예방 등 안전관리에 주의하시기 바랍니다.[용인특례시]","경기도 용인시 처인구 ,경기도 용인시 기흥구 ,경기도 용인시 수지구 ",2025-01-23 6:50,2025-01-23,안전안내,209461,한파,2025-01-23
"시흥시 한파주의보 발효 중, 결빙 대비 감속 운전, 야외활동 시 방한용품 착용, 수도 등 동파방지, 화재주의 등 안전에 유의하시기 바랍니다.[시흥시청]",경기도 시흥시 ,2025-01-23 6:51,2025-01-23,안전안내,209462,한파,2025-01-23
"남양주시에 한파경보 발령 중이니 외출 시 방한용품 착용, 수도계량기 헌 옷 감싸기, 도로결빙, 전열기 화재 등 안전사고에 유의하시기 바랍니다.[남양주시]",경기도 남양주시 ,2025-01-23 6:52,2025-01-23,안전안내,209464,한파,2025-01-23
"어제 눈과 한파로 도로결빙, 한파 피해 우려됩니다. 감속운전, 낙상주의, 방한용품 착용 등으로 피해에 대비하시고, 가급적 대중교통 이용을 당부드립니다.[안산시청]","경기도 안산시 상록구 ,경기도 안산시 단원구 ",2025-01-23 7:00,2025-01-23,안전안내,209466,한파,2025-01-23
"한파주의보 발효 중. 한파가 며칠간 지속될 것으로 예상되므로 수도계량기 동파 및 도로 살얼음에 주의하시고, 개인 건강관리에 각별히 유의 바랍니다. [오산시]",경기도 오산시 ,2025-01-23 7:02,2025-01-23,안전안내,209469,한파,2025-01-23
강설 및 한파로 결빙이 우려되오니 운전 및 보행에 주의하시고 야외활동 시 방한용품 착용 및 수도시설 동파 예방 등 안전관리에 유의하시기 바랍니다. [화성시],경기도 화성시 ,2025-01-23 7:06,2025-01-23,안전안내,209471,한파,2025-01-23
"가평군 한파경보 발효중입니다. 외출 시 방한용품 착용, 계량기 동파, 전열도구 화재, 도로결빙 등 안전사고에 유의하시기 바랍니다. [가평군청]",경기도 가평군 ,2025-01-23 7:50,2025-01-23,안전안내,209480,한파,2025-01-23
"현재 체감온도 영하 20도를 밑도는 강추위가 계속되고 있으니 가급적 외출을 자제하시고, 건강관리에 유의하시기 바랍니다. [중랑구]",서울특별시 중랑구 ,2025-01-23 8:36,2025-01-23,안전안내,209486,한파,2025-01-23
"양주시 전역 한파경보 발효중입니다. 기온 급강하에 따른 도로결빙, 낙상, 수도관 동파 등 안전사고와 야외활동 자제 등 건강 관리에 유의하시기 바랍니다. [양주시]",경기도 양주시 ,2025-01-23 9:41,2025-01-23,안전안내,209495,한파,2025-01-23
"수원시에서 실종된 배호남씨(여,59세)를 찾습니다-140cm,38kg,검정롱패딩,검정바지,보라신발,보라손가방 vo.la/kpfKC / ☎182 [경기남부경찰청]","경기도 수원시 장안구 ,경기도 수원시 권선구 ,경기도 수원시 팔달구 ,경기도 수원시 영통구 ",2025-01-23 9:45,2025-01-23,안전안내,209496,기타,2025-01-23
"한파경보 발효 중, 노약자 외출 자제 및 방한 용품 착용, 농작물 냉해 피해, 수도 동파 예방 등 건강관리와 안전수칙을 준수하여 주시기 바랍니다. [양평군]",경기도 양평군 ,2025-01-23 11:43,2025-01-23,안전안내,209503,한파,2025-01-23
기온 급감에 따른 한파주의 ▲야외활동 자제 ▲난방기 화재주의 ▲수도계량기 보온조치 ▲야간에 응급 한파 대피 필요 시 구 당직실로 문의 바랍니다.[수원특례시],경기도 수원시 ,2025-01-23 15:13,2025-01-23,안전안내,209506,한파,2025-01-23
"현재 한파주의보 발효 중입니다. 날이 추운 만큼 야외활동을 자제하시고 개인 건강에 주의하시기 바라며, 수도계량기 동파 등에도 유의하여 주시기 바랍니다. [오산시]",경기도 오산시 ,2025-01-23 17:08,2025-01-23,안전안내,209517,한파,2025-01-23
"금일(화) 고양시 한파주의보 발효 중, 결빙 대비 감속 운전, 야외활동 시 방한용품 착용, 수도 등 동파방지, 화재주의 등 안전에 유의하시기 바랍니다.[고양시]",경기도 고양시 ,2025-01-23 17:08,2025-01-23,안전안내,209518,한파,2025-01-23
"연일 한파특보로 평소보다 25퍼센트 이상 화재가 증가하고 있습니다. 난로, 보일러 등 난방기구 사용시 주의바라며 화재발생시 신속히 대피하시기 바랍니다.[김포시청]",경기도 김포시 ,2025-01-23 17:32,2025-01-23,안전안내,209527,화재,2025-01-23
"한파경보 발효중이오니 외출자제, 수도동파 대비, 난방기 화재주의 등 안전관리에 유의하시기 바라며, 야간 응급 한파대피 필요 시 당직실로 문의 바랍니다.[연천군]",경기도 연천군 ,2025-01-23 17:34,2025-01-23,안전안내,209528,한파,2025-01-23
"한파 특보기간 야간, 휴일에 이용가능한 응급대피소를 운영하고 있습니다. 한파 대비가 필요하신 경우 당직실 031-760-2222로 문의하시기 바랍니다. [광주시]",경기도 광주시 ,2025-01-23 17:54,2025-01-23,안전안내,209532,한파,2025-01-23
"강추위가 계속되오니 외출 자제, 방한복 착용으로 한파에 대비하시고, 화재 및 수도동파에도 주의하시기 바랍니다.[광명시청]",경기도 광명시 ,2025-01-23 18:00,2025-01-23,안전안내,209540,한파,2025-01-23
"추위가 계속되고 있으니 노약자분은 외출자제, 수도계량기는 헌 옷 등으로 감싸 동파를 예방하시고 도로 살얼음 대비 보행 및 교통안전에 주의하세요 [경기도청]",경기도 전체 ,2025-01-23 18:01,2025-01-23,안전안내,209541,한파,2025-01-23
오늘밤에도 체감온도 영하 17도를 밑도는 강추위가 계속되니 외출을 자제하시고 수도계량기 보온조치 및 화재예방에도 주의 바랍니다. [영등포구],서울특별시 영등포구 ,2025-01-23 18:28,2025-01-23,안전안내,209556,한파,2025-01-23
"일부 해안지역 강설후 도로결빙이 예상되므로▲서행운전▲낙상사고 주의바라며, 현재 한파주의보 발효중▲야외활동 자제▲수도계량기 보온조치 등 안전에 유의바랍니다[화성시]",경기도 화성시 ,2025-01-23 18:53,2025-01-23,안전안내,209560,한파,2025-01-23
"시흥시 한파주의보 발효 중, 결빙 대비 감속 운전, 야외활동 시 방한용품 착용, 수도 등 동파방지, 화재주의 등 안전에 유의하시기 바랍니다.[시흥시청]",경기도 시흥시 ,2025-01-23 19:00,2025-01-23,안전안내,209561,한파,2025-01-23
"한파경보 발효 중. 강추위가 지속됨에 따라 외출 시 방한복 착용 등 한파에 대비하시고, 화재 및 수도동파에 주의하시기 바랍니다. [남양주시]",경기도 남양주시 ,2025-01-23 19:55,2025-01-23,안전안내,209571,한파,2025-01-23
"현재 한파주의보 발효 중입니다. 노약자는 외출을 자제하여 주시고, 외출 시 방한용품 착용 및 수도시설 동파 방지 등에 유의하여 주시기 바랍니다. [구리시]",경기도 구리시 ,2025-01-23 20:20,2025-01-23,안전안내,209575,한파,2025-01-23
현재 팔탄면 지월리 758-2 야적장에서 화재 발생. 차량은 해당 지역 우회하고 인근 주민은 안전에 유의하시기 바랍니다. [화성시],"경기도 화성시 향남읍,경기도 화성시 팔탄면",2025-01-24 1:38,2025-01-24,안전안내,209585,화재,2025-01-24
현재 팔탄면 지월리 758-2 야적장에서 화재 발생. 차량은 해당 지역 우회하고 인근 주민은 안전에 유의하시기 바랍니다. [화성시],경기도 화성시 비봉면,2025-01-24 1:39,2025-01-24,안전안내,209586,화재,2025-01-24
"시흥시 한파주의보 발효 중입니다. 결빙 대비 감속 운전, 야외활동 시 방한용품 착용, 수도 등 동파방지, 화재주의 등 안전에 유의하시기 바랍니다.[시흥시청]",경기도 시흥시 ,2025-01-24 6:50,2025-01-24,안전안내,209606,한파,2025-01-24
"현재 한파주의보 발효중으로 강추위가 지속되오니 야외활동 자제, 수도계량기 동파예방, 도로결빙 주의, 화재사고 예방 등 안전관리에 주의하시기 바랍니다.[용인특례시]","경기도 용인시 처인구 ,경기도 용인시 기흥구 ,경기도 용인시 수지구 ",2025-01-24 6:50,2025-01-24,안전안내,209607,한파,2025-01-24
"금일 한파경보 발효 중. 도로 결빙주의, 감속운전, 수도관 동파예방, 방한용품 착용 등 안전사고에 유의바랍니다. [남양주시]",경기도 남양주시 ,2025-01-24 7:00,2025-01-24,안전안내,209612,한파,2025-01-24
"지속된 한파로 도로 결빙, 한파 피해 우려됩니다. 감속운전, 낙상주의, 방한용품 착용 등으로 피해에 대비하시고, 가급적 대중교통 이용 당부 드립니다.[안산시청]",경기도 안산시 ,2025-01-24 7:01,2025-01-24,안전안내,209615,한파,2025-01-24
현재 한파주의보 발효 중 ▲어르신 건강관리 및 안부확인 ▲수도관 동파예방 ▲야외활동 자제 ▲난방기 사용시 화재사고 유의 ▲도로교통 안전에 유의 바랍니다.[화성시],경기도 화성시 ,2025-01-24 7:18,2025-01-24,안전안내,209620,한파,2025-01-24
"경찰은 금천구에서 실종된 이영자씨(여,76세)를 찾습니다.-160cm,70kg,검정색패딩,검정색바지,파마머리 vo.la/qbNQn / ☎112 [서울경찰청]",서울특별시 금천구 ,2025-01-24 8:16,2025-01-24,안전안내,209630,기타,2025-01-24
"광명시에서 배회중인 이영자씨(여,76세)를 찾습니다.-160cm,70kg,검정색패딩,검정색바지,파마머리 vo.la/qbNQn / ☎112 [경기남부경찰청]",경기도 광명시 ,2025-01-24 8:21,2025-01-24,안전안내,209631,기타,2025-01-24
"한파주의보 발효 중입니다. 노약자 및 어린이 등 건강관리 유의, 수도 계량기 동파 방지, 전열기구 사용 시 각별히 주의 바랍니다. [오산시]",경기도 오산시 ,2025-01-24 9:05,2025-01-24,안전안내,209635,한파,2025-01-24
"동대문구에서 배회중인 방회세씨(남,103세)를 찾습니다 -155cm,회색및검정색점퍼,카키색바지,검정색신발,모자 vo.la/fXxtm / ☎182 [서울경찰청]","서울특별시 동대문구 ,서울특별시 성동구 ",2025-01-24 15:23,2025-01-24,안전안내,209647,기타,2025-01-24
"부천시에서 배회중인 이원하씨(남, 67세)를 찾습니다 -170cm,62kg,검정털모자,검정점퍼,검정바지 vo.la/HqJoe / ☎182 [경기남부경찰청]","경기도 부천시 원미구 심곡동,경기도 부천시 원미구 원미동,경기도 부천시 원미구 소사동,경기도 부천시 원미구 역곡동,경기도 부천시 원미구 춘의동,경기도 부천시 원미구 도당동,경기도 부천시 원미구 약대동,경기도 부천시 원미구 중동,경기도 부천시 원미구 상동,경기도 부천시 소사구 심곡본동,경기도 부천시 소사구 소사본동,경기도 부천시 소사구 범박동,경기도 부천시 소사구 계수동,경기도 부천시 소사구 옥길동,경기도 부천시 소사구 괴안동,경기도 부천시 소사구 송내동,경기도 부천시 오정구 여월동,경기도 부천시 오정구 작동,경기도 부천시 오정구 원종동,경기도 부천시 오정구 오정동,경기도 부천시 오정구 고강동,경기도 부천시 오정구 대장동,경기도 부천시 오정구 삼정동,경기도 부천시 오정구 내동",2025-01-24 16:07,2025-01-24,안전안내,209649,기타,2025-01-24
"현재 한파가 계속되고 있습니다. 야외활동 자제, 수도계량기 동파 예방, 도로결빙 주의, 화재사고 예방 등 안전관리에 주의하시기 바랍니다. [용인특례시]","경기도 용인시 처인구 ,경기도 용인시 기흥구 ,경기도 용인시 수지구 ",2025-01-25 6:50,2025-01-25,안전안내,209669,한파,2025-01-25
"아침 한파로 도로 결빙과 한파 피해가 우려됩니다. 감속운전, 낙상주의, 방한용품 착용 등으로 피해에 대비하시고, 가급적 대중교통 이용을 당부 드립니다.[안산시청]",경기도 안산시 ,2025-01-25 7:00,2025-01-25,안전안내,209670,한파,2025-01-25
"한파주의보 발효 중, 수도 계량기 동파 방지를 위하여 보온 조치를 하시고, 외출 시 방한복 착용 등 한파에 대비하여 주시기 바랍니다. [남양주시]",경기도 남양주시 ,2025-01-25 7:01,2025-01-25,안전안내,209671,한파,2025-01-25
"성북구에서 실종된 박판영씨(남,71세)를 찾습니다 -167cm,52kg,짧은머리,검정패딩점퍼,검정바지,밤색신발 
vo.la/mPSeY / ☎182 [서울경찰청]","서울특별시 동대문구 ,서울특별시 성북구 ",2025-01-25 10:56,2025-01-25,안전안내,209676,기타,2025-01-25
"남양주시에서 실종된 이상진씨(남,74세)를 찾습니다 -162cm,검정잠바(흰바탕에 무늬),검정바지,흰마스크 vo.la/bHvDs / ☎112 [경기북부경찰청]","경기도 구리시 ,경기도 남양주시 ",2025-01-27 8:26,2025-01-27,안전안내,209693,기타,2025-01-27
"도봉구에서 배회중인 홍기용씨(남,81세)를 찾습니다-165cm,검정잠바,검정바지,검정운동화,국방색등산모자,대머리 vo.la/UJUzG / ☎112 [서울경찰청]","서울특별시 노원구 ,서울특별시 도봉구 ",2025-01-27 12:17,2025-01-27,안전안내,209694,기타,2025-01-27
"경찰은 안양시에서 배회중인 김종기씨(남, 60세)를 찾습니다 -165cm,59kg, 검정잠바,검정바지,장발 vo.la/EEqOD / ☎112 [경기남부경찰청]","경기도 안양시 만안구 ,경기도 안양시 동안구 ",2025-01-27 13:51,2025-01-27,안전안내,209696,기타,2025-01-27
현재 수원 정자 스타필드 주변에 극심한 교통 정체로 안전사고가 우려되오니 주변을 이용하시는 분들은 안전을 고려 우회하여 주시기 바랍니다.[수원특례시],"경기도 수원시 장안구 ,경기도 수원시 권선구 ,경기도 수원시 팔달구 ,경기도 수원시 영통구 ",2025-01-27 13:58,2025-01-27,안전안내,209697,기타,2025-01-27
김포지역 주택과 공공시설 화재가 자주 발생하고 있습니다. 난방기구 등 화기취급시 조심하시고 화재발생시 신속히 대피하시기 바랍니다.[김포시청],경기도 김포시 ,2025-01-27 15:52,2025-01-27,안전안내,209698,화재,2025-01-27
"동두천에서 배회중인 홍기용씨(남,81세)를 찾습니다-165cm,검정잠바,검정바지,검정운동화,야구모자,대머리 vo.la/UJUzG / ☎112 [경기북부경찰청]",경기도 동두천시 ,2025-01-27 17:38,2025-01-27,안전안내,209700,기타,2025-01-27
"하남시에서 배회중인 양희숙씨(여,63세)를 찾습니다-158cm,50kg,검정긴패딩,남색운동화(분홍색끈) 
vo.la/rLsns / ☎112 [경기남부경찰청]",경기도 하남시 ,2025-01-28 10:03,2025-01-28,안전안내,209702,기타,2025-01-28
"강남구에서 실종된 김종배씨(남,81세)를 찾습니다-173cm,83kg,검정패딩,검정계통모자,배낭,등산용스틱 
vo.la/NjmDo / ☎112 [서울경찰청]",서울특별시 강남구 ,2025-01-28 15:50,2025-01-28,안전안내,209706,기타,2025-01-28
"송파구에서 목격된 김종배씨(남,81세)를 찾습니다-173cm,83kg,검정패딩,검정계통모자,배낭,등산용스틱 
vo.la/NjmDo / ☎112 [서울경찰청]",서울특별시 송파구 ,2025-01-28 15:53,2025-01-28,안전안내,209707,기타,2025-01-28
"성남시에서 배회중인 김종배씨(남,81세)를 찾습니다-173cm,83kg,검정패딩,검정계통모자,배낭,등산용스틱 
vo.la/NjmDo/ ☎112 [경기남부경찰청]","경기도 성남시 수정구 ,경기도 성남시 중원구 ,경기도 성남시 분당구 ",2025-01-28 19:10,2025-01-28,안전안내,209710,기타,2025-01-28
"고양시에서 실종된 조수경씨(여,28세)를 찾습니다-162cm,베이지니트모자부착된검정패딩,진회색바지,흰색운동화
vo.la/uoLgO / ☎112 [경기북부경찰청]","경기도 고양시 덕양구 ,경기도 고양시 일산동구 ,경기도 고양시 일산서구 ",2025-01-28 20:16,2025-01-28,안전안내,209711,기타,2025-01-28
"은평구에서 실종된 김행순씨(여,67세)를 찾습니다 -160cm,40kg,묶음머리,검정상하의,우산꽂은백팩,뿔테안경
vo.la/wsnhT / ☎182 [서울경찰청]",서울특별시 은평구 ,2025-01-29 15:05,2025-01-29,안전안내,209716,기타,2025-01-29
"의정부시에서 배회 중인 장영임씨(여,81세)를 찾습니다 -157cm,57kg,주황색패딩잠바,검정바지,검정신발
vo.la/qZitY / ☎112 [경기북부경찰청]",경기도 의정부시 ,2025-01-29 18:01,2025-01-29,안전안내,209717,기타,2025-01-29
"오늘 21시경 오리역 화재신고로 인한 조사로 현재 수인분당선 오리역 무정차 통과중이오니, 안전에 유의하여 주시기 바랍니다.[성남시청]",경기도 성남시 분당구 ,2025-01-29 21:47,2025-01-29,안전안내,209719,기타,2025-01-29
오늘 21시경 화재신고로 무정차 통과중이던 오리역 지하철이 정상 운행되고 있음을 알려드립니다. [성남시청],경기도 성남시 분당구 ,2025-01-29 22:45,2025-01-29,안전안내,209720,기타,2025-01-29
"경찰은 포천시에서 실종된 이선여씨(여, 65세)를 찾습니다 -160cm,60kg, 검정잠바,검정바지,슬리퍼 vo.la/wmiDn / ☎182 [경기북부경찰청]",경기도 포천시 ,2025-01-30 9:07,,안전안내,209721,기타,
"경찰은 강서구 주민인 곽병구씨(남, 82세)를 찾습니다 -180cm, 검정베레모, 검정패딩, 검정바지, 부츠착용 vo.la/pYtes / ☎182 [서울경찰청]","서울특별시 강서구 ,서울특별시 양천구 ",2025-01-30 9:17,,안전안내,209722,기타,
"경찰은 수원시 주민인 이채우씨(남, 57세)를 찾습니다 - 175cm, 65kg, 노란색패딩, 휠체어를 탐 vo.la/aUesn / ☎182 [경기남부경찰청]","경기도 수원시 장안구 ,경기도 수원시 권선구 ,경기도 수원시 팔달구 ,경기도 수원시 영통구 ",2025-01-30 11:32,,안전안내,209724,기타,
"경찰은 강서구에서 실종된 한은지씨(여, 32세)를 찾습니다 - 155cm, 검정색패딩, 청바지, 갈색부츠 vo.la/ixsmc / ☎182 [서울경찰청]","서울특별시 강서구 ,서울특별시 양천구 ",2025-01-30 15:59,,안전안내,209725,기타,
"동대문구에서 실종된 이수아(여, 15세)를 찾습니다 -172cm,검정롱패딩,하늘색바지,흰색신발,검정안경,중단발 vo.la/AgmpZ / ☎112 [서울경찰청]",서울특별시 동대문구 ,2025-01-30 19:23,,안전안내,209731,기타,
"동대문구에서 실종된 김해빈(여, 16세)을 찾습니다 -157cm,80kg, 검정롱패딩,검정바지,흰색나이키운동화 vo.la/KdWzs / ☎112 [서울경찰청]",서울특별시 동대문구 ,2025-01-30 19:35,,안전안내,209732,기타,
"용산구 주민인 황월선씨(여, 74세)를 찾습니다 -155cm, 검정짧은 파마머리,아이보리색패딩,검정바지,검정구두 vo.la/DjbYY / ☎112 [서울경찰청]",서울특별시 용산구 ,2025-01-30 19:44,,안전안내,209733,기타,
"경찰은 중랑구 주민인 김대시씨(남, 83세)를 찾습니다 -170cm,등산모자,안경,남색잠바,검정바지,검정운동화 vo.la/rMVxG / ☎112 [서울경찰청]","서울특별시 노원구 ,서울특별시 중랑구 ",2025-01-30 20:01,,안전안내,209735,기타,
"은평구에서 실종된 이우찬씨(남, 28세)를 찾습니다 -153cm, 50kg, 검정점퍼, 흰색가방, 휠체어탑승
vo.la/dipWF / ☎182 [서울경찰청]",서울특별시 은평구 ,2025-01-31 9:37,,안전안내,209741,기타,
"용산구에서 목격된 이우찬씨(남, 28세)를 찾습니다 -153cm, 50kg, 검정점퍼, 흰색가방, 휠체어탑승 
vo.la/dipWF / ☎182 [서울경찰청]",서울특별시 용산구 ,2025-01-31 9:40,,안전안내,209742,기타,
"군포시에서 실종된 이의호씨(남,63세)를 찾습니다-172cm,회색패딩(목깃검정털),등산복상하의,정장구두 
vo.la/BpLOP / ☎182 [경기남부경찰청]",경기도 군포시 ,2025-01-31 15:12,,안전안내,209743,기타,
"광진구에서 실종된 오필홍씨(남,38세)를 찾습니다 -173cm,62kg,자주색긴팔티,짙은카키색체육복바지 
vo.la/yUepp / ☎182 [서울경찰청]","서울특별시 광진구 ,서울특별시 중랑구 ",2025-01-31 17:22,,안전안내,209746,기타,
"건조한 날씨로 인하여 금일 관내 2건의 화재가 발생하였습니다. 소각행위, 전열기구 사용 등 화재발생이 우려되는 행위에 주의하여 주시기 바랍니다. [가평군청]",경기도 가평군 ,2025-01-31 17:49,,안전안내,209748,교통,
"강서구에서 실종된 김영희씨(여,66세)를 찾습니다-160cm,68kg,단발머리,빨간색패딩,검정바지,검정운동화 vo.la/ggiCm / ☎112 [서울경찰청]","서울특별시 강서구 ,서울특별시 양천구 ",2025-02-01 8:21,,안전안내,209751,기타,
"은평구 주민인 이흥용씨(남,86세)를 찾습니다-165cm,52kg,쥐색패딩,검정색바지,검정색구두,희끗한머리 vo.la/WUCPI / ☎182 [서울경찰청]","서울특별시 서대문구 ,서울특별시 은평구 ",2025-02-01 13:49,,안전안내,209759,기타,
"오늘 14시 33분 성곡동 676-13 공장화재 발생. 차량은 건물 주변 도로를 우회하고, 인근시민은 연기흡입에 유의하시기 바랍니다.[안산시청]",경기도 안산시 단원구 성곡동,2025-02-01 14:55,,안전안내,209760,화재,
"의정부시에서 실종된 홍재병씨(남,77세)를 찾습니다 -170cm,아이보리색자켓,검정바지,검정슬리퍼,지팡이
vo.la/doaus / ☎182 [경기북부경찰청]",경기도 의정부시 ,2025-02-02 12:59,,안전안내,209775,기타,
"포천시에서 배회 중인 홍재병씨(남,77세)를 찾습니다 -170cm,아이보리색자켓,검정바지,검정슬리퍼,지팡이
vo.la/doaus / ☎182 [경기북부경찰청]",경기도 포천시 ,2025-02-02 13:00,,안전안내,209776,기타,
"광진구 주민인 설인숙씨(여,69세)를 찾습니다-152cm,54kg,검정점퍼,황토색긴팔,검정바지,빨간색행주손에소지
vo.la/XTmcn / ☎112 [서울경찰청]","서울특별시 강동구 ,서울특별시 광진구 ",2025-02-03 10:16,,안전안내,209782,기타,
"마포구 주민인 김영희씨(여,75세)를 찾습니다-157cm,베이지색점퍼,회색바지,회색모자,흰색운동화,검정가방 
vo.la/nsezG / ☎112 [서울경찰청]","서울특별시 마포구 ,서울특별시 용산구 ",2025-02-03 11:04,,안전안내,209783,기타,
"부천시 주민인 엄세원(여,16세)을 찾습니다 -162cm,45kg,검정점퍼,흰색바지,검정백팩
vo.la/BpEeV / ☎112 [경기남부경찰청]","경기도 부천시 원미구 심곡동,경기도 부천시 원미구 원미동,경기도 부천시 원미구 소사동,경기도 부천시 원미구 역곡동,경기도 부천시 원미구 춘의동,경기도 부천시 원미구 도당동,경기도 부천시 원미구 약대동,경기도 부천시 원미구 중동,경기도 부천시 원미구 상동,경기도 부천시 소사구 심곡본동,경기도 부천시 소사구 소사본동,경기도 부천시 소사구 범박동,경기도 부천시 소사구 계수동,경기도 부천시 소사구 옥길동,경기도 부천시 소사구 괴안동,경기도 부천시 소사구 송내동,경기도 부천시 오정구 여월동,경기도 부천시 오정구 작동,경기도 부천시 오정구 원종동,경기도 부천시 오정구 오정동,경기도 부천시 오정구 고강동,경기도 부천시 오정구 대장동,경기도 부천시 오정구 삼정동,경기도 부천시 오정구 내동",2025-02-03 14:20,,안전안내,209784,기타,
"영등포구에서 실종된 엄세원(여,16세)을 찾습니다 -162cm,45kg,검정점퍼,흰색바지,검정백팩
vo.la/BpEeV / ☎112 [서울경찰청]",서울특별시 영등포구 ,2025-02-03 14:21,,안전안내,209785,기타,
"성남시 분당구에서 실종된 장정강씨(여,83세)를 찾습니다-158cm,52kg,흰백발 곱슬단발머리,자주색파카,
vo.la/iDfOp / ☎112 [경기남부경찰청]","경기도 성남시 수정구 ,경기도 성남시 중원구 ,경기도 성남시 분당구 ",2025-02-03 18:32,,안전안내,209790,기타,
"영등포구에서 실종된 임명수씨(남,87세)를 찾습니다 -164cm,51kg,체크무늬남방,조끼,모자,허리굽음
vo.la/QgTZA / ☎112 [서울경찰청]","서울특별시 동작구 ,서울특별시 영등포구 ",2025-02-03 19:14,,안전안내,209791,기타,
"안산시에서 실종된 김진식씨(남,82세)를 찾습니다-160cm,남색점퍼,밀리터리바지,검정모자,지팡이,크로스백 vo.la/nRUst / ☎112 [경기남부경찰청]","경기도 안산시 상록구 ,경기도 안산시 단원구 ",2025-02-04 10:30,,안전안내,209796,기타,
"5일 새벽부터 도 전역에 눈과 비가 내려 도로결빙이 예상됩니다. 터널 앞, 교량 인근, 고가도로 등은 위험하니 감속운행 등 안전운전 하시기 바랍니다. [경기도청]",경기도 전체 ,2025-02-04 21:00,,안전안내,209806,대설,
47번국도(진접읍 연평리 823-3) 화재연기로 시야확보가 어려우니 서행 등 안전운행에 유의하시기 바랍니다. [남양주시],"경기도 남양주시 진접읍,경기도 남양주시 퇴계원읍",2025-02-05 6:43,,안전안내,209808,화재,
"아침 출근시간대 강우량이 많은 편입니다. 도로 등 노면이 젖어 미끄럼사고가 우려되니, 감속 운전, 차간거리 유지 등 안전사고에 유의해 주시기 바랍니다.[안산시청]",경기도 안산시 ,2025-02-05 7:00,,안전안내,209809,호우,
"금일 새벽부터 비가 내려 도로결빙이 예상됩니다. 터널 앞, 교량 인근, 고가도로 등은 위험하니 감속운행 등 안전운전 하시기 바랍니다.[시흥시청]",경기도 시흥시 ,2025-02-05 7:09,,안전안내,209813,대설,
"오늘 07시 00분 양감면 대양리 77-4 [백호벨리] 화재 사고 발생. 인근 주민은 안전한 곳으로 대피하시고, 차량은 우회하세요. [화성시청]",경기도 화성시 ,2025-02-05 7:30,,안전안내,209816,화재,
"새벽까지 많은 눈이 예상됩니다. 비닐하우스 등 시설물 관리, 차량 운행 시 감속운행, 빙판길 낙상사고 등 안전에 유의하시기 바랍니다. [연천군]",경기도 연천군 ,2025-02-05 14:40,,안전안내,209844,대설,
김포지역 금일 저녁부터 새벽까지 눈·비 예보가 있으니 보행자 및 교통사고에 각별히 조심하시기 바랍니다. [김포시청],경기도 김포시 ,2025-02-05 17:01,,안전안내,209851,대설,
"오늘밤 많은 눈이 내릴 것으로 예상됩니다. 비닐하우스등 시설물 점검및관리, 운전시 서행, 갓길 주차금지,내집·점포 앞 눈치우기 실천등 안전에 유의바랍니다[양주시]",경기도 양주시 ,2025-02-05 17:05,,안전안내,209852,대설,
"금일 눈·비로 인한 도로 결빙이 우려됩니다. 터널 앞, 교량 인근, 고가도로 등은 위험하니 감속운행, 안전거리 유지 등 차량안전사고에 유의하시기 바랍니다[화성시]",경기도 화성시 ,2025-02-05 17:30,,안전안내,209854,한파,
"금일 새벽부터 비가 내려 도로결빙이 예상됩니다. 터널 앞, 교량 인근, 고가도로 등은 위험하니 감속운행 등 안전운전 하시기 바랍니다.[시흥시청]",경기도 시흥시 ,2025-02-05 17:31,,안전안내,209855,대설,
"강설로 인한 도로 결빙이 예상되오니 감속운행, 안전거리 확보 등 안전에 유의하여 주시기 바라며, 집 앞 눈치우기에 적극 협조하여 주시기 바랍니다.[안산시청]",경기도 안산시 ,2025-02-05 17:46,,안전안내,209857,대설,
"오늘 밤과 내일 새벽 비 또는 눈이 예상됩니다.  기온 강하로 미끄럼 사고가 우려되니 출퇴근 시 되도록 대중교통을 이용하시고, 운전 시에는 서행하세요. [오산시]",경기도 오산시 ,2025-02-05 17:50,,안전안내,209858,대설,
"현재 남양주시 전역에 내리는 눈으로 인해 도로 결빙이 우려되오니, 도로 미끄럼 사고와 보행안전 등 교통안전에 유의하시기 바랍니다. [남양주시]",경기도 남양주시 ,2025-02-05 18:13,,안전안내,209860,기타,
"금일 고양시에 내리는 눈은 내일 새벽까지 내릴 것으로 예상됩니다. 차량 운행시 감속운전, 보행시 낙상사고에 유의바랍니다. [고양시]",경기도 고양시 ,2025-02-05 18:16,,안전안내,209861,대설,
"오늘 18시20분 대설주의보 발령. 내 집 앞 눈 치우기에 동참해 주세요. 차량 운행은 자제하시고, 출퇴근 시에는 대중교통을 이용해 주세요.[행정안전부]","경기도 양주시 ,경기도 의정부시 ,경기도 파주시 ,인천광역시 강화군 ",2025-02-05 18:29,,안전안내,209863,대설,
"늦은 밤까지 내리는 눈으로 인해 도로결빙이 예상됩니다. 보행 및 차량 운행 시 안전사고에 유의하시고, 내 점포앞 눈치우기에 동참하여 주시기 바랍니다. [노원구청]",서울특별시 노원구 ,2025-02-05 18:40,,안전안내,209866,대설,
"성남시에서 배회중인 장선후(남, 10세)를 찾습니다 -145cm,29kg,검정롱패딩,파란색후드,검정부츠,우산 vo.la/rBDFt / ☎112 [경기남부경찰청]","경기도 성남시 수정구 ,경기도 성남시 중원구 ,경기도 성남시 분당구 ",2025-02-05 18:44,,안전안내,209867,기타,
"금일 내리는 눈은 새벽까지 내릴 예정으로 내일 출근길에는 도로 결빙이 우려되오니 감속 안전운전하시고, 보행자는 미끄럼 사고에 주의하시기 바랍니다.[광명시청]",경기도 광명시 ,2025-02-05 18:59,,안전안내,209869,대설,
"오늘 19시10분 대설주의보 발령. 내 집 앞 눈 치우기에 동참해 주세요. 차량 운행은 자제하시고, 출퇴근 시에는 대중교통을 이용해 주세요.[행정안전부]","강원특별자치도 춘천시 ,경기도 가평군 ,경기도 광주시 ,경기도 양평군 ,경기도 포천시 ",2025-02-05 19:10,,안전안내,209870,대설,
"오늘 밤 많은 눈과 기온 하강으로 도로결빙이 예상되오니 중암리 고개 등 고갯길, 터널, 교량인근, 고가도로에서는 감속운행 등 안전운전하시기 바랍니다. [여주시]",경기도 여주시 ,2025-02-05 19:22,,안전안내,209873,대설,
"송파구에서 목격된 박재성씨(남, 75세)를 찾습니다 -160cm,검정잠바,청바지,검정나이키운동화,안경,흰색마스크 vo.la/gjgOd / ☎112 [서울경찰청]",서울특별시 송파구 ,2025-02-05 20:01,,안전안내,209875,기타,
"오늘 밤사이 내리는 눈과 기온 하강으로 인하여 도로결빙이 우려되니, 차량 이용시 감속 운행하여 주시고 보행 시 미끄럼 사고에 주의하시기 바랍니다. [도봉구청]",서울특별시 도봉구 ,2025-02-05 20:02,,안전안내,209876,기타,
"오늘 20시20분 대설주의보 발령. 내 집 앞 눈 치우기에 동참해 주세요. 차량 운행은 자제하시고, 출퇴근 시에는 대중교통을 이용해 주세요.[행정안전부]","경기도 고양시 ,경기도 김포시 ,서울특별시 강북구 ,서울특별시 강서구 ,서울특별시 관악구 ,서울특별시 광진구 ,서울특별시 구로구 ,서울특별시 금천구 ,서울특별시 노원구 ,서울특별시 도봉구 ,서울특별시 동대문구 ,서울특별시 동작구 ,서울특별시 마포구 ,서울특별시 서대문구 ,서울특별시 성동구 ,서울특별시 성북구 ,서울특별시 양천구 ,서울특별시 영등포구 ,서울특별시 용산구 ,서울특별시 은평구 ,서울특별시 종로구 ,서울특별시 중구 ,서울특별시 중랑구 ,충청북도 음성군 ,충청북도 제천시 ,충청북도 진천군 ,충청북도 충주시 ",2025-02-05 20:26,,안전안내,209877,대설,
"현재 내리는 눈이 기온 하강으로 얼어서 도로결빙이 예상되고 있습니다. 가급적 대중교통을 이용하시고, 감속운행 등 안전에 유의하시기 바랍니다.[경기도청]",경기도 전체 ,2025-02-05 21:00,,안전안내,209879,대설,
"오늘 21시00분 대설주의보 발령. 내 집 앞 눈 치우기에 동참해 주세요. 차량 운행은 자제하시고, 출퇴근 시에는 대중교통을 이용해 주세요.[행정안전부]","경기도 과천시 ,경기도 구리시 ,경기도 남양주시 ,경기도 동두천시 ,경기도 여주시 ,경기도 용인시 ,경기도 이천시 ,경기도 하남시 ,서울특별시 강남구 ,서울특별시 강동구 ,서울특별시 서초구 ,서울특별시 송파구 ",2025-02-05 21:02,,안전안내,209880,대설,
"오늘 21시 구리시 대설주의보 발효. 밤새 내린 눈이 기온 하강에 따라 결빙이 우려되오니, 차량운행 자제 및 미끄럼 사고에 주의하여 주시기 바랍니다. [구리시]",경기도 구리시 ,2025-02-05 21:17,,안전안내,209882,대설,
오늘 밤사이 내리는 눈과 기온하강으로 도로결빙이 우려되오니 보행 시 미끄럼 사고 및 출근길 운전에 유의하여 주시기 바랍니다. [중랑구청],서울특별시 중랑구 ,2025-02-05 21:19,,안전안내,209883,대설,
현재 내리는 눈이 기온 하강으로 얼어서 도로결빙이 예상됩니다. 보행 시 미끄럼 사고 및 출근길 운전에 유의하여 주시기 바랍니다. [광진구청],서울특별시 광진구 ,2025-02-05 22:17,,안전안내,209885,대설,
"어제 밤사이 내린눈으로 도로 결빙이 우려됩니다. 터널앞, 고갯길, 교량인근, 고가도로에서는 서행운전 및 안전거리 유지 등 안전에 유의하여 주시기 바랍니다[화성시]",경기도 화성시 ,2025-02-06 6:26,,안전안내,209892,대설,
"지난 밤사이 강설과 기온 급강하로 도로결빙이 우려되오니, 도로 미끄럼 사고와 보행안전에 각별히 유의바라며, 내집앞 눈치우기에 적극 참여바랍니다. [양평군]",경기도 양평군 ,2025-02-06 6:46,,안전안내,209894,대설,
"어제 새벽부터 눈이 내려 도로결빙이 예상됩니다. 터널 앞, 교량 인근, 고가도로 등은 위험하니 감속운행 등 안전운전 하시기 바랍니다.[시흥시청]",경기도 시흥시 ,2025-02-06 6:50,,안전안내,209895,대설,
"어제부터 내린 눈으로 인해 터널 앞, 교량 위, 응달진 곳은 블랙아이스 차량 사고 및 보행자 낙상사고 등 안전사고에 주의하시기 바랍니다. [용인특례시]","경기도 용인시 처인구 ,경기도 용인시 기흥구 ,경기도 용인시 수지구 ",2025-02-06 6:50,,안전안내,209897,대설,
"새벽까지 내린 눈으로 도로결빙이 우려됩니다. 차량 출발 전 꼭 기억하세요!! 빙판길 가장 기본은 서행운전, 방어운전입니다. [오산시]",경기도 오산시 ,2025-02-06 6:53,,안전안내,209898,대설,
밤새 눈비가 내려 차도와 인도가 미끄러우니 운전이나 보행에 조심하시고 가급적 대중교통을 많이 이용하시기 바랍니다. [광명시청],경기도 광명시 ,2025-02-06 7:00,,안전안내,209899,대설,
"밤사이 내린 눈과 낮은 기온으로 도로결빙이 예상됩니다. 차량 감속운행, 안전거리 확보 및 보행자 낙상사고에 유의하시기 바랍니다. [의왕시]",경기도 의왕시 ,2025-02-06 7:00,,안전안내,209900,대설,
새벽까지 내린 눈과 비로 인한 도로 결빙이 우려되오니 차량주행 및 보행 낙상사고 등 안전사고에 유의하시기 바랍니다.[남양주시],경기도 남양주시 ,2025-02-06 7:01,,안전안내,209902,기타,
"새벽까지 이어진 눈으로 도로 및 인도결빙이 우려되오니, 감속운전, 보행시 낙상주의 등 안전사고에 유의하시고 가급적 대중교통을 이용해주시기 바랍니다.[안산시청]",경기도 안산시 ,2025-02-06 7:04,,안전안내,209903,대설,
"어제 내린 눈이 영하의 기온으로 인해 교량, 고갯길, 터널에서 도로결빙이 우려되니 감속운전 및 차간거리 유지 등 안전운전에 유의하시기 바랍니다. [가평군청]",경기도 가평군 ,2025-02-06 7:49,,안전안내,209906,대설,
"성동구에서 목격된 김군식씨(남,67세)를 찾습니다-170cm,모자달린검정점퍼,검정바지,회색모자,검정마스크 
vo.la/JehaL / ☎182 [서울경찰청]",서울특별시 성동구 ,2025-02-06 13:32,,안전안내,209908,기타,
"중구에서 배회중인 김군식씨(남,67세)를 찾습니다-170cm,모자달린검정점퍼,검정바지,회색모자,검정마스크 
vo.la/JehaL / ☎182 [서울경찰청]",서울특별시 중구 ,2025-02-06 14:32,,안전안내,209909,기타,
"광진구에서 배회중인 박세웅씨(남,39세)를 찾습니다-170cm,84kg,검정패딩,검정바지,검정신발,절뚝거림
vo.la/grUoO / ☎182 [서울경찰청]",서울특별시 광진구 ,2025-02-06 15:00,,안전안내,209910,기타,
"영등포구에서 배회중인 박세웅씨(남,39세)를 찾습니다-170cm,84kg,검정패딩,검정바지,검정신발,절뚝거림 
vo.la/grUoO / ☎182 [서울경찰청]",서울특별시 영등포구 ,2025-02-06 15:02,,안전안내,209911,기타,
"수원시 팔달구 주민인 윤병진씨(남,67세)를 찾습니다 -172cm,64kg,검정점퍼,검정바지,안경착용 
vo.la/rTRNL / ☎112 [경기남부경찰청]","경기도 수원시 장안구 ,경기도 수원시 권선구 ,경기도 수원시 팔달구 ,경기도 수원시 영통구 ",2025-02-06 19:16,,안전안내,209915,기타,
"송파구에서 최종 목격된 윤병진씨(남,67세)를 찾습니다 -172cm,64kg,검정점퍼,검정바지,안경착용 
vo.la/rTRNL / ☎112 [서울경찰청]",서울특별시 송파구 ,2025-02-06 19:19,,안전안내,209916,기타,
"관악구 주민인 이만수씨(남,72세)를 찾습니다-164cm,60kg,검정조끼,자주색긴팔티,검정바지,검정패딩신발 vo.la/KZDib / ☎112 [서울경찰청]","서울특별시 관악구 ,서울특별시 구로구 ",2025-02-07 8:41,,안전안내,209920,기타,
"관악구 주민인 이만수씨(남,72세)를 찾습니다-164cm,60kg,검정조끼,자주색긴팔티,검정바지,검정패딩신발 vo.la/KZDib / ☎182 [서울경찰청]",서울특별시 금천구 ,2025-02-07 11:08,,안전안내,209921,기타,
"노원구에서 배회중인 박정화씨(여,70세)를 찾습니다-160cm,흑색머리,모자달린회색점퍼,검정바지,검정운동화 vo.la/ZDhzG / ☎182 [경기북부경찰청]",서울특별시 노원구 ,2025-02-07 15:22,,안전안내,209922,기타,
"중구에서 배회중인 박정화씨(여,70세)를 찾습니다-160cm,흑색머리,모자달린회색점퍼,검정바지,검정운동화 vo.la/ZDhzG / ☎182 [경기북부경찰청]",서울특별시 중구 ,2025-02-07 15:48,,안전안내,209923,기타,
"단원구에서 실종된 박기웅씨(남,43세)를 찾습니다-170cm,80kg,짧은머리,상하의검정추리닝,검정운동화 vo.la/HBRpO / ☎112 [경기남부경찰청]","경기도 안산시 상록구 ,경기도 안산시 단원구 ",2025-02-07 18:07,,안전안내,209926,기타,
"동대문구에서 실종된 김아현(여,16세)을 찾습니다-170cm,연분홍잠바,흰티,검정바지,흰색슬리퍼,왼쪽쇄골문신 vo.la/oKgdz / ☎112 [서울경찰청]","서울특별시 동대문구 ,서울특별시 중랑구 ",2025-02-07 18:22,,안전안내,209927,기타,
"용산구에서 배회중인 박기웅씨(남,43세)를 찾습니다-170cm,80kg,짧은머리,상하의검정추리닝,검정운동화 vo.la/HBRpO / ☎112 [서울경찰청]",서울특별시 용산구 ,2025-02-07 20:16,,안전안내,209930,기타,
"고양시에서 실종된 최강렬씨(남,76세)를 찾습니다 -160cm,검흰체크남방, 검정바지, 지팡이, 거동 불편함 vo.la/hAJxa / ☎112 [경기북부경찰청]","경기도 고양시 덕양구 ,경기도 고양시 일산동구 ,경기도 고양시 일산서구 ",2025-02-08 8:11,,안전안내,209931,기타,
"마포구에서 배회중인 최강렬씨(남,76세)를 찾습니다 -160cm, 검흰체크남방, 검정바지, 지팡이, 거동 불편함 vo.la/hAJxa / ☎112 [서울경찰청]",서울특별시 마포구 ,2025-02-08 8:12,,안전안내,209932,기타,
"동대문구에서 실종된 김정태씨(남,81세)를 찾습니다 -170cm,체크무늬비니,검정잠바,남색바지,검정운동화,장갑, vo.la/SOKhN / ☎182 [서울경찰청]",서울특별시 동대문구 ,2025-02-08 9:28,,안전안내,209933,기타,
"중랑구에서 배회중인 김정태씨(남,81세)를 찾습니다-170cm,체크무늬비니,검정잠바,남색바지,검정운동화,장갑, vo.la/SOKhN / ☎182 [서울경찰청]",서울특별시 중랑구 ,2025-02-08 9:29,,안전안내,209934,기타,
설 명절 부주의로 인한 화재 발생비율이 높고 가족들과 함께하는 주거시설 화재가 가장 많은 만큼 안전한 설 연휴를 위해 시민분들께서는 조심해주세요. [김포시청],경기도 김포시 ,2025-02-08 16:01,,안전안내,209941,화재,
"수원시에서 실종된 이택모씨(남, 82세)를 찾습니다-160cm,검정모자,검정잠바,검정바지,검정운동화,흰마스크 vo.la/jdFbm / ☎182 [경기남부경찰청]","경기도 수원시 장안구 ,경기도 수원시 권선구 ,경기도 수원시 팔달구 ,경기도 수원시 영통구 ",2025-02-08 17:47,,안전안내,209942,기타,
내부순환도로 정릉터널(성산>성수 방면) 차량화재로 인해 소방용수 결빙우려가 있으니 해당구간 주행 시 유의하시기 바랍니다. [성북구청],서울특별시 성북구 ,2025-02-09 7:03,,안전안내,209946,화재,
"이천시에서 실종된 최영희씨(여,58세)를 찾습니다-165cm,밤색얼룩무늬티셔츠,안경착용,왼쪽눈실명(백탁) 
vo.la/QKrHj / ☎112 [경기남부경찰청]","경기도 여주시 ,경기도 이천시 ",2025-02-09 8:18,,안전안내,209947,기타,
"남양주시에서 실종된 장석주씨(여,82세)를 찾습니다 -155cm,60kg,검정모자,짙은밤색잠바,지팡이소지
vo.la/Pdkha / ☎112 [경기북부경찰청]",경기도 남양주시 ,2025-02-09 15:23,,안전안내,209948,기타,
"안산시에서 실종된 강원구씨(남,73세)를 찾습니다-170cm,65kg,아이보리색후리스,남색내복바지,검정운동화
vo.la/tHwyg / ☎112 [경기남부경찰청]","경기도 안산시 상록구 ,경기도 안산시 단원구 ",2025-02-09 15:50,,안전안내,209949,기타,
"강남구 주민인 홍경희씨(여,79세)를 찾습니다-155cm,65kg,점퍼,검은색몸뻬바지,백발머리,허리굽음 vo.la/yEWwr / ☎112 [서울경찰청]","서울특별시 강남구 ,서울특별시 송파구 ",2025-02-10 13:18,,안전안내,209957,기타,
"구리시 주민인 이병민씨(남,73세)를 찾습니다-167cm,65kg,검정색상하의,검정모자,지팡이,검정운동화 vo.la/MUbLL / ☎112 [경기북부경찰청]",경기도 구리시 ,2025-02-10 16:50,,안전안내,209959,기타,
"단원구주민인 송영배씨(남,70세)를 찾습니다-170cm,60kg,검정상의,검정바지,검정모자,남색백팩,언어장애 vo.la/CHARC / ☎112 [경기남부경찰청]","경기도 안산시 상록구 ,경기도 안산시 단원구 ",2025-02-10 17:02,,안전안내,209961,기타,
"양천구에서 실종된 송영배씨(남,70세)를찾습니다-170cm,60kg,검정상의,검정바지,검정모자,남색백팩,언어장애 vo.la/CHARC / ☎112 [서울경찰청]",서울특별시 양천구 ,2025-02-10 17:03,,안전안내,209962,기타,
"14시경 둘리근린공원 인근 (방학동 산90-44)야생멧돼지 출몰  신고 접수,
인근주민께서는 외출 자제하시고  실외인 경우 건물 내부로 피신바랍니다 [도봉구청]",서울특별시 도봉구 ,2025-02-10 17:03,,안전안내,209963,기타,
"양주에서 실종된 서 환씨(남,61세)를 찾습니다-168cm,65kg,검정점퍼,검정운동화 vo.la/xDKNZ / ☎112 [경기북부경찰청]","경기도 양주시 ,경기도 포천시 ",2025-02-10 20:44,,안전안내,209966,기타,
"양천구에서 실종된 박용현씨(남,74세)를 찾습니다 -176cm,63kg,검정패딩,검정바지,검정신발,검정비니
vo.la/Cturi / ☎112 [서울경찰청]",서울특별시 양천구 ,2025-02-12 9:47,,안전안내,209973,기타,
"부천시에서 실종된 조한숙씨(여,84세)를 찾습니다-163cm,45kg,보라색패딩,검정바지,검정슬리퍼,반백단발
vo.la/UvgcV / ☎112 [경기남부경찰청]","경기도 부천시 원미구 심곡동,경기도 부천시 원미구 원미동,경기도 부천시 원미구 소사동,경기도 부천시 원미구 역곡동,경기도 부천시 원미구 춘의동,경기도 부천시 원미구 도당동,경기도 부천시 원미구 약대동,경기도 부천시 원미구 중동,경기도 부천시 원미구 상동,경기도 부천시 소사구 심곡본동,경기도 부천시 소사구 소사본동,경기도 부천시 소사구 범박동,경기도 부천시 소사구 계수동,경기도 부천시 소사구 옥길동,경기도 부천시 소사구 괴안동,경기도 부천시 소사구 송내동,경기도 부천시 오정구 여월동,경기도 부천시 오정구 작동,경기도 부천시 오정구 원종동,경기도 부천시 오정구 오정동,경기도 부천시 오정구 고강동,경기도 부천시 오정구 대장동,경기도 부천시 오정구 삼정동,경기도 부천시 오정구 내동",2025-02-12 11:35,,안전안내,209975,기타,
오늘 12:58경 가평군 청평면 상천리 120전산불 발생. 입산을 자제하고 인근 주민과 등산객은 청평중학교로 신속히 대피하여 주시기 바랍니다.[가평군청],경기도 가평군 ,2025-02-12 13:29,,안전안내,209976,산불,
"성동구에서 배회중인 홍기용씨(남,81세)를 찾습니다-165cm,회색프로폴리스잠바,검정바지,대나무로만든모자 
vo.la/cQFiH / ☎112 [서울경찰청]","서울특별시 동대문구 ,서울특별시 성동구 ",2025-02-12 17:28,,안전안내,209977,기타,
"경찰은 송파구에서 목격된 이영순씨(여, 73세)를 찾습니다 -164cm, 밤색반코트, 검정바지, 털모자 착용 vo.la/QaseP / ☎182 [서울경찰청]",서울특별시 송파구 ,2025-02-13 15:02,,안전안내,209980,기타,
"성북구에서 배회중인 권도윤(남, 11세)을 찾습니다 -145cm,48kg, 금테안경, 검정휠라 롱패딩, 검정바지 vo.la/svXDE / ☎112 [서울경찰청]","서울특별시 강북구 ,서울특별시 성북구 ",2025-02-13 20:07,,안전안내,209985,기타,
"마포구 주민인 허영춘씨(남, 75세)를 찾습니다 -157cm,58kg, 파란색모자,남색패딩,검정바지,검정운동화 vo.la/zGTTD / ☎112 [서울경찰청]","서울특별시 마포구 ,서울특별시 용산구 ",2025-02-14 8:41,,안전안내,209986,기타,
"평택시 주민인 박진우씨(남,56세)를 찾습니다 -162cm,70kg,빨간색챙모자,검정잠바,검정바지,회색운동화 vo.la/HPnoq / ☎182 [경기남부경찰청]",경기도 평택시 ,2025-02-14 10:25,,안전안내,209987,기타,
"남양주시에서 배회중인 문맹선씨(남, 72세)를 찾습니다 -162cm, 파란색잠바,검정바지,흰운동화,흰마스크 vo.la/SvikW / ☎182 [경기북부경찰청]",경기도 남양주시 ,2025-02-14 17:17,,안전안내,209991,기타,
오늘 17시 45분경 진접읍 내곡리 산45 인근 산불 발생. 야간 진화중으로 인근 주민은 입산자제 및 안전사고 발생에 주의하시기 바랍니다. [남양주시],"경기도 남양주시 진접읍,경기도 남양주시 별내면",2025-02-14 18:54,,안전안내,209993,산불,
"연천군에서 실종된 이완우씨(남, 73세)를 찾습니다 -165cm,검정색중절모,검정잠바,검정바지,검정운동화 vo.la/gVoes / ☎112 [경기북부경찰청]",경기도 연천군 ,2025-02-14 20:05,,안전안내,209996,기타,
"경찰은 은평구 주민인 박승덕씨(남, 86세)를 찾습니다 - 165cm,75kg, 녹색잠바, 검정바지, 검정색모자 vo.la/ldBEu / ☎112 [서울경찰청]",서울특별시 은평구 ,2025-02-14 20:15,,안전안내,209997,기타,
"성동구에서 실종된 권명숙씨(여,64세)를 찾습니다 -150cm,60kg,하늘색털잠바,갈색바지,흰운동화,곱슬단발
vo.la/uyURG / ☎182 [서울경찰청]","서울특별시 성동구 ,서울특별시 종로구 ",2025-02-15 9:34,,안전안내,210003,기타,
"종로구에서 실종된 김봉임씨(여,79세)를 찾습니다 -155cm,60kg,검정기모코트,검정바지,보라색신발
vo.la/VmsZq / ☎182 [서울경찰청]",서울특별시 종로구 ,2025-02-15 10:10,,안전안내,210006,기타,
"광진구에서 실종된 설갑순씨(여,88세)를 찾습니다 -140cm,50kg,검정상의, 검정바지
vo.la/ewCWT / ☎182 [서울경찰청]","서울특별시 광진구 ,서울특별시 중랑구 ",2025-02-15 11:19,,안전안내,210007,기타,
"부천시에서 실종된 심성택씨(여, 83세)를 찾습니다 -150cm,검정패딩,검정바지,얼룩무늬가방,지팡이소지
vo.la/GRLJp / ☎182 [경기남부경찰청]","경기도 부천시 원미구 심곡동,경기도 부천시 원미구 원미동,경기도 부천시 원미구 소사동,경기도 부천시 원미구 역곡동,경기도 부천시 원미구 춘의동,경기도 부천시 원미구 도당동,경기도 부천시 원미구 약대동,경기도 부천시 원미구 중동,경기도 부천시 원미구 상동,경기도 부천시 소사구 심곡본동,경기도 부천시 소사구 소사본동,경기도 부천시 소사구 범박동,경기도 부천시 소사구 계수동,경기도 부천시 소사구 옥길동,경기도 부천시 소사구 괴안동,경기도 부천시 소사구 송내동,경기도 부천시 오정구 여월동,경기도 부천시 오정구 작동,경기도 부천시 오정구 원종동,경기도 부천시 오정구 오정동,경기도 부천시 오정구 고강동,경기도 부천시 오정구 대장동,경기도 부천시 오정구 삼정동,경기도 부천시 오정구 내동",2025-02-15 16:34,,안전안내,210019,기타,
시 전역에 내린 눈과 비로 인해 도로가 결빙될 수 있습니다. 출근길 차량 및 보행자 안전사고에 유의하시기 바랍니다. [시흥시청],경기도 시흥시 ,2025-02-16 6:45,,안전안내,210027,대설,
"어제 내린 눈과 비가 다시 얼어 도로 결빙이 예상됩니다. 터널 앞, 교량 인근, 고가도로 등은 위험하오니 감속운행 등 교통안전에 유의하시기 바랍니다. [경기도청]",경기도 전체 ,2025-02-16 7:00,,안전안내,210028,대설,
"어제 내린 눈과 비로 인한 도로 결빙이 우려되오니, 차량주행 및 보행 낙상사고 등 안전사고에 유의하시기 바랍니다. [남양주시]",경기도 남양주시 ,2025-02-16 7:00,,안전안내,210029,기타,
"강서구에서 실종된 최태원씨(남, 35세)를 찾습니다 -170cm,검정과연두색패딩,검정바지,검정크로스백,흰마스크 vo.la/SyHJR / ☎182 [서울경찰청]",서울특별시 강서구 ,2025-02-16 15:26,,안전안내,210031,기타,
"오늘 17시 55분경(도봉로 173가길 26 인근) 야생멧돼지가 출몰되었으니, 인근 주민들께서는 외출 자제 및 안전에 유의하시기 바랍니다. [도봉구청]",서울특별시 도봉구 ,2025-02-16 18:16,,안전안내,210033,기타,
"1호선 단전 여파로 동두천~연천 구간 열차 운행이 중지되어, 해당 구간에 셔틀버스를 운행하니 참고하시기 바랍니다. [한국철도공사]","강원특별자치도 철원군 ,경기도 전체 ,서울특별시 전체 ",2025-02-16 18:30,,안전안내,210034,교통사고,
"1호선 단전 여파로 동두천~연천 구간 열차 운행이 중지되어, 해당 구간에 전철 시간에 맞추어 셔틀버스를 운행하니 참고하시기 바랍니다. [연천군] 1544-7788",경기도 연천군 ,2025-02-16 19:12,,안전안내,210035,교통사고,
"1호선 단전 여파로 동두천~연천 구간 열차운행이 중지되어, 해당구간에 전철 시간에 맞추어 연계버스를 운행하니 참고하시기 바랍니다. [연천군] 1544-7788",경기도 연천군 ,2025-02-17 9:35,,안전안내,210037,교통사고,
"의정부시 주민인 홍윤정씨(여,21세)를 찾습니다-160cm,96kg,빨간색잠바,얼룩무늬바지,흰신발,흰크로스백 vo.la/Aqacs / ☎112 [경기북부경찰청]",경기도 의정부시 ,2025-02-17 9:40,,안전안내,210038,기타,
"중랑구에서 실종된 이영철씨(남,72세)를 찾습니다-158cm,검정패딩,검정모자,검정바지,남색운동화,검정우산,배낭 vo.la/rpzQj / ☎112 [서울경찰청]",서울특별시 중랑구 ,2025-02-17 14:55,,안전안내,210041,기타,
"시흥시 주민인 방분순씨(여,74세)를 찾습니다-150cm,45kg,붉은색후드티,회색바지,검정운동화,가방2개 vo.la/jRrot / ☎112 [경기남부경찰청]",경기도 시흥시 ,2025-02-17 15:37,,안전안내,210042,기타,
"수원시에서 실종된 박상학씨(남,56세)를 찾습니다-167cm,52kg,마른체격,회색패딩,검정바지,검정운동화 vo.la/Phwsq / ☎112 [경기남부경찰청]","경기도 수원시 장안구 ,경기도 수원시 권선구 ,경기도 수원시 팔달구 ,경기도 수원시 영통구 ",2025-02-17 17:18,,안전안내,210043,기타,
"서초구에서 배회 중인 엄미란씨(여,40세)를 찾습니다- 158cm,77kg,흰운동복상의,검정운동복바지,흰색핸드백
vo.la/xrMff / ☎112 [서울경찰청]",서울특별시 서초구 ,2025-02-18 8:17,,안전안내,210046,기타,
"성남시 분당구에서 실종된 유창규씨(남,73세)를 찾습니다 -170cm,카키색패딩,검정바지,검정마스크,모자
vo.la/QyUGc / ☎112 [경기남부경찰청]","경기도 성남시 수정구 ,경기도 성남시 중원구 ,경기도 성남시 분당구 ",2025-02-18 9:40,,안전안내,210049,기타,
"1호선 동두천~연천 간 열차 운행 중지 구간은 복구 시점까지 연계버스를 운행하오니, 버스 이용시간(약 50분 소요)을 참고하시기 바랍니다. [한국철도공사]","강원특별자치도 철원군 ,경기도 전체 ,서울특별시 전체 ",2025-02-18 12:00,,안전안내,210052,교통사고,
"1호선 단전 여파로 동두천~연천 구간 열차운행이 중지되어, 해당구간 전철 시간에 맞추어 연계버스를 운행하니 참고하시기 바랍니다. 1544-7788[연천군]",경기도 연천군 ,2025-02-18 12:03,,안전안내,210053,교통사고,
"오늘(18일)오후부터 많은 비가 내릴 예정입니다. 지하차도,저지대,하천변 등 위험지역은 접근하지 마시고 하천,계곡에서 야영을 금지하여 주시기 바랍니다.[여주시]",경기도 여주시 ,2025-02-18 16:30,,안전안내,210055,호우,
오후부터 내리는 비는 내일 낮까지 이어질 것으로 예보되고 있으며 도로결빙 우려는 없으나 비교적 많은 비로 노면이 미끄러우니 운전과 보행에 주의바랍니다. [광명시],경기도 광명시 ,2025-02-18 18:00,,안전안내,210061,호우,
"17시 52분 수원시 권선구 고색동 5번지 자동차정비소에서 화재가 발생하였으니 차량은 주변 도로를 우회하시고, 연기 흡입에 주의해 주시기 바랍니다.. [수원시]","경기도 수원시 장안구 ,경기도 수원시 권선구 ,경기도 수원시 팔달구 ,경기도 수원시 영통구 ",2025-02-18 18:34,,안전안내,210062,화재,
"성북구에서 배회 중인 한경진씨(남,80세)를 찾습니다-156cm,64kg,카키색점퍼,회색바지,회색모자,보행기 
vo.la/CKwEc / ☎112 [서울경찰청]",서울특별시 성북구 ,2025-02-18 19:18,,안전안내,210068,기타,
"부천시에서 배회 중인 안전건씨(남,87세)를 찾습니다 -175cm,검정롱패딩,어두운색바지와 운동화,남색모자
vo.la/FXLNj / ☎112 [경기남부경찰청]","경기도 부천시 원미구 심곡동,경기도 부천시 원미구 원미동,경기도 부천시 원미구 소사동,경기도 부천시 원미구 역곡동,경기도 부천시 원미구 춘의동,경기도 부천시 원미구 도당동,경기도 부천시 원미구 약대동,경기도 부천시 원미구 중동,경기도 부천시 원미구 상동,경기도 부천시 소사구 심곡본동,경기도 부천시 소사구 소사본동,경기도 부천시 소사구 범박동,경기도 부천시 소사구 계수동,경기도 부천시 소사구 옥길동,경기도 부천시 소사구 괴안동,경기도 부천시 소사구 송내동,경기도 부천시 오정구 여월동,경기도 부천시 오정구 작동,경기도 부천시 오정구 원종동,경기도 부천시 오정구 오정동,경기도 부천시 오정구 고강동,경기도 부천시 오정구 대장동,경기도 부천시 오정구 삼정동,경기도 부천시 오정구 내동",2025-02-18 19:28,,안전안내,210069,기타,
학운2산업단지(삼도공단로63번길 21) 공장에서 화재사고로 연기 발생. 인근 주민들께서는 연기 흡입 등 안전사고에 유의바랍니다. [김포시청],경기도 김포시 양촌읍,2025-02-19 3:55,,안전안내,210080,화재,
"1호선 단전 여파로 동두천~연천 구간 열차운행이 중지되어, 해당구간 전철 시간에 맞추어 연계버스를 운행하니 참고하시기 바랍니다. [연천군] 1544-7788",경기도 연천군 ,2025-02-19 7:51,,안전안내,210094,교통사고,
"송파구에서 실종된 김승호씨(남,72세)를 찾습니다-170cm,75kg,옷차림불상,흰색슬리퍼(뉴발란스) vo.la/irxpQ / ☎182 [서울경찰청]",서울특별시 송파구 ,2025-02-19 9:30,,안전안내,210098,기타,
"성남시주민인 김태완씨(남,25세)를 찾습니다-174cm,흰티셔츠,검정바지,운동화,마스크,백팩,크로스백,쇼핑백 vo.la/wBZqA / ☎182 [경기남부경찰청]","경기도 성남시 수정구 ,경기도 성남시 중원구 ,경기도 성남시 분당구 ",2025-02-19 10:45,,안전안내,210099,기타,
"영등포구에서 목격된 박은준씨(남,60세)를 찾습니다-160cm,50kg,상하의환자복,슬리퍼,짧은머리,허리굽음 vo.la/OhFcn / ☎182 [서울경찰청]",서울특별시 영등포구 ,2025-02-19 17:13,,안전안내,210106,기타,
"전철대체버스알림 2월20일(화)부터 연천역 첫차5:40 막차23:30 동두천역 첫차6:10 막차00:20 매시각 10분, 40분 출발 [연천군] 1544-7788",경기도 연천군 ,2025-02-19 20:24,,안전안내,210109,교통사고,
오늘 21시 35분경 이천시 신둔면 인후리445 플라스틱 공장에서 화재사고 발생. 인근 주민은 외출을 자제하는 등 안전에 유의하시기 바랍니다. [이천시],경기도 이천시 신둔면,2025-02-19 22:19,,안전안내,210110,화재,
"수원시 주민인 임현경씨(남, 47세)를 찾습니다 -160cm,58kg,검정잠바,검정바지,검정운동화,털모자 vo.la/vDnvv / ☎182 [경기남부경찰청]","경기도 수원시 장안구 ,경기도 수원시 권선구 ,경기도 수원시 팔달구 ,경기도 수원시 영통구 ",2025-02-20 11:12,,안전안내,210115,기타,
"오늘 11:30분경 동북선 도시철도 공사로 마장동 일대 통신장애 발생, KT에서 긴급 복구 중으로 약 3시간 소요 예상. [성동구청]",서울특별시 성동구 마장동,2025-02-20 12:12,,안전안내,210119,통신,
오늘 10시 마장동 공사현장 인근 KT 케이블 단선으로 광진구 일부지역 통신장애 발생. 인터넷·유선통신 서비스 어려울 수 있습니다. 조속히 복구중입니다.[광진구],서울특별시 광진구 ,2025-02-20 12:40,,안전안내,210120,통신,
"23일 오전까지 전국에 많은 비와 눈이 예보되어 있습니다. 결빙으로 미끄럼 사고 우려가 높아 감속운행, 차간거리 유지 등 안전운전에 유의 바랍니다 [국토교통부]","강원특별자치도 전체 ,경기도 전체 ,경상남도 전체 ,경상북도 전체 ,광주광역시 전체 ,대구광역시 전체 ,대전광역시 전체 ,부산광역시 전체 ,서울특별시 전체 ,울산광역시 전체 ,인천광역시 전체 ,전라남도 전체 ,전북특별자치도 전체 ,제주특별자치도 전체 ,충청남도 전체 ,충청북도 전체 ,세종특별자치시  ",2025-02-20 18:14,,안전안내,210134,대설,
"고양시에서 실종된 최강렬씨(남, 76세)를 찾습니다 -160cm,60kg, 패딩조끼,남방셔츠,검정바지,지팡이 vo.la/YiXkJ / ☎112 [경기북부경찰청]","경기도 고양시 덕양구 ,경기도 고양시 일산동구 ,경기도 고양시 일산서구 ",2025-02-20 18:23,,안전안내,210135,기타,
가평군 21일(목) 06시 대설예비특보 발효 예정입니다. 영하의 기온으로 도로결빙이 우려되니 감속운전 및 차간거리 유지 등 안전운전에 유의 바랍니다.[가평군],경기도 가평군 ,2025-02-20 20:21,,안전안내,210138,대설,
"20:44 상록구 본오동 1154-5번지에서 화재 발생. 차량은 주변 도로로 우회하시고, 인근 주민께서는 연기흡입 등 안전사고에 유의하시기 바랍니다.[안산시청]",경기도 안산시 ,2025-02-20 21:44,,안전안내,210140,화재,
"오늘 06시00분 대설주의보 발령. 내 집 앞 눈 치우기에 동참해 주세요. 차량 운행은 자제하시고, 출퇴근 시에는 대중교통을 이용해 주세요.[행정안전부]","경기도 가평군 ,경기도 연천군 ,경기도 파주시 ,경기도 포천시 ",2025-02-21 5:57,,안전안내,210143,대설,
"오늘 06시20분 대설주의보 발령. 내 집 앞 눈 치우기에 동참해 주세요. 차량 운행은 자제하시고, 출퇴근 시에는 대중교통을 이용해 주세요.[행정안전부]","경기도 동두천시 ,경기도 양주시 ",2025-02-21 6:24,,안전안내,210145,대설,
어제(21일)부터 내린 비와 오늘(22일) 오전 눈예보로 인한 도로결빙이 우려되오니 차량주행 및 보행 낙상사고 등 안전사고에 유의하시기 바랍니다. [남양주시],경기도 남양주시 ,2025-02-21 6:59,,안전안내,210146,기타,
"많은 눈과 비와 함께 기온도 낮아져 도로결빙으로 미끄럼 사고 우려가 높습니다. 감속운행, 차간거리 유지 등 안전운전에 유의 바랍니다.[국토교통부]","강원특별자치도 전체 ,경기도 가평군 ,경기도 동두천시 ,경기도 양주시 ,경기도 연천군 ,경기도 파주시 ,경기도 포천시 ",2025-02-21 6:59,,안전안내,210147,대설,
"현재 내리는 눈과 비로 인해 도로가 미끄럽습니다. 터널 앞, 교량 인근, 고가도로 등은 위험하오니 감속운행 등 교통안전에 유의하시기 바랍니다. [경기도청]",경기도 전체 ,2025-02-21 7:00,,안전안내,210148,대설,
"안양시에서 배회 중인 이안균씨(남,63세)를 찾습니다 -180cm,64kg,검정점퍼,짙은청바지,검정운동화
vo.la/sYHPz / ☎182 [경기남부경찰청]","경기도 안양시 만안구 ,경기도 안양시 동안구 ",2025-02-21 10:29,,안전안내,210153,기타,
"1호선 단전 여파로 동두천~연천 구간 열차운행이 중지되어, 해당구간 전철 시간에 맞추어 연계버스를 운행하니 참고하시기 바랍니다. 1544-7788 [연천군]",경기도 연천군 ,2025-02-21 13:38,,안전안내,210156,교통사고,
"전철 대체버스알림 2월20일(화)부터 연천역 첫차5:40 막차23:30 동두천역 첫차6:10 막차00:20 매시각 10분, 40분 출발 1544-7788[연천군]",경기도 연천군 ,2025-02-21 13:47,,안전안내,210157,교통사고,
"김포지역 평년대비 2배의 강수량과 이상기온으로 공사장, 비탈면 등 재해취약시설 피해발생 우려가 높으므로
현장점검 및 보수 등 안전조치를 당부드립니다.[김포시청]",경기도 김포시 ,2025-02-21 16:37,,안전안내,210163,호우,
"내일 아침까지 많은 눈이 예상됩니다. 차량 운행 시 반드시 서행하시고, 보행 시 미끄럼 주의, 시설물 사전예방 조치 등 각별히 유의하여 주시기 바랍니다.[양주시]",경기도 양주시 ,2025-02-21 17:00,,안전안내,210165,대설,
"내일(22일) 아침까지 많은 눈이 예보됨에 따라 가급적 대중교통 이용, 운전시 서행운전바라며 내 집,내 점포 앞 눈치우기에도 동참하여 주시기 바랍니다. [고양시]",경기도 고양시 ,2025-02-21 17:27,,안전안내,210171,대설,
"오늘 밤부터 내일 새벽 강설 예보에 따라 도로 결빙이 우려됩니다. 가급적 대중교통을 이용하고, 운전 시 감속운행 등 안전사고에 유의 바랍니다.[시흥시청]",경기도 시흥시 ,2025-02-21 17:30,,안전안내,210172,대설,
"내일 오전까지 많은 눈이 예상됩니다. 차량은 감속운행, 안전거리 유지, 보행자는 미끄럼 주의 등 보행안전에 유의하시기 바랍니다. [의정부시]",경기도 의정부시 ,2025-02-21 17:39,,안전안내,210174,대설,
"금일 내리는 비는 밤부터 눈으로 바뀌어 내일 아침까지 내릴 예정이오니, 내일 출근길에는 감속 안전운전하시고 보행자는 미끄럼사고에 주의바랍니다.[광명시청]",경기도 광명시 ,2025-02-21 17:50,,안전안내,210175,대설,
"내일 아침까지 내리는 눈으로 도로결빙이 예상되오니 보행 및 차량운행 시 안전사고에 유의하시고, 내 집, 내 점포 앞 눈 치우기에 동참해주시기 바랍니다.[중랑구청]",서울특별시 중랑구 ,2025-02-21 18:00,,안전안내,210177,대설,
"양천구에서 실종된 김평곤씨(남,77세)를 찾습니다 -168cm,68kg,백발,패딩점퍼,검정운동복바지,비닐우산소지
vo.la/zCdZx / ☎112 [서울경찰청]",서울특별시 양천구 ,2025-02-21 18:22,,안전안내,210181,기타,
"현재 내리는 눈.비로 도로결빙이 우려되오니 ▲차량운행 중 미끄럼사고 주의(터널,교량 등) ▲안전거리 유지 ▲보행 시 낙상사고 주의 등 안전에 유의바랍니다[화성시]",경기도 화성시 ,2025-02-21 18:36,,안전안내,210183,대설,
"오늘 20시00분 대설주의보 발령. 내 집 앞 눈 치우기에 동참해 주세요. 차량 운행은 자제하시고, 출퇴근 시에는 대중교통을 이용해 주세요.[행정안전부]","강원특별자치도 영월군 ,강원특별자치도 원주시 ,경기도 고양시 ,경기도 과천시 ,경기도 광명시 ,경기도 광주시 ,경기도 구리시 ,경기도 군포시 ,경기도 김포시 ,경기도 남양주시 ,경기도 부천시 ,경기도 성남시 ,경기도 시흥시 ,경기도 안산시 ,경기도 안양시 ,경기도 여주시 ,경기도 용인시 ,경기도 의왕시 ,경기도 의정부시 ,경기도 이천시 ,경기도 하남시 ,서울특별시 강남구 ,서울특별시 강동구 ,서울특별시 강북구 ,서울특별시 강서구 ,서울특별시 관악구 ,서울특별시 광진구 ,서울특별시 구로구 ,서울특별시 금천구 ,서울특별시 노원구 ,서울특별시 도봉구 ,서울특별시 동대문구 ,서울특별시 동작구 ,서울특별시 마포구 ,서울특별시 서대문구 ,서울특별시 서초구 ,서울특별시 성동구 ,서울특별시 성북구 ,서울특별시 송파구 ,서울특별시 양천구 ,서울특별시 영등포구 ,서울특별시 용산구 ,서울특별시 은평구 ,서울특별시 종로구 ,서울특별시 중구 ,서울특별시 중랑구 ,인천광역시 강화군 ,인천광역시 계양구 ,인천광역시 미추홀구 ,인천광역시 남동구 ,인천광역시 동구 ,인천광역시 부평구 ,인천광역시 서구 ,인천광역시 연수구 ,인천광역시 중구 ,충청북도 단양군 ,충청북도 제천시 ,충청북도 충주시 ",2025-02-21 19:19,,안전안내,210187,대설,
"금일 20시 대설주의보 발효, 강설로 인한 도로 및 인도 결빙이 우려되오니 감속 운전, 인도 미끄럼주의 등 안전사고에 유의해 주시기 바랍니다.[안산시청]",경기도 안산시 ,2025-02-21 19:43,,안전안내,210190,대설,
"도봉구에서 배회 중인 이장순씨(여,63세)를 찾습니다-157cm,60kg,단발흰머리,맨발,패딩검은조끼,검정바지
vo.la/apkSt / ☎112 [서울경찰청]",서울특별시 도봉구 ,2025-02-21 19:53,,안전안내,210191,기타,
"관내 새벽부터 최대 8cm 눈 예보가 있으니 내집 내점포앞 스스로 눈치우기, 대중교통 이용 등 결빙 안전사고에 유의하시기 바랍니다.[노원구청]",서울특별시 노원구 ,2025-02-21 19:57,,안전안내,210192,대설,
"오늘 20시 대설주의보 발효, 강설로 인한 인도 및 도로 결빙이 우려되오니, 운전 시 감속운행, 보행자 미끄럼 주의 등 안전사고에 유의 바랍니다.[시흥시청]",경기도 시흥시 ,2025-02-21 19:58,,안전안내,210193,대설,
"밤사이 내리는 눈과 비로 인하여 도로가 미끄러우니 차량
   이용 시 감속 운행하여 주시고,운전 및 보행 시 안전에 유의하여 주시기 바랍니다.   [도봉구청]",서울특별시 도봉구 ,2025-02-21 20:01,,안전안내,210194,기타,
"내일 오전까지 비와 눈이 내릴 것으로 예상됨에 따라 도로 결빙이 우려되오니, 보행 및 차량 운행 시 각별히 주의하여 주시기 바랍니다. [오산시]",경기도 오산시 ,2025-02-21 20:17,,안전안내,210196,대설,
"금일 20시부로 대설주의보 발효. 밤새 내린 눈으로 결빙이 우려되오니, 보행 및 차량운행시 안전사고에 유의하시고, 가급적 대중교통을 이용하시기 바랍니다.[구리시]",경기도 구리시 ,2025-02-21 20:55,,안전안내,210198,대설,
"관내 새벽부터 많은 눈 예보가 있으니 내집 내점포앞 스스로 눈치우기, 대중교통 이용 등 결빙 안전사고에 유의하시기 바랍니다.[광진구청]",서울특별시 광진구 ,2025-02-21 21:04,,안전안내,210199,대설,
"24.2.21.(수) 20시부로 대설주의보 발효. 밤새 내린 눈으로 결빙이 우려되오니, 보행 및 차량운행시 안전사고에 유의하시기 바랍니다.[군포시]",경기도 군포시 ,2025-02-21 21:19,,안전안내,210200,대설,
"내일 오전까지 눈,비로 가시거리가 짧고 미끄러울 수 있으니 교통안전 및 보행에 주의하시기 바랍니다. [영등포구]",서울특별시 영등포구 ,2025-02-21 21:51,,안전안내,210203,대설,
"대설주의보 발효중입니다. 도로 및 인도 결빙이 우려되오니 감속 운전, 보행시 미끄럼주의 등 안전사고에 주의하시고, 가급적 대중교통 이용을 당부드립니다.[안산시청]",경기도 안산시 ,2025-02-22 6:09,,안전안내,210211,대설,
"지속되는 강설과 기온 강하로 도로결빙 등 안전사고가 우려되오니 도로운행 및 보행안전에 각별히 유의바라며, 내 집(점포) 앞 눈치우기에 적극 참여바랍니다.[양평군]",경기도 양평군 ,2025-02-22 6:11,,안전안내,210212,대설,
"지난 밤사이 김포 전역에 강설로 눈이 많이 쌓였으니 낙상사고와 보행 안전에 각별히 유의하시기 바라며, 가급적 대중교통을 이용하시기 바랍니다. [김포시청]",경기도 김포시 ,2025-02-22 6:21,,안전안내,210214,대설,
"성동구 전역에 대설주의보 발효. 출근길 대중교통 이용, 눈길 미끄럼 주의 등 안전에 유의 바랍니다.[성동구청]",서울특별시 성동구 ,2025-02-22 6:30,,안전안내,210215,대설,
금일 내린 눈으로 인해 도로와 보도 결빙이 우려되오니 외출시 대중교통을 이용해 주시고 보행시 빙판길 낙상사고에 유의하시기 바랍니다.[강동구],서울특별시 강동구 ,2025-02-22 6:30,,안전안내,210216,대설,
"대설주의보 발효중으로, 도로결빙이 우려되오니 대중교통을 이용해 주시기 바라며, 감속 운전, 보행 시 미끄럼 주의 등 안전사고에 유의하시기 바랍니다.[시흥시청]",경기도 시흥시 ,2025-02-22 6:48,,안전안내,210219,대설,
"어제부터 내린 눈으로 인한 도로 결빙이 우려되니 출, 퇴근 시 가급적 대중교통을 이용하시고, 운전 및 보행시 서행과 낙상사고에 유의하시기 바랍니다.. [남양주시]",경기도 남양주시 ,2025-02-22 6:49,,안전안내,210220,대설,
"밤새 내린 눈으로 도로가 미끄러우니 감속 안전운전하시고 보행자 미끄럼사고에 유의하시기 바라며, 가급적 대중교통을 이용하여 주시기 바랍니다.[광명시청]",경기도 광명시 ,2025-02-22 6:51,,안전안내,210222,대설,
"어제부터 내린 눈으로 인해 터널 앞, 교량 위, 응달진 곳은 블랙아이스 차량 사고 및 보행자 낙상사고 등 안전사고에 주의하시기 바랍니다. [용인특례시]","경기도 용인시 처인구 ,경기도 용인시 기흥구 ,경기도 용인시 수지구 ",2025-02-22 6:55,,안전안내,210223,대설,
"동대문구 전역에 대설주의보 발효. 도로와 보도 결빙이 우려되오니 출근길 대중교통이용, 눈길 미끄럼 주의 등 안전에 유의 바랍니다. [동대문구청]",서울특별시 동대문구 ,2025-02-22 6:58,,안전안내,210224,대설,
대설주의보 발효 중 ▲출근길 감속 및 안전거리 확보▲대중교통 이용 권고▲보행 시 낙상주의▲내 집·점포 앞 눈치우기에 적극 동참 바랍니다. [화성시],경기도 화성시 ,2025-02-22 7:00,,안전안내,210225,대설,
"대설주의보 발효중으로, 도로결빙이 우려되오니 대중교통을 이용해 주시기 바라며, 감속 운전, 보행 시 미끄럼 주의 등 안전사고에 유의하시기 바랍니다. [양주시]",경기도 양주시 ,2025-02-22 7:01,,안전안내,210228,대설,
"도내 많은 눈이 내리고 있습니다. 미끄럼 사고가 우려되오니 가급적 대중교통을 이용하시고, 안전운전과 보행자 낙상사고에 주의하시기 바랍니다. [경기도청]",경기도 전체 ,2025-02-22 7:02,,안전안내,210230,대설,
"안양시 지역 6.1cm의 많은 눈이 내렸습니다. ▲교량구간 감속운행 ▲대중교통 이용하기 ▲내 집, 내 점포 앞 눈치우기 등 적극 협조 바랍니다.[안양시청]","경기도 안양시 만안구 ,경기도 안양시 동안구 ",2025-02-22 7:07,,안전안내,210232,대설,
"오산시 대설주의보 발효 중, 도로 결빙이 우려되므로 출근 시 가급적 대중교통을 이용하시기 바라며 도로 보행 및 운전에 주의하여 주시기 바랍니다. [오산시]",경기도 오산시 ,2025-02-22 7:08,,안전안내,210233,대설,
"의왕시 대설주의보 발효 중, 도로 결빙이 우려되므로 보행 및 운전에 주의하시기 바라며, 내 집·점포 앞 눈쓸기에 동참해주시 바랍니다. [의왕시]",경기도 의왕시 ,2025-02-22 7:17,,안전안내,210235,대설,
"많은 눈과 비가 내려 도로결빙으로 인한 차량 미끄럼 사고 우려가 높습니다. 감속운행, 차간거리 유지 등 안전운전에 유의 바랍니다 [국토교통부]","강원특별자치도 전체 ,경기도 전체 ,경상북도 전체 ,서울특별시 전체 ,인천광역시 전체 ,충청남도 전체 ,충청북도 전체 ,세종특별자치시  ",2025-02-22 7:19,,안전안내,210236,대설,
"오늘 05시경 성주로 166 앞 차량 사고로 도로 양방향 차량통행이 어려우니 우회도로 이용바라며, 인근 주민은 안전에 유의바랍니다.[부천시청]","경기도 부천시 소사구 심곡본동,경기도 부천시 소사구 송내동",2025-02-22 7:24,,안전안내,210238,교통사고,
"밤사이 강설로 인해 미끄럼 사고 우려가 있으니, 보행 및 운전 시 안전사고에 유의하시고, 내 집 앞 눈 치우기에 동참해 주시기 바랍니다.[부천시청]","경기도 부천시 원미구 심곡동,경기도 부천시 원미구 원미동,경기도 부천시 원미구 소사동,경기도 부천시 원미구 역곡동,경기도 부천시 원미구 춘의동,경기도 부천시 원미구 도당동,경기도 부천시 원미구 약대동,경기도 부천시 원미구 중동,경기도 부천시 원미구 상동,경기도 부천시 소사구 심곡본동,경기도 부천시 소사구 소사본동,경기도 부천시 소사구 범박동,경기도 부천시 소사구 계수동,경기도 부천시 소사구 옥길동,경기도 부천시 소사구 괴안동,경기도 부천시 소사구 송내동,경기도 부천시 오정구 여월동,경기도 부천시 오정구 작동,경기도 부천시 오정구 원종동,경기도 부천시 오정구 오정동,경기도 부천시 오정구 고강동,경기도 부천시 오정구 대장동,경기도 부천시 오정구 삼정동,경기도 부천시 오정구 내동",2025-02-22 7:40,,안전안내,210244,대설,
밤사이 내린 눈으로 도로가 결빙되어 미끄럼 사고가 우려되니 감속운전 및 낙상사고 등 안전에 유의하시기 바랍니다.[가평군],경기도 가평군 ,2025-02-22 7:44,,안전안내,210246,대설,
"밤사이 내린 눈으로 결빙이 예상되오니 ▲소요산, 왕방산 등 입산자제 ▲대중교통 이용하기 ▲내 집, 내 점포 앞 눈치우기 등 적극 협조 바랍니다. [동두천시]",경기도 동두천시 ,2025-02-22 7:46,,안전안내,210247,대설,
금일 내린 눈으로 인해 도로와 보도 결빙 우려 외출 자제 낙상사고 유의해 시고 대중교통 이용 내 집 앞 눈 쓸기에 적극 참여하여 주시기 바랍니다.[용산구청],서울특별시 용산구 ,2025-02-22 8:10,,안전안내,210248,대설,
현재 폭설로 인하여 아차산내 나무들이 눈무게로 부러지고 쓰러질 우려가 있어 주등산로 등을 통제하오니 유념하여 주시기 바랍니다. .[광진구청],서울특별시 광진구 ,2025-02-22 8:22,,안전안내,210249,대설,
금일 서울지역에 고드름 낙하 및 나무 쓰러짐 등으로 인해 안전사고가 우려되오니 야외활동 및 차량 운행 시 주의 바랍니다. [서울특별시청],서울특별시 전체 ,2025-02-22 10:14,,안전안내,210257,대설,
"금일 여의도지역 등 고층건물 주변 고드름 낙하로 인한 안전사고가 우려되오니, 보행 및 차량운행시 주의하시기 바랍니다. [영등포구]",서울특별시 영등포구 ,2025-02-22 10:48,,안전안내,210258,기타,
금일 신대방2동 롯데타워아파트 및 삼성쉐르빌 일대 얼음덩어리 낙하로 인하여 안전사고가 우려되오니 차량통행 및 보행자 접근을 자제하여 주시기 바랍니다. [동작구청],서울특별시 동작구 ,2025-02-22 12:49,,안전안내,210261,교통,
"현재 서울지역 고층건물 주변 등에 고드름이 녹아 낙하로 인한 안전사고가 우려되오니, 야외활동 및 차량 운행 시 주의 바랍니다. [서울특별시청]",서울특별시 전체 ,2025-02-22 14:45,,안전안내,210263,대설,
"오늘밤 기온 하강으로 낮에 녹은 눈이 다시 얼어 도로 및 인도, 자전거 도로 등 미끄럼 사고가 예상됩니다.
외출자제 등 안전에 유의하기 바랍니다.  [과천시]",경기도 과천시 ,2025-02-22 21:10,,안전안내,210272,대설,
"어제 내린 눈과 비가 다시 얼어 도로 결빙이 예상됩니다. 터널 앞, 교량 인근, 고가도로 등은 위험하오니 감속운행 등 교통안전에 유의하시기 바랍니다. [시흥시청]",경기도 시흥시 ,2025-02-23 6:40,,안전안내,210276,대설,
낮은 기온으로 도로 결빙이 우려되오니 차량 사고 및 보행자 낙상사고 등 안전사고에 주의하시기 바랍니다. [남양주시],경기도 남양주시 ,2025-02-23 6:55,,안전안내,210277,기타,
"어제 내린 눈으로 인해 터널 앞, 교량 위, 응달진 곳은 블랙아이스 차량 사고 및 보행자 낙상사고 등 안전사고에 주의하시기 바랍니다. [용인특례시]","경기도 용인시 처인구 ,경기도 용인시 기흥구 ,경기도 용인시 수지구 ",2025-02-23 6:55,,안전안내,210278,대설,
어제 녹았던 눈이 다시 얼어 도로 살얼음이 예상됩니다. 결빙으로 인한 미끄럼 사고가 우려되오니 감속운행 등 교통안전에 유의하시기 바랍니다. [경기도청],경기도 전체 ,2025-02-23 7:00,,안전안내,210280,대설,
"어제 내린 눈, 비가 영하의 날씨로 결빙이 우려되오니, 감속운전, 인도 미끄럼주의 등 안전사고에 유의하시고, 가급적 대중교통을 이용해주시기 바랍니다.[안산시청]",경기도 안산시 ,2025-02-23 7:01,,안전안내,210281,대설,
"고삼면 가유리 397-3번지, 가사교차로, 일죽고은리 952-2번지 인근 블랙아이스로 인한 다중추돌사고로 피하여 우회하여 안전운행 하시기 바랍니다[안성시청]",경기도 안성시 ,2025-02-23 7:45,,안전안내,210284,교통사고,
"서대문구에서 목격된 도예은(여,17세)을 찾습니다-168cm,55kg,회색후드,회색바지,주황색슬리퍼(흰색운동화) vo.la/MgVtk / ☎182 [서울경찰청]",서울특별시 서대문구 ,2025-02-23 11:44,,안전안내,210290,기타,
"동작구에서 목격된 도예은(여,17세)을 찾습니다-168cm,55kg,회색후드,회색바지,주황색슬리퍼(흰색운동화) vo.la/MgVtk / ☎182 [서울경찰청]",서울특별시 동작구 ,2025-02-23 11:46,,안전안내,210291,기타,
"김포지역 아파트 등 주거지와 공장화재가 빈번히 발생하고 있습니다. 
부주의와 전기적 요인 사전 제거로 인명 및 재산피해를 예방하시기 바랍니다. [김포시청]",경기도 김포시 ,2025-02-23 15:01,,안전안내,210294,화재,
"전철 운행 중단 대체버스 시간 알림
연천역 첫차5:40 막차23:30 동두천역 첫차6:10 막차00:20 매 시각 10분, 40분 출발1544-7788 [연천군]",경기도 연천군 ,2025-02-23 17:22,,안전안내,210300,교통사고,
"연천~동두천 전철 운행 중단으로 매 시각 10분, 40분에 연천역, 동두천역에서 무료 대체버스가 출발하오니 참고하시기 바랍니다.1544-7788 [연천군]",경기도 연천군 ,2025-02-23 17:22,,안전안내,210301,교통사고,
오늘 17시 45분경 신림선 관제시스템 제어불능으로 인한 운행중단 발생. 열차 지연이 예상되니 운행 상황을 확인하신 후 열차를 이용해 주세요. [남서울경전철㈜],서울특별시 전체 ,2025-02-23 18:21,,안전안내,210303,교통사고,
오늘 18시 21분경 신림선 관제시스템 복구 및 열차운행재개[남서울경전철㈜],서울특별시 전체 ,2025-02-23 18:30,,안전안내,210304,교통사고,
오늘 19시 15분 서초구 방배동 603 화재 발생. 인근 주민들은 안전사고 발생에 주의하시기 바랍니다. [서초구],서울특별시 서초구 방배동,2025-02-23 20:09,,안전안내,210305,화재,
"안성시 주민인 서준호씨(남,55세)를 찾습니다-175cm,65kg,검정색점퍼,검정바지,검정운동화 vo.la/MBuer / ☎112 [경기남부경찰청]","경기도 안성시 ,경기도 평택시 ",2025-02-23 20:13,,안전안내,210306,기타,
"성남시에서 실종된 김재원(남,10세)을 찾습니다-133cm,34kg,베이지색양털잠바,남색바지,하늘색안경 vo.la/HAuBt / ☎112 [경기남부경찰청]","경기도 성남시 수정구 ,경기도 성남시 중원구 ,경기도 성남시 분당구 ",2025-02-23 20:31,,안전안내,210307,기타,
"동작구에서 목격된 김이화씨(남,43세)를 찾습니다 -168cm,58kg,어두운색점퍼,검정색청바지,모자,흰마스크
vo.la/mYyXS / ☎112 [서울경찰청]",서울특별시 동작구 ,2025-02-24 9:16,,안전안내,210308,기타,
"괴안동 209-2, 괴안삼거리 싱크홀 발생하여 차량통행이 어려우니 우회도로 이용바라며, 인근 주민은 안전에 유의바랍니다.[부천시청]","경기도 부천시 소사구 심곡본동,경기도 부천시 소사구 소사본동,경기도 부천시 소사구 범박동,경기도 부천시 소사구 계수동,경기도 부천시 소사구 옥길동,경기도 부천시 소사구 괴안동,경기도 부천시 소사구 송내동",2025-02-24 10:05,,안전안내,210309,기타,
"2월24일(토) 연천역16:33, 동두천역16:01부터 정상운행하오니 전철이용에 참고하시기 바랍니다.[연천군청]",경기도 연천군 ,2025-02-24 10:42,,안전안내,210311,기타,
금일 1호선 동두천~연천 구간 열차 운행을 재개합니다. ▲동두천역에서 연천 방면 16시 01분부터 ▲연천역에서 동두천 방면 16시 33분부터 운행 [한국철도공사],"강원특별자치도 철원군 ,경기도 전체 ,서울특별시 전체 ",2025-02-24 11:21,,안전안내,210312,교통사고,
"가평군 2.25.(토) 00~06시 사이에 많은 눈이 예상됩니다. 길이 미끄러워 사고가 우려되니 감속, 고갯길 운행 등 안전에 유의하시기 바랍니다. [가평군청]",경기도 가평군 ,2025-02-24 17:44,,안전안내,210314,대설,
"경찰은 수원시에서 실종된 문상만씨(남, 68세)를 찾습니다 -167cm, 60kg, 회색점퍼, 회색바지 
vo.la/rvMQL / ☎112 [경기남부경찰청]","경기도 수원시 장안구 ,경기도 수원시 권선구 ,경기도 수원시 팔달구 ,경기도 수원시 영통구 ",2025-02-24 18:18,,안전안내,210315,기타,
"경찰은 영등포구에서 배회 중인 문상만씨(남, 68세)를 찾습니다 -167cm, 60kg, 회색점퍼, 회색바지 
vo.la/rvMQL / ☎112 [서울경찰청]",서울특별시 영등포구 ,2025-02-24 18:33,,안전안내,210316,기타,
"고양시에서 실종된 최용대씨(남,60세)를 찾습니다-175cm,70kg,모자달린검정패딩,남색바지,헌팅캡모자 
vo.la/DrenU / ☎112 [경기북부경찰청]","경기도 고양시 덕양구 ,경기도 고양시 일산동구 ,경기도 고양시 일산서구 ",2025-02-24 19:23,,안전안내,210319,기타,
"오늘 21시 20분경(방학동 514-2 인근) 야생멧돼지 출몰 신고가 접수되었으니, 인근 주민들께서는 외출 자제 및 안전에 유의하시기 바랍니다. [도봉구청]",서울특별시 도봉구 ,2025-02-24 22:12,,안전안내,210322,기타,
"어제부터 내린 눈으로 인해 터널 앞, 교량 위, 응달진 곳은 블랙아이스 차량 사고 및 보행자 낙상사고 등 안전사고에 주의하시기 바랍니다. [용인특례시]","경기도 용인시 처인구 ,경기도 용인시 기흥구 ,경기도 용인시 수지구 ",2025-02-25 6:56,,안전안내,210332,대설,
밤새 내린 눈과 진눈깨비가 낮은 기온으로 인해 도로 살얼음이 예상됩니다. 미끄럼 사고가 우려되니 감속운행 등 교통안전에 유의하시기 바랍니다. [경기도청],경기도 전체 ,2025-02-25 7:00,,안전안내,210333,대설,
"팔달구 주민인 홍성덕씨(남,86세)를 찾습니다-175cm,70kg,검정패딩점퍼,밤색바지,검정운동화,백발 vo.la/shfwJ / ☎112 [경기남부경찰청]","경기도 수원시 장안구 ,경기도 수원시 권선구 ,경기도 수원시 팔달구 ,경기도 수원시 영통구 ",2025-02-25 9:27,,안전안내,210337,기타,
풍물시장 일대 변압기 고장으로 용신동 일부세대 정전 발생. 14시까지 복구 예정으로  안전사고에 유의하시기 바랍니다. [동대문구청],"서울특별시 동대문구 신설동,서울특별시 동대문구 용두동",2025-02-25 10:58,,안전안내,210338,정전,
"강동구에서 배회중인 도예은(여,17세)을 찾습니다-168cm,55kg, 검정색후드, 회색바지, 흰색운동화 vo.la/MgVtk / ☎112 [서울경찰청]",서울특별시 강동구 ,2025-02-25 14:17,,안전안내,210339,기타,
"노원구 주민인 한정희씨(여,75세)를 찾습니다-157cm,58kg,카키색후드롱패딩,검정바지,검정운동화,단발머리 vo.la/kMUkk / ☎112 [서울경찰청]",서울특별시 노원구 ,2025-02-25 16:50,,안전안내,210340,기타,
"송파구에서 배회중인 한정희씨(여,75세)를 찾습니다-157cm,58kg,카키색롱패딩,검정바지,검정운동화,단발머리 vo.la/kMUkk / ☎112 [서울경찰청]",서울특별시 송파구 ,2025-02-25 16:51,,안전안내,210341,기타,
"금천구에서 실종된 최관규씨(남,71세)를 찾습니다-175cm,70kg,검정점퍼,검정바지,검정운동화,검정마스크 vo.la/iQemG / ☎112 [서울경찰청]","서울특별시 관악구 ,서울특별시 금천구 ",2025-02-25 19:10,,안전안내,210342,기타,
"강서구 주민인 이복례씨(여, 86세)를 찾습니다-156cm,짧은파마(흑색),흰마스크,남색패딩,검정바지,검정구두 vo.la/MFYgc / ☎182 [서울경찰청]",서울특별시 강서구 ,2025-02-26 16:07,,안전안내,210352,기타,
"김포시에서 배회중인 이복례씨(여, 86세)를 찾습니다 -156cm,짧은파마(흑색),흰마스크,남색패딩,검정바지 vo.la/MFYgc / ☎182 [경기남부경찰청]",경기도 김포시 ,2025-02-26 16:16,,안전안내,210353,기타,
"경찰은 종로구에서 배회중인 김동열씨(여, 83세)를 찾습니다 -157cm,57kg,회색롱패딩,남색바지,검정운동화 vo.la/DCYyw / ☎112 [서울경찰청]",서울특별시 종로구 ,2025-02-26 18:16,,안전안내,210356,기타,
"강남구에서 배회중인 서영준씨(남,44세)를 찾습니다 -150cm,52kg,야구모자(검정과파랑),청색잠바,검정바지 vo.la/TRwYE / ☎182 [서울경찰청]",서울특별시 강남구 ,2025-02-27 11:25,,안전안내,210364,기타,
"중랑구에서 배회 중인 고재윤씨(남,27세)를 찾습니다-165cm,65kg,남색패딩,남색바지,흰색마스크,검정백팩 
vo.la/uzBRF / ☎182 [서울경찰청]",서울특별시 중랑구 ,2025-02-27 15:55,,안전안내,210368,기타,
"종로구에서 실종된 박슬비(여,17세)를 찾습니다 -158cm,50kg,검정점퍼,회색츄리닝상하의,노트북가방소지
vo.la/xEqYT / ☎112 [서울경찰청]","서울특별시 서대문구 ,서울특별시 종로구 ",2025-02-27 18:29,,안전안내,210373,기타,
"도봉구에서 실종된 정순애씨(여,81세)를 찾습니다 -153cm,67kg,검정패딩,얼룩덜룩바지,어두운모자,흰마스크
vo.la/iYWKA / ☎112 [서울경찰청]",서울특별시 도봉구 ,2025-02-27 19:43,,안전안내,210374,기타,
"김포지역 환절기와 지병으로 심정지환자 빈발, 가족과 이웃의 생명을 위해 4분 골든타임 내 심폐소생술 실시와 신속한 병원이송 등 즉시 대응 바랍니다. [김포시청]",경기도 김포시 ,2025-02-28 14:44,,안전안내,210384,기타,
"수원시에서 실종된 나종석씨(남, 54세)를 찾습니다 -164cm, 짧은머리, 검정잠바, 검정바지, 검정슬리퍼 vo.la/SNtho / ☎182 [경기남부경찰청]","경기도 수원시 장안구 ,경기도 수원시 권선구 ,경기도 수원시 팔달구 ,경기도 수원시 영통구 ",,,안전안내,210391,기타,
"구로구 주민인 오연순씨(남,78세)를 찾습니다-172cm,스포츠머리,주황색등산복상의,검정바지,검정단화,흰마스크 vo.la/zOmWB / ☎182 [서울경찰청]",서울특별시 구로구 ,,,안전안내,210394,기타,
전공의 집단행동 관련 상급병원 이외 수원시 24시간 응급의료 가능 종합병원은▲경기도의료원수원병원▲동수원▲윌스기념▲화홍병원이니 응급시 이용바랍니다. [수원특례시],"경기도 수원시 장안구 ,경기도 수원시 권선구 ,경기도 수원시 팔달구 ,경기도 수원시 영통구 ",,,안전안내,210402,기타,
"강서구 주민인 박종갑씨(남, 67세)를 찾습니다 -160cm,검정롱패딩,검정바지,흰비닐우산,오른다리 절뚝거림 vo.la/eXMnM / ☎182 [서울경찰청]",서울특별시 강서구 ,,,안전안내,210405,기타,
"동대문구에서 목격된 박종갑씨(남,67세)를 찾습니다 -160cm,검정롱패딩,검정바지,흰비닐우산,오른다리 절뚝거림 vo.la/eXMnM / ☎182 [서울경찰청]",서울특별시 동대문구 ,,,안전안내,210406,기타,
"서초구에서 배회 중인 남상철씨(남,64세)를 찾습니다-176cm,60kg,노란색점퍼,남색바지,검정슬리퍼
vo.la/OZmzM / ☎112 [서울경찰청]",서울특별시 서초구 ,2025-03-01 11:14,,안전안내,210433,기타,
"수원시에서 실종된 백만씨(남,56세)를 찾습니다 -175cm,60kg,파란색패딩,남색바지,안경,검정가방
vo.la/avPRL / ☎112 [경기남부경찰청]","경기도 수원시 장안구 ,경기도 수원시 권선구 ,경기도 수원시 팔달구 ,경기도 수원시 영통구 ",2025-03-01 15:49,,안전안내,210439,기타,
"고양시에서 실종된 이상각씨(남,80세)를 찾습니다 -165cm,55kg,검정색상하의 긴팔,긴바지,회색운동화,
vo.la/nQuXc / ☎112 [경기북부경찰청]","경기도 고양시 덕양구 ,경기도 고양시 일산동구 ,경기도 고양시 일산서구 ",2025-03-02 20:12,,안전안내,210460,기타,
"밤새 내린 비와 눈이 얼어 도로 살얼음이 예상됩니다. 결빙으로 인한 미끄럼 사고가 우려되니 감속운행, 차간거리 유지 등 교통안전에 유의하시기 바랍니다.[경기도청]",경기도 전체 ,2025-03-03 7:00,,안전안내,210463,대설,
"경찰은 하남시에서 배회중인 기노숙씨(여, 88세)를 찾습니다 -150cm,60kg,보라색잠바,보라색신발 착용 vo.la/jnpKq / ☎112 [경기남부경찰청]",경기도 하남시 ,2025-03-03 9:31,,안전안내,210467,기타,
"경찰은 구리시에서 실종된 최경자씨(여, 68세)를 찾습니다 -158cm,55kg,분홍색잠바, 꽃무늬바지 vo.la/wObhT / ☎112 [경기북부경찰청]",경기도 구리시 ,2025-03-03 9:46,,안전안내,210468,기타,
오늘 12:13경 화성시 마도면 청원리 소재 대성스틸에서 화재가 발생하여 대응중이오니 인근 주민은 외부와 차단된 실내로 대피하시고 차량은 우회바랍니다. [화성시],"경기도 화성시 남양읍,경기도 화성시 마도면,경기도 화성시 송산면",2025-03-03 13:02,,안전안내,210469,화재,
금일12:13 발생한 마도면청원리1311 화재로 연기가 많이 발생하였습니다. 인근주민분들은 창문을 닫고 외출을 자제하는 등 안전에 유의하시기바랍니다 . [화성시],"경기도 화성시 송산동,경기도 화성시 남양읍,경기도 화성시 마도면",2025-03-03 19:40,,안전안내,210473,화재,
"중랑구에서 배회중인 엄기선씨(남, 44세)를 찾습니다 - 172cm, 붉은색얼룩무늬 티셔츠, 청바지, 흰운동화 vo.la/HHweC / ☎112 [서울경찰청]",서울특별시 중랑구 ,2025-03-03 20:52,,안전안내,210474,기타,
3월 해빙기 약해진 지반침하로 안전사고가 우려됩니다. 공사장 근처를 우회하시고 토사 흘러내림과 축대 및 옹벽 균열 등에 유의하시기 바랍니다[김포시청],경기도 김포시 ,2025-03-04 10:52,,안전안내,210478,기타,
"어제 발생한 마도 청원리 1311 화재 후속조치로 염산가스 발생우려가 있을수있으니 인근 주민께서는 창문 닫기,접근 최소화 등 안전에 유의하시기 바랍니다.[화성시]",경기도 화성시 마도면,2025-03-04 11:10,,안전안내,210479,화재,
"동작구에서 배회 중인 장혜진씨(여,60세)를 찾습니다 -158cm,72kg,검정코트,청바지,파란색운동화 
vo.la/Efyve / ☎182 [서울경찰청]",서울특별시 동작구 ,2025-03-04 13:20,,안전안내,210482,기타,
"중랑구에서 배회 중인 김병섭씨(남,38세)를 찾습니다-172cm,68kg,검정상의,카키색바지,검정운동화 
vo.la/uAtmY / ☎182 [서울경찰청]",서울특별시 중랑구 ,2025-03-04 15:18,,안전안내,210484,기타,
오늘 16:17경 가산디지털단지역 음식점 화재로 인한 연기 다량 유입으로 1호선 가산디지털단지역 상행선 무정차 운행중임을 안내드립니다. [금천구],서울특별시 금천구 ,2025-03-04 17:11,,안전안내,210485,화재,
"양천구에서 실종된 한유라씨(여,19세)를 찾습니다 -165cm, 60kg, 흰색티, 검정바지, 검정운동화 
vo.la/RHXwn / ☎112 [서울경찰청]",서울특별시 양천구 ,2025-03-04 19:26,,안전안내,210487,기타,
"강서구에서 최종 목격된 한유라씨(여,19세)를 찾습니다-165cm, 60kg, 흰색티, 검정바지, 검정운동화 
vo.la/RHXwn / ☎112 [서울경찰청]",서울특별시 강서구 ,2025-03-04 19:28,,안전안내,210488,기타,
"성북구 주민인 김나이씨(남, 32세)를 찾습니다 -175cm, 60kg,검정패딩,검정바지,회색운동화,검정가방 vo.la/CHTRR / ☎182 [서울경찰청]",서울특별시 성북구 ,2025-03-05 12:46,,안전안내,210491,기타,
"평택시에서 실종된 김상돈씨(남,73세)를 찾습니다 -160cm,55kg,검정패딩,남색트레이닝바지,파란슬리퍼 
vo.la/hAHZH / ☎112 [경기남부경찰청]",경기도 평택시 ,2025-03-05 18:46,,안전안내,210498,기타,
"용인시에서 배회중인 서선규씨(남,83세)를 찾습니다 -165cm,베이지패딩점퍼,검정바지,회색야구모자,안경착용
vo.la/AhMwk / ☎112 [경기남부경찰청]","경기도 용인시 처인구 ,경기도 용인시 기흥구 ,경기도 용인시 수지구 ",2025-03-05 20:14,,안전안내,210499,기타,
"화성시에서 배회중인 서선규씨(남,83세)를 찾습니다 -165cm,베이지패딩점퍼,검정바지,회색야구모자,안경착용
vo.la/AhMwk / ☎112 [경기남부경찰청]",경기도 화성시 ,2025-03-05 20:15,,안전안내,210500,기타,
"금일 10:03 수원시 율전동 321-7 화재 발생. 차량은 우회하시고, 인근 주민은 창문을 닫고, 연기흡입 및 안전에 유의하시기 바랍니다. [수원특례시]",경기도 수원시 장안구 율전동,2025-03-06 10:29,,안전안내,210502,화재,
"경찰은 금천구에서 실종된 최관규씨(남, 71세)를 찾습니다 -175cm,70kg,검정잠바,검정바지,검정운동화 vo.la/iFkqQ / ☎182 [서울경찰청]",서울특별시 금천구 ,2025-03-06 13:58,,안전안내,210503,기타,
"시흥시에서 배회중인 최관규씨(남, 71세)를 찾습니다 -175cm,70kg,검정잠바,검정바지,검정운동화 vo.la/iFkqQ / ☎182 [경기남부경찰청]",경기도 시흥시 ,2025-03-06 13:59,,안전안내,210504,기타,
"구로구에서 실종된 최윤정씨(여, 60세)를 찾습니다 -158cm,60kg,분홍후드티,흰색잠바,검정바지,검정운동화 vo.la/kPbBa / ☎182 [서울경찰청]",서울특별시 구로구 ,2025-03-06 16:07,,안전안내,210505,기타,
"광명시에서 배회중인 최윤정씨(여, 60세)를 찾습니다 -158cm,분홍후드티,흰색잠바,검정바지,검정운동화 vo.la/kPbBa / ☎182 [경기남부경찰청]",경기도 광명시 ,2025-03-06 16:08,,안전안내,210506,기타,
금일 16:20경 비봉면 양노공단 교차로 ~ 남양 교차로 인근 온수 배관 보수작업으로 인한 도로혼잡으로 차량 우회 바랍니다.[화성시],"경기도 화성시 남양읍,경기도 화성시 비봉면,경기도 화성시 마도면,경기도 화성시 송산면,경기도 화성시 서신면",2025-03-06 18:03,,안전안내,210507,기타,
"오늘 16:13경 강서로348일대(내발산동) 정전 발생. 현재 복구 중이니, 인근 주민은 전기 기기의 전원을 모두 끄는 등 안전사고에 유의하세요. [강서구]","서울특별시 강서구 마곡동,서울특별시 강서구 내발산동",2025-03-07 16:41,,안전안내,210513,기타,
"동대문구에서 실종된 차광호씨(남,53세)를 찾습니다-188cm,75kg,소포츠머리,남색점퍼,남색츄리닝,검정운동화
vo.la/tqebo / ☎182 [서울경찰청]",서울특별시 동대문구 ,2025-03-08 9:48,,안전안내,210518,기타,
김포지역 주말 대기가 건조해 산불 등 화재발생 가능성이 높습니다. 부주의로 인한 생명과 재산 피해 예방에 각별한 주의 바랍니다.[김포시청],경기도 김포시 ,2025-03-08 17:44,,안전안내,210524,산불,
"용산구에서 실종된 김형균씨(남,62세)를 찾습니다 -175cm,60kg,마른체격,검정롱패딩,흰색슬리퍼,흰색가방
vo.la/Kazit / ☎112 [서울경찰청]",서울특별시 용산구 ,2025-03-08 20:17,,안전안내,210527,기타,
"양주시에서 실종된 최병규씨(남,60세)를 찾습니다-172cm,60kg,분홍색모자,검정패딩,검정바지,쥐색단화 vo.la/TjRcM / ☎112 [경기북부경찰청]",경기도 양주시 ,2025-03-09 9:40,,안전안내,210529,기타,
"금일 11시 19분 경, 수유동487 화계사 인근에 야생맷돼지가 출몰되었으니, 인근 주민은 외출을 자제하시고 안전에 유의바랍니다. [강북구청]",서울특별시 강북구 ,2025-03-09 12:27,,안전안내,210530,기타,
"노원구 주민인 고동석씨(남,90세)를 찾습니다-170cm,65kg,남색계통체크무늬남방,검정색정장바지,흰색운동화 vo.la/qNaTY / ☎112 [서울경찰청]",서울특별시 노원구 ,2025-03-09 17:00,,안전안내,210533,기타,
현재 서대문구 홍제동 454-1 내부순환로 차량 화재로 연기발생 및 성산방향 일부차로 통제 중에 있어 운전자께서는 우회도로 이용해 주시기 바랍니다.[서울특별시청],"서울특별시 서대문구 ,서울특별시 성북구 ",2025-03-09 20:20,,안전안내,210534,화재,
"서초구에서 최종 목격된 김혜란씨(여,71세)를 찾습니다-160cm,65kg,남색점퍼,검정바지,검정신발,안경,가방 
vo.la/mUSMZ/ ☎112 [서울경찰청]",서울특별시 서초구 ,2025-03-10 10:11,,안전안내,210537,기타,
"서초구에서 실종된 김복단씨(여,75세)를 찾습니다-160cm,45kg,검정롱패딩,빨간색운동화,꽃무늬캡모자 
vo.la/jzJZd / ☎112 [서울경찰청]","서울특별시 동작구 ,서울특별시 서초구 ",2025-03-10 10:46,,안전안내,210539,기타,
"노원구 주민인 이민화씨(여,75세)를 찾습니다-155cm,백발,분홍색상의,체크무늬하의,밤색신발,작은손수레소지
vo.la/wGXjx / ☎112 [서울경찰청]","서울특별시 노원구 ,서울특별시 중랑구 ",2025-03-10 11:18,,안전안내,210540,기타,
"양천구 주민인 류다영(여,15세)을 찾습니다-155cm,48kg,검정후드티,회색긴바지,검정신발,검정가방 
vo.la/DqKCU / ☎112 [서울경찰청]",서울특별시 양천구 ,2025-03-10 15:40,,안전안내,210543,기타,
"관악구에서 최종 목격된 류다영(여,15세)을 찾습니다-155cm,48kg,검정후드티,회색바지,검정신발,검정가방 
vo.la/DqKCU / ☎112 [서울경찰청]",서울특별시 관악구 ,2025-03-10 15:43,,안전안내,210544,기타,
"성남시에서 실종된 허정이씨(남,75세)를 찾습니다 -170cm,밤색계열모자,남색후리스,회색바지,지팡이
vo.la/vXOpC / ☎182 [경기남부경찰청]","경기도 성남시 수정구 ,경기도 성남시 중원구 ,경기도 성남시 분당구 ",2025-03-11 8:49,,안전안내,210549,기타,
"성동구에서 배회 중인 김도영씨(남,53세)를 찾습니다 -165cm,57kg,마른체형,짧은머리(흑색),검정계열잠바
vo.la/pHxrz / ☎182 [서울경찰청]",서울특별시 성동구 ,2025-03-11 9:53,,안전안내,210550,기타,
"수원시에서 실종된 김창운씨(남,72세)를 찾습니다 -162cm,68kg,남색점퍼,남색바지,흰색신발
vo.la/XTcEm / ☎182 [경기남부경찰청]","경기도 수원시 장안구 ,경기도 수원시 권선구 ,경기도 수원시 팔달구 ,경기도 수원시 영통구 ",2025-03-11 10:25,,안전안내,210551,기타,
"노원구 주민인 이정숙씨(여,78세)를 찾습니다 -160cm,검정코트,검정바지,분홍신발,지팡이,백발,흰마스크
vo.la/cBpUv / ☎182 [서울경찰청]","서울특별시 노원구 ,서울특별시 중랑구 ",2025-03-11 14:45,,안전안내,210552,기타,
"군포시에서 최종 목격된 권영종씨(남,51세)를 찾습니다 -170cm,검정긴팔,회색조끼,검정바지,흰슬리퍼,안경
vo.la/ppnCa / ☎182 [경기남부경찰청]",경기도 군포시 ,2025-03-11 16:09,,안전안내,210553,기타,
"광진구에서 배회중인 이정숙씨(여,78세)를 찾습니다 -160cm,검정코트,검정바지,분홍신발,지팡이,백발,흰마스크 vo.la/cBpUv / ☎182 [서울경찰청]",서울특별시 광진구 ,2025-03-11 16:15,,안전안내,210554,기타,
"고양시 주민인 이원용씨(남,89세)를 찾습니다 -172cm,65kg,파란색상하의추리닝복,회색운동화
vo.la/YwYEn / ☎182 [경기북부경찰청]","경기도 고양시 덕양구 ,경기도 고양시 일산동구 ,경기도 고양시 일산서구 ",2025-03-11 17:06,,안전안내,210555,기타,
"수원시 주민인 김영환씨(남,74세)를 찾습니다-170cm,70kg,검정경량패딩,검정바지,검정야구모자,흰마스크 vo.la/MSGwX / ☎112 [경기남부경찰청]","경기도 수원시 장안구 ,경기도 수원시 권선구 ,경기도 수원시 팔달구 ,경기도 수원시 영통구 ",2025-03-12 19:08,,안전안내,210563,기타,
"파주시 주민인 안영철씨(남,44세)를 찾습니다-165cm,언어장애,한쪽다리절룩,남색잠바,회색추리닝바지,슬리퍼 vo.la/sXDdT / ☎112 [경기북부경찰청]",경기도 파주시 ,2025-03-12 20:49,,안전안내,210565,기타,
"관악구에서 최종 목격된 이보배(남,14세)를 찾습니다-150cm,45kg,검정롱패딩,긴바지,회색아디다스운동화 
vo.la/BgfuV / ☎182 [서울경찰청]","서울특별시 관악구 ,서울특별시 동작구 ",2025-03-13 9:20,,안전안내,210567,기타,
금일 13:30경 무봉산(중동 산77)에서 산불발생 및 확산중. 인근주민 및 등산객은 화재 발생지역을 피하여 주시기 바랍니다. [화성시],경기도 화성시 ,2025-03-13 14:04,,안전안내,210569,산불,
"금천구 주민인 김의운씨(여,84세)를 찾습니다 -155cm,60kg,검정과 회색줄무늬점퍼,검정바지,카키색모자
vo.la/UFkEg / ☎182 [서울경찰청]","서울특별시 구로구 ,서울특별시 금천구 ",2025-03-13 15:25,,안전안내,210572,기타,
"강남구에서 최종 목격된 이보배(남,14세)를 찾습니다-150cm,45kg,검정롱패딩,긴바지,회색아디다스운동화 
vo.la/BgfuV / ☎182 [서울경찰청]",서울특별시 강남구 ,2025-03-13 15:29,,안전안내,210573,기타,
"종로구 주민인 김옥만씨(남,88세)를 찾습니다 -166cm,65kg,검정점퍼,검정바지,회색모자,검정운동화
vo.la/NfEZv / ☎112 [서울경찰청]","서울특별시 성북구 ,서울특별시 종로구 ",2025-03-13 20:12,,안전안내,210577,기타,
"성남시에서 실종된 정무진씨(남,33세)를 찾습니다 -175cm,70kg,검정자켓,청바지,흰색운동화,검정가방
vo.la/ZXAVf / ☎182 [경기남부경찰청]","경기도 성남시 수정구 ,경기도 성남시 중원구 ,경기도 성남시 분당구 ",2025-03-14 8:21,,안전안내,210579,기타,
"하남시에서 배회중인 김수진씨(여,20세)를 찾습니다 -183cm,90kg,긴머리,베이지점퍼,갈색계통벙거지모자
vo.la/RhUYe / ☎182 [경기남부경찰청]",경기도 하남시 ,2025-03-14 10:18,,안전안내,210582,기타,
"김포지역 부주의로 인한 주택, 공장, 야외시설 화재가 빈번히 발생하고 있습니다. 경각심을 갖고 시민 생명보호에 동참을 당부드립니다. [김포시청]",경기도 김포시 ,2025-03-14 10:29,,안전안내,210583,화재,
오늘 13:04 맑은물사업소(가능동590-27) 염소가스 누출. 환기 시설 사용 중지. 인근 주민은 창문을 닫고 틈새를 차단하고 실내에서 대기하세요. [의정부시],경기도 의정부시 ,2025-03-14 13:43,,안전안내,210585,환경오염사고,
오늘 13:04 맑은물사업소(가능동590-24)에서 발생한 염소유출사고의 대응이 완료되어 상황을 종료합니다. 일상생활로 돌아가시기 바랍니다. [의정부시청],경기도 의정부시 ,2025-03-14 14:52,,안전안내,210586,환경오염사고,
"강남구에서 실종된 홍기용씨(남,81세)를 찾습니다 -165cm,57kg,탈모,검정패딩,검정운동복바지,검정신발
vo.la/PwvZr / ☎112 [서울경찰청]",서울특별시 강남구 ,2025-03-14 19:16,,안전안내,210588,기타,
"성남시에서 배회중인 홍기용씨(남,81세)를 찾습니다 -165cm,57kg,탈모,검정패딩,검정운동복,검정신발
vo.la/PwvZr / ☎112 [경기남부경찰청]","경기도 성남시 수정구 ,경기도 성남시 중원구 ,경기도 성남시 분당구 ",2025-03-14 19:17,,안전안내,210589,기타,
"오늘 18:35분경 도봉산 광륜사 인근 야생 멧돼지 출몰 신고로 구청, 소방서에서 수색했나 미발견. 인근 주민들께서는 안전에 유의하시기 바랍니다. [도봉구청]",서울특별시 도봉구 도봉동,2025-03-14 20:15,,안전안내,210590,기타,
"오늘 18:35분경 도봉산 광륜사 인근 야생 멧돼지 출몰 신고로 구청, 소방서에서 수색했나 미발견. 인근 주민들께서는 안전에 유의하시기 바랍니다. [도봉구청]","서울특별시 도봉구 쌍문동,서울특별시 도봉구 방학동,서울특별시 도봉구 창동",2025-03-14 20:22,,안전안내,210591,기타,
"오늘 05:00경 지하철 3호선 대화~지축 구간 전기 공급 장애 발생으로 단선 운행하여 지연 운행이 되고 있으므로, 이용객은 참고해 주시기 바랍니다. [고양시청]",경기도 고양시 ,2025-03-15 6:52,,안전안내,210592,교통사고,
"현재 지하철 3호선 대화~지축 구간 전기 장애 발생으로 지연 운행 및 많은 혼잡이 예상되고 있으므로, 타 교통 수단을 이용하여 주시기 바랍니다. [고양시청]",경기도 고양시 ,2025-03-15 7:03,,안전안내,210594,교통사고,
05:30경 코레일 구간 일산선 3호선 전 차선 정전으로 인하여 역사가 혼잡이 예상되오니 다른 교통편을 이용하시기 바랍니다. [서울교통공사],"경기도 전체 ,서울특별시 전체 ",2025-03-15 7:43,,안전안내,210595,교통사고,
"3호선 전차선 지연운행으로 오금,대화방면지하철 이용자는 버스 등 다른 교통을 이용하시길 바랍니다. 경의중앙선과 서해선은 정상운행되니 참고하시길 바랍니다[고양시청]",경기도 고양시 ,2025-03-15 8:45,,안전안내,210596,교통,
일산선 정발산역-구파발역간 전차선 단전에 따른 열차운행 제한으로 혼잡이 예상되니 타교통수단을 이용하시기 바랍니다.(경의선과 서해선은 정상 운행중) [한국철도공사],"경기도 전체 ,서울특별시 전체 ",2025-03-15 9:26,,안전안내,210597,교통사고,
"동작구에서 배회중인 김수진씨(여,20세)를 찾습니다 -183cm,90kg,긴생머리,아이보리색잠바,검정운동화 vo.la/RhUYe / ☎182 [서울경찰청]",서울특별시 동작구 ,2025-03-15 9:45,,안전안내,210599,기타,
코레일 구간 일산선 3호선 전차선 정전은 임시조치 후 열차가 운행중이오니 이용에 참고하시기 바랍니다. [서울교통공사],"경기도 전체 ,서울특별시 전체 ,인천광역시 전체 ",2025-03-15 10:50,,안전안내,210600,교통사고,
일산선 정발산~구파발 구간 열차운행을 재개합니다. ▲오늘 원당역은 서울방면 열차가 정차하지 않습니다.▲ 열차이용에 불편을 드려 죄송합니다. [한국철도공사],"경기도 전체 ,서울특별시 전체 ",2025-03-15 10:57,,안전안내,210601,교통사고,
"강남구에서 실종된 이덕춘씨(여, 76세)를 찾습니다 -155cm,썬캡,흰마스크,검정롱패딩,검정나이키운동화,머플러 vo.la/jVHAA / ☎182 [서울경찰청]","서울특별시 강남구 ,서울특별시 서초구 ",2025-03-15 11:06,,안전안내,210603,기타,
오늘 3호선 원당역 서울방면 열차는 정차하지 않습니다. 대화~화정 구간에서 원당역을 가실 경우 원흥역에서 대화방면 전동열차로 갈아타시기 바랍니다. [한국철도공사],"경기도 전체 ,서울특별시 전체 ",2025-03-15 12:50,,안전안내,210606,교통사고,
"동작구 주민인 이보배(남, 14세)를 찾습니다 -150cm,검정롱패딩,회색바지, 회색아디다스운동화, 청색크로스백 vo.la/jcMKs / ☎112 [서울경찰청]","서울특별시 동대문구 ,서울특별시 성북구 ",2025-03-15 18:35,,안전안내,210614,기타,
"금일 22시53분경, 우이동 80 솔밭공원 내 야생멧돼지 출몰. 인근 주민들은 외출을 자제하시고 안전에 유의하시기 바랍니다.[강북구]",서울특별시 강북구 ,2025-03-15 23:25,,안전안내,210615,기타,
"어제 밤 22시53분경, 우이동 80 솔밭공원 내 야생멧돼지 출몰. 색출 중으로 인근 주민들은 외출을 자제하시고 안전에 유의하시기 바랍니다.[강북구청]",서울특별시 강북구 ,2025-03-16 7:28,,안전안내,210617,기타,
"종로구에서 실종된 나카이키요타카씨(남,74세)를 찾습니다-174cm,60kg,검정점퍼,흰색모자,베이지색크로스백 
vo.la/NSfso / ☎112 [서울경찰청]","서울특별시 종로구 ,서울특별시 중구 ",2025-03-16 9:08,,안전안내,210619,기타,
"수원시에서 최종 목격된 안병준씨(남,52세)를 찾습니다-180cm,100kg,검정점퍼,베이지색바지,가죽구두 
vo.la/dHoAp / ☎112 [경기남부경찰청]","경기도 수원시 장안구 ,경기도 수원시 권선구 ,경기도 수원시 팔달구 ,경기도 수원시 영통구 ",2025-03-16 19:50,,안전안내,210625,기타,
"2024-03-17 14:00 경기 북부권역 미세먼지 경보 발령, 실외활동 자제 및 외출 시 마스크 착용 등 건강에 유의하시기 바랍니다.[경기도청]","경기도 김포시 ,경기도 동두천시 ,경기도 양주시 ,경기도 연천군 ,경기도 의정부시 ,경기도 파주시 ,경기도 포천시 ,경기도 고양시 덕양구 ,경기도 고양시 일산동구 ,경기도 고양시 일산서구 ",2025-03-17 14:00,,안전안내,210635,미세먼지,
내일 아침기온은 오늘보다 10도 가량 큰 폭으로 떨어져 춥겠으니 급격한 기온변화로 인한 건강관리와 수도계량기 동파 예방에 주의 바랍니다.[경기도청],"경기도 광주시 ,경기도 동두천시 ,경기도 양주시 ,경기도 연천군 ,경기도 파주시 ,경기도 포천시 ,경기도 성남시 수정구 ,경기도 성남시 중원구 ,경기도 성남시 분당구 ",2025-03-17 16:00,,안전안내,210643,한파,
"오늘(17일) 14:00 경기도 전역 황사 위기경보 ‘주의’ 단계 발령. 외출자제, 손씻기, 마스크 착용 등 위생관리 철저로 건강관리에 유의 바랍니다.[경기도청]",경기도 전체 ,2025-03-17 16:30,,안전안내,210644,황사,
"구리시에서 실종된 이금수씨(남,68세)를 찾습니다 -182cm,검정색야구모자,자주색조끼,회색바지,검정슬리퍼 vo.la/vQFCt / ☎182 [경기북부경찰청]",경기도 구리시 ,2025-03-18 10:19,,안전안내,210662,기타,
"남양주시에서 최종목격된 이금수씨(남,68세)를 찾습니다-182cm,검정야구모자,자주색조끼,회색바지,검정슬리퍼 vo.la/vQFCt / ☎182 [경기북부경찰청]",경기도 남양주시 ,2025-03-18 10:26,,안전안내,210663,기타,
"중랑구에서 배회중인 이금수씨(남,68세)를 찾습니다-182cm,75kg검정야구모자,자주색조끼,회색바지,검정슬리퍼 vo.la/vQFCt / ☎182 [서울경찰청]",서울특별시 중랑구 ,2025-03-18 11:49,,안전안내,210666,기타,
"양천구 주민인 김복현(남,77세)를 찾습니다-169cm,검정모자,보라색경량패딩,검정바지,검정운동화,선글라스 소지 vo.la/oOopK / ☎182 [서울경찰청]","서울특별시 양천구 ,서울특별시 영등포구 ",2025-03-18 12:34,,안전안내,210667,기타,
"1호선 차량 장애로 광운대~연천 사이 운행 구간 조정(운행 지연 등) 알림
▲코레일지하철톡 또는 지하철 앱에서 정보 확인
▲4, 7호선은 정상 운행[한국철도공사]","강원특별자치도 철원군 ,경기도 동두천시 ,경기도 연천군 ,경기도 의정부시 ,경기도 포천시 ,서울특별시 전체 ",2025-03-18 15:34,,안전안내,210671,교통사고,
"오늘 15:58 광주시 초월읍 무갑산 산불 발생, 확산이 우려되니 인근 주민과 등산객은 산에서 멀리 떨어진 안전한 곳으로 대피하여 주시기 바랍니다. [광주시]",경기도 광주시 ,2025-03-18 16:34,,안전안내,210672,산불,
"1호선 차량 장애 여파로 광운대~연천 구간 퇴근시간대 혼잡이 예상되오니, 열차 이용에 참고하시기 바랍니다. ▲4호선, 7호선은 정상 운행 중 [한국철도공사]","강원특별자치도 철원군 ,경기도 동두천시 ,경기도 연천군 ,경기도 의정부시 ,경기도 포천시 ,서울특별시 전체 ",2025-03-18 18:02,,안전안내,210673,교통사고,
"부천시에서 배회중인 김추자씨(여,72세)를 찾습니다-161cm,57kg,붉은색 꽃무늬남방,검정바지,흰운동화 vo.la/diWXP / ☎112 [경기남부경찰청]","경기도 부천시 원미구 심곡동,경기도 부천시 원미구 원미동,경기도 부천시 원미구 소사동,경기도 부천시 원미구 역곡동,경기도 부천시 원미구 춘의동,경기도 부천시 원미구 도당동,경기도 부천시 원미구 약대동,경기도 부천시 원미구 중동,경기도 부천시 원미구 상동,경기도 부천시 소사구 심곡본동,경기도 부천시 소사구 소사본동,경기도 부천시 소사구 범박동,경기도 부천시 소사구 계수동,경기도 부천시 소사구 옥길동,경기도 부천시 소사구 괴안동,경기도 부천시 소사구 송내동,경기도 부천시 오정구 여월동,경기도 부천시 오정구 작동,경기도 부천시 오정구 원종동,경기도 부천시 오정구 오정동,경기도 부천시 오정구 고강동,경기도 부천시 오정구 대장동,경기도 부천시 오정구 삼정동,경기도 부천시 오정구 내동",2025-03-18 19:00,,안전안내,210674,기타,
"1호선 차량장애에 따른 열차지연으로 광운대~연천간 역사 내 혼잡도 증가가 예상되오니 열차이용에 참고 하시기 바랍니다. ▲ 4,7호선은 정상운행 중 [한국철도공사]","강원특별자치도 철원군 ,경기도 동두천시 ,경기도 연천군 ,경기도 의정부시 ,경기도 포천시 ,서울특별시 전체 ",2025-03-18 19:52,,안전안내,210675,교통사고,
오늘 00:25 맑은물사업소(가능동 590-27) 염소가스 누출. 환기시설 사용 중지. 인근 주민은 창문을 닫고 틈새를 차단하고 실내에서 대기하세요. [의정부시],경기도 의정부시 ,2025-03-19 0:35,,안전안내,210677,환경오염사고,
오늘 00:25 맑은물사업소(가능동 590-24)에서 발생한 염소가스 누출의 대응이 완료되어 상황을 종료합니다. 일상생활로 돌아가시기 바랍니다. [의정부시],경기도 의정부시 ,2025-03-19 3:27,,안전안내,210678,환경오염사고,
현재 경부고속도로 서울방향 판교나들목 부근 화물차관련사고로 4개 차로 차단 사고처리중으로 극심한 정체가 예상되오니 우회바랍니다.[용인특례시],"경기도 용인시 처인구 ,경기도 용인시 기흥구 ,경기도 용인시 수지구 ",2025-03-19 7:54,,안전안내,210679,교통사고,
경부고속도로 판교IC(서울방향) 부근 화물차 교통사고 처리로 인하여 3개차로 통제중으로 교통 정체가 예상되오니 우회하시기 바랍니다.[성남시],"경기도 성남시 수정구 ,경기도 성남시 중원구 ,경기도 성남시 분당구 ",2025-03-19 8:05,,안전안내,210680,교통사고,
"고양시에서 실종된 김영희씨(여,76세)를 찾습니다-162cm,빨간색줄무늬티,몸빼바지,빨간색가방,회색크로스백 
vo.la/gVKkQ / ☎182 [경기북부경찰청]","경기도 고양시 덕양구 ,경기도 고양시 일산동구 ,경기도 고양시 일산서구 ",2025-03-19 10:40,,안전안내,210682,기타,
"부천시에서 배회중인 나진원씨(여,79세)를 찾습니다-152cm,보라색외투,꽃무늬바지,목도리장갑,갈색푸들반려견 
vo.la/HqhzW/ ☎182 [경기남부경찰청]","경기도 부천시 원미구 심곡동,경기도 부천시 원미구 원미동,경기도 부천시 원미구 소사동,경기도 부천시 원미구 역곡동,경기도 부천시 원미구 춘의동,경기도 부천시 원미구 도당동,경기도 부천시 원미구 약대동,경기도 부천시 원미구 중동,경기도 부천시 원미구 상동,경기도 부천시 소사구 심곡본동,경기도 부천시 소사구 소사본동,경기도 부천시 소사구 범박동,경기도 부천시 소사구 계수동,경기도 부천시 소사구 옥길동,경기도 부천시 소사구 괴안동,경기도 부천시 소사구 송내동,경기도 부천시 오정구 여월동,경기도 부천시 오정구 작동,경기도 부천시 오정구 원종동,경기도 부천시 오정구 오정동,경기도 부천시 오정구 고강동,경기도 부천시 오정구 대장동,경기도 부천시 오정구 삼정동,경기도 부천시 오정구 내동",2025-03-19 10:57,,안전안내,210684,기타,
"도봉구 주민인 박한규씨(남,51세)를 찾습니다 -165cm,60kg,검정점퍼,검정바지,검정운동화,흰색백팩 
vo.la/NaKoc / ☎112 [서울경찰청]",서울특별시 도봉구 ,2025-03-19 19:15,,안전안내,210693,기타,
"성북구에서 최종목격된 박한규씨(남,51세)를 찾습니다-165cm,60kg,검정점퍼,검정바지,검정운동화,흰색백팩 
vo.la/NaKoc / ☎112 [서울경찰청]",서울특별시 성북구 ,2025-03-19 19:19,,안전안내,210694,기타,
"용인시에서 실종된 남길현씨(남,69세)를 찾습니다 -168cm,50kg,노란색패딩,진청색바지,흰색빵모자
vo.la/GzLgt/ ☎112 [경기남부경찰청]","경기도 용인시 처인구 ,경기도 용인시 기흥구 ,경기도 용인시 수지구 ",2025-03-19 20:09,,안전안내,210697,기타,
"용인시에서 실종된 박갑선씨(여,72세)를 찾습니다 -155cm,55kg,빨간운동화,단발머리,보라색트렌치코트,
vo.la/NBgLZ / ☎182 [경기남부경찰청]","경기도 용인시 처인구 ,경기도 용인시 기흥구 ,경기도 용인시 수지구 ",2025-03-20 9:11,,안전안내,210706,기타,
"고양시에서 실종된 이종현씨(남,71세)를 찾습니다 -160cm,55kg,밤색체크점퍼,파란모자,목도리,손장갑
vo.la/uVSxa / ☎182 [경기북부경찰청]","경기도 고양시 덕양구 ,경기도 고양시 일산동구 ,경기도 고양시 일산서구 ",2025-03-20 13:37,,안전안내,210711,기타,
"부천시에서 목격된 김진길씨(남,70세)를 찾습니다 -165cm,50kg,검정아디다스패딩,검정바지,검정운동화 vo.la/dosgo / ☎182 [경기남부경찰청]","경기도 부천시 원미구 심곡동,경기도 부천시 원미구 원미동,경기도 부천시 원미구 소사동,경기도 부천시 원미구 역곡동,경기도 부천시 원미구 춘의동,경기도 부천시 원미구 도당동,경기도 부천시 원미구 약대동,경기도 부천시 원미구 중동,경기도 부천시 원미구 상동,경기도 부천시 소사구 심곡본동,경기도 부천시 소사구 소사본동,경기도 부천시 소사구 범박동,경기도 부천시 소사구 계수동,경기도 부천시 소사구 옥길동,경기도 부천시 소사구 괴안동,경기도 부천시 소사구 송내동,경기도 부천시 오정구 여월동,경기도 부천시 오정구 작동,경기도 부천시 오정구 원종동,경기도 부천시 오정구 오정동,경기도 부천시 오정구 고강동,경기도 부천시 오정구 대장동,경기도 부천시 오정구 삼정동,경기도 부천시 오정구 내동",2025-03-20 15:08,,안전안내,210713,기타,
"구로구에서 배회중인 나카무라도모토(여,60세)씨를 찾습니다-166cm,45kg,남색후드잠바,검정바지,검정운동화 vo.la/HVdBo / ☎182 [서울경찰청]",서울특별시 구로구 ,2025-03-21 9:19,,안전안내,210719,기타,
"양천구에서 배회중인 나카무라도모토(여,60세)씨를 찾습니다-166cm,45kg,남색후드잠바,검정바지,검정운동화 vo.la/HVdBo / ☎182 [서울경찰청]",서울특별시 양천구 ,2025-03-21 9:20,,안전안내,210720,기타,
"강서구 주민인 유영권씨(남, 68세)를 찾습니다 -160cm,55kg,검정자켓,크로스백,검정바지,검정운동화 vo.la/YvEJc / ☎182 [서울경찰청]",서울특별시 강서구 ,2025-03-21 13:56,,안전안내,210723,기타,
"부천시에서 배회중인 유영권씨(남, 68세)를 찾습니다 -160cm,검정자켓,크로스백,검정바지,검정운동화 vo.la/YvEJc / ☎182 [경기남부경찰청]","경기도 부천시 원미구 심곡동,경기도 부천시 원미구 원미동,경기도 부천시 원미구 소사동,경기도 부천시 원미구 역곡동,경기도 부천시 원미구 춘의동,경기도 부천시 원미구 도당동,경기도 부천시 원미구 약대동,경기도 부천시 원미구 중동,경기도 부천시 원미구 상동,경기도 부천시 소사구 심곡본동,경기도 부천시 소사구 소사본동,경기도 부천시 소사구 범박동,경기도 부천시 소사구 계수동,경기도 부천시 소사구 옥길동,경기도 부천시 소사구 괴안동,경기도 부천시 소사구 송내동,경기도 부천시 오정구 여월동,경기도 부천시 오정구 작동,경기도 부천시 오정구 원종동,경기도 부천시 오정구 오정동,경기도 부천시 오정구 고강동,경기도 부천시 오정구 대장동,경기도 부천시 오정구 삼정동,경기도 부천시 오정구 내동",2025-03-21 13:57,,안전안내,210724,기타,
"강서구 주민인 최태원씨(남,35세)를 찾습니다-165cm,80kg,흰마스크,회색과흰색자켓,검정크로스백,검정운동화 vo.la/HNgiB / ☎182 [서울경찰청]",서울특별시 강서구 ,2025-03-21 14:33,,안전안내,210726,기타,
"노원구 주민인 정해정씨(남, 66세)를 찾습니다 -167cm,60kg,마른체형,백발머리,베이지색잠바,검정하의 vo.la/LQznB / ☎182 [서울경찰청]","서울특별시 노원구 ,서울특별시 중랑구 ",2025-03-21 17:35,,안전안내,210728,기타,
"안산시에서 실종된 김의준씨(남, 69세)를 찾습니다 -160cm,백발머리,흰콧수염,남색외투,청바지,검정운동화 vo.la/cfLqB / ☎112 [경기남부경찰청]","경기도 안산시 상록구 ,경기도 안산시 단원구 ",2025-03-21 19:22,,안전안내,210729,기타,
"동대문구에서 배회중인 김의준씨(남, 69세)를 찾습니다 -160cm,백발머리,흰콧수염,남색외투,청바지,검정운동화 vo.la/cfLqB / ☎112 [서울경찰청]",서울특별시 동대문구 ,2025-03-21 19:23,,안전안내,210730,기타,
"김포지역 해빙기철 비예보가 있어 공사장, 옹벽, 절개지 등 재해취약시설의 피해발생 우려가 높으니 시민분들께서는 현장점검과 안전조치를 당부드립니다. [김포시청]",경기도 김포시 ,2025-03-22 8:50,,안전안내,210733,호우,
"시흥시에서 배회중인 한용해씨(여,80세)를 찾습니다-155cm,70kg,하늘색상의,검정바지,아이보리크로스백 
vo.la/UJfFB / ☎182 [경기남부경찰청]",경기도 시흥시 ,2025-03-22 9:23,,안전안내,210737,기타,
"금천구에서 실종된 양희대씨(남,68세)를 찾습니다-183cm,90kg,남색계열짧은점퍼,파란색바지,검정구두 
vo.la/LwBjM / ☎182 [서울경찰청]","서울특별시 관악구 ,서울특별시 금천구 ",2025-03-22 9:56,,안전안내,210738,기타,
"김포시에서 배회 중인 박찬수씨(남, 55세)를 찾습니다 - 165cm, 75kg, 파란색점퍼, 검정운동화 
vo.la/mhbYG / ☎182 [경기남부경찰청]",경기도 김포시 ,2025-03-22 10:07,,안전안내,210740,기타,
"오늘 10시 50분경 정릉초등학교 주변에서 야생멧돼지가 출몰하였으니, 인근 주민들께서는 외출 자제 및 안전에 유의하시기 바랍니다. [성북구청]",서울특별시 성북구 정릉동,2025-03-22 11:01,,안전안내,210741,기타,
안산지역 강풍주의보 발효중입니다.  날아가기 쉬운 입간판 등은 단단히 고정해 주시고 낙하물로인해 다치지 않도록 유의하시기 바랍니다.[안산시청],경기도 안산시 ,2025-03-22 11:29,,안전안내,210742,강풍,
서해 전해상 풍랑주의보 발효중입니다. 수산시설 사전안전관리를 강화하시고 해안가 접근 자제 등 안전사고에 주의하시기 바랍니다.[안산시청],"경기도 안산시 단원구 대부동동,경기도 안산시 단원구 대부북동,경기도 안산시 단원구 대부남동,경기도 안산시 단원구 선감동,경기도 안산시 단원구 풍도동",2025-03-22 11:41,,안전안내,210743,풍랑,
오늘 19:08경 시흥시 과림동 11-10번지 고물상 화재 발생으로 연기 다량 발생. 인근 주민은 외출을 자제하는 등 안전에 유의하시기 바랍니다.[시흥시청],경기도 시흥시 ,2025-03-22 20:14,,안전안내,210760,화재,
"부천시에서 배회 중인 이숙희씨(여,67세)를 찾습니다-150cm,40kg,보라색점퍼,검정바지,회색운동화 
vo.la/LUwFn / ☎112 [경기남부경찰청]","경기도 부천시 원미구 심곡동,경기도 부천시 원미구 원미동,경기도 부천시 원미구 소사동,경기도 부천시 원미구 역곡동,경기도 부천시 원미구 춘의동,경기도 부천시 원미구 도당동,경기도 부천시 원미구 약대동,경기도 부천시 원미구 중동,경기도 부천시 원미구 상동,경기도 부천시 소사구 심곡본동,경기도 부천시 소사구 소사본동,경기도 부천시 소사구 범박동,경기도 부천시 소사구 계수동,경기도 부천시 소사구 옥길동,경기도 부천시 소사구 괴안동,경기도 부천시 소사구 송내동,경기도 부천시 오정구 여월동,경기도 부천시 오정구 작동,경기도 부천시 오정구 원종동,경기도 부천시 오정구 오정동,경기도 부천시 오정구 고강동,경기도 부천시 오정구 대장동,경기도 부천시 오정구 삼정동,경기도 부천시 오정구 내동",2025-03-23 11:33,,안전안내,210766,기타,
"관악구 주민인 장재환씨(남,85세)를 찾습니다-165cm,60kg,갈색모자,검정상하의,흰색신발,파란배낭,지팡이 
vo.la/FUOkm / ☎112 [서울경찰청]","서울특별시 관악구 ,서울특별시 영등포구 ",2025-03-23 14:56,,안전안내,210768,기타,
"서초구, 강남구에서 배회 중인 하귀향씨(여,80세)를 찾습니다-155cm,자주색패딩,회색추리닝바지,검정신발 
vo.la/UEKiB / ☎112 [서울경찰청]","서울특별시 강남구 ,서울특별시 서초구 ",2025-03-23 17:38,,안전안내,210775,기타,
2023-03-2318:38 일산동구 성석동 172번지 화재발생 인근 동국로 인선이엔티 방향 도로 이용자는 다른 곳으로 우회하시기 바랍니다. [고양시청],경기도 고양시 ,2025-03-23 19:29,,안전안내,210776,화재,
"고양시에서 실종된 박명근씨(남,66세)를 찾습니다-168cm,50kg,남색점퍼상하의,검정운동화,넓은이마,안경 vo.la/HFtvX / ☎112 [경기북부경찰청]","경기도 고양시 덕양구 ,경기도 고양시 일산동구 ,경기도 고양시 일산서구 ",2025-03-24 10:36,,안전안내,210780,기타,
"도봉구에서 실종된 방영식씨(남,93세)를 찾습니다-170cm,70kg,브라운골덴자켓,검정면바지,마스크목걸이,백발 vo.la/rPoub / ☎112 [서울경찰청]",서울특별시 도봉구 ,2025-03-24 13:24,,안전안내,210782,기타,
"성남시 주민인 배기목씨(남,84세)를 찾습니다 - 163cm, 65kg, 체크무늬점퍼, 검정바지 vo.la/dhqvx / ☎112 [경기남부경찰청]","경기도 성남시 수정구 ,경기도 성남시 중원구 ,경기도 성남시 분당구 ",2025-03-24 13:33,,안전안내,210783,기타,
"양천구에서 배회중인 박용현씨(남, 74세)를 찾습니다 -176cm,검정비니모자,검정패딩,검정바지,검정운동화 vo.la/xCqoC / ☎112 [서울경찰청]",서울특별시 양천구 ,2025-03-24 18:39,,안전안내,210785,기타,
"경찰은 강남구 주민인 성윤자씨(여, 82세)를 찾습니다 -155cm, 60kg, 남색패딩, 검정바지, 흰색운동화 vo.la/eVrqL / ☎112 [서울경찰청]","서울특별시 강남구 ,서울특별시 송파구 ",2025-03-24 19:14,,안전안내,210786,기타,
이천시 백사면 260 화재로 인한 연기 다량 발생 중 인근주민은 창문을 닫고 외출을 자재하여 주시기 바랍니다. [이천시],"경기도 이천시 갈산동,경기도 이천시 증포동,경기도 이천시 송정동,경기도 이천시 백사면",2025-03-25 6:35,,안전안내,210788,화재,
"남양주시에서 배회 중인 박미자씨(여,54세)를 찾습니다 -160cm,검정점퍼,분홍신발,검정반려견,절뚝거림
vo.la/fpVOJ / ☎112 [경기북부경찰청]",경기도 남양주시 ,2025-03-25 8:34,,안전안내,210789,기타,
"영등포구에서 최종 목격된 김점동씨(남,59세)를 찾습니다 -165cm,60kg,환자복상하의,슬리퍼,마스크착용 
vo.la/eWqAf / ☎112 [서울경찰청]",서울특별시 영등포구 ,2025-03-25 8:55,,안전안내,210790,기타,
현재 양상동 148-2 영동고속도로 인근 국도 교통사고로 인한 양방향 통제 중이니 인근도로로 우회 바랍니다.[안산시청],"경기도 안산시 상록구 ,경기도 안산시 단원구 ",2025-03-25 9:10,,안전안내,210791,교통사고,
"고양시 주민인 홍옥선씨(여,82세)를 찾습니다-148cm,40kg,살구색패딩,검정신발,짧은커트갈색머리 
vo.la/TyJAn / ☎182 [경기북부경찰청]","경기도 고양시 덕양구 ,경기도 고양시 일산동구 ,경기도 고양시 일산서구 ",2025-03-25 10:39,,안전안내,210793,기타,
금일 오전 발생한 양상동 148-2 영동고속도로 인근 국도가 교통사고 조치 완료되어 양방향 통행이 재개되었음을 알려드립니다.[안산시청],"경기도 안산시 상록구 ,경기도 안산시 단원구 ",2025-03-25 12:50,,안전안내,210795,교통사고,
"안산시에서 실종된 유빛나(여,17세)를 찾습니다-160cm,40kg,검정외투,검정바지,흰색운동화,검정백팩
vo.la/Wzabs / ☎182 [경기남부경찰청]","경기도 안산시 상록구 ,경기도 안산시 단원구 ",2025-03-25 13:37,,안전안내,210796,기타,
"구리시에서 최종 목격된 김치영씨(남, 80세)를 찾습니다 -165cm,75kg,검정패딩,형광녹색티셔츠
vo.la/PPRgb / ☎182 [경기북부경찰청]",경기도 구리시 ,2025-03-25 16:40,,안전안내,210798,기타,
"성남시에서 실종된 민병천씨(남,77세)를 찾습니다-165cm,남색과자주색점퍼,검정야구모자,털신,꽃무늬카트 
vo.la/Rwivd / ☎112 [경기남부경찰청]","경기도 성남시 수정구 ,경기도 성남시 중원구 ,경기도 성남시 분당구 ",2025-03-25 19:12,,안전안내,210800,기타,
"금일 06:54 화성시 비봉면 구포리 177-4 화재 발생. 차량은 우회하시고, 인근 주민은 창문을 닫고, 연기흡입 및 안전에 유의하시기 바랍니다. [화성시]","경기도 화성시 봉담읍,경기도 화성시 남양읍,경기도 화성시 매송면,경기도 화성시 비봉면",2025-03-26 7:55,,안전안내,210804,화재,
"평택시에서 실종된 김진원씨(남,74세)를 찾습니다 -167cm,백발,붉은색상의,얼룩무늬바지,검정슬리퍼
vo.la/xpmbA / ☎182 [경기남부경찰청]",경기도 평택시 ,2025-03-26 9:46,,안전안내,210808,기타,
"화성시에서 실종된 고덕순씨(여,63세)를 찾습니다 -150cm,70kg,검정조끼,국방색티셔츠,청바지
vo.la/TrfxE / ☎112 [경기남부경찰청]",경기도 화성시 ,2025-03-26 21:02,,안전안내,210817,기타,
"동대문구 주민인 박민성씨(남,71세)를 찾습니다-170cm,백발,검정상의,하늘색병원바지,진한색슬리퍼,파란봉투소지 vo.la/fGMqt / ☎182 [서울경찰청]","서울특별시 동대문구 ,서울특별시 성동구 ",2025-03-27 9:21,,안전안내,210819,기타,
"오산시 주민인 김해룡씨(남,87세)를 찾습니다 -160cm, 모자달린검정숏패딩,검정바지,검정운동화,검정모자 vo.la/ARRmg / ☎182 [경기남부경찰청]",경기도 오산시 ,2025-03-27 14:02,,안전안내,210822,기타,
"화성시에서 실종된 김정환씨(남,32세)를 찾습니다-180cm,70kg,군청색작업복상하의, 아디다스검정운동화 vo.la/GYiUW / ☎182 [경기남부경찰청]",경기도 화성시 ,2025-03-27 15:08,,안전안내,210823,기타,
"김포지역 부주의와 전기적 요인으로 주택, 공장, 농업시설 화재가 빈번히 발생하고 있습니다. 
세심한 관심과 안전조치로 시민 생명보호에 동참해주세요. [김포시청]",경기도 김포시 ,2025-03-27 17:02,,안전안내,210824,화재,
서울시내버스 파업예고에 따른 광진구 무료순환버스 임시운행안내. 자세한사항 링크 참조. https://url.kr/91tzma [광진구],서울특별시 광진구 ,2025-03-27 18:23,,안전안내,210826,기타,
"송파구에서 최종 목격된 정채옥씨(남,77세)를 찾습니다-172cm,68kg,파란색점퍼,남색바지,안경착용 vo.la/aZIHZ / ☎112 [서울경찰청]",서울특별시 송파구 ,2025-03-27 19:29,,안전안내,210827,기타,
"서울시 시내버스 파업이 내일 첫차부터 예정되어 서울 통근, 통학의 불편이 예상됩니다. 경기버스, 전철 등 다른 교통수단을 이용해 주시기 바랍니다. [경기도청]",경기도 전체 ,2025-03-27 20:00,,안전안내,210828,기타,
"서울시내버스 파업 예고에 따른 양천구 무료순환버스 임시운행계획 사전 안내하오니
자세한 사항은 링크 참조하십시요.  https://vo.la/MKZud [양천구청]",서울특별시 양천구 ,2025-03-27 21:03,,안전안내,210831,기타,
"금일 21시 17분경, 우이동 80 솔밭공원 근처 야생멧돼지 출몰. 인근 주민들은 외출을 자제하시고 안전에 유의하시기 바랍니다.[강북구]",서울특별시 강북구 ,2025-03-27 21:32,,안전안내,210832,기타,
"서울시 시내버스 파업으로 .3.28. 출퇴근시 버스이용에 불편이 예상됩니다. 광명시 시내버스, 광역버스, 마을버스 지하철은 정상운행됨을 알려드립니다.[광명시청]",경기도 광명시 ,2025-03-28 4:47,,안전안내,210833,기타,
"서울시 시내버스 파업이 2024. 3. 28.(목) 첫차부터 예상되어 
시민 불편이 예상되오니 전철 및 대체노선 등을 이용해주시기 바랍니다. [성남시청]","경기도 성남시 수정구 ,경기도 성남시 중원구 ,경기도 성남시 분당구 ",2025-03-28 5:40,,안전안내,210834,기타,
"서울시 시내버스 파업 예고에 따라 전철 등 타 교통수단 이용 바랍니다. 강남구 셔틀버스 안내 https://url.kr/6pewxz
[강남구]",서울특별시 강남구 ,2025-03-28 6:00,,안전안내,210835,기타,
"어제 밤 21시17분경, 우이동 80 솔밭공원 근처 야생멧돼지 출몰. 색출 중으로 인근 주민들은 외출을 자제하시고 안전에 유의하시기 바랍니다.[강북구청]",서울특별시 강북구 ,2025-03-28 6:06,,안전안내,210836,기타,
금일 04:00부 시내버스 파업에 따라 07:00부로 셔틀버스 운영예정이니 노선은 구 홈페이지(https://www.ddm.go.kr) 참고바랍니다.[동대문구],서울특별시 동대문구 ,2025-03-28 6:11,,안전안내,210837,기타,
"서울시 시내버스 파업으로 통근, 통학의 불편이 예상됩니다. 도시철도, 무료 셔틀버스, 택시 등 다른 교통수단을 이용해 주시기 바랍니다.[서울특별시청]",서울특별시 전체 ,2025-03-28 6:12,,안전안내,210838,기타,
"서울 시내버스 파업 관련, 지하철역 연계 무료순환버스 운행 https://blog.naver.com/eunpyeonggu/223397522447 [은평구]",서울특별시 은평구 ,2025-03-28 6:17,,안전안내,210839,기타,
"서울시 시내버스 파업 중으로 도민 여러분께서는 경기버스, 전철 등 다른 교통수단 이용을 부탁드립니다. (현재 서울시 노사 재협상 중) [경기도청]",경기도 전체 ,2025-03-28 6:30,,안전안내,210840,기타,
"서울시 시내버스 파업에 따라 지하철, 마을버스 등 타 교통수단을 이용하시기 바랍니다.
구에서 운영하는 임시셔틀버스는 구 홈페이지에서 참조바랍니다.[영등포구]",서울특별시 영등포구 ,2025-03-28 6:48,,안전안내,210841,기타,
"서울 시내버스 파업으로 출근에 불편 예상. 무료 셔틀버스 10분 간격 운행 중. 지하철, 경기버스, 마을버스는 정상운행. 출근 시 참고바랍니다. [강동구청]",서울특별시 강동구 ,2025-03-28 6:50,,안전안내,210842,기타,
서울시 시내버스 파업에 따라 주민 불편이 예상되니 전철 등 타 교통 수단을 이용 바랍니다. 관악구 셔틀버스 안내 https://vo.la/Tqzon [관악구청],서울특별시 관악구 ,2025-03-28 6:57,,안전안내,210843,기타,
"금일 06:40경 장안면 독정리 677 공장에서 화재발생, 연기가 다량 발생하는 중이니 안전에 주의하여 주시기 바랍니다. [화성시]","경기도 화성시 우정읍,경기도 화성시 향남읍,경기도 화성시 장안면",2025-03-28 7:05,,안전안내,210844,화재,
"서울시 시내버스 파업에 따라 지하철, 마을버스 등 타 교통수단을 이용하시기 바랍니다. 홍대-상암지역 구 무료셔틀버스가 운행중이니 이용하시기 바랍니다.[마포구]",서울특별시 마포구 ,2025-03-28 7:07,,안전안내,210845,기타,
"서울시 시내버스파업으로 통근, 통학의 불편이 예상됩니다. 중랑구는 지하철역연계 무료셔틀버스 6개노선,21대를 운행중이오니 이용에 참고하여주시기바랍니다.[중랑구청]",서울특별시 중랑구 ,2025-03-28 7:13,,안전안내,210846,기타,
"서울시 시내버스 파업으로 통근, 통학의 불편이 예상됩니다. 도시철도, 무료 셔틀버스, 택시 등 다른 교통수단을 이용해 주시기 바랍니다.[서대문구청]",서울특별시 서대문구 ,2025-03-28 7:34,,안전안내,210847,기타,
"3월28일시내버스파업 대비 중랑구순환 무료셔들버스 운행 안내
httos://blog.naver.com/jung
 nang gu/223397144945[중랑구청]",서울특별시 중랑구 ,2025-03-28 7:37,,안전안내,210848,기타,
"서울 시내버스 파업으로 교통불편이 예상됩니다.마을버스,지하철이용을 권장 드리며, 도봉구는 지하철역 연계 무료셔틀버스 5개노선(22대)을 운행중입니다[도봉구청]",서울특별시 도봉구 ,2025-03-28 7:47,,안전안내,210849,기타,
"중랑구 무료셔틀버스 노선도 안내,(링크주소)지하철은 출퇴근 시간대증차운행 중이오니 이용에 참고하여 주시기바랍니다.
https://vo.la/QYCnW [중랑구청]",서울특별시 중랑구 ,2025-03-28 7:48,,안전안내,210850,기타,
"서울시 시내버스파업으로 통근,통학의 불편이 예상됩니다. 노원구는 지하철역연계 무료셔틀버스 3개노선, 9대 운행중으로 노원구청 홈페이지를 참고바랍니다. [노원구청]",서울특별시 노원구 ,2025-03-28 7:52,,안전안내,210851,기타,
서대문구 지하철연계 무료셔틀버스운행중입니다. 현대교통~증산역/홍제역~서대문구청[서대문구청],서울특별시 서대문구 ,2025-03-28 7:57,,안전안내,210852,기타,
"서울시내버스 파업 관련, 지하철역 연계 무료순환버스 운행
https://blog.naver.com/gangseokkachi/223397239465
[강서구]",서울특별시 강서구 ,2025-03-28 8:08,,안전안내,210853,기타,
"서울시 시내버스 파업 중으로 시민 여러분께서는 경기버스, 전철 등 다른 교통수단 이용을 부탁드립니다.[구리시]",경기도 구리시 ,2025-03-28 8:14,,안전안내,210854,기타,
"성남시에서 배회 중인 정정자씨(여,83세)를 찾습니다 -152cm,핑크색상의내의,남색하의내의,흰색신발 
vo.la/uQsKJ / ☎112 [경기남부경찰청]","경기도 성남시 수정구 ,경기도 성남시 중원구 ,경기도 성남시 분당구 ",2025-03-28 8:14,,안전안내,210855,기타,
"3월 28일 시내버스파업 관련 동대문구 무료셔틀버스 운행 안내. https://vo.la/sLWhV 8개노선 16대, 30분 배차간격[동대문구청]",서울특별시 동대문구 ,2025-03-28 8:40,,안전안내,210856,기타,
"용인시에서 목격된 박용일씨(남,74세)를 찾습니다-172cm,70kg,어깨가기울어져걸음,녹색점퍼,검정하의 
vo.la/UAtNH / ☎182 [경기남부경찰청]","경기도 용인시 처인구 ,경기도 용인시 기흥구 ,경기도 용인시 수지구 ",2025-03-28 9:18,,안전안내,210857,기타,
"중랑구 무료셔틀버스 노선도 안내 https://vo.la/QYCnw, 지하철은 출퇴근 시간대 증차운행 중이오니 이용에 참고하여 주시기 바랍니다. [중랑구청]",서울특별시 중랑구 ,2025-03-28 9:48,,안전안내,210858,기타,
중랑구 무료셔틀버스 노선도 안내 https://vo.la/QYCnW 지하철은 출퇴근 시간대 증차운행 중이오니 이용에 참고하여 주시기 바랍니다. [중랑구청],서울특별시 중랑구 ,2025-03-28 9:55,,안전안내,210859,기타,
"성남시에서 배회중인 박용일씨(남,74세)를 찾습니다-172cm,70kg,어깨가기울어져걸음,녹색점퍼,검정바지 
vo.la/UAtNH / ☎182 [경기남부경찰청]","경기도 성남시 수정구 ,경기도 성남시 중원구 ,경기도 성남시 분당구 ",2025-03-28 13:44,,안전안내,210869,기타,
도민 여러분께 안내 말씀 드립니다. 서울시 시내버스 전 노선이 금일 15:00부로 정상운행되니 통행에 차질이 없으시길 바랍니다. [경기도청],경기도 전체 ,2025-03-28 15:44,,안전안내,210877,기타,
서울시 시내버스 금일 15:30부로 정상운행 투입중으로 교통수단 이용시 참고 바랍니다.[광진구],서울특별시 광진구 ,2025-03-28 15:56,,안전안내,210879,기타,
서울 버스 파업이 종료되어 오늘 15시 40분부터 모든 버스노선을 정상 운행합니다. 협력해주신 중랑구민 여러분께 진심으로 감사드립니다. [중랑구청],서울특별시 중랑구 ,2025-03-28 16:01,,안전안내,210880,기타,
시민여러분께 안내말씀 드립니다. 서울시 시내버스 전 노선이 금일 15:00부로 정상운행되니 통행에 차질이 없으시기 바랍니다.[구리시],경기도 구리시 ,2025-03-28 16:07,,안전안내,210882,기타,
금일 15시30분부터 서울 시내버스 파업이 철회되어 전 노선 정상운행 합니다. [서울특별시청],서울특별시 전체 ,2025-03-28 16:08,,안전안내,210884,기타,
"강서구에서 실종된 이공우씨(남,86세)를 찾습니다-161cm,회색캡모자,남색패딩,남색바지,카트형장바구니(수레) 
vo.la/YkugD / ☎112 [서울경찰청]",서울특별시 강서구 ,2025-03-28 18:26,,안전안내,210899,기타,
"남양주시 주민인 윤태선씨(남,71세)를 찾습니다 -180cm,63kg,검정패딩,검정바지,검정신발 
vo.la/jChdE / ☎112 [경기북부경찰청]",경기도 남양주시 ,2025-03-28 20:24,,안전안내,210900,기타,
"의정부시에서 최종 목격된 윤태선씨(남,71세)를 찾습니다-180cm,63kg,검정패딩,검정바지,검정신발 
vo.la/jChdE / ☎112 [경기북부경찰청]",경기도 의정부시 ,2025-03-28 20:27,,안전안내,210901,기타,
"화성시 주민인 강갑줄씨(남,79세)를 찾습니다-170cm,60kg,검정조끼,하늘색긴팔티,검정바지,슬리퍼 
vo.la/SBTTj / ☎112 [경기남부경찰청]",경기도 화성시 ,2025-03-28 20:34,,안전안내,210902,기타,
"2024-03-29 현재 경기 전 권역 미세먼지 경보 발령, 실외활동 자제 및 외출 시 마스크 착용 등 건강에 유의하시기 바랍니다.[경기도청]",경기도 전체 ,2025-03-29 6:00,,안전안내,210903,미세먼지,
"오늘 새벽 03시 미세먼지 경보 발령. 어린이, 노약자 실외활동 자제, 대중교통 이용하기, 보건용 마스크 착용하기 등 건강관리에 유의 바랍니다.[서울특별시청]",서울특별시 전체 ,2025-03-29 6:30,,안전안내,210904,미세먼지,
"강풍, 풍랑주의보 발효중입니다. 간판, 비닐하우스, 어선 등 시설 고정 및 결박하여 주시고, 해안가 등 위험 우려지역 접근을 금하여 주시기 바랍니다.[안산시청]","경기도 안산시 상록구 ,경기도 안산시 단원구 ",2025-03-29 9:47,,안전안내,210911,강풍,
"안산시에서 실종된 송삼순씨(여,80세)를 찾습니다 -150cm,35kg,백발,연하늘색점퍼,연핑크바지,흰운동화
vo.la/hXHtS / ☎182 [경기남부경찰청]","경기도 안산시 상록구 ,경기도 안산시 단원구 ",2025-03-29 9:54,,안전안내,210912,기타,
"이천시에서 실종된 이규형씨(남,88세)를 찾습니다 -165cm,남색모자,청색점퍼,검정바지,지팡이,미색크로스백
vo.la/TktvB / ☎182 [경기남부경찰청]",경기도 이천시 ,2025-03-29 11:36,,안전안내,210919,기타,
"고양시 주민인 박은지(여,17세)를 찾습니다 -171cm,50kg,흰색후드티,검정바지,흰운동화,검정크로스백
vo.la/oWRvk / ☎112 [경기북부경찰청]","경기도 고양시 덕양구 ,경기도 고양시 일산동구 ,경기도 고양시 일산서구 ",2025-03-29 19:11,,안전안내,210927,기타,
"오늘 15:50분경 하성면 전류리 407-5번지 화재발생 인근주민은 연기흡입 및 화재확산 피해가 없도록 유의, 차량은 우회바랍니다. [김포시]",경기도 김포시 하성면,2025-03-30 16:37,,긴급재난,210931,화재,
"종로구에서 목격된 양근석씨(남,84세)를 찾습니다-152cm,대머리,검정티셔츠(흰가로줄무늬),검정바지,파랑운동화
vo.la/QkBaK / ☎112 [서울경찰청]",서울특별시 종로구 ,2025-03-31 18:31,,안전안내,210936,기타,
"부천시 주민인 오영애씨(여, 72세)를 찾습니다 -160cm,옥색 또는 회색계열 상의,검정바지,검정신발,가방 vo.la/dOWCL / ☎182 [경기남부경찰청]","경기도 부천시 원미구 ,경기도 부천시 소사구 , 부천시 오정구 ",2025-04-01 9:14,,안전안내,210937,기타,
"종로구에서 실종된 최선명씨(남,49세)를 찾습니다 -169cm,60kg,더벅머리,붉은색후드잠바,검정바지,검정신발 vo.la/GkEKU / ☎182 [서울경찰청]",서울특별시 종로구 ,2025-04-01 13:25,,안전안내,210940,기타,
"용산구에서 배회중인 최선명씨(남,49세)를 찾습니다-169cm,60kg,더벅머리,붉은색후드잠바,검정바지,검정신발 vo.la/GkEKU / ☎182 [서울경찰청]",서울특별시 용산구 ,2025-04-01 13:27,,안전안내,210941,기타,
오늘 13:46 남양주시 진접읍 부평리 산45-2 산불 발생. 입산 금지. 인근 주민과 등산객은 안전사고에 주의하세요. [남양주시],경기도 남양주시 진접읍,2025-04-01 14:16,,안전안내,210944,산불,
"시흥시에서 배회중인 홍기의씨(여,73세)를 찾습니다-158cm,백발머리,분홍긴팔티셔츠,검정바지,남색잠바 소지 vo.la/HucHA / ☎182 [경기남부경찰청]",경기도 시흥시 ,2025-04-01 16:42,,안전안내,210952,기타,
현재 인천 서구 석남동 인근 공장 화재로 연기가 다량 발생하고 있으니 인근 지역에서는 창문을 닫고 안전에 유의하시기 바랍니다. [부천시청],"경기도 부천시 원미구 ,경기도 부천시 소사구 , 부천시 오정구 ",2025-04-01 18:07,,안전안내,210955,화재,
"도봉구에서 실종된 전홍진씨(남,71세)를 찾습니다-165cm,50kg,백발,파란색패딩,검정색면바지,마스크착용 vo.la/QCZQs / ☎182 [서울경찰청]",서울특별시 도봉구 ,2025-04-02 9:42,,안전안내,210957,기타,
2024-04-02 12:05경 동천동 산 28-1 산불 발생(현재 진화중). 입산 금지. 인근 주민과 등산객은 안전사고 발생에 주의하시기 바랍니다.[용인특례시],"경기도 용인시 수지구 동천동,경기도 용인시 수지구 고기동",2025-04-02 12:46,,안전안내,210960,산불,
"수원시 주민인 김동기씨(남,81세)를 찾습니다 -167cm,파랑후리스잠바,검정색바지,나이키검정운동화,지팡이 vo.la/vZIOm / ☎182 [경기남부경찰청]","경기도 수원시 장안구 ,경기도 수원시 권선구 ,경기도 수원시 팔달구 ,경기도 수원시 영통구 ",2025-04-02 17:30,,안전안내,210965,기타,
"고양시에서 실종된 이지선씨(남,60세)를 찾습니다 -178cm,80kg,검정패딩,검정바지,검정운동화 vo.la/ObcwI / ☎112 [경기북부경찰청]","경기도 고양시 덕양구 ,경기도 고양시 일산동구 ,경기도 고양시 일산서구 ",2025-04-02 18:34,,안전안내,210969,기타,
"고양시에서 실종된 이숙자씨(여,82세)를 찾습니다 - 160cm,55kg, 주황색패딩, 검정나이키운동화 vo.la/ZTMdh / ☎112 [경기북부경찰청]","경기도 고양시 덕양구 ,경기도 고양시 일산동구 ,경기도 고양시 일산서구 ",2025-04-02 19:16,,안전안내,210973,기타,
"강서구 주민인 김지율(남,11세)을 찾습니다 -142cm,45kg,회색후드티,청바지,검정운동화,뿔테안경착용
vo.la/yRuXk / ☎112 [서울경찰청]","서울특별시 강서구 ,서울특별시 양천구 ",2025-04-03 8:39,,안전안내,210978,기타,
"관악구에서 배회 중인 이성조씨(여,55세)를 찾습니다 -157cm,70kg,짙은남색잠바,아이보리티,남색바지,단화 vo.la/ccFWK / ☎112 [서울경찰청]",서울특별시 관악구 ,2025-04-03 8:50,,안전안내,210980,기타,
"동대문구에서 실종된 박효일씨(남,79세)를 찾습니다 -161cm,61kg,반백발,검정점퍼,검정바지,연갈색등산화
vo.la/Rorvk / ☎182 [서울경찰청]",서울특별시 동대문구 ,2025-04-03 9:24,,안전안내,210981,기타,
"종로구에서 배회 중인 박효일씨(남,79세)를 찾습니다 -161cm,61kg,반백발,검정점퍼,검정바지,연갈색등산화
vo.la/Rorvk / ☎182 [서울경찰청]",서울특별시 종로구 ,2025-04-03 9:24,,안전안내,210982,기타,
"동대문구에서 배회 중인 김보라씨(여,34세)를 찾습니다 -160cm,55kg,검정패딩,회색바지,핑크색모자,마스크
vo.la/rnyXX / ☎182 [서울경찰청]",서울특별시 동대문구 ,2025-04-03 11:45,,안전안내,210987,기타,
"김포시에서 배회중인 김지율(남,11세)을 찾습니다-142cm,45kg,회색후드티,청바지,검정운동화,뿔테안경 vo.la/yRuXk / ☎112 [경기북부경찰청]",경기도 김포시 ,2025-04-03 18:53,,안전안내,210997,기타,
"강동구 주민인 정기식씨(남, 57세)를 찾습니다 -158cm, 연회색(베이지색)외투, 연한청바지, 아디다스모자 vo.la/HGmKO / ☎182 [서울경찰청]",서울특별시 강동구 ,2025-04-04 9:50,,안전안내,211001,기타,
"도봉구에서 배회중인 정기식씨(남, 57세)를 찾습니다 -158cm,연회색(베이지색)외투,연한청바지,아디다스모자 vo.la/HGmKO / ☎182 [서울경찰청]",서울특별시 도봉구 ,2025-04-04 9:51,,안전안내,211002,기타,
"금천구 주민인 김형일씨(남,58세)를 찾습니다 -155cm,60kg, 스포츠머리, 검정잠바, 검정바지, 검정신발 vo.la/mmWMN / ☎182 [서울경찰청]","서울특별시 구로구 ,서울특별시 금천구 ",2025-04-04 16:31,,안전안내,211007,기타,
"노원구 주민인 오규환씨(남,82세)를 찾습니다- 164cm,하늘색잠바,검정바지,진갈색신발,오른다리 약간 절뚝거림 vo.la/ozoKf / ☎182 [서울경찰청]",서울특별시 노원구 ,2025-04-04 17:49,,안전안내,211008,기타,
"성동구에서 목격된 오규환씨(남,82세)를 찾습니다-164cm,하늘색잠바,검정바지,진갈색신발,오른다리약간 절뚝거림 vo.la/ozoKf / ☎182 [서울경찰청]",서울특별시 성동구 ,2025-04-04 17:51,,안전안내,211009,기타,
"관악구에서 배회중인 김형일씨(남,58세)를 찾습니다 -155cm,60kg,검정색상하의,아디다스운동화,스포츠머리 vo.la/mmWMN / ☎112 [서울경찰청]",서울특별시 관악구 ,2025-04-04 20:24,,안전안내,211010,기타,
"한식과 식목일 전후 산불 발생 가능성이 매우 높고, 산불 발생원인의 80퍼센트가 실화·소각 등 부주의이므로 각별히 주의바랍니다. [김포시청]",경기도 김포시 ,2025-04-05 12:01,,안전안내,211012,산불,
"노원구 주민인 박영진씨(남,43세)를 찾습니다-178cm,115kg,진회색니트류조끼,하의군청색트레이닝복,흰운동화 vo.la/wJZDm / ☎182 [서울경찰청]",서울특별시 노원구 ,2025-04-05 14:03,,안전안내,211013,기타,
"안산시 주민인 송석호씨(남,62세)를 찾습니다-168cm,70kg,남색패딩,검정바지,갈색신발,청색모자착용 vo.la/Grnzw / ☎182 [경기남부경찰청]","경기도 안산시 상록구 ,경기도 안산시 단원구 ",2025-04-05 15:24,,안전안내,211014,기타,
"동대문구 주민인 이기원씨(남,81세)를 찾습니다 -170cm,왼쪽볼에혹,남색점퍼,검정바지,회색신발,검정서류가방
vo.la/ptpwF / ☎112 [서울경찰청]",서울특별시 중구 ,2025-04-06 11:20,,안전안내,211019,기타,
"금천구에서 배회중인 이기원씨(남,81세)를 찾습니다-170cm,왼쪽볼에혹,남색점퍼,검정바지,회색신발,검정서류가방
vo.la/ptpwF / ☎112 [서울경찰청]",서울특별시 금천구 ,2025-04-06 11:21,,안전안내,211020,기타,
"2024.4.6.(토) 12:00 산불재난 국가위기경보 경계 발령, 쓰레기 소각 등을 금지하여 주시고 산불 발견 시 즉시 신고하여 주시기 바랍니다. [남양주시]",경기도 남양주시 ,2025-04-06 12:00,,안전안내,211022,산불,
"2024.4.6.(토) 12:00 산불위기경보 경계 발령,청명·한식과 이어지는 주말에 산불위험이 높으니 불법 소각 행위 등을 금지하여 주시기 바랍니다.[파주시청]",경기도 파주시 ,2025-04-06 12:00,,안전안내,211023,산불,
"오늘 12:00 경기도 가평군 산불위기경보 경계 발령. 소각 금지 등 산불 예방에 힘쓰고, 산불을 발견하면 즉시 신고하시기 바랍니다. [가평군청]",경기도 가평군 ,2025-04-06 12:00,,안전안내,211024,산불,
"계속되는 건조한 날씨로 산불재난 국가위기경보 '경계'단계 발령. 농촌지역 소각행위를 금지, 불씨관리에 유의하여 주시기 바랍니다. [연천군]",경기도 연천군 ,2025-04-06 12:02,,안전안내,211025,산불,
"안양시에서 목격된 이기원씨(남,81세)를 찾습니다-170cm,왼쪽볼에혹,남색점퍼,검정바지,회색신발,검정가방 vo.la/ptpwF / ☎112 [경기남부경찰청]","경기도 안양시 만안구 ,경기도 안양시 동안구 ",2025-04-06 13:21,,안전안내,211028,기타,
"오늘 12:00 산불위기경보 경계(심각) 발령. 소각 금지 등 산불 예방에 힘쓰고, 산불을 발견하면 즉시 신고하세요. [의정부시]",경기도 의정부시 ,2025-04-06 13:23,,안전안내,211030,산불,
"종로구 주민인 강길현씨(남,55세)를 찾습니다 -170cm,80kg,흰색런닝셔츠,남색츄리닝바지,삼선슬리퍼
vo.la/DtAOq / ☎112 [서울경찰청]","서울특별시 동대문구 ,서울특별시 종로구 ",2025-04-06 13:30,,안전안내,211031,기타,
"오늘 12:00 양주시 전역 산불위기경보 경계(심각) 발령. 소각 금지 등 산불 예방에 힘쓰고, 산불을 발견하면 즉시 신고하세요. [양주시]",경기도 양주시 ,2025-04-06 13:31,,안전안내,211032,산불,
"중구에서 최종 목격된 백송(여, 4세)을 찾습니다 - 130cm, 25kg, 핑크색티셔츠, 검정바지 
vo.la/MYSUV / ☎112 [서울경찰청]",서울특별시 중구 ,2025-04-06 14:26,,안전안내,211036,기타,
"동두천시 전역 산불위기경보 경계 발령. 입산 시 화기 소지 및 쓰레기 소각 행위 금지 등 산불, 화재에 유의하여 주시기 바랍니다.[동두천시]",경기도 동두천시 ,2025-04-06 14:30,,안전안내,211037,산불,
"안산시 주민인 송인순씨(여,92세)를 찾습니다-150cm,50kg,벙거지모자,흰색외투,검정땡땡이바지,지팡이 
vo.la/rTmrv / ☎112 [경기남부경찰청]","경기도 안산시 상록구 ,경기도 안산시 단원구 ",2025-04-06 15:19,,안전안내,211038,기타,
"도봉구 주민인 전홍진씨(남,71세)를 찾습니다 -160cm,50kg,남색점퍼,검정바지,검정신발,마스크착용 
vo.la/vvQCL / ☎112 [서울경찰청]",서울특별시 도봉구 ,2025-04-06 16:26,,안전안내,211039,기타,
"용산구에서 최종목격된 전홍진씨(남,71세)를 찾습니다-160cm,50kg,남색점퍼,검정바지,검정신발,마스크소유 
vo.la/vvQCL / ☎112 [서울경찰청]",서울특별시 용산구 ,2025-04-06 16:43,,안전안내,211040,기타,
"5시 현재 여의나루역 인근에 인파가 몰리고 있으니 다중인파사고에 유의해주시기 바라며, 국회의사당역, 당산역을 이용해주시기 바랍니다. [영등포구]",서울특별시 영등포구 여의도동,2025-04-06 16:55,,안전안내,211041,기타,
"용산구 주민인 임종복씨(남,72세)를 찾습니다-160cm,50kg,밤색패딩자켓,회색바지,머리가짧고등이약간굽음 
vo.la/HHaXt / ☎112 [서울경찰청]",서울특별시 용산구 ,2025-04-06 18:43,,안전안내,211046,기타,
"도봉구에서 목격된 임종복씨(남,72세)를 찾습니다-160cm,50kg,밤색패딩자켓,회색바지,머리짧고등이약간굽음 
vo.la/HHaXt / ☎112 [서울경찰청]",서울특별시 도봉구 ,2025-04-06 18:46,,안전안내,211047,기타,
"경찰은 부천시에서 목격된 양명수씨(남, 68세)를 찾습니다-167cm,검정모자,초록색잠바,검정바지,검정운동화 vo.la/aENqr / ☎112 [경기남부경찰청]","경기도 부천시 원미구 ,경기도 부천시 소사구 , 부천시 오정구 ",2025-04-07 9:55,,안전안내,211049,기타,
"전국적으로 날씨가 건조하여 산불이 빈번하게 발생하고 있으니 등산객, 상춘객 등은 산림 내에서 라이터, 담배 등 화기 취급을 금하여 주시기 바람 [산림청]","강원특별자치도 전체 ,경기도 전체 ,경상남도 전체 ,경상북도 전체 ,광주광역시 전체 ,대구광역시 전체 ,대전광역시 전체 ,부산광역시 전체 ,서울특별시 전체 ,울산광역시 전체 ,인천광역시 전체 ,전라남도 전체 ,전북특별자치도 전체 ,제주특별자치도 전체 ,충청남도 전체 ,충청북도 전체 ,세종특별자치시  ",2025-04-07 12:00,,안전안내,211054,산불,
"매우 건조한 날씨로 인해 산불발생 위험이 높으니 산림에서 라이터, 담배 등 화기 소지 및 소각행위를 금지하여 주시기 바랍니다. [서울특별시청]",서울특별시 전체 ,2025-04-07 13:20,,안전안내,211057,산불,
"고양시 주민인 노용호씨(여, 84세)를 찾습니다 -150cm,50kg,비니모자,베이지색패딩,검정바지,검정신발 vo.la/gCvzw / ☎112 [경기북부경찰청]","경기도 고양시 덕양구 ,경기도 고양시 일산동구 ,경기도 고양시 일산서구 ",2025-04-07 15:08,,안전안내,211063,기타,
"현재 여의나루역 인근에 인파가 몰리고 있으니 다중 인파 사고에 유의해 주시기 바라며, 국회의사당역, 당산역을 이용해 주시기바랍니다.[영등포구]",서울특별시 영등포구 여의도동,2025-04-07 15:52,,안전안내,211068,기타,
"하남시 주민인 김순덕씨(여,76세)를찾습니다-160cm,백발,보라색후드패딩,꽃무늬몸베바지,슬리퍼,약간허리굽음 vo.la/LKyyp / ☎112 [경기남부경찰청]",경기도 하남시 ,2025-04-07 17:06,,안전안내,211069,기타,
"2024-4-6 12:00부로 고양시 산불위기경보 경계 단계 발령, 산불이 발생하지 않도록 불씨 관리에 각별한 관심과 주의를 기울여 주시기 바랍니다.[고양시청]",경기도 고양시 ,2025-04-08 8:55,,안전안내,211073,산불,
"금천구에서 실종된 강해석씨(남,80세)를 찾습니다-167cm,남색패딩,베이지색바지,주황색운동화,남색모자,안경 
vo.la/BPvBp / ☎182 [서울경찰청]","서울특별시 관악구 ,서울특별시 금천구 ",2025-04-08 13:10,,안전안내,211075,기타,
"계속되는 건조한 날씨로 산불재난국가위기경보 “경계”단계 발령 중, 산림인접지역 소각행위금지, 불씨관리에 유의하여 주시기 바랍니다.[산림청·행정안전부]","강원특별자치도 전체 ,경기도 전체 ,경상남도 전체 ,경상북도 전체 ,광주광역시 전체 ,대구광역시 전체 ,대전광역시 전체 ,부산광역시 전체 ,서울특별시 전체 ,울산광역시 전체 ,인천광역시 전체 ,전라남도 전체 ,전북특별자치도 전체 ,충청남도 전체 ,충청북도 전체 ,세종특별자치시  ",2025-04-08 15:00,,안전안내,211079,산불,
"강서구 주민인 김반석씨(여,35세)를 찾습니다-168cm,100kg,카키야상점퍼,회색트레이닝복,운동화,종이백소지 vo.la/fFUQX / ☎182 [서울경찰청]","서울특별시 강서구 ,서울특별시 영등포구 ",2025-04-08 15:53,,안전안내,211082,기타,
"고양시에서 실종된 강필호씨(남,33세)를 찾습니다 -165cm,68kg,검정잠바,청바지,주황색운동화,캡모자 vo.la/PCRsp / ☎112 [경기북부경찰청]","경기도 고양시 덕양구 ,경기도 고양시 일산동구 ,경기도 고양시 일산서구 ",2025-04-08 18:02,,안전안내,211088,기타,
"파주시에서 목격된 정재연씨(여,67세)를 찾습니다-157cm, 검정경량패딩,검정바지,백발묶음머리,뿔테안경 vo.la/iGTaw / ☎112 [경기북부경찰청]",경기도 파주시 ,2025-04-08 20:23,,안전안내,211091,기타,
오늘 21:47 성남시 분당구 수내동 지역에 정전이 발생되어 한국전력공사에서 복구 중이오니 안전사고 발생에 유의하시기 바랍니다. [성남시청],경기도 성남시 분당구 수내동,2025-04-08 23:08,,안전안내,211092,정전,
"중랑구에서 목격된 유연식씨(남,56세)를 찾습니다-167cm,65kg,갈색점퍼,검정바지,회색크록스슬리퍼(맨발) 
vo.la/jGfVt / ☎182 [서울경찰청]",서울특별시 중랑구 ,2025-04-09 9:27,,안전안내,211095,기타,
"강남구에서 배회 중인 백건우(남,15세)를 찾습니다-174cm,60kg,짙은녹색티,진회색바지,진회색크록스신발 
vo.la/AYVkv / ☎182 [서울경찰청]",서울특별시 강남구 ,2025-04-09 10:15,,안전안내,211097,기타,
2024.4.8.(월) 15:00 산불재난 국가위기경보 경계 발령. 쓰레기 소각 등을 금지하여 주시고 산불 발견 시 즉시 신고하여 주시기 바랍니다.[평택시],경기도 평택시 ,2025-04-09 10:41,,안전안내,211099,산불,
"산불재난 국가위기경보 ‘경계’ 단계 발령에 따라 △산림 주변 불씨 취급금지 △논·밭두렁, 영농부산물 소각금지 △산에서 흡연 절대금지 협조바랍니다.[여주시]",경기도 여주시 ,2025-04-09 11:17,,안전안내,211104,산불,
"4/8(월) 15:00 이후 전국에 산불위기경보 ""경계"" 단계 유지 중. 소각 금지 등 산불 예방에 힘쓰고, 산불을 발견하면 즉시 신고 바랍니다. [의정부시청]",경기도 의정부시 ,2025-04-09 13:29,,안전안내,211105,산불,
"강서구 주민인 홍매자씨(여,85세)를 찾습니다-155cm,60kg,카키색점퍼,검정패딩바지,밤색털모자,슬리퍼 
vo.la/csyYs / ☎112 [서울경찰청]",서울특별시 강서구 ,2025-04-09 19:49,,안전안내,211112,기타,
"강서구에서 실종된 김현우(남,13세)를 찾습니다-170cm,57kg,검정후드집업,검정바지,검정운동화,검정가방 
vo.la/DBxpR / ☎112 [서울경찰청]",서울특별시 강서구 ,2025-04-09 20:05,,안전안내,211113,기타,
"김포지역 부주의로 인한 주택, 공장화재가 빈번히 발생하니 주의바라며 특히 산불 위험이 높으니 시민생명 보호를 위해 소각행위를 전면금지 바랍니다. [김포시청]",경기도 김포시 ,2025-04-10 9:22,,안전안내,211115,기타,
"화성시 주민인 류영서씨(남,36세)를 찾습니다 -172cm,80kg,파란색후드티,검정바지,검정운동화,검정가방 vo.la/DSfpk / ☎112 [경기남부경찰청]",경기도 화성시 ,2025-04-10 10:08,,안전안내,211119,기타,
"도봉구 주민인 이진석씨(남, 80세)를 찾습니다 -158cm,검정모자,뿔테안경,검정패딩,검정바지,베이지색슬리퍼 vo.la/wLFqe / ☎112 [서울경찰청]","서울특별시 강북구 ,서울특별시 도봉구 ",2025-04-10 11:42,,안전안내,211124,기타,
"경찰은 수원시 주민인 오화준씨(여,75세)를 찾습니다 -153cm,카키색잠바,카키색바지,검정운동화,회색장갑 vo.la/mRhrY / ☎112 [경기남부경찰청]","경기도 수원시 장안구 ,경기도 수원시 권선구 ,경기도 수원시 팔달구 ,경기도 수원시 영통구 ",2025-04-10 19:36,,안전안내,211129,기타,
"남양주시에서 최종 목격된 이옥순씨(여,70세)를 찾습니다-160cm,55kg,검정티,검정추리닝바지,긴파마머리 vo.la/ZoYus / ☎112 [경기북부경찰청]",경기도 남양주시 ,2025-04-11 8:41,,안전안내,211132,기타,
"의정부시에서 배회중인 이옥순씨(여,70세)를 찾습니다-160cm,55kg,검정티,검정추리닝바지,긴파마머리 vo.la/ZoYus / ☎112 [경기북부경찰청]",경기도 의정부시 ,2025-04-11 8:45,,안전안내,211133,기타,
"양주시에서 배회중인 이옥순씨(여,70세)를 찾습니다-160cm,55kg,검정티,검정추리닝바지,긴파마머리 vo.la/ZoYus / ☎112 [경기북부경찰청]",경기도 양주시 ,2025-04-11 8:48,,안전안내,211134,기타,
"양천구 주민인 이두현(남,16세)을 찾습니다-177cm,남색점퍼,검정삼선추리닝바지,검정운동화,검정안경,검정마스크 vo.la/LoGhe / ☎182 [서울경찰청]","서울특별시 강서구 ,서울특별시 양천구 ",2025-04-11 9:50,,안전안내,211137,기타,
"오산시 주민인 김영자씨(여,77세)를 찾습니다-155cm,40kg,파랑짧은패딩,검정바지,보라색슬리퍼,지팡이 vo.la/bxQDq / ☎182 [경기남부경찰청]",경기도 오산시 ,2025-04-11 13:44,,안전안내,211139,기타,
"화성시에서 목격된 김영자씨(여,77세)를 찾습니다-155cm,40kg,파랑숏패딩,검정바지,보라색슬리퍼,지팡이 vo.la/bxQDq / ☎182 [경기남부경찰청]",경기도 화성시 ,2025-04-11 13:50,,안전안내,211140,기타,
"송파구 주민인 노태현씨(남,43세)를 찾습니다-184cm,68kg,대머리,흰색티,검정계열바지,남색운동화,종종걸음 vo.la/Yxsdp/ ☎112 [서울경찰청]","서울특별시 강남구 ,서울특별시 송파구 ",2025-04-11 18:10,,안전안내,211146,기타,
"구리시에서 실종된 이병찬씨(남,77세)를 찾습니다 -170cm,70kg, 남색점퍼, 검정바지, 회색운동화 vo.la/nooSj / ☎112 [경기북부경찰청]",경기도 구리시 ,2025-04-11 18:31,,안전안내,211147,기타,
금일 22:52 경 강북구 미아동 1354 (벽산라이브파크) 근처 야생멧돼지 출몰. 인근 주민들은 외출을 자제하시고 안전에 유의하시기 바랍니다.[강북구],서울특별시 강북구 ,2025-04-11 23:08,,안전안내,211149,기타,
"어제밤 22시52분경, 미아동 1354(벽산라이브파크) 근처 야생멧돼지 출몰. 색출 중으로 인근 주민들은 외출을 자제하시고 안전에 주의하시기 바랍니다.[강북구청]",서울특별시 강북구 ,2025-04-12 6:00,,안전안내,211150,기타,
"성남시 주민인 이수화씨(여,64세)를 찾습니다-155cm,머리묶음(백발),빨간색바람막이,흰색마스크,안경착용 
vo.la/hNnFc / ☎182 [경기남부경찰청]","경기도 성남시 수정구 ,경기도 성남시 중원구 ,경기도 성남시 분당구 ",2025-04-12 15:59,,안전안내,211157,기타,
"경찰은 마포구 주민인 이용재씨(남, 29세)를 찾습니다 -171cm,검정색자켓,보라색상의,청바지,휠라흰색운동화 vo.la/DgJJf / ☎112 [서울경찰청]","서울특별시 마포구 ,서울특별시 서대문구 ",2025-04-13 8:57,,안전안내,211164,기타,
"과실로 인한 산불 발생시 3천만원 이하의 벌금 및 고발조치되오니, 담뱃불, 소각행위 등 부주의로 인한 피해가 없도록 주의 바랍니다. [김포시청]",경기도 김포시 ,2025-04-13 9:00,,안전안내,211165,산불,
"남양주시에서 실종된 천재훈씨(남, 29세)를 찾습니다 -177cm,80kg, 스포츠형머리, 나체상태, 슬리퍼 vo.la/dJHFB / ☎112 [경기북부경찰청]",경기도 남양주시 ,2025-04-13 9:23,,안전안내,211166,기타,
여주시 전역에 산불재난 위기 경계 단계가 발령중입니다. 시민 여러분께서는 논밭두렁 소각 및 등산객 흡연금지 등 산불예방에 협조하여 주시기 바랍니다. [여주시],경기도 여주시 ,2025-04-13 9:31,,안전안내,211168,산불,
"수원시 주민인 이석용씨(남,78세)를 찾습니다 -166cm,70kg,남색잠바,검정바지,검정모자,검정운동화 vo.la/tPmNS / ☎112 [경기남부경찰청]","경기도 수원시 장안구 ,경기도 수원시 권선구 ,경기도 수원시 팔달구 ,경기도 수원시 영통구 ",2025-04-13 9:52,,안전안내,211169,기타,
"오늘 의정부시 산불위기경보 경계 발령. 소각 금지 등 산불 예방에 힘쓰고, 산불을 발견하면 즉시 신고하세요. [의정부시]",경기도 의정부시 ,2025-04-13 10:13,,안전안내,211173,산불,
산불재난 국가위기경보 「경계」단계 발령. 산림에서 화기 소지 금지 및 소각행위 적발 시 과태료를 부과하오니 유의하여 주시기 바랍니다.[이천시청],경기도 이천시 ,2025-04-13 10:55,,안전안내,211174,산불,
용인시 전역에 산불재난 위기 경계 단계가 발령중입니다. 시민 여러분께서는 논밭두렁 소각 및 등산객 흡연금지 등 산불예방에 협조하여 주시기 바랍니다. [용인시],"경기도 용인시 처인구 ,경기도 용인시 기흥구 ,경기도 용인시 수지구 ",2025-04-13 11:16,,안전안내,211177,산불,
안성시 전역에 산불재난 위기 경계 단계가 발령중입니다. 시민 여러분께서는 논밭두렁 소각 및 등산객 흡연금지 등 산불예방에 협조하여 주시기 바랍니다.[안성시],경기도 안성시 ,2025-04-13 13:20,,안전안내,211181,산불,
"평택시 산불재난 위기경보 경계 단계 발령 중. 시민분들께서는 농작물, 쓰레기 소각 등으로 산불이 발생하지 않도록 불씨 관리에 주의하여 주시기 바랍니다. [평택시]",경기도 평택시 ,2025-04-13 13:34,,안전안내,211182,산불,
"전국에 날씨가 건조하여 산불이 발생하고 있으니 산림인접지역 소각행위와 등산객, 상춘객 등은 산림내에서 라이터, 담배 등 화기 취급을 금하여 주시기 바람 [산림청]","강원특별자치도 전체 ,경기도 전체 ,경상남도 전체 ,경상북도 전체 ,광주광역시 전체 ,대구광역시 전체 ,대전광역시 전체 ,부산광역시 전체 ,서울특별시 전체 ,울산광역시 전체 ,인천광역시 전체 ,전라남도 전체 ,전북특별자치도 전체 ,제주특별자치도 전체 ,충청남도 전체 ,충청북도 전체 ,세종특별자치시  ",2025-04-13 14:40,,안전안내,211186,산불,
"종로구에서 실종된 노병석씨(남,88세)를 찾습니다-170cm,마름,분홍색추리닝(남색),진회색추리닝바지,남색고무신 vo.la/hzRqS / ☎112 [서울경찰청]",서울특별시 종로구 ,2025-04-13 14:46,,안전안내,211187,기타,
"산불재난 국가위기경보 경계단계 발령 중. 산림인접지역 소각행위 금지 및 불씨관리 에 주의하여 주시기 바라며, 산불 발견시 즉시 신고하여 주시기 바랍니다[화성시]",경기도 화성시 ,2025-04-13 14:52,,안전안내,211188,건조,
오늘 15:11경 파주시 광탄면 마장리 산29-4 인근에서 산불 발생. 입산 금지. 인근 주민과 등산객은 안전사고에 주의하세요. [파주시],경기도 파주시 광탄면,2025-04-13 15:57,,안전안내,211190,산불,
"구리시 주민인 김성만씨(남, 69세)를 찾습니다 -173cm,60kg,노란색잠바,어두운색바지,흰운동화,모자 vo.la/PnBBj / ☎112 [경기북부경찰청]",경기도 구리시 ,2025-04-13 18:34,,안전안내,211194,기타,
"중랑구에서 배회중인 김성만씨(남, 69세)를 찾습니다 -173cm,60kg,노란색잠바,어두운색바지,흰운동화,모자 vo.la/PnBBj / ☎112 [서울경찰청]",서울특별시 중랑구 ,2025-04-13 18:35,,안전안내,211195,기타,
오늘 08시부터 12시까지 김포한강마라톤대회개최로 국토48호선(사우동~걸포동)과 홍도평로가 일부 통제. 교통혼잡으로 안전사고가 우려되니 우회바랍니다.[김포시청],경기도 김포시 ,2025-04-14 8:00,,안전안내,211196,기타,
"광진구 주민인 김성래씨(남,74세)를 찾습니다 -160cm,60kg,어두운색계통잠바,검정바지,흰색운동화 vo.la/TDKun/ ☎112 [서울경찰청]",서울특별시 광진구 ,2025-04-14 8:41,,안전안내,211197,기타,
"단원구 주민인 양성봉씨(남,84세)를 찾습니다 -165cm,검정패딩,검정바지,회색운동화,비니모자,지팡이,백발 vo.la/KcPLj / ☎112 [경기남부경찰청]","경기도 안산시 상록구 ,경기도 안산시 단원구 ",2025-04-14 9:43,,안전안내,211201,기타,
"수정구 주민인 이종정씨(남,73세)를 찾습니다-170cm,점퍼(하늘색,흰색),노랑티,회색추리닝바지,흰색슬리퍼 vo.la/quaCw / ☎112 [경기남부경찰청]","경기도 성남시 수정구 ,경기도 성남시 중원구 ,경기도 성남시 분당구 ",2025-04-14 10:10,,안전안내,211203,기타,
용인시 전역에 산불재난 위기 경계 단계가 발령중입니다. 시민 여러분께서는 논밭두렁 소각 및 등산객 흡연금지 등 산불예방에 협조하여 주시기 바랍니다. [용인시],"경기도 용인시 처인구 ,경기도 용인시 기흥구 ,경기도 용인시 수지구 ",2025-04-14 10:30,,안전안내,211205,산불,
여주시 전역에 산불재난 위기 경계 단계가 발령중입니다. 시민 여러분께서는 논밭두렁 소각 및 등산객 흡연금지 등 산불예방에 협조하여 주시기 바랍니다.[여주시],경기도 여주시 ,2025-04-14 11:10,,안전안내,211208,산불,
"시흥시에서 실종된 고영만씨(남,74세)를 찾습니다-160cm,57kg,하늘색조끼,검정바지,어두운색슬리퍼 vo.la/EdeOA / ☎112 [경기남부경찰청]",경기도 시흥시 ,2025-04-14 11:13,,안전안내,211209,기타,
"시흥시에서 실종된 고영만씨(남,74세)를 찾습니다-160cm,57kg,하늘색조끼,검정바지,어두운색슬리퍼 vo.la/EdeOA / ☎112 [경기남부경찰청]","경기도 안산시 상록구 ,경기도 안산시 단원구 ",2025-04-14 11:16,,안전안내,211211,기타,
"문수산(월곶면 조강리 322-3) 산불 확산 중, 인근 주민과 등산객은 산에서 먼 곳으로 즉시 대피하여주시기 바랍니다. [김포시]",경기도 김포시 ,2025-04-14 11:48,,긴급재난,211212,산불,
"전국적으로 날씨가 건조하여 산불 발생 위험이 높으니 등산객, 상춘객 등은 입산 시 라이터, 담배 등 화기 취급을 금하여 주시기 바람 [산림청]","강원특별자치도 전체 ,경기도 전체 ,경상남도 전체 ,경상북도 전체 ,광주광역시 전체 ,대구광역시 전체 ,대전광역시 전체 ,부산광역시 전체 ,서울특별시 전체 ,울산광역시 전체 ,인천광역시 전체 ,전라남도 전체 ,전북특별자치도 전체 ,제주특별자치도 전체 ,충청남도 전체 ,충청북도 전체 ,세종특별자치시  ",2025-04-14 12:50,,안전안내,211214,산불,
"최근 건조한 날씨로 전국에 산불이 많이 발생하고 있으니 논·밭두렁, 영농부산물, 쓰레기 등 소각하는 행위를 금하여 주시기 바람 [산림청]","강원특별자치도 전체 ,경기도 전체 ,경상남도 전체 ,경상북도 전체 ,광주광역시 전체 ,대구광역시 전체 ,대전광역시 전체 ,부산광역시 전체 ,서울특별시 전체 ,울산광역시 전체 ,인천광역시 전체 ,전라남도 전체 ,전북특별자치도 전체 ,제주특별자치도 전체 ,충청남도 전체 ,충청북도 전체 ,세종특별자치시  ",2025-04-14 12:52,,안전안내,211215,산불,
"송파구 주민인 이기현씨(남,62세)를 찾습니다-175cm,65kg,빨강점퍼,검정계통바지,검정운동화,한쪽눈실명 vo.la/IgAzu / ☎112 [서울경찰청]",서울특별시 송파구 ,2025-04-14 18:06,,안전안내,211224,기타,
"노원구 주민인 정다운씨(여,35세)를 찾습니다-160cm,80kg,하늘색계통반팔티,회색긴바지,나이키초록색신발 vo.la/ZwkYr / ☎112 [서울경찰청]","서울특별시 노원구 ,서울특별시 도봉구 ",2025-04-14 18:13,,안전안내,211225,기타,
금일 18:02경 강북구 미아동 108-3 (미아2동 체육공원 인근) 근처 야생멧돼지 출몰. 인근 주민들은 외출을 자제하시고 안전에 주의하시기 바랍니다.[강북구],서울특별시 강북구 ,2025-04-14 18:48,,안전안내,211227,기타,
"파주시에서 배회중인 송경희씨(여,71세)를 찾습니다-160cm,카키색벙거지모자,회색상하의,검정신발,지팡이 vo.la/esJko / ☎112 [경기북부경찰청]",경기도 파주시 ,2025-04-14 20:39,,안전안내,211229,기타,
어제 18:02경 미아동 산108-3(미아2동 체육공원) 근처 야생멧돼지 출몰. 색출 중으로 인근 주민들은 외출을 자제하시고 안전에 주의하시기 바랍니다.[강북구],서울특별시 강북구 ,2025-04-15 6:00,,안전안내,211230,기타,
"양주시 주민인 남인숙씨(여,64세)를 찾습니다-158cm,60kg,주황색계통잠바,검정계통면바지,검정계통운동화
vo.la/NqpUx / ☎182 [경기북부경찰청]",경기도 양주시 ,2025-04-15 8:01,,안전안내,211232,기타,
"동두천시에서 배회 중인 남인숙씨(여,64세)를 찾습니다-158cm,60kg,주황색계통잠바,검정바지,검정운동화
vo.la/NqpUx / ☎182 [경기북부경찰청]",경기도 동두천시 ,2025-04-15 8:01,,안전안내,211233,기타,
"강남구 주민인 조경일씨(남,80세)를 찾습니다 -베이지모자,검정점퍼,회색바지,검정신발(짝이다름),지팡이,흰장갑
vo.la/uBbiq / ☎182 [서울경찰청]","서울특별시 강남구 ,서울특별시 송파구 ",2025-04-15 8:19,,안전안내,211234,기타,
"오늘 아침 전철 1호선 의왕역~당정역 사이 사고 발생으로 해당 구간 상하행 열차 운행이 지연되고 있으니, 다른 교통수단을 이용해 주시기 바랍니다. [군포시]",경기도 군포시 ,2025-04-15 9:05,,안전안내,211235,교통사고,
"구리시 주민인 강인준씨(남,30세)를 찾습니다-179cm,65kg,검정반팔티,남색조끼,검정체육바지,검정운동화 vo.la/cvfNw/ ☎182 [경기북부경찰청]",경기도 구리시 ,2025-04-15 9:07,,안전안내,211236,기타,
"광진구에서 최종 목격된 최경민씨(남,27세)를 찾습니다 -173cm,74kg,검은바락막이,검은바지,흰색운동화
vo.la/YukPf / ☎182 [서울경찰청]",서울특별시 광진구 ,2025-04-15 17:43,,안전안내,211245,기타,
"마포구 주민인 이선범씨(남,86세)를 찾습니다-160cm,검정비니모자,파란색긴팔상의,검정조끼,검정바지,흰마스크 vo.la/OdVQa / ☎182 [서울경찰청]",서울특별시 마포구 ,2025-04-16 10:12,,안전안내,211254,기타,
"남대문시장 부근에서 배회중인 이시이와키씨(남,80세,일본인)를 찾습니다 -170cm,파란색잠바,자주색바지 vo.la/BsZvV / ☎182 [서울경찰청]","서울특별시 종로구 ,서울특별시 중구 ",2025-04-16 13:42,,안전안내,211255,기타,
"성남시에서 최종 목격된 송군범씨(남, 76세)를 찾습니다 -157cm,54kg,파란색잠바,카키색바지,검정모자 vo.la/Opkir / ☎182 [경기남부경찰청]","경기도 성남시 수정구 ,경기도 성남시 중원구 ,경기도 성남시 분당구 ",2025-04-16 14:01,,안전안내,211256,기타,
"광진구 주민인 고시정씨(남,81세)를 찾습니다 -175cm,진남색자켓,카키색바지,검정색야구모자,지팡이,검정구두 vo.la/SehfM/ ☎112 [서울경찰청]","서울특별시 광진구 ,서울특별시 성동구 ",2025-04-17 8:16,,안전안내,211270,기타,
"최근 전국에 산불이 많이 발생하고 있습니다. 논·밭두렁, 영농부산물, 쓰레기 등 소각하는 행위를 절대 금하여 주시기 바랍니다. [남양주시]",경기도 남양주시 ,2025-04-17 16:34,,안전안내,211279,건조,
"마포구 주민인 이종순씨(여,78세)를 찾습니다 -153cm,노랑티,분홍조끼,파랑추리닝바지,검정고무신,파마머리 vo.la/UjGeU/ ☎112 [서울경찰청]","서울특별시 마포구 ,서울특별시 서대문구 ",2025-04-17 19:33,,안전안내,211282,기타,
"파주시에서 실종된 최병숙씨(여,88세)를 찾습니다-150cm,노랑모자,자주색잠바,남색바지,자주색운동화 vo.la/MSNWQ / ☎112 [경기북부경찰청]",경기도 파주시 ,2025-04-17 20:09,,안전안내,211284,기타,
"화성시에서 실종된 김남경씨(여,51세)를 찾습니다-160cm,하늘색긴팔티,남색조끼,분홍슬리퍼,구부정한걸음걸이
vo.la/NDduM / ☎182 [경기남부경찰청]",경기도 화성시 ,2025-04-18 10:47,,안전안내,211288,기타,
"양천구에서 목격된 이정숙씨(여,53세)를 찾습니다-157cm,분홍색점퍼,흰색마스크,나이키흰색운동화,단발머리 
vo.la/ZsvGf / ☎182 [서울경찰청]",서울특별시 양천구 ,2025-04-18 16:15,,안전안내,211294,기타,
"구로구에서 배회 중인 이정숙씨(여,53세)를 찾습니다-157cm,분홍색점퍼,흰색마스크,나이키흰색운동화,단발머리 
vo.la/ZsvGf / ☎182 [서울경찰청]",서울특별시 구로구 ,2025-04-18 17:27,,안전안내,211295,기타,
"동작구에서 목격된 이주희씨(여,48세)를 찾습니다-160cm,남색남방,회색티,검정바지,분홍색모자,검정가방 
vo.la/WMGmV / ☎182 [서울경찰청]",서울특별시 동작구 ,2025-04-18 17:37,,안전안내,211296,기타,
"수원시 주민인 서인의씨(여,72세)를 찾습니다-160cm,빨간색점퍼,검정바지,회색운동화,남색가방,마스크 
vo.la/sqvDs / ☎182 [경기남부경찰청]","경기도 수원시 장안구 ,경기도 수원시 권선구 ,경기도 수원시 팔달구 ,경기도 수원시 영통구 ",2025-04-18 17:44,,안전안내,211297,기타,
"양천구에서 실종된 남서아(여,7세)를 찾습니다-120cm,28kg,베이지색상의,베이지색치마,연핑크뉴발란스운동화 
vo.la/KNdPW / ☎112 [서울경찰청]",서울특별시 양천구 ,2025-04-18 18:25,,안전안내,211300,기타,
"안양시 주민인 엄정호씨(남,59세)를 찾습니다-170cm,통통한체격,파란색티셔츠,회색추리닝바지,검정슬리퍼 
vo.la/RAKDx / ☎112 [경기남부경찰청]","경기도 안양시 만안구 ,경기도 안양시 동안구 ",2025-04-18 18:45,,안전안내,211301,기타,
"금천구에서 목격된 엄정호씨(남,59세)를 찾습니다-170cm,통통한체격,파란색티셔츠,회색추리닝바지,검정슬리퍼 
vo.la/RAKDx / ☎112 [서울경찰청]",서울특별시 금천구 ,2025-04-18 18:47,,안전안내,211302,기타,
"부천시에서 목격된 노윤래씨(남,85세)를 찾습니다-165cm,60kg,남색잠바,남색바지,밤색신발,흰색모자 
vo.la/PficH / ☎112 [경기남부경찰청]","경기도 부천시 원미구 ,경기도 부천시 소사구 , 부천시 오정구 ",2025-04-18 18:54,,안전안내,211303,기타,
"구로구에서 배회 중인 이주희씨(여,48세)를 찾습니다-160cm,남색남방,회색티,검정바지,분홍색모자,검정가방 
vo.la/WMGmV / ☎112 [서울경찰청]",서울특별시 구로구 ,2025-04-18 19:00,,안전안내,211304,기타,
"강서구에서 실종된 홍매자씨(여,85세)를 찾습니다-155cm,카키색점퍼,검정패딩바지,자주색운동화,살색꽃무늬모자 
vo.la/dvgMb / ☎112 [서울경찰청]","서울특별시 강서구 ,서울특별시 영등포구 ",2025-04-18 19:48,,안전안내,211305,기타,
"강서구 주민인 박용금씨(남,77세)를 찾습니다 -171cm,60kg,검정점퍼(하늘색팔),검정바지,흰슬리퍼,안경 vo.la/bNKQb / ☎112 [서울경찰청]",서울특별시 강서구 ,2025-04-19 8:24,,안전안내,211306,기타,
"수원시 주민인 이정림씨(여, 41세)를 찾습니다 -160cm,70kg,단발머리,빨간색잠바,청바지,검정운동화 vo.la/snreT / ☎182 [경기남부경찰청]","경기도 수원시 장안구 ,경기도 수원시 권선구 ,경기도 수원시 팔달구 ,경기도 수원시 영통구 ",2025-04-19 9:31,,안전안내,211308,기타,
"도봉구 주민인 김점수씨(남,84세)를 찾습니다-160cm,빨강체크모자,검정상하의,바퀴달린장바구니,흰장갑,마스크 vo.la/flMPw / ☎182 [서울경찰청]","서울특별시 강북구 ,서울특별시 도봉구 ",2025-04-19 15:55,,안전안내,211312,기타,
"양천구에서 배회중인 박용금씨(남, 77세)를 찾습니다 -171cm,검정점퍼(팔부분흰색),검정바지,흰슬리퍼,안경 vo.la/bNKQb / ☎182 [서울경찰청]",서울특별시 양천구 ,2025-04-19 16:46,,안전안내,211315,기타,
"남양주시 주민인 권순범(남,16세)을찾습니다-162cm,43kg,검정후드점퍼,남색바지,검정신발,흰나이키쇼핑백 vo.la/HNhrQ / ☎182 [경기북부경찰청]",경기도 남양주시 ,2025-04-19 17:09,,안전안내,211316,기타,
"구리시에서 배회중인 권순범(남,16세)을 찾습니다 -162cm,43kg,검정후드점퍼,남색바지,흰나이키쇼핑백 vo.la/HNhrQ / ☎182 [경기북부경찰청]",경기도 구리시 ,2025-04-19 17:10,,안전안내,211317,기타,
"강남구에서 배회중인 이무웅씨(남, 80세)를 찾습니다 -167cm,55kg,갈색챙모자,안경,검정잠바,검정바지 vo.la/WrygJ / ☎182 [서울경찰청]",서울특별시 강남구 ,2025-04-19 17:37,,안전안내,211320,기타,
"용인시에서 실종된 오근준(남, 18세)을 찾습니다 -185cm,90kg,검정후드잠바,검정바지,검정운동화,안경 vo.la/GYSxn / ☎112 [경기남부경찰청]","경기도 용인시 처인구 ,경기도 용인시 기흥구 ,경기도 용인시 수지구 ",2025-04-19 18:06,,안전안내,211322,기타,
"의왕시에서 배회중인 서인의씨(여, 72세)를 찾습니다 -160cm,빨간색점퍼,검정바지,회색운동화,남색가방, vo.la/sqvDs / ☎112 [경기남부경찰청]",경기도 의왕시 ,2025-04-19 18:53,,안전안내,211324,기타,
"용산구 주민인 김동규씨(남,81세)를 찾습니다-160cm,어두운색트레이닝복상하의,보라색티,안쪽털달린신발,대머리 vo.la/IYGJr/ ☎112 [서울경찰청]",서울특별시 용산구 ,2025-04-20 8:51,,안전안내,211328,기타,
"광명시에서 목격된 엄정호씨(남,59세)를 찾습니다-170cm,통통한체격,파란색티,회색추리닝바지,검정슬리퍼 vo.la/RAKDx / ☎112 [경기남부경찰청]",경기도 광명시 ,2025-04-20 18:06,,안전안내,211335,기타,
"구리시 주민인 김순곤씨(남,79세)를 찾습니다 -161cm,60kg,베이지색봄점퍼,남색바지,검정운동화
vo.la/WpNbg / ☎112 [경기북부경찰청]",경기도 구리시 ,2025-04-21 20:13,,안전안내,211346,기타,
"동대문구 주민인 김정태씨(남, 81세)를 찾습니다 -170cm,70kg, 검정점퍼, 검정신발, 검정색털모자 착용 vo.la/CrmGr / ☎182 [서울경찰청]","서울특별시 동대문구 ,서울특별시 성동구 ",2025-04-22 9:30,,안전안내,211348,기타,
"성북구 주민인 박영상씨(남,60세)를 찾습니다 -167cm,백발,회색점퍼(가슴부위 흰색줄무늬),검정바지,비니모자 vo.la/vJZDh / ☎182 [서울경찰청]","서울특별시 노원구 ,서울특별시 성북구 ",2025-04-22 10:27,,안전안내,211349,기타,
"성북구 주민인 박성식씨(남, 69세)를 찾습니다 -167cm,연두색상의,남색바지,하늘색슬리퍼,팔목하늘색치매밴드 vo.la/XTsaM / ☎182 [서울경찰청]","서울특별시 동대문구 ,서울특별시 성북구 ",2025-04-22 14:49,,안전안내,211351,기타,
"도봉구에서 실종된 이창수씨(남, 75세)를 찾습니다 -170cm, 밝은분홍색 가로줄무늬 티셔츠, 남색추리닝 바지 vo.la/zAFNb / ☎182 [서울경찰청]",서울특별시 도봉구 ,2025-04-22 15:41,,안전안내,211352,기타,
"고양시에서 실종된 지종순씨(여,75세)를 찾습니다 -150cm,검정색반롱패딩,검정바지,흰운동화,모자,검정가방 vo.la/hsrdm / ☎182 [경기북부경찰청]","경기도 고양시 덕양구 ,경기도 고양시 일산동구 ,경기도 고양시 일산서구 ",2025-04-22 17:41,,안전안내,211354,기타,
"은평구에서 목격된 지종순씨(여, 75세)를 찾습니다 -150cm,검정색반롱패딩,검정바지,흰운동화,모자,검정가방 vo.la/hsrdm / ☎182 [서울경찰청]",서울특별시 은평구 ,2025-04-22 17:42,,안전안내,211355,기타,
어제 18:35경 미아동1354(벽산라이브파크) 114동 인근 야생멧돼지 출몰. 색출 중으로 인근 주민들은 외출을 자제하시고 안전에 주의하시기 바랍니다.[강북구],서울특별시 강북구 ,2025-04-23 6:00,,안전안내,211360,기타,
"파주시 주민인 함규혁씨(남,86세)를 찾습니다 -165cm,짙은색바람막이,등산복바지,안경,검정모자,검정백팩 vo.la/ukENa / ☎112 [경기북부경찰청]",경기도 파주시 ,2025-04-23 8:51,,안전안내,211361,기타,
"중원구에서 목격된 함규혁씨(남,86세)를 찾습니다-165cm,짙은색바람막이,등산복바지,안경,검정모자,검정백팩 vo.la/ukENa / ☎182 [경기남부경찰청]","경기도 성남시 수정구 ,경기도 성남시 중원구 ,경기도 성남시 분당구 ",2025-04-23 9:02,,안전안내,211362,기타,
"양평군에서 목격된 김준하씨(남,65세)를 찾습니다- 남색티,얼룩몸빼바지,밤색신발,페트병실린카트,마스크 vo.la/duQwD / ☎182 [경기남부경찰청]",경기도 양평군 ,2025-04-23 9:34,,안전안내,211363,기타,
"남양주시에서 목격된 김준하씨(남,65세)를 찾습니다- 남색티,얼룩몸빼바지,밤색신발,페트병실린카트,마스크 vo.la/duQwD / ☎182 [경기북부경찰청]",경기도 남양주시 ,2025-04-23 9:48,,안전안내,211364,기타,
"노원구에서 실종된 이봉길씨(남,81세)를 찾습니다 -154cm,77kg,호피무늬티,검정바지,검정구두,검정선글라스 vo.la/DRmNm / ☎182 [서울경찰청]","서울특별시 노원구 ,서울특별시 성북구 ",2025-04-23 16:53,,안전안내,211373,기타,
"노원구 주민인 원정수씨(남,79세)를 찾습니다 -160cm,50kg, 검정조끼,파랑긴티,검정바지,파랑운동화 vo.la/FVhWP / ☎182 [서울경찰청]","서울특별시 강북구 ,서울특별시 노원구 ",2025-04-23 17:38,,안전안내,211375,기타,
"기흥구 주민인 조정호씨(남,70세)를 찾습니다 -172cm,55kg,백발짧은머리,보행불편(종종걸음) vo.la/DJWMs / ☎112 [경기남부경찰청]","경기도 용인시 처인구 ,경기도 용인시 기흥구 ,경기도 용인시 수지구 ",2025-04-23 19:00,,안전안내,211376,기타,
"분당구에서 최종목격된 조정호씨(남,70세)를 찾습니다 -172cm,55kg,백발짧은머리,보행불편(종종걸음) vo.la/DJWMs / ☎112 [경기남부경찰청]","경기도 성남시 수정구 ,경기도 성남시 중원구 ,경기도 성남시 분당구 ",2025-04-23 19:06,,안전안내,211377,기타,
안성시 미양면 협동화산업단지 내 공장 화재발생(17:31발생)으로 다량의 연기가 발생하고 있으니 창문을 닫고 안전에 유의하시기 바랍니다.[안성시청],경기도 안성시 ,2025-04-23 19:52,,안전안내,211378,화재,
"성북구 주민인 나하람씨(남,32세)를 찾습니다 -178cm,빨강점퍼,회색후드티,검정바지,검정운동화,알록달록팔찌 vo.la/RuYsR / ☎112 [서울경찰청]",서울특별시 성북구 ,2025-04-23 20:03,,안전안내,211379,기타,
"중구에서 목격된 나하람씨(남,32세)를 찾습니다 -178cm,빨강점퍼,회색후드티,검정바지,검정운동화,알록달록팔찌 vo.la/RuYsR / ☎112 [서울경찰청]",서울특별시 중구 ,2025-04-23 20:07,,안전안내,211380,기타,
"오늘19시30분경 김포시 양촌읍 유현리 456-9 공장건물 화재 발생으로 연기다량발생, 인근 주민은 안전한 곳으로 대피하여 주시기 바랍니다. [김포시]","경기도 김포시 양촌읍,경기도 김포시 대곶면",2025-04-23 20:35,,안전안내,211381,화재,
"중랑구에서 배회 중인 윤귀태씨(남,80세)를 찾습니다-162cm,검정긴팔티,밝은회색조끼,캡모자,검정자전거 
vo.la/HxfGV / ☎112 [서울경찰청]",서울특별시 중랑구 ,2025-04-24 8:13,,안전안내,211383,기타,
"영등포구에서 최종 목격된 이유경씨(여,22세)를 찾습니다-155cm,80kg,검정바람막이,연한청바지,흰색운동화 
vo.la/xFECU / ☎182 [서울경찰청]",서울특별시 영등포구 ,2025-04-24 9:42,,안전안내,211388,기타,
"하남시에서 목격된 양광자씨(여,86세)를 찾습니다-160cm,50kg,꽃무늬상의,갈색바지,검정우산,지팡이
vo.la/kxgqB / ☎182 [경기남부경찰청]",경기도 하남시 ,2025-04-24 11:31,,안전안내,211390,기타,
"도봉구 주민인 김복진씨(남,69세)를 찾습니다 -174cm,60kg,검정티셔츠,회색바지,회색신발,걸음걸이 절뚝임
vo.la/OpWfk / ☎182 [서울경찰청]","서울특별시 강북구 ,서울특별시 도봉구 ",2025-04-24 17:17,,안전안내,211393,기타,
"중랑구 주민인 손기수씨(남,85세)를 찾습니다 -161cm,70kg,흰색(상하의,모자,운동화),검정가방,지팡이
vo.la/mwTUD / ☎112 [서울경찰청]",서울특별시 중랑구 ,2025-04-24 19:44,,안전안내,211400,기타,
"금천구에서 목격된 손기수씨(남,85세)를 찾습니다-161cm,70kg,흰색(상하의,모자,운동화),검정가방,지팡이 
vo.la/mwTUD/ ☎112 [서울경찰청]",서울특별시 금천구 ,2025-04-24 19:47,,안전안내,211401,기타,
"강서구 주민인 서금자씨(여, 74세)를 찾습니다 -155cm,꽃무늬남색바람막이,검정바지,검정신발,안경,흰마스크 vo.la/nrtxM / ☎112 [서울경찰청]",서울특별시 강서구 ,2025-04-25 8:56,,안전안내,211406,기타,
"경찰은 성동구 주민인 심영규씨(남, 81세)를 찾습니다 -167cm, 73kg, 흰색모자, 남색패딩, 검정자전거 vo.la/xtOLi / ☎182 [서울경찰청]","서울특별시 광진구 ,서울특별시 성동구 ",2025-04-25 9:40,,안전안내,211407,기타,
"동대문구에서 배회중인 윤귀태씨(남, 80세)를 찾습니다 -162cm, 검정색 상하의, 회색조끼, 검정전기자전거 vo.la/HxfGV / ☎182 [서울경찰청]",서울특별시 동대문구 ,2025-04-25 9:50,,안전안내,211408,기타,
"김포 지역 최근 들어 주택, 공장 화재가 빈번히 발생해 재산 피해가 매우 큽니다. 인명피해 발생 없도록 점검 등 각별히 주의 바랍니다. [김포시]",경기도 김포시 ,2025-04-25 9:59,,안전안내,211409,화재,
"강서구 주민인 박영수씨(남, 84세)를 찾습니다 -164cm,검정빵모자,검정잠바,검정바지(흰색줄무늬),검정운동화 vo.la/POYxe / ☎182 [서울경찰청]",서울특별시 강서구 ,2025-04-25 11:18,,안전안내,211411,기타,
"수원시에서 실종된 최영복씨(남, 73세)를 찾습니다 -155cm,50kg,검정색상하의,검정신발,안경,물병소지 vo.la/KMaDA / ☎182 [경기남부경찰청]","경기도 수원시 장안구 ,경기도 수원시 권선구 ,경기도 수원시 팔달구 ,경기도 수원시 영통구 ",2025-04-25 17:10,,안전안내,211417,기타,
"성북구에서 배회중인 정인수씨(남,51세)를 찾습니다 -172cm,스포츠머리,검정바람막이잠바,카키색바지,검정운동화 vo.la/CKJhb / ☎182 [서울경찰청]","서울특별시 동대문구 ,서울특별시 성북구 ",2025-04-25 17:23,,안전안내,211418,기타,
"20:10경 초이동 93-1 창고 화재 발생으로 연기가 다량 발생 중이니, 인근 주민께서는 창문을 닫고 외출을 자제하여 주시기 바랍니다. [하남시]",경기도 하남시 ,2025-04-25 20:43,,안전안내,211422,화재,
"부천시 주민인 김정남씨(남,32세)를 찾습니다 -175cm,45kg, 파란조끼, 검정바지 vo.la/uWkBc / ☎112 [경기남부경찰청]","경기도 부천시 원미구 ,경기도 부천시 소사구 , 부천시 오정구 ",2025-04-26 11:24,,안전안내,211426,기타,
"동대문구 주민인 정태복씨(남,52세)를 찾습니다-158cm,63kg,회색점퍼,검정바지,검정슬리퍼,검정모자,마름 vo.la/VsyoY / ☎112 [서울경찰청]","서울특별시 동대문구 ,서울특별시 성북구 ",2025-04-26 11:36,,안전안내,211427,기타,
"성북구 주민인 윤수자씨(여,75세)를 찾습니다 -164cm,45kg,흰색계열상의,검정바지,흰색운동화 vo.la/ybVuC / ☎182 [서울경찰청]","서울특별시 노원구 ,서울특별시 성북구 ",2025-04-26 12:19,,안전안내,211428,기타,
"송파구에서 목격된 장성태씨(남,87세)를 찾습니다-160cm,회색카라긴팔티,회색바지,회색챙모자,마스크,마름 vo.la/SIssL / ☎182 [서울경찰청]",서울특별시 송파구 ,2025-04-26 15:17,,안전안내,211429,기타,
"강서구 주민인 이홍심씨(여,72세)를 찾습니다-156cm,검정외투,회색맨투맨티,검정바지,검정신발,파마묶음머리 vo.la/fztUh / ☎182 [서울경찰청]",서울특별시 강서구 ,2025-04-26 15:52,,안전안내,211430,기타,
"부천시에서 배회중인 이홍심씨(여,72세)를 찾습니다 -검정외투,회색맨투맨티,검정바지,검정신발,파마묶음머리 vo.la/fztUh / ☎182 [경기남부경찰청]","경기도 부천시 원미구 ,경기도 부천시 소사구 , 부천시 오정구 ",2025-04-26 15:58,,안전안내,211431,기타,
"수원시 주민인 김성덕씨(남,86세)를 찾습니다-187cm,90kg,검정잠바,남색바지,검정운동화,백발
vo.la/CnMAK / ☎112 [경기남부경찰청]","경기도 수원시 장안구 ,경기도 수원시 권선구 ,경기도 수원시 팔달구 ,경기도 수원시 영통구 ",2025-04-27 15:32,,안전안내,211447,기타,
"중구 주민인 조성임씨(여,80세)를 찾습니다-160cm,40kg,붉은계통셔츠,검정바지,진회색손가방,지팡이
vo.la/ohtyo / ☎112 [서울경찰청]",서울특별시 중구 ,2025-04-27 18:45,,안전안내,211451,기타,
금일 22:03경 강북구 미아동 산 108-97 (향천사 배드민턴장) 근처 야생멧돼지 출몰. 인근 주민들은 외출을 자제하시고 안전에 주의하시기 바랍니다.[강북구],서울특별시 강북구 ,2025-04-27 22:15,,안전안내,211452,기타,
어제 22:03경 미아동 산108-97(향천사 배드민턴장) 근처 야생멧돼지 출몰. 색출 중으로 주민들은 외출을 자제하시고 안전에 주의하시기 바랍니다.[강북구],서울특별시 강북구 ,2025-04-28 6:04,,안전안내,211453,기타,
"수원시에서 실종된 배재만씨(남, 82세)를 찾습니다 -165cm, 80kg, 자주색피케티셔츠, 검정바지 착용 vo.la/vzXvM / ☎112 [경기남부경찰청]","경기도 수원시 장안구 ,경기도 수원시 권선구 ,경기도 수원시 팔달구 ,경기도 수원시 영통구 ",2025-04-28 9:40,,안전안내,211454,기타,
날씨가 청명하여 산불 위험이 높습니다. ▲폐기물 불법 소각 금지! ▲논·밭두렁 소각 금지! ▲입산 시  화기 소지 금지! 꼭 지켜주시기 바랍니다.[김포시],경기도 김포시 ,2025-04-28 10:20,,안전안내,211457,산불,
"평택시 주민인 채은귀씨(여,77세)를 찾습니다-158cm,흰색체크남방,검정바지,흰신발,연두색마스크,주황스카프 vo.la/iJjHs / ☎112 [경기남부경찰청]",경기도 평택시 ,2025-04-28 11:13,,안전안내,211458,기타,
"오늘 13:52 남양주시 일패동 720-8 창고에서 화재 발생. 차량은 건물 주변 도로를 우회하고, 인근 시민은 연기 흡입에 주의하여주시기 바랍니다.[남양주시]","경기도 남양주시 금곡동,경기도 남양주시 일패동,경기도 남양주시 이패동,경기도 남양주시 삼패동,경기도 남양주시 수석동,경기도 남양주시 지금동,경기도 남양주시 다산동,경기도 남양주시 진건읍",2025-04-28 14:48,,안전안내,211462,화재,
"양천구 주민인 김종순씨(여,81세)를 찾습니다 -155cm,48kg,하늘색무늬긴팔티,베이지색모자,허리굽음,지팡이 vo.la/EEqmo / ☎112 [서울경찰청]",서울특별시 양천구 ,2025-04-28 18:59,,안전안내,211464,기타,
"노원구에서 목격된 조치원씨(남,64세)를 찾습니다-170cm,70kg,빨강체크남방,남색긴바지,남색모자,회색운동화 vo.la/KQfSx / ☎112 [서울경찰청]",서울특별시 노원구 ,2025-04-29 8:46,,안전안내,211467,기타,
"강남구 주민인 심세윤(남,17세)을 찾습니다-175cm,60kg,파랑체크무늬셔츠,하늘색반팔티,회색긴바지,하늘색배낭 vo.la/ycmjX/ ☎182 [서울경찰청]","서울특별시 강남구 ,서울특별시 용산구 ",2025-04-29 10:14,,안전안내,211469,기타,
"양천구에서 실종된 김평곤씨(남,77세)를 찾습니다 -168cm,68kg, 백발,검정상하의운동복,검정운동화  vo.la/fRQXQ / ☎182 [서울경찰청]","서울특별시 강서구 ,서울특별시 양천구 ",2025-04-29 11:19,,안전안내,211470,기타,
"송파구에서 실종된 장경옥씨(여,88세)를 찾습니다-150cm,42kg,밤색반짝이티,밤색주름바지,회색조끼,회색신발 vo.la/RsXAy / ☎182 [서울경찰청]",서울특별시 송파구 ,2025-04-29 15:32,,안전안내,211474,기타,
"강서구 주민인 박계순씨(남,82세)를 찾습니다 -남색점퍼,남색면바지,빨강운동화,빨강모자,검정뿔테안경,흰마스크 vo.la/eGMpU / ☎112 [서울경찰청]",서울특별시 강서구 ,2025-04-29 18:12,,안전안내,211476,기타,
"종로구에서 목격된 박계순씨(남,82세)를 찾습니다 -남색점퍼,남색면바지,빨강운동화,빨강모자,검정뿔테안경,흰마스크 vo.la/eGMpU / ☎112 [서울경찰청]",서울특별시 종로구 ,2025-04-29 18:16,,안전안내,211477,기타,
오늘 22:04 방산동 244-4 고물상 화재 발생. 연기 등 유해물질 유입이 우려되오니 창문을 닫는 등 안전사고 발생에 유의 바랍니다.[시흥시청],"경기도 시흥시 신천동,경기도 시흥시 방산동,경기도 시흥시 포동,경기도 시흥시 미산동",2025-04-29 22:31,,안전안내,211478,화재,
"양천구에서 배회중인 문창희씨(남,82세)를 찾습니다-160cm,긴팔상의(청색,검정),검정바지,베이지색등산화 
vo.la/VUJTo / ☎182 [서울경찰청]",서울특별시 양천구 ,2025-04-30 9:31,,안전안내,211479,기타,
"12:05 초지동 652-2에서 화재 발생. 차량은 주변 도로로 우회하시고, 인근 주민께서는 연기흡입 등 안전사고에 유의하시기 바랍니다.[안산시청]","경기도 안산시 상록구 ,경기도 안산시 단원구 ",2025-04-30 12:26,,안전안내,211480,화재,
12:05 초지동 652-2 공단 화재 발생. 연기 등 유해물질 유입이 우려되오니 창문을 닫는 등 안전사고 발생에 유의 바랍니다.[안산시청],"경기도 안산시 상록구 ,경기도 안산시 단원구 ",2025-04-30 13:23,,안전안내,211483,화재,
"시흥시에서 배회 중인 김두일씨(남,55세)를 찾습니다 -176cm,60kg,회색상하의,검정슬리퍼 
vo.la/mKxVd / ☎182 [경기남부경찰청]",경기도 시흥시 ,2025-04-30 13:23,,안전안내,211484,기타,
오늘 12:05 안산시 초지동 652-2 플라스틱 공장 화재 발생. 인근 지역 주민들은 창문을 닫는 등 연기 흡입 안전사고에 유의 하시기 바랍니다. [시흥시청],경기도 시흥시 정왕동,2025-04-30 13:26,,안전안내,211485,화재,
"성동구 주민인 김종익씨(남,88세)를 찾습니다-159cm,51kg,남색체크무늬남방,검정바지,지팡이,허리약간굽음 
vo.la/fLhDG / ☎182 [서울경찰청]",서울특별시 성동구 ,2025-04-30 13:33,,안전안내,211486,기타,
"송파구에서 최종 목격된 김종익씨(남,88세)를 찾습니다-159cm,남색체크무늬남방,검정바지,지팡이,허리약간굽음 
vo.la/fLhDG / ☎182 [서울경찰청]",서울특별시 송파구 ,2025-04-30 13:40,,안전안내,211487,기타,
"금일 12:05 안산시 초지동 652-2 플라스틱 공장 화재 발생. 인근 주민은 창문을 닫고, 연기흡입 및 안전에 유의하시기 바랍니다.[화성시]",경기도 화성시 남양읍,2025-04-30 14:34,,안전안내,211488,화재,
"16:30경 월곶동 삼거리 서해안로 인근 도로공사 현장에서 구조물(교량)이 붕괴하여, 도로 통제중이오니 차량 우회하여 주시기 바랍니다. [시흥시청]","경기도 시흥시 월곶동,경기도 시흥시 정왕동,경기도 시흥시 배곧동",2025-04-30 17:18,,안전안내,211491,기타,
월곶동 삼거리 서해안로 인근 공사현장사고로 교통정체가 극심하오니 차량은 우회하여 주시기 바랍니다. [시흥시청],"경기도 시흥시 대야동,경기도 시흥시 신천동,경기도 시흥시 안현동,경기도 시흥시 산현동,경기도 시흥시 월곶동,경기도 시흥시 정왕동,경기도 시흥시 배곧동",2025-04-30 17:34,,안전안내,211492,기타,
서해안로 월곶 삼거리 일원 전방향 도로통제로 인해 교통정체가 극심하오니 차량은 우회하여 주시기 바랍니다. [시흥시청],경기도 시흥시 ,2025-04-30 17:45,,안전안내,211493,기타,
서해안로 월곶 삼거리 신천동에서 월곶동 방향 도로통제로 인해 교통정체가 극심하오니 차량은 우회하여 주시기 바랍니다. [시흥시청],경기도 시흥시 ,2025-04-30 17:56,,안전안내,211495,기타,
"구로구에서 배회중인 문창희씨(남,82세)를 찾습니다-160cm,긴팔상의(청색,검정),검정바지,베이지색등산화 
vo.la/VUJTo / ☎112 [서울경찰청]",서울특별시 구로구 ,2025-04-30 18:59,,안전안내,211497,기타,
"현재 구래동,마산동 일부지역에서 정전되어 복구 중이니, 지역주민들께서는 전기 기기의 전원을 모두 끄고 손전등을 사용하는등 안전사고에 유의하시기 바랍니다[김포시청]","경기도 김포시 마산동,경기도 김포시 구래동",2025-05-01 1:25,,안전안내,211501,정전,
"서해안로 월곶 삼거리 신천동에서 월곶동 방향 도로통제 해제되었습니다. 단 09시 이후부터 일부 보수 예정이오니, 서행하여 주시기 바랍니다.[시흥시청]",경기도 시흥시 ,2025-05-01 6:48,,안전안내,211502,기타,
"시흥시에서 실종된 강주성씨(남,67세)를 찾습니다-160cm,55kg,회색(검정)점퍼,청바지,검정신발,안경 
vo.la/MFyep / ☎182 [경기남부경찰청]",경기도 시흥시 ,2025-05-01 16:52,,안전안내,211505,기타,
"강서구 주민인 박인섭씨(남,83세)를 찾습니다-167cm,70kg,푸른색상의,남색바지,검정운동화,반백스포츠머리
vo.la/KVsmS / ☎182 [서울경찰청]",서울특별시 강서구 ,2025-05-01 17:42,,안전안내,211507,기타,
"성동구 주민인 권희승씨(남,26세)를 찾습니다-176cm,87kg,녹색(노란색)점퍼,검정바지,검정운동화
vo.la/iwzhh/ ☎112 [서울경찰청]","서울특별시 성동구 ,서울특별시 중구 ",2025-05-01 18:12,,안전안내,211508,기타,
"안성시 주민인 김영숙씨(여,84세)를 찾습니다-152cm,48kg,검정긴팔티,검정얼룩무늬몸배바지,검정고무신발 
vo.la/LMGuV/ ☎182 [경기남부경찰청]",경기도 안성시 ,2025-05-02 11:33,,안전안내,211512,기타,
"양주시에서 목격된 임홍상씨(남,70세)를 찾습니다-170cm,60kg,검정패딩조끼,회색바지,베이지색야구모자 
vo.la/Fyhsi / ☎182 [경기북부경찰청]",경기도 양주시 ,2025-05-02 16:00,,안전안내,211513,기타,
"성남시에서 배회중인 심이안(남,17세)을 찾습니다-182cm,105kg,흰색반팔,검정아디다스바지,검정크록스 
vo.la/ZocZd / ☎112 [경기남부경찰청]","경기도 성남시 수정구 ,경기도 성남시 중원구 ,경기도 성남시 분당구 ",2025-05-02 19:48,,안전안내,211516,기타,
"시흥시 주민인 장선규씨(남,45세)를 찾습니다 -178cm,스포츠형두발,회색잠바,검정계열(모자,긴바지,신발) vo.la/hfwCy / ☎182 [경기남부경찰청]",경기도 시흥시 ,2025-05-03 11:01,,안전안내,211518,기타,
"강서구 주민인 권병란씨(여, 89세)를 찾습니다 -150cm, 퍼머머리, 검정계열 꽃무늬상하의, 갈색구두슬리퍼 vo.la/qrsvz / ☎182 [서울경찰청]",서울특별시 강서구 ,2025-05-03 14:20,,안전안내,211519,기타,
"포천시 주민인 최준영씨(남, 22세)를 찾습니다 -160cm,53kg, 민트색반팔후드, 검정반바지, 흰운동화 vo.la/HGwHM / ☎182 [경기북부경찰청]",경기도 포천시 ,2025-05-03 16:45,,안전안내,211520,기타,
"송파구에서 배회중인 최준영씨(남, 22세)를 찾습니다 -160cm,53kg,민트색반팔후드,검정반바지,흰운동화 vo.la/HGwHM / ☎182 [서울경찰청]",서울특별시 송파구 ,2025-05-03 16:46,,안전안내,211521,기타,
"오산시 주민인 정숙자씨(여, 71세)를 찾습니다 -150cm, 곱슬단발머리, 파란색반팔원피스, 회색슬리퍼 vo.la/AoJwi / ☎112 [경기남부경찰청]",경기도 오산시 ,2025-05-03 20:32,,안전안내,211524,기타,
"용산구에서 목격된 김종용씨(남,79세)를 찾습니다 -158cm,55kg,하늘색반팔티,남색반바지,검정운동화,백발
vo.la/nutOr / ☎112 [서울경찰청]",서울특별시 용산구 ,2025-05-04 9:08,,안전안내,211528,기타,
"광진구에서 배회 중인 남궁미소(여,16세)를 찾습니다-156cm,흰모자,검정운동화,검정바지,회색상의,검정크로스백
vo.la/VMWqz / ☎112 [서울경찰청]",서울특별시 광진구 ,2025-05-04 17:50,,안전안내,211532,기타,
"동작구 주민인 전안수씨(남,78세)를 찾습니다-170cm,긴팔자켓,어두운색바지,녹색조끼,하늘색모자,안경착용 vo.la/XzgWt / ☎112 [서울경찰청]","서울특별시 동작구 ,서울특별시 서초구 ",2025-05-04 19:06,,안전안내,211535,기타,
"호우예비특보 발효, 오늘 오후부터 많은비가 예상되오니 지하건축물에 물이 조금이라도 차오르면 대피하여 주시고 하천 및 해안가 출입을 금하여 주시기바랍니다[안산시청]",경기도 안산시 ,2025-05-05 8:41,,안전안내,211542,호우,
"시흥시 호우예비특보 발표, 하천변, 지하건축물, 급경사지 등 위험지역 출입을 자제하여 주시고, 위험징후 발견 시 즉시 대피하여 주시기 바랍니다.[시흥시청]",경기도 시흥시 ,2025-05-05 8:52,,안전안내,211543,호우,
"동대문구에서 실종된 김순임씨(여,90세)를 찾습니다-145cm,백발,주황색상의,검정바지,보행기,모자썼다벗었다함 
vo.la/wfNSg / ☎112 [서울경찰청]","서울특별시 동대문구 ,서울특별시 종로구 ",2025-05-05 9:25,,안전안내,211546,기타,
"마포구 주민인 조영조씨(남,80세)를 찾습니다-160cm,60kg,반백머리,진회색긴팔티,회색반바지,검정슬리퍼 
vo.la/HtgkR / ☎112 [서울경찰청]","서울특별시 마포구 ,서울특별시 서대문구 ",2025-05-05 11:03,,안전안내,211557,기타,
"내일까지 도내 전 지역에 많은 비가 예상됩니다. 하천변 산책로, 산간계곡에서 즉시 이동하고, 저지대 거주자는 침수에 대비하시기 바랍니다. [경기도청]",경기도 전체 ,2025-05-05 11:05,,안전안내,211558,호우,
"김포지역 내일 새벽까지 시간당 최대 8mm의 많은 비 예상(누적 최대 80mm). 위험지역 출입금지, 사전대피로 인명피해 없도록 유의해 주세요[김포시청]",경기도 김포시 ,2025-05-05 12:32,,긴급재난,211567,호우,
"종로구 주민인 강길현씨(남,55세)를 찾습니다-170cm,스포츠머리(반백),검정긴팔티,회색추리닝바지,슬리퍼 
vo.la/tGmyJ / ☎112 [서울경찰청]",서울특별시 종로구 ,2025-05-05 18:05,,안전안내,211594,기타,
"노원구에서 배회중인 강길현씨(남,55세)를 찾습니다-170cm,스포츠머리(반백),검정긴팔티,회색추리닝바지,슬리퍼 vo.la/tGmyJ / ☎112 [서울경찰청]",서울특별시 노원구 ,2025-05-06 11:24,,안전안내,211635,기타,
"동작구에서 실종된 조수현씨(여, 87세)를 찾습니다 -160cm,45kg,회색긴팔상의,검정바지,체크무늬우산 vo.la/spwvk / ☎112 [서울경찰청]",서울특별시 동작구 ,2025-05-06 15:35,,안전안내,211638,기타,
"구리시 주민인 최복흥씨(남,81세)를 찾습니다 -170cm,파란색긴팔티셔츠,검정바지,검정슬리퍼,검정모자,안경 vo.la/onloP / ☎112 [경기북부경찰청]",경기도 구리시 ,2025-05-06 17:23,,안전안내,211641,기타,
20시부터 안산호수공원에서 국제거리극축제 폐막식(불꽃놀이 등)이 진행됩니다. 소리에 놀라지 마시고 안전거리 확보 등 사고에 유의하시기 바랍니다.[안산시청],경기도 안산시 ,2025-05-06 19:00,,안전안내,211642,교통,
"서초구에서 배회중인 최복흥씨(남,81세)를 찾습니다-170cm,파란색긴팔티셔츠,검정바지,검정슬리퍼,검정모자,안경 vo.la/onloP / ☎112 [서울경찰청]",서울특별시 서초구 ,2025-05-06 20:00,,안전안내,211644,기타,
국제거리극축제가 종료되었습니다. 교통혼잡이 예상되오니 시민 여러분께서는 안전에 유의하여 귀가하시고 경찰 및 관계자의 통제에 적극 협조 부탁드립니다.[안산시청],경기도 안산시 ,2025-05-06 21:12,,안전안내,211646,교통,
"성남시 주민인 이정임씨(여,41세)를 찾습니다-165cm,70kg,분홍색아디다스후드,연두색슬리퍼,남색우산
vo.la/TusOs / ☎182 [경기남부경찰청]","경기도 성남시 수정구 ,경기도 성남시 중원구 ,경기도 성남시 분당구 ",2025-05-07 10:20,,안전안내,211652,기타,
"구로구에서 실종된 김상오씨(남,75세)를 찾습니다-173cm,65kg,검정모자,회색점퍼,검정바지,검정큰크로스백
vo.la/TfzyO / ☎182 [서울경찰청]","서울특별시 구로구 ,서울특별시 금천구 ",2025-05-07 10:40,,안전안내,211653,기타,
"강동구 주민인 이충길씨(남,81세)를 찾습니다-170cm,58kg,검정모자,검정상하의트레이닝복,어두운운동화
vo.la/uSybK / ☎182 [서울경찰청]",서울특별시 강동구 ,2025-05-07 10:52,,안전안내,211654,기타,
"부천시에서 실종된 홍근식씨(남,73세)를 찾습니다-175cm,70kg,검정색패딩,남색긴바지,흰색운동화
vo.la/OxHrh / ☎112 [경기남부경찰청]","경기도 부천시 원미구 ,경기도 부천시 소사구 , 부천시 오정구 ",2025-05-07 18:34,,안전안내,211658,기타,
"부천시에서 목격된 이순황씨(남,80세)를 찾습니다-155cm,백발,검정상의,검정하의,검정운동화,노란우산
vo.la/EEpVe / ☎112 [경기남부경찰청]","경기도 부천시 원미구 ,경기도 부천시 소사구 , 부천시 오정구 ",2025-05-07 19:21,,안전안내,211659,기타,
"송파구에서 배회중인 이충길씨(남,81세)를 찾습니다-170cm,58kg,검정모자,검정상하의트레이닝복,운동화 
vo.la/uSybK / ☎112 [서울경찰청]",서울특별시 송파구 ,2025-05-08 8:13,,안전안내,211660,기타,
"금천구 주민인 김상훈씨(남,29세)를 찾습니다 -180cm, 70kg, 회색점퍼, 분홍과 붉은색 줄무늬반팔티 
vo.la/BSpyu / ☎112 [서울경찰청]",서울특별시 금천구 ,2025-05-08 8:24,,안전안내,211661,기타,
"마포구에서 배회중인 김상훈씨(남,29세)를 찾습니다-180cm, 70kg, 회색점퍼, 분홍과붉은색줄무늬반팔티 
vo.la/BSpyu / ☎112 [서울경찰청]",서울특별시 마포구 ,2025-05-08 8:26,,안전안내,211662,기타,
"강북구에서 배회중인 송미영(여,16세)을 찾습니다-160cm,검정아디다스운동복상의,회색운동복하의,검정슬리퍼 
vo.la/kEcQC / ☎182 [서울경찰청]",서울특별시 강북구 ,2025-05-08 11:01,,안전안내,211667,기타,
"동대문구 주민인 차광호씨(남,53세)를 찾습니다-188cm,75kg,파란점퍼,어두운바지,갈색운동화,얼룩무늬가방
vo.la/NcAie / ☎182 [서울경찰청]","서울특별시 마포구 ,서울특별시 서대문구 ",2025-05-08 17:38,,안전안내,211676,기타,
"금일 09:06경 인천북항터널 인천방향 차량 화재사고로 인해 해당구간 양방향 전면통제중, 교통정보 확인 및 우회바랍니다. [인천김포고속도로㈜]","경기도 김포시 ,인천광역시 전체 ",2025-05-09 9:21,,안전안내,211682,기타,
"용산구 주민인 이필혁씨(남,87세)를 찾습니다-154cm,검정상의,검정긴바지,검정운동화,검정크로스백,등산스틱소지 vo.la/GvFGU / ☎182 [서울경찰청]",서울특별시 용산구 ,2025-05-09 16:12,,안전안내,211685,기타,
"양천구에서 실종된 최광일씨(남,82세)를 찾습니다-165cm,흰색모자,파랑티셔츠,검정긴바지,짝이다른신발착용 vo.la/WydsN / ☎112 [서울경찰청]",서울특별시 양천구 ,2025-05-09 20:04,,안전안내,211688,기타,
"노원구 주민인 임종철씨(남,82세)를 찾습니다 -175cm,79kg,빨간티셔츠,갈색자켓,회색트레이닝복
vo.la/ZymUh / ☎182 [서울경찰청]",서울특별시 노원구 ,2025-05-10 9:30,,안전안내,211692,기타,
"남양주시에서 목격된 임종철씨(남,82세)를 찾습니다 -175cm,79kg,빨간티셔츠,갈색자켓,회색트레이닝복
vo.la/ZymUh / ☎182 [경기북부경찰청]",경기도 남양주시 ,2025-05-10 9:31,,안전안내,211693,기타,
"우면산에서 실종된 한태호(남,18세)를 찾습니다-172cm,60kg,청록색긴팔티셔츠,검정추리닝바지,목걸이형마스크 vo.la/zemfT / ☎182 [서울경찰청]",서울특별시 서초구 ,2025-05-10 12:50,,안전안내,211694,기타,
"우면산에서 실종된 한태호(남,18세)를 찾습니다-172cm,청록색긴팔티셔츠,검정추리닝바지,목걸이형마스크 vo.la/zemfT / ☎182 [경기남부경찰청]",경기도 과천시 ,2025-05-10 12:52,,안전안내,211695,기타,
"영등포구 주민인 김재선씨(여,86세)를 찾습니다-160cm,보라색스웨터,남색바지,빨간운동화,흰색주머니,모자
vo.la/dxoUr / ☎182 [서울경찰청]",서울특별시 영등포구 ,2025-05-10 17:00,,안전안내,211697,기타,
"구리시에서 실종된 김영순씨(여,71세)를 찾습니다 -155cm,40kg,주황색상의,검정바지,분홍슬리퍼,백발
vo.la/VodOh / ☎112 [경기북부경찰청]",경기도 구리시 ,2025-05-10 18:43,,안전안내,211701,기타,
"중랑구 주민인 남문선씨(여,71세)를 찾습니다-164cm,60kg,검정상의,검정바지,검정신발,갈색가방,금색반지 
vo.la/BktOG / ☎112 [서울경찰청]","서울특별시 동대문구 ,서울특별시 중랑구 ",2025-05-11 8:38,,안전안내,211703,기타,
"강서구에서 실종된 신승현씨(여,27세)를 찾습니다-177cm,흰색계열후드점퍼,회색바지,초록색컨버스화,남색가방
vo.la/AQhHe / ☎112 [서울경찰청]","서울특별시 강서구 ,서울특별시 영등포구 ",2025-05-11 9:11,,안전안내,211705,기타,
"부천시에서 목격된 전재환씨(남,48세)를 찾습니다-172cm,80kg,남색점퍼,청바지,흰마스크,후두부수술자국 
vo.la/phocA/ ☎112 [경기남부경찰청]","경기도 부천시 원미구 ,경기도 부천시 소사구 , 부천시 오정구 ",2025-05-11 9:47,,안전안내,211707,기타,
"김포지역 부주의와 전기적 요인으로 주택, 공장화재가 다수 발생하고 있습니다. 화기주의 및 자체 안전점검 등 시민행정과 재산 보호에 힘써주시기 바랍니다.[김포시청]",경기도 김포시 ,2025-05-11 11:45,,안전안내,211708,화재,
"도봉구에서 실종된 모연옥씨(여,71세)를 찾습니다-150cm,48kg,꽃무늬원피스와 스카프,검정벙거지모자,회색신발
vo.la/GrGZf/ ☎112 [서울경찰청]",서울특별시 도봉구 ,2025-05-11 11:51,,안전안내,211709,기타,
"성북구에서 목격된 모연옥씨(여,71세)를 찾습니다-150cm,48kg,꽃무늬원피스와 스카프,검정벙거지모자,회색신발
vo.la/GrGZf/ ☎112 [서울경찰청]",서울특별시 성북구 ,2025-05-11 11:58,,안전안내,211710,기타,
"안산시 강풍주의보 발효, 낙하물 안전사고에 유의하시고 간판, 비닐하우스 등 시설물은 고정하여 주시기 바랍니다.[안산시청]",경기도 안산시 ,2025-05-11 12:17,,안전안내,211711,기타,
"강풍주의보 발효, 낙하물 등 사고 발생 중으로 시민분들께서는 건물옥상 및 각종 낙하물 고정 등 사고 예방과 함께 가급적 외출은 삼가하시기 바랍니다.[시흥시]",경기도 시흥시 ,2025-05-11 13:01,,안전안내,211713,강풍,
현재 용산구에 강풍과 함께 비소식이 예보되어 있으니 강풍으로 인한 공사장 낙하물 예방조치와 간판추락 방지 등 안전사고에 특별히 유의하여 주시기 바랍니다.[용산구],서울특별시 용산구 ,2025-05-11 13:18,,안전안내,211714,강풍,
"현재 동작구에 강한 강풍이 불고 있으니 간판, 창문파손, 공사장 낙하물 등에 의한 안전사고에 유의하여 주시기 바랍니다. [동작구]",서울특별시 동작구 ,2025-05-11 14:13,,안전안내,211716,강풍,
"현재 강한 비바람이 불고 있습니다. 간판, 창문 파손, 공사장 낙하물 등에 의한 안전사고에 유의하여 주시기 바랍니다.[관악구청]",서울특별시 관악구 ,2025-05-11 15:00,,안전안내,211718,강풍,
"강동구 주민인 김찬녀씨(여,64세)를 찾습니다-154cm,43kg,베이지색반코트,초록색목티,남색치마,검정계통신발
vo.la/FDFyV / ☎112 [서울경찰청]","서울특별시 강동구 ,서울특별시 광진구 ",2025-05-11 16:00,,안전안내,211722,기타,
"오늘 04시경 심곡본동, 심곡본1동 일부 지역에 단수가 발생되고 있습니다. 현재 복구 중입니다.(11시 급수예정)[부천시청]",경기도 부천시 소사구 심곡본동,2025-05-12 6:23,,안전안내,211725,수도,
"강북구에서 실종된 유승득씨(남,78세)를 찾습니다-160cm,남색긴팔티(핑크,흰줄무늬),검정바지,백발머리,슬리퍼 vo.la/ZMjTB / ☎112 [서울경찰청]",서울특별시 강북구 ,2025-05-12 10:42,,안전안내,211728,기타,
"성동구 주민인 전재혁씨(남,25세)를찾습니다-170cm,50kg,회색패딩,흰색티,베이지색반바지,흰신발,파란색우산 vo.la/fAUDh / ☎112 [서울경찰청]",서울특별시 성동구 ,2025-05-12 13:10,,안전안내,211730,기타,
"부천시에서 목격된 전재혁씨(남,25세)를 찾습니다-170cm,회색패딩,흰색티,베이지색반바지,흰신발,파란색우산 vo.la/fAUDh / ☎112 [경기남부경찰청]","경기도 부천시 원미구 ,경기도 부천시 소사구 , 부천시 오정구 ",2025-05-12 13:12,,안전안내,211731,기타,
"송파구에서 목격된 박현오(남,13세)를 찾습니다-168cm,90kg,검정나이키후드집업,파랑티,검정바지,검정운동화 vo.la/UGUji / ☎112 [서울경찰청]",서울특별시 송파구 ,2025-05-12 19:35,,안전안내,211734,기타,
"도봉구에서 목격된 이강석씨(남,56세)를 찾습니다 -168cm,50kg,검정바람막이,검정바지,검정신발,흰마스크
vo.la/dQiou / ☎112 [서울경찰청]",서울특별시 도봉구 ,2025-05-13 18:44,,안전안내,211748,기타,
"고양시에서 실종된 조병순씨(여,61세)를 찾습니다-153cm,45kg,노란색바람막이점퍼,검정7부바지,흰단화
vo.la/rhcFc / ☎112 [경기북부경찰청]","경기도 고양시 덕양구 ,경기도 고양시 일산동구 ,경기도 고양시 일산서구 ",2025-05-13 20:11,,안전안내,211749,기타,
"종로구 주민인 권기년씨(여,87세)를 찾습니다-152cm,40kg,백발,보라색조끼,검정체크무늬바지,은팔찌착용 
vo.la/xitky / ☎112 [서울경찰청]",서울특별시 종로구 ,2025-05-14 8:34,,안전안내,211750,기타,
"동대문구 주민인 조성교씨(남,62세)를 찾습니다-165cm,56kg,파란색상의,검정바지(옆에파란줄),검정운동화
vo.la/kiVVM / ☎182 [서울경찰청]",서울특별시 동대문구 ,2025-05-14 9:34,,안전안내,211751,기타,
"노원구에서 목격된 조성교씨(남,62세)를 찾습니다-165cm,56kg,파란색상의,검정바지(옆에파란줄),검정운동화
vo.la/kiVVM / ☎182 [서울경찰청]",서울특별시 노원구 ,2025-05-14 9:39,,안전안내,211752,기타,
"강북구 주민인 양금섭씨(남,64세)를 찾습니다-155cm,55kg,짧은머리,검정아디다스점퍼,회색긴바지,검정운동화
vo.la/PirsP / ☎182 [서울경찰청]",서울특별시 강북구 ,2025-05-14 13:41,,안전안내,211754,기타,
"동대문구에서 배회 중인 양금섭씨(남,64세)를 찾습니다-155cm,55kg,검정아디다스점퍼,회색긴바지,검정운동화
vo.la/PirsP / ☎182 [서울경찰청]",서울특별시 동대문구 ,2025-05-14 13:46,,안전안내,211755,기타,
"금천구 주민인 한영준씨(남,70세)를 찾습니다 -172cm,65kg,검정모자,청록색점퍼,검정바지,검정어깨가방
vo.la/FKWsT / ☎182 [서울경찰청]","서울특별시 관악구 ,서울특별시 금천구 ",2025-05-14 16:24,,안전안내,211756,기타,
금일 16:41 수유2동 일대(가오리역 주변) 대규모 정전이 발생하여 복구 중으로 인근 지역에 피해가 예상되오니 인근 주민들은 주의하시기 바랍니다.[강북구],서울특별시 강북구 ,2025-05-14 17:57,,안전안내,211758,정전,
"오늘 18:14  팔탄면 덕우리 326-5 공장화재 발생. 연기가 많이 발생하니 차량 우회하시고, 인근 주민분들은 안전에 주의하시기 바랍니다.[화성시]","경기도 화성시 우정읍,경기도 화성시 향남읍,경기도 화성시 팔탄면,경기도 화성시 장안면",2025-05-14 18:35,,안전안내,211760,화재,
"수원시 주민인 박순자씨(여,79세)를 찾습니다-140cm,48kg,검정점퍼,빨간티셔츠,핑크운동화,썬캡착용
vo.la/BoupP / ☎112 [경기남부경찰청]","경기도 수원시 장안구 ,경기도 수원시 권선구 ,경기도 수원시 팔달구 ,경기도 수원시 영통구 ",2025-05-14 18:36,,안전안내,211761,기타,
"금천구 주민인 이영규씨(남,59세)를 찾습니다-173cm,줄무늬티셔츠(검정,흰색),검정반바지,삼선슬리퍼(맨발)
vo.la/ELzom / ☎112 [서울경찰청]","서울특별시 관악구 ,서울특별시 금천구 ",2025-05-14 19:09,,안전안내,211762,기타,
"오늘 08:20 용두동 환경자원센터에서 화재 발생. 용두역 4번출구 폐쇄중이며, 공원 인근 시민들은 연기를 피해 안전한 곳으로 이동하시기 바랍니다. [동대문구]",서울특별시 동대문구 ,2025-05-15 9:28,,안전안내,211764,화재,
오늘 08:20 동대문구 용두동 환경자원센터 화재 발생. 연기와 냄새가 많이 발생 중이니 인근 주민들은 창문을 닫고 유의하여 주시기 바랍니다. [성동구],"서울특별시 성동구 도선동,서울특별시 성동구 마장동,서울특별시 성동구 사근동,서울특별시 성동구 용답동",2025-05-15 10:36,,안전안내,211770,화재,
"오늘 08:20경 발생한 용두동 환경자원센터 화재로 다량의 연기가 확산 중, 인근 주민은 창문 차단 등 연기흡입에 각별히 유의하시기 바랍니다[동대문구]",서울특별시 동대문구 ,2025-05-15 11:54,,안전안내,211772,화재,
"시흥시 강풍주의보 발효중입니다. 날아가기 쉬운 입간판 등을 고정하여 주시고, 야외활동 자제 및 낙하물 등으로 다치지 않도록 유의하시기 바랍니다.. [시흥시]",경기도 시흥시 ,2025-05-15 11:55,,안전안내,211773,강풍,
"오늘 12시 강풍특보 발효로 강풍이 예상되오니 시설물 점검 등 안전조치를 해주시고, 각종 낙하물 등 안전사고에 각별히 주의해주시기 바랍니다. [부천시청]","경기도 부천시 원미구 ,경기도 부천시 소사구 , 부천시 오정구 ",2025-05-15 12:01,,안전안내,211774,강풍,
오늘 12시경 화도읍 차산리 149-2번지 일원 건축물 화재로 다량의 연기 발생. 인근 지역을 지나는 차량은 우회하고 안전에 유의하시기 바랍니다. [남양주시],경기도 남양주시 화도읍,2025-05-15 12:07,,안전안내,211776,화재,
"안산시 강풍주의보 발효 중, 낙하물 안전사고에 주의하시고 간판, 비닐하우스 등 시설물은 결박하여 주시기 바랍니다.[안산시청]",경기도 안산시 ,2025-05-15 12:08,,안전안내,211777,강풍,
"군포시 강풍 예비 특보 발표에 따라 낙하물 안전사고에 주의하시고 간판, 비닐하우스 등 시설물은 결박하여 주시기 바랍니다.[군포시청]",경기도 군포시 ,2025-05-15 12:26,,안전안내,211779,강풍,
"용두동 환경자원센터 화재로 주변 배출물질 농도가 기준치 초과, 인근 주민들은 집안 모든 창문을 닫으시고 외출하지 마시기 바랍니다. [동대문구]",서울특별시 동대문구 ,2025-05-15 12:27,,안전안내,211780,화재,
"용두동 환경자원센터 화재로 주변 배출물질 농도가 기준치 초과, 사근.마장.용답.도선 주민들은 모든 창문을 닫으시고 외출하지 마시기 바랍니다. [성동구]","서울특별시 성동구 도선동,서울특별시 성동구 마장동,서울특별시 성동구 사근동,서울특별시 성동구 용답동",2025-05-15 12:41,,안전안내,211782,화재,
안양시 강풍 예비 특보 발효에 따라 간판 등 낙하물에 의한 안전사고 없도록 시설물 안전조치하여 주시기 바랍니다.[안양시청],"경기도 안양시 만안구 ,경기도 안양시 동안구 ",2025-05-15 12:48,,안전안내,211783,강풍,
"오늘 08:20 동대문구 용두동 환경자원센터 화재로 연기 등 배출물질 농도 기준치 초과, 성동구 주민들은 창문을 닫고 외출 자제 바랍니다. [성동구]",서울특별시 성동구 ,2025-05-15 13:12,,안전안내,211784,화재,
"의왕시 강풍예비특보 발표, 강풍에 따라 간판 및 시설물 등 결박하고 낙하물로 인한 안전사고에 주의하시기 바랍니다. [의왕시청]",경기도 의왕시 ,2025-05-15 13:28,,안전안내,211785,기타,
"오늘 19시 고양시 강풍주의보 발표, 외출을 가급적 자제해주시기 바라며, 간판 부착물 등 시설물 피해 없도록 주의바랍니다. [고양시청]","경기도 고양시 덕양구 ,경기도 고양시 일산동구 ,경기도 고양시 일산서구 ",2025-05-15 18:55,,안전안내,211809,강풍,
"강풍이 불고 있으니 시민들께서는 각종 낙하 위험물을 고정하여 사고를 예방하시고, 가급적 외출은 자제바랍니다.[광명시]",경기도 광명시 ,2025-05-15 19:04,,안전안내,211811,강풍,
안양시 비산사거리에서 차량 충돌사고 발생으로 인하여 인근 교통정체가 심각하오니 우회하시기 바랍니다.[안양시청],"경기도 안양시 만안구 ,경기도 안양시 동안구 ",2025-05-15 19:36,,안전안내,211814,교통사고,
"수원시 주민인 김진구씨(남,76세)를 찾습니다-170cm,빨간점퍼,검정바지,파란운동화,검정모자,검정마스크
vo.la/KscMd / ☎182 [경기남부경찰청]","경기도 수원시 권선구 ,경기도 수원시 팔달구 ,경기도 수원시 영통구 ",2025-05-16 10:08,,안전안내,211829,기타,
오늘 14:08경 정왕동 1706번지 아세아제지 공장에서 화재 발생. 차량은 우회하고 인근 주민은 창문을 닫는 등 안전사고 발생에 유의 바랍니다. [시흥시청],"경기도 시흥시 거모동,경기도 시흥시 월곶동,경기도 시흥시 정왕동,경기도 시흥시 죽율동,경기도 시흥시 배곧동",2025-05-16 14:33,,안전안내,211834,화재,
"광진구 주민인 오필홍씨(남,38세)를 찾습니다-173cm,62kg,스포츠머리,회색반팔,검정추리닝바지,삼선슬리퍼
vo.la/pdmrF / ☎182 [서울경찰청]","서울특별시 강동구 ,서울특별시 광진구 ",2025-05-16 17:15,,안전안내,211839,기타,
"부천시에서 목격된 임채옥씨(여,66세)를 찾습니다-153cm,70kg,분홍점퍼,검정하의,보라색신발,크로스백
vo.la/Ndfmo / ☎112 [경기남부경찰청]","경기도 부천시 원미구 ,경기도 부천시 소사구 , 부천시 오정구 ",2025-05-16 18:14,,안전안내,211841,기타,
"관악구 주민인 진선기씨(남,85세)를 찾습니다 -170cm,검정중절모,검정상하의,검정신발,귀가잘안들림
vo.la/tpYPH / ☎182 [서울경찰청]","서울특별시 관악구 ,서울특별시 동작구 ",2025-05-17 16:55,,안전안내,211851,기타,
"구리시에서 실종된 이복순씨(여,79세)를 찾습니다-160cm,검정원피스(팔 꽃무늬),검정바지,보라색운동화
vo.la/mSZLJ / ☎112 [경기북부경찰청]",경기도 구리시 ,2025-05-17 18:00,,안전안내,211852,기타,
"군포시에서 실종된 김봉순씨(여,89세)를 찾습니다-150cm,남색상의,검정바지,검정벙거지모자,지팡이,비닐봉지
vo.la/msXqt / ☎112 [경기남부경찰청]",경기도 군포시 ,2025-05-17 20:19,,안전안내,211854,기타,
"07:41 정왕동1392-2인근 옥구5교 하천에 암모니아 누출 사고 발생, 인근(반경3Km)거주자분들께서는 창문을 닫고 외출을 삼가해 주시기 바랍니다.[시흥시청]","경기도 시흥시 정왕동,경기도 시흥시 배곧동",2025-05-18 7:56,,안전안내,211856,환경오염사고,
정왕동1392-2 인근 하천에 암모니아 누출 사고 발생으로 시흥화학재난합동방재센터 대응 중. 인근거주자분들께서는 외출을 삼가해 주시기 바랍니다.[시흥시청],"경기도 시흥시 정왕동,경기도 시흥시 배곧동",2025-05-18 8:38,,안전안내,211857,환경오염사고,
"정왕동 1392-2 인근 하천 사고 관련, 시흥화학재난방재센터 대응 중. 현재 공기 중으로 확산 가능성 없으며 일상생활 가능합니다.[시흥시청]","경기도 시흥시 정왕동,경기도 시흥시 배곧동",2025-05-18 8:53,,안전안내,211858,환경오염사고,
"화성시에서 실종된 전기선씨(남, 72세)를 찾습니다 -170cm,파란색긴팔티,회색바지,검정운동화,안경미착용 vo.la/bsttE / ☎112 [경기남부경찰청]",경기도 화성시 ,2025-05-18 9:21,,안전안내,211859,기타,
"금천구 주민인 김명애씨(여,66세)를 찾습니다 -150cm,80kg,흰색반팔티,청바지,흰색운동화
 vo.la/GJics / ☎112 [서울경찰청]","서울특별시 관악구 ,서울특별시 금천구 ",2025-05-18 16:54,,안전안내,211873,기타,
"중랑구에서 배회중인 유연자씨(여,68세)를 찾습니다 -163cm,50kg,빨강조끼,체크무늬셔츠,청바지,회색운동화 vo.la/oyGfX / ☎112 [서울경찰청]",서울특별시 중랑구 ,2025-05-18 18:24,,안전안내,211875,기타,
"수원시 주민인 한태환씨(남,74세)를 찾습니다-160cm,62kg,검정점퍼,회색긴바지,검정모자,검정장갑 vo.la/dNfSz / ☎112 [경기남부경찰청]","경기도 수원시 장안구 ,경기도 수원시 권선구 ,경기도 수원시 팔달구 ,경기도 수원시 영통구 ,경기도 용인시 처인구 ,경기도 용인시 기흥구 ,경기도 용인시 수지구 ",2025-05-18 21:01,,안전안내,211879,기타,
"용산구 주민인 이점철씨(남,76세)를 찾습니다-177cm,65kg,검정모자,검정점퍼,검정바지,국방무늬백팩
vo.la/ukKLt / ☎112 [서울경찰청]",서울특별시 용산구 ,2025-05-19 9:15,,안전안내,211882,기타,
"은평구에서 실종된 최승호씨(남,75세)를 찾습니다-161cm,65kg,검정모자,남색바람막이,검정바지,검정운동화
vo.la/pRrbZ / ☎112 [서울경찰청]",서울특별시 은평구 ,2025-05-19 9:38,,안전안내,211883,기타,
"고양시에서 배회중인 최승호씨(남,75세)를 찾습니다-161cm,65kg,검정모자,남색점퍼,검정바지,검정운동화
vo.la/pRrbZ / ☎112 [경기북부경찰청]","경기도 고양시 덕양구 ,경기도 고양시 일산동구 ,경기도 고양시 일산서구 ",2025-05-19 9:39,,안전안내,211884,기타,
"현재 삼정동 14-13 화재로 연기 다량 발생. 인근 지역에서는 창문을 닫고 안전에 유의하시기 바라며, 차량은 이 지역을 우회하시기 바랍니다. [부천시청]","경기도 부천시 원미구 ,경기도 부천시 소사구 , 부천시 오정구 ",2025-05-19 11:50,,안전안내,211887,화재,
"부천시에서최종 목격된 신요섭씨(남,55세)를 찾습니다-168cm,70kg,남색반팔,검정바지,흰색신발,앞니빠짐
vo.la/khZyv / ☎112 [경기남부경찰청]","경기도 부천시 원미구 ,경기도 부천시 소사구 , 부천시 오정구 ",2025-05-19 12:51,,안전안내,211888,기타,
"수원시에서 목격된 안상용씨(남,84세)를 찾습니다-160cm,43kg,후드검정점퍼,검정바지,검정신발,백발
vo.la/TatcV / ☎112 [경기남부경찰청]","경기도 수원시 장안구 ,경기도 수원시 권선구 ,경기도 수원시 팔달구 ,경기도 수원시 영통구 ",2025-05-19 17:10,,안전안내,211893,기타,
"화성시 주민인 홍종순씨(남,84세)를 찾습니다-170cm,50kg,빨간색티셔츠,남색자켓,검정모자,검정운동화
vo.la/whtVv / ☎112 [경기남부경찰청]",경기도 화성시 ,2025-05-19 20:08,,안전안내,211895,기타,
"수원시 주민인 한선영씨(여,74세)를 찾습니다-155cm,50kg,연보라색점퍼,검정바지,썬캡착용,강아지동행
vo.la/GhEYo / ☎112 [경기남부경찰청]","경기도 수원시 장안구 ,경기도 수원시 권선구 ,경기도 수원시 팔달구 ,경기도 수원시 영통구 ",2025-05-20 8:46,,안전안내,211897,기타,
오늘 09시28분경 광명시 가학동 비닐하우스에서 화재로 인한 유독가스 발생. 인근 거주민은 창문을 닫고 인근차량은 우회 바랍니다.[광명시청],경기도 광명시 ,2025-05-20 9:51,,안전안내,211899,화재,
오늘 9시28분경 광명시 가학동 비닐하우스에서 화재로 인한 다량의 검은연기가 발생하고 있습니다. 인근 거주민은 창문을 닫고 인근차량은 우회 바랍니다.[광명시청],경기도 광명시 ,2025-05-20 10:02,,안전안내,211900,화재,
"강북구 주민인 방수성씨(남,43세)를 찾습니다 -173cm,빨간색바람막이,회색바지,남색운동화,안경,앞머리벗겨짐
vo.la/aFFSz / ☎182 [서울경찰청]",서울특별시 강북구 ,2025-05-20 13:21,,안전안내,211901,기타,
"부천시에서 배회 중인 한복순씨(여,42세)를 찾습니다-150cm,61kg,흰색점퍼,아이보리색티,검정캉골가방
vo.la/BbZen / ☎182 [경기남부경찰청]","경기도 부천시 원미구 ,경기도 부천시 소사구 , 부천시 오정구 ",2025-05-20 13:41,,안전안내,211903,기타,
"은평구에서 실종된 박효일씨(남,79세)를 찾습니다-165cm,60kg,남색계열긴팔상의,주황색넥카라,회색계열바지
vo.la/WdoTW / ☎182 [서울경찰청]",서울특별시 은평구 ,2025-05-20 14:51,,안전안내,211904,기타,
"중구에서 최종 목격된 현훈씨(남, 44세)를 찾습니다 - 165cm, 70kg, 통통한 체격, 스포츠형 머리
vo.la/tSLxq / ☎182 [서울경찰청]",서울특별시 중구 ,2025-05-20 15:23,,안전안내,211905,기타,
"안산시에서 실종된 엄기남씨(남,73세)를 찾습니다 -158cm,53kg,흰색반팔티,남색바지,검정지팡이사용
vo.la/LsCBZ / ☎112 [경기남부경찰청]","경기도 안산시 상록구 ,경기도 안산시 단원구 ",2025-05-20 18:47,,안전안내,211909,기타,
"안산시에서 실종된 강동현(남, 10세)을 찾습니다 - 145cm, 30kg, 하늘색긴팔, 청바지, 흰색신발
vo.la/qrVNb / ☎112 [경기남부경찰청]","경기도 안산시 상록구 ,경기도 안산시 단원구 ",2025-05-20 19:58,,안전안내,211910,기타,
"안양시에서 실종된 홍성목씨(남,69세)를 찾습니다 -172cm,녹색바람막이,회색추리닝바지,검정지팡이,절뚝거림 vo.la/ztQpo / ☎112 [경기남부경찰청]","경기도 안양시 만안구 ,경기도 안양시 동안구 ",2025-05-21 8:53,,안전안내,211911,기타,
"송파구 주민인 장은미씨(여, 70세)를 찾습니다 -164cm,65kg,옅은보라색잠바,검정바지,검정단화,지팡이 vo.la/uZRvr / ☎182 [서울경찰청]",서울특별시 송파구 ,2025-05-21 9:06,,안전안내,211912,기타,
"강서구에서 배회중인 장은미씨(여,70세)를 찾습니다-164cm,65kg,옅은보라색잠바,검정바지,검정단화,지팡이 vo.la/uZRvr / ☎182 [서울경찰청]",서울특별시 강서구 ,2025-05-21 9:07,,안전안내,211913,기타,
오늘 09:13경 안양종합운동장 빙상장 앞 가스 누출 사고 발생으로 조치 중이니 시민분들께서는 주변 도로 우회 및 접근 금지 바랍니다.[안양시],"경기도 안양시 만안구 ,경기도 안양시 동안구 ",2025-05-21 9:36,,안전안내,211915,기타,
"오늘 09:13경 발생한 안양종합운동장 부근 가스 누출 사고 관련, 10:10경 조치 완료되어 교통 통제 해제되었습니다.[안양시]","경기도 안양시 만안구 ,경기도 안양시 동안구 ",2025-05-21 10:14,,안전안내,211917,기타,
"서초구에서 실종된 박복수씨(남,68세)를 찾습니다-178cm,건장한체격,짧은스포츠머리,고도일병원환자복,검정슬리퍼 vo.la/yAWeo / ☎182 [서울경찰청]",서울특별시 서초구 ,2025-05-21 16:33,,안전안내,211922,기타,
"과천시에서 배회중인 박영빈씨(남,24세)를찾습니다-175cm,46kg,하늘색상의,검정바지,검정운동화,가방소지 vo.la/tTXvP / ☎112 [경기남부경찰청]",경기도 과천시 ,2025-05-21 18:43,,안전안내,211923,기타,
"관악구 주민인 유복순씨(여, 84세)를 찾습니다 -150cm,42kg,백발,하늘색긴팔상의,회색긴바지,자주색운동화 vo.la/OrLXT / ☎112 [서울경찰청]","서울특별시 관악구 ,서울특별시 동작구 ",2025-05-21 18:55,,안전안내,211924,기타,
"김포시에서 배회중인 금용자씨(여,85세)를찾습니다-153cm,80kg,백발머리,빨간색꽃무늬니트,실내화들고다님 vo.la/EAbUd / ☎112 [경기남부경찰청]",경기도 김포시 ,2025-05-21 19:22,,안전안내,211925,기타,
"김포시에서 배회중인 윤재주씨(남,76세)를 찾습니다-160cm,갈색체크셔츠,검정바지,검정운동화,짧은백발머리
vo.la/KAgPs / ☎182 [경기남부경찰청]",경기도 김포시 ,2025-05-22 9:14,,안전안내,211929,기타,
"의정부시 주민인 박해숙씨(여,70세)를 찾습니다-160cm,검정파마,붉은색상의,검정하의,흰색신발,모자미착용
vo.la/aChph / ☎182 [경기북부경찰청]",경기도 의정부시 ,2025-05-22 16:08,,안전안내,211936,기타,
"파주시에서 실종된 이창길씨(남,69세)를 찾습니다-170cm,파란모자,썬글라스,검정잠바,청바지,주황색가방및백팩
vo.la/tCQsa/ ☎182 [경기북부경찰청]",경기도 파주시 ,2025-05-22 16:53,,안전안내,211937,기타,
"의정부시에서 실종된 박창복씨(남,78세)를 찾습니다-155cm,47kg,갈색점퍼,회색상의,검정바지,검정신발
vo.la/AoZUx / ☎182 [경기북부경찰청]",경기도 의정부시 ,2025-05-23 9:24,,안전안내,211951,기타,
김포지역 공장과 아파트에 잦은 화재로 많은 피해가 발생하고 있습니다. 인명피해가 없도록 안전수칙 준수와 사전점검 등 주의를 기울여 주세요. [김포시청],경기도 김포시 ,2025-05-23 10:05,,안전안내,211952,화재,
"구로구에서 배회중인 김옥순씨(여,83세)를 찾습니다-153cm,45kg,흰마스크,노란색점퍼,꽃무늬티셔츠,검정바지
vo.la/FWwEL / ☎182 [서울경찰청]","서울특별시 구로구 ,서울특별시 금천구 ",2025-05-23 10:17,,안전안내,211953,기타,
"2024-5-23 10:20경 초월읍 무들로 84-11 냉장창고 앞 매연작업 중이니 인근주민들은 창문을 열지마시고, 주변도로 우회 및 접근금지 바랍니다.[광주시]",경기도 광주시 ,2025-05-23 10:36,,안전안내,211954,환경오염사고,
"종로구에서 최종 목격된 김정삼씨(남,50세)를 찾습니다-162cm,55kg,하늘색긴팔와이셔츠,검정긴바지,운동화
vo.la/yXJjE / ☎182 [서울경찰청]","서울특별시 은평구 ,서울특별시 종로구 ",2025-05-23 14:10,,안전안내,211960,기타,
"고양시에서 실종된 이미선씨(여,45세)를 찾습니다 -165cm, 70kg, 분홍색반팔티, 남색반바지
vo.la/SmNxg / ☎112 [경기북부경찰청]","경기도 고양시 덕양구 ,경기도 고양시 일산동구 ,경기도 고양시 일산서구 ",2025-05-23 17:55,,안전안내,211961,기타,
"파주시에서 최종 목격된 이미선씨(여,45세)를 찾습니다 -165cm, 70kg, 분홍색반팔티, 남색반바지 
vo.la/SmNxg / ☎112 [경기북부경찰청]",경기도 파주시 ,2025-05-23 17:58,,안전안내,211962,기타,
"강북구 주민인 김진경씨(여,59세)를 찾습니다-160cm,50kg,흰색줄무늬반팔,핑크색반바지,핑크색크록스슬리퍼
vo.la/sdySO / ☎112 [서울경찰청]",서울특별시 강북구 ,2025-05-23 19:04,,안전안내,211964,기타,
"용산구에서 목격된 김진경씨(여,59세)를 찾습니다-160cm,50kg,흰색줄무늬반팔,핑크색반바지,핑크색크록스슬리퍼
vo.la/sdySO/ ☎112 [서울경찰청]",서울특별시 용산구 ,2025-05-23 19:09,,안전안내,211965,기타,
"양천구 주민인 이문자씨(여,77세)를 찾습니다-158cm,50kg,짧은백발,회색셔츠형상의,보라색바지,검정운동화
vo.la/dKTuq / ☎112 [서울경찰청]",서울특별시 양천구 ,2025-05-23 19:23,,안전안내,211967,기타,
"성남시 주민인 김용남(중국)씨(남,75세)를 찾습니다-165cm,남색잠바,검정바지,검정아디다스신발,검정모자 vo.la/rsUaF / ☎112 [경기남부경찰청]","경기도 성남시 수정구 ,경기도 성남시 중원구 ,경기도 성남시 분당구 ",2025-05-24 8:13,,안전안내,211977,기타,
"단원구에서 배회중인 김해인씨(남,57세)를 찾습니다-170cm,녹색계열등산복자켓,어두운색긴바지,뿔테안경 vo.la/djTEj / ☎182 [경기남부경찰청]","경기도 안산시 상록구 ,경기도 안산시 단원구 ",2025-05-24 11:02,,안전안내,211980,기타,
"시흥시에서 목격된 김해인씨(남,57세)를 찾습니다-170cm,녹색계열등산복자켓,어두운색긴바지,뿔테안경 vo.la/djTEj / ☎182 [경기남부경찰청]",경기도 시흥시 ,2025-05-24 11:07,,안전안내,211981,기타,
"강남구 주민인 민병휘씨(남,80세)를 찾습니다 -168cm,48kg,청색점퍼,청바지,검정운동화,청색캡모자 vo.la/ySBSf/ ☎182 [서울경찰청]","서울특별시 강남구 ,서울특별시 광진구 ",2025-05-24 13:29,,안전안내,211983,기타,
"노원구 주민인 김동복씨(남,82세)를 찾습니다-173cm,하늘색점퍼,청색바지(흰색줄무늬),흰색신발,청색야구모자 vo.la/vnywj / ☎182 [서울경찰청]",서울특별시 노원구 ,2025-05-24 17:32,,안전안내,211985,기타,
"다산동 6086-1(다산선형공원 앞) 주변 보행 및 차량통제중이오니, 우회하시기 바랍니다. [남양주시]",경기도 남양주시 다산동,2025-05-24 17:46,,안전안내,211986,교통사고,
오늘 10:30~11:00경 정부 행사 관련 비행훈련으로 비행음 발생이 우려되오니 양지하시기 바랍니다.[서울특별시청],서울특별시 전체 ,2025-05-25 10:00,,안전안내,211990,기타,
"안산시에서 실종된 박우림군(남,8세)을 찾습니다 -120cm,25kg,검정반팔티,청색7부바지,검정운동화
vo.la/wcmkU / ☎112 [경기남부경찰청]","경기도 안산시 상록구 ,경기도 안산시 단원구 ",2025-05-25 11:47,,안전안내,211992,기타,
"강북구 주민인 이우근씨(남,81세)를 찾습니다-160cm,50kg,녹색계열점퍼,검정긴바지,남색신발,검정캡모자
vo.la/aaggz / ☎112 [서울경찰청]","서울특별시 강북구 ,서울특별시 성북구 ",2025-05-25 18:05,,안전안내,211996,기타,
"중랑구 주민인 임병덕씨(남,80세)를 찾습니다-170cm,60kg,파란색반팔티,붉은색점박이바지,푸른색신발,모자
vo.la/WdxKB / ☎112 [서울경찰청]","서울특별시 동대문구 ,서울특별시 중랑구 ",2025-05-25 18:26,,안전안내,211997,기타,
오늘 18:19경 봉담읍 수영리 650 공장에서 화재 발생. 인근 주민분들은 창문을 닫는등 안전에 주의해주시기바랍니다. [화성시],경기도 화성시 봉담읍,2025-05-25 18:51,,안전안내,211998,화재,
김포시 오후부터 밤까지 시간당 최고 15mm(누적 50mm)의 비 예상. 시민께서는 시설물 관리와 교통안전에 주의하시기 바랍니다. [김포시청],경기도 김포시 ,2025-05-26 9:53,,안전안내,212000,호우,
"동대문구 주민인 성백재씨(남,32세)를 찾습니다-178cm,80kg,둥근얼굴,모자달린파란상의,검정바지,밝은운동화
vo.la/KBiKs / ☎112 [서울경찰청]",서울특별시 서대문구 ,2025-05-26 10:08,,안전안내,212002,기타,
"수원시에서 실종된 오광희씨(남,74세)를 찾습니다-170cm,70kg,패딩점퍼,청바지,파란운동화,모자,캐리어
vo.la/kujcJ / ☎112 [경기남부경찰청]","경기도 수원시 장안구 ,경기도 수원시 권선구 ,경기도 수원시 팔달구 ,경기도 수원시 영통구 ",2025-05-26 11:48,,안전안내,212004,기타,
"화성시에서 실종된 김용규씨(남,75세)를 찾습니다-168cm,50kg,남색잠바,검정바지,파란계열베레모,안경
vo.la/xQiHr / ☎112 [경기남부경찰청]",경기도 화성시 ,2025-05-26 16:37,,안전안내,212007,기타,
"강북구 주민인 박재숙씨(여,88세)를 찾습니다-156cm,백발,흰색검정체크무늬점퍼,검정바지,흰색비닐봉지,남색가방
vo.la/hbMAv / ☎112 [서울경찰청]",서울특별시 강북구 ,2025-05-26 16:46,,안전안내,212008,기타,
"중구에서 배회중인 박재숙씨(여,88세)를 찾습니다-156cm,백발,흰색검정체크점퍼,검정바지,흰색비닐봉지,남색가방
vo.la/hbMAv / ☎112 [서울경찰청]",서울특별시 중구 ,2025-05-26 16:53,,안전안내,212009,기타,
"안성시 주민인 유정윤씨(여,27세)를 찾습니다-172cm,100kg,진베이지니트조끼,검정바지,흰가방,흰운동화
vo.la/AhWzJ / ☎112 [경기남부경찰청]",경기도 안성시 ,2025-05-26 19:42,,안전안내,212021,기타,
"오늘 08:00 풍동 성원아파트 1, 3단지 일대가 14시까지 정전되어 복구 중이니, 인근 주민은 전기기기의 전원을 모두 끄는등 안전사고에 유의하세요. [고양시]",경기도 고양시 ,2025-05-27 8:58,,안전안내,212026,정전,
"의정부시 주민인 이홍순씨(여,93세)를 찾습니다-145cm,분홍색조끼,자주색바지,분홍색운동화,TV리모컨 소지 vo.la/XQyqj / ☎182 [경기북부경찰청]",경기도 의정부시 ,2025-05-27 10:54,,안전안내,212031,기타,
"도봉구에서 배회중인 이홍순씨(여,93세)를 찾습니다-145cm,분홍색조끼,자주색바지,분홍색운동화,TV리모컨 소지 vo.la/XQyqj / ☎182 [서울경찰청]",서울특별시 도봉구 ,2025-05-27 10:56,,안전안내,212032,기타,
"부천시에서 배회중인 박근원씨(남,84세)를 찾습니다-160cm,카키색모자,체크패턴반팔셔츠,긴바지,회색운동화 vo.la/KBRmH / ☎182 [경기남부경찰청]","경기도 부천시 원미구 ,경기도 부천시 소사구 , 부천시 오정구 ",2025-05-27 14:05,,안전안내,212036,기타,
"경찰은 동작구 주민인 배봉춘씨(남, 74세)를 찾습니다 -160cm,58kg, 남색잠바,회색바지,검정색운동화 vo.la/jYHub / ☎182 [서울경찰청]","서울특별시 동작구 ,서울특별시 영등포구 ",2025-05-27 16:17,,안전안내,212037,기타,
"강남구 주민인 양오남씨(여,88세)를찾습니다-145cm,연보라색모자,안경,빨강스카프,물방울무늬청보라색상의,갈색바지 vo.la/kDZbe /☎182 [서울경찰청]","서울특별시 강남구 ,서울특별시 송파구 ",2025-05-27 16:34,,안전안내,212038,기타,
"안산시 주민인 석복순씨(여, 82세)를 찾습니다 -155cm,굽은허리,연핑크캡모자,자주색긴팔,검정바지,마스크 vo.la/uKeUn /☎182 [경기남부경찰청]","경기도 안산시 상록구 ,경기도 안산시 단원구 ",2025-05-27 17:36,,안전안내,212039,기타,
"관악구 주민인 한금성씨(남, 74세)를 찾습니다 -150cm,하늘색계열점퍼(남색,흰색),회색바지,베이지색모자 착용 vo.la/jQqCm /☎182 [서울경찰청]","서울특별시 관악구 ,서울특별시 동작구 ",2025-05-27 17:50,,안전안내,212040,기타,
"중랑구에서 배회중인 배봉춘씨(남, 74세)를 찾습니다 -160cm,58kg, 남색점퍼,회색바지,검정색운동화 vo.la/jYHub / ☎112 [서울경찰청]",서울특별시 중랑구 ,2025-05-27 18:45,,안전안내,212042,기타,
"수원시에서 목격된 허준(남,29세)씨를 찾습니다-178cm,검정긴팔티(팔에 흰색삼선),회색긴추리닝바지,흰슬리퍼 vo.la/STLSQ /☎112 [경기남부경찰청]","경기도 수원시 장안구 ,경기도 수원시 권선구 ,경기도 수원시 팔달구 ,경기도 수원시 영통구 ",2025-05-27 18:59,,안전안내,212043,기타,
오늘 22:40경 북아현동 1-538 일대 사다리차가 전선을 건드려서 일어난 사고로 정전. 한전에서 조치중이 불편하시더라도 잠시 기다려주세요. [서대문구],서울특별시 서대문구 ,2025-05-27 23:22,,안전안내,212046,정전,
오늘 23:25 북아현동 1-538 복전완료. 이삿짐 사다리차 사고로 정전 발생. 밤 늦게 불편을 드려 죄송합니다. 복전 완료되었음을 알려드립니다. [서대문구],서울특별시 서대문구 ,2025-05-27 23:38,,안전안내,212047,정전,
"하남시 주민인 김연희씨(여,70세)를 찾습니다-150cm,57kg,검정단발,꽃무늬흰티,파란몸빼바지,검정단화
vo.la/xXfKR / ☎182 [경기남부경찰청]",경기도 하남시 ,2025-05-28 10:05,,안전안내,212052,기타,
"파주시 주민인 한성만씨(남,81세)를 찾습니다-172cm,백발,검정잠바,검정바지,검정신발,빨간해병대모자
vo.la/snrhm / ☎182 [경기북부경찰청]",경기도 파주시 ,2025-05-28 11:40,,안전안내,212055,기타,
"고양시에서 배회중인 한성만씨(남,81세)를 찾습니다-172cm,백발,검정잠바,검정바지,검정신발,빨간해병대모자
vo.la/snrhm / ☎182 [경기북부경찰청]","경기도 고양시 덕양구 ,경기도 고양시 일산동구 ,경기도 고양시 일산서구 ",2025-05-28 11:41,,안전안내,212056,기타,
"동작구에서 배회중인 황진우씨(남,47세)를 찾습니다-175cm,80kg,검정체크상의,청바지,흰모자,하늘색마스크
vo.la/EUgFG / ☎182 [서울경찰청]",서울특별시 동작구 ,2025-05-28 17:35,,안전안내,212063,기타,
"마포구 주민인 이승주씨(여,93세)를 찾습니다-150cm,40kg,꽃무늬브라우스,검정바지,흰색신발,벙거지모자
vo.la/WnoqX / ☎112 [서울경찰청]",서울특별시 마포구 ,2025-05-28 18:24,,안전안내,212066,기타,
"여주시에서 실종된 권성순씨(여,85세)를 찾습니다 -142cm,45kg,분홍색점퍼,검은색긴바지
vo.la/xbCpT / ☎112 [경기남부경찰청]",경기도 여주시 ,2025-05-28 18:54,,안전안내,212067,기타,
"이천시에서 배회 중인 권성순씨(여,85세)를 찾습니다 -142cm,45kg,분홍색점퍼,검은색긴바지
vo.la/xbCpT / ☎112 [경기남부경찰청]",경기도 이천시 ,2025-05-28 18:54,,안전안내,212068,기타,
"동대문구에서 목격된 박숙자씨(여,78세)를 찾습니다 -155cm,45kg,연두색바람막이,검정바지,운동화,짧은머리
vo.la/DYgTq / ☎112 [서울경찰청]",서울특별시 동대문구 ,2025-05-28 20:19,,안전안내,212073,기타,
북한 대남전단 추정 미상물체 식별. 야외활동 자제 및 식별 시 군부대 신고. Air raid Preliminary warning [경기도],"경기도 남양주시 ,경기도 동두천시 ,경기도 안성시 ,경기도 양주시 ,경기도 연천군 ,경기도 오산시 ,경기도 의정부시 ,경기도 파주시 ,경기도 평택시 ,경기도 포천시 ,경기도 수원시 장안구 ,경기도 수원시 권선구 ,경기도 수원시 팔달구 ,경기도 수원시 영통구 ,경기도 고양시 덕양구 ,경기도 고양시 일산동구 ,경기도 고양시 일산서구 ,경기도 용인시 처인구 ,경기도 용인시 기흥구 ,경기도 용인시 수지구 ",2025-05-28 23:34,,위급재난,212074,민방공,
"동대문구 주민인 유발형씨(남,55세)를 찾습니다 -170cm,60kg,흰색티,회색자켓,회색바지,검정슬리퍼
vo.la/pqFSq / ☎182 [서울경찰청]","서울특별시 동대문구 ,서울특별시 성동구 ",2025-05-29 9:15,,안전안내,212079,기타,
오늘 10:50~11:30경 정부 행사 관련 비행소음 발생이 우려되오니 양지하시기 바랍니다.[서울특별시청],서울특별시 전체 ,2025-05-29 10:20,,안전안내,212083,기타,
"화성시에서 실종된 방금실씨(여,68세)를 찾습니다-145cm,50kg,빨간색긴팔티,검정긴바지,회색운동화
vo.la/NTLvg / ☎182 [경기남부경찰청]",경기도 화성시 ,2025-05-29 11:31,,안전안내,212086,기타,
김포시를 비롯해 전국 일부 지자체 북 대남전단 물체(풍선모양과 비닐봉투 등) 발견. 의심 물체 발견시 접근금지 및 경찰과 군부대로 신고하시기 바랍니다.[김포시청],경기도 김포시 ,2025-05-29 15:51,,안전안내,212089,기타,
"용산구 주민인 김동규씨(남,81세)를 찾습니다-161cm,검정트레이닝상하의,남색운동화,앞머리가없는대머리(반백)
vo.la/XLuoh / ☎112 [서울경찰청]",서울특별시 용산구 ,2025-05-29 17:58,,안전안내,212092,기타,
"관악구에서 배회중인 이서정(여,14세)을 찾습니다-163cm,57kg,남색아디다스져지,남색반바지,남색크록스신발
vo.la/ZoMLY / ☎112 [서울경찰청]",서울특별시 관악구 ,2025-05-29 18:06,,안전안내,212094,기타,
"구로구에서 목격된 현종해씨(남,53세)를 찾습니다-180cm,흰색환자복상하의,검정슬리퍼,스포츠형머리,검은피부
vo.la/SpgaD / ☎112 [서울경찰청]",서울특별시 구로구 ,2025-05-29 18:14,,안전안내,212095,기타,
"고양시에서 실종된 안석기씨(남,66세)를 찾습니다-159cm,47kg,검정잠바,검정바지,검정운동화,지팡이사용
vo.la/XcFvb / ☎112 [경기북부경찰청]","경기도 고양시 덕양구 ,경기도 고양시 일산동구 ,경기도 고양시 일산서구 ",2025-05-29 19:01,,안전안내,212096,기타,
오늘 04:35 설악면 선촌리 산33-7번지 인근 산불 발생. 입산 금지. 인근 주민과 등산객은 안전사고에 주의하세요. [가평군],경기도 가평군 ,2025-05-30 5:56,,안전안내,212097,산불,
"중랑구에서 실종된 김천일씨(남,43세)를 찾습니다 -160cm,검정반팔티,검정반바지,검정운동화,미아방지목걸이 vo.la/pctJn / ☎112 [서울경찰청]",서울특별시 중랑구 ,2025-05-30 8:12,,안전안내,212098,기타,
오늘 09:00 ~ 09:20경 용산구 일대에서 합참 행사로 인한 예포 소음이 예상되오니 양지하시기 바랍니다.[용산구청],서울특별시 용산구 ,2025-05-30 8:36,,안전안내,212099,기타,
"중원구 주민인 한종윤씨(남,54세)를 찾습니다-172cm,빨강바람막이,검정추리닝바지,검정등산화,앞쪽치아없음 vo.la/RRBGA / ☎112 [경기남부경찰청]","경기도 성남시 수정구 ,경기도 성남시 중원구 ,경기도 성남시 분당구 ",2025-05-30 8:37,,안전안내,212100,기타,
"강남구에서 배회중인 백건우(남,15세)를 찾습니다-174cm,노랑티,남색줄무늬와인색바지,검정신발,카드줄목걸이 vo.la/BhAoZ / ☎112 [서울경찰청]","서울특별시 강남구 ,서울특별시 송파구 ",2025-05-30 9:09,,안전안내,212101,기타,
"강서구 주민인 임윤순씨(여,86세)를 찾습니다-147cm,진녹색잠바,회색체크무늬바지,검정가방백팩2개소지,회색모자 vo.la/ytDoa / ☎182 [서울경찰청]",서울특별시 강서구 ,2025-05-30 11:16,,안전안내,212105,기타,
"성남시 주민인 김광진씨(남,61세)를 찾습니다-158cm,연두색조끼,남색반팔티,남색바지,검정운동화,캡모자 vo.la/HiVMP / ☎182 [경기남부경찰청]","경기도 성남시 수정구 ,경기도 성남시 중원구 ,경기도 성남시 분당구 ",2025-05-30 11:46,,안전안내,212106,기타,
"구로구에서 배회중인 김광진씨(남,61세)를 찾습니다-158cm,연두색조끼,남색반팔티,남색바지,검정운동화,캡모자 vo.la/HiVMP / ☎182 [서울경찰청]",서울특별시 구로구 ,2025-05-30 11:59,,안전안내,212107,기타,
금일 11:50경 남양 남양읍 북양리 202-12 교통사고로 인한 기름유출 인해 남양교차로에서 수원방향 도로혼잡합니다. 차량 우회 바랍니다.[화성시],"경기도 화성시 봉담읍,경기도 화성시 남양읍,경기도 화성시 비봉면,경기도 화성시 팔탄면",2025-05-30 12:46,,안전안내,212109,교통사고,
"강서구 주민인 윤순자씨(여,74세)를 찾습니다 -153cm,갈색재킷,검정긴바지,검정운동화,안경,흰색수건소지 vo.la/gSozc / ☎182 [서울경찰청]",서울특별시 강서구 ,2025-05-30 13:56,,안전안내,212112,기타,
"평택시에서 실종된 박효준씨(남,32세)를 찾습니다 -160cm,65kg,회색반팔티셔츠,남색반바지,검정운동화 vo.la/CakMg / ☎182 [경기남부경찰청]",경기도 평택시 ,2025-05-30 14:20,,안전안내,212114,기타,
금일 11:50경 교통사고로 인한 기름유출 수습 작업으로 인해 남양교차로에서 수원방향 도로(313번 지방도)가 혼잡합니다. 차량 우회 바랍니다.[화성시],"경기도 화성시 봉담읍,경기도 화성시 남양읍,경기도 화성시 매송면,경기도 화성시 비봉면,경기도 화성시 마도면,경기도 화성시 송산면",2025-05-30 14:26,,안전안내,212115,교통사고,
"종로구 주민인 주계동씨(남,85세)를 찾습니다-165cm,흰색줄무늬카라티,진회색바지,나이키흰색캡모자,흰색운동화 vo.la/EECGC / ☎112 [서울경찰청]",서울특별시 종로구 ,2025-05-30 19:04,,안전안내,212122,기타,
"동대문구에서 배회중인 김천일씨(남,43세)를 찾습니다-160cm,검정반팔티,검정반바지,검정운동화,미아방지목걸이
vo.la/pctJn / ☎112 [서울경찰청]",서울특별시 동대문구 ,2025-05-31 8:34,,안전안내,212126,기타,
"북 대남전단 추정 미상 및 대상 물체(흰색 둥근 풍선 형태) 발견 시, (절대접축) 하지 말고 가까운 군부대 또는 경찰에 신고 바랍니다.[성북구]",서울특별시 성북구 ,2025-05-31 12:18,,안전안내,212129,테러,
"서대문구 주민인 고향순씨(여,67세)를 찾습니다 -158cm,58kg,분홍색긴팔남방,검정바지,분홍색운동화
vo.la/Knibd / ☎182 [서울경찰청]",서울특별시 서대문구 ,2025-05-31 14:36,,안전안내,212131,기타,
"동대문구에서 배회 중인 고향순씨(여,67세)를 찾습니다-158cm,58kg,분홍색긴팔남방,검정바지,분홍색운동화
vo.la/Knibd / ☎182 [서울경찰청]",서울특별시 동대문구 ,2025-05-31 14:37,,안전안내,212132,기타,
"교통사고로 인하여 금이사거리에서 물왕저수지 양방향 교통통제 중이오니, 우회해 주시기 바랍니다.[시흥시청]","경기도 시흥시 매화동,경기도 시흥시 도창동,경기도 시흥시 금이동,경기도 시흥시 과림동,경기도 시흥시 하중동,경기도 시흥시 하상동,경기도 시흥시 광석동,경기도 시흥시 물왕동,경기도 시흥시 산현동,경기도 시흥시 논곡동,경기도 시흥시 무지내동",2025-05-31 16:09,,안전안내,212133,기타,
"안산시에서 실종된 강동현(남,11세)을 찾습니다-145cm,검정스포츠머리,하늘색긴팔티,진한청바지,흰색실내화
vo.la/FNwke / ☎182 [경기남부경찰청]","경기도 안산시 상록구 ,경기도 안산시 단원구 ",2025-05-31 16:10,,안전안내,212134,기타,
"2024-05-31 16:10 의정부동 136-40, 전신주 복구로 인하여 인근 지역 정전 발생, 22시 경 복구 예정이므로 안전사고에 유의바랍니다. [의정부시]",경기도 의정부시 ,2025-05-31 16:25,,안전안내,212135,정전,
금이사거리에서 물왕저수지 양방향 교통통제 해제되어 차량통행 원활하오니 참고하시기 바랍니다.[시흥시청],"경기도 시흥시 매화동,경기도 시흥시 도창동,경기도 시흥시 금이동,경기도 시흥시 하중동,경기도 시흥시 하상동,경기도 시흥시 광석동,경기도 시흥시 물왕동,경기도 시흥시 무지내동",2025-05-31 16:38,,안전안내,212137,기타,
"오늘 08:00경 국립재활원 인근 긴급누수 복구로 인하여 수유동,우이동 일대 단수중,오후1시복구예정 인근주민들은 피해가 없도록 유의하시기바랍니다[강북구]","서울특별시 강북구 수유동,서울특별시 강북구 우이동",2025-06-01 9:32,,안전안내,212145,수도,
"오늘 08:00경 국립재활원 인근 긴급누수 복구로 인하여 수유동,우이동 일대 단수중,오후1시복구예정 인근주민들은 피해가 없도록 유의하시기바랍니다[강북구]",서울특별시 강북구 ,2025-06-01 9:59,,안전안내,212146,수도,
국립재활원 일대 긴급 누수로 인한 음용수를 인수봉로 68길 35(강북문화예술회관)에서 배부중 입니다. 누수 복구 16시 예정 [강북구],서울특별시 강북구 ,2025-06-01 10:44,,안전안내,212147,수도,
현재 삼양로 123길40-12 삼양로 85 21-3 솔매로 30길19-6 수유동521-20 급수차 배치. 통수시 녹물 출수 우려 물을 흘려보내고 사용[강북부],서울특별시 강북구 ,2025-06-01 11:57,,안전안내,212148,수도,
"군포시 주민인 최영길씨(여,85세)를 찾습니다-150cm,55kg,검정조끼,검정칠부바지,검정슬리퍼,다리절음
vo.la/Hgtpd / ☎112 [경기남부경찰청]",경기도 군포시 ,2025-06-01 15:24,,안전안내,212151,기타,
"안양시에서 실종된 최영길씨(여,85세)를 찾습니다-150cm,55kg,검정조끼,검정바지,검정슬리퍼,다리절음
vo.la/Hgtpd / ☎112 [경기남부경찰청]","경기도 안양시 만안구 ,경기도 안양시 동안구 ",2025-06-01 15:24,,안전안내,212152,기타,
"북부 수도사업소에 의하면 금일 16시경 국립재활원 인근 누수가 복구될 예정이었으나, 녹물제거 및 수질검사로 17시경 통수 지연 예정입니다.[강북구]",서울특별시 강북구 ,2025-06-01 16:00,,안전안내,212154,기타,
북부수도사업소에 의하면 국립재활원 인근 누수 복구 후 통수 시 녹물이 나올 수 있으니 물을 충분히 흘려보내고 사용하시기 바랍니다.[강북구],서울특별시 강북구 ,2025-06-01 16:07,,안전안내,212155,기타,
국립재활원 일대 누수 복구(최종) 북부수도사업소에 의하면 국립재활원 인근 급수재개.물 사용시 녹물이 나올 수 있으니 물을 흘려보내고 사용하시기 바랍니다.[강북구],서울특별시 강북구 ,2025-06-01 16:18,,안전안내,212156,기타,
"고양시에서 실종된 장연식씨(여,61세)를 찾습니다-155cm,65kg,파란색긴팔점퍼,베이지색바지,흰색운동화
vo.la/xUPoA / ☎112 [경기북부경찰청]","경기도 고양시 덕양구 ,경기도 고양시 일산동구 ,경기도 고양시 일산서구 ",2025-06-01 18:50,,안전안내,212158,기타,
"서대문구 주민인 이도씨(남,75세)를 찾습니다-165cm,남색상하의,빨간카라줄무늬셔츠,남색계열구두,검정베레모
vo.la/buHRr / ☎112 [서울경찰청]",서울특별시 서대문구 ,2025-06-01 19:03,,안전안내,212159,기타,
"안산시 주민인 박태준씨(남,53세)를 찾습니다 -176cm,70kg,군복무늬긴팔,검정긴바지,검정신발
vo.la/AHQwh / ☎112 [경기남부경찰청]","경기도 안산시 상록구 ,경기도 안산시 단원구 ",2025-06-01 19:13,,안전안내,212160,기타,
북 대남전단 추정 미상물체가 서울 인근 상공에서 식별되어 군 조치중. 야외활동 자제 및 미상물체 식별시 접촉하지 마시고 군부대 또는 경찰에 신고바랍니다.[서울시],서울특별시 전체 ,2025-06-01 20:53,,안전안내,212164,기타,
북한이 대남 오물풍선 다시 부양. 국민들께서는 적재물 낙하에 주의하시고 오물풍선 발견시 접촉하지 마시고 군부대(1338)나 경찰에 신고해주시기 바랍니다.[경기도],경기도 전체 ,2025-06-01 21:10,,안전안내,212165,기타,
북한이 대남 오물풍선을 다시 부양하고 있음. 시민들께서는 적재물 낙하에 주의하시고 풍선을 발견하시면 접촉하지 마시고 군부대나 경찰에 신고해 주시기 바람.[서울시],서울특별시 전체 ,2025-06-01 21:12,,안전안내,212166,기타,
북한 대남 오물 풍선이 안산에서 발견됨. 구민께서는 미확인 물체 및 풍선을 발견 즉시 접근금지. 군부대나 경찰. 구청으로 신고해 주시기 바랍니다.[서대문구],서울특별시 서대문구 ,2025-06-02 8:10,,안전안내,212173,기타,
"동대문구에서 실종된 염정옥씨(여,81세)를 찾습니다-158cm,꽃무늬상의,보라색바지,갈색샌들,체크모자,크로스백 vo.la/BdqoW / ☎112 [서울경찰청]","서울특별시 동대문구 ,서울특별시 중랑구 ",2025-06-02 9:19,,안전안내,212174,기타,
"양천구 주민인 김정식씨(남,80세)를 찾습니다-170cm,65kg,회색계열스웨터,남색긴바지,흰색운동화꺽어신음 vo.la/tyCOn / ☎112 [서울경찰청]",서울특별시 양천구 ,2025-06-02 11:05,,안전안내,212180,기타,
"성동구에서 실종된 최정임씨(여,69세)를 찾습니다 -160cm,58kg,검정점퍼,검정바지,검정운동화,짧은파마머리 vo.la/DNQQp / ☎112 [서울경찰청]",서울특별시 성동구 ,2025-06-02 11:12,,안전안내,212181,기타,
"긴급 도로 공사에 따라 공덕오거리에서 마포대교 방향 3개 차선이 교통통제 중입니다. 교통정보를 미리 확인하시고, 우회 도로를 이용해 주세요. [마포구]",서울특별시 마포구 ,2025-06-02 14:21,,안전안내,212182,기타,
"부천시에서 배회중인 김정식씨(남,80세)를 찾습니다-170cm,회색계열스웨터,남색긴바지,흰색운동화꺽어신음 vo.la/tyCOn / ☎112 [경기남부경찰청]","경기도 부천시 원미구 ,경기도 부천시 소사구 , 부천시 오정구 ",2025-06-02 19:00,,안전안내,212185,기타,
"송파구 주민인 배주천씨(남,38세)를 찾습니다-168cm,100kg,초록색반팔티,검정추리닝바지,검정나이키운동화 vo.la/itRwR / ☎112 [서울경찰청]",서울특별시 송파구 ,2025-06-02 19:13,,안전안내,212186,기타,
"금일 북 대남전단 추정 오물로 서초구 방배동 일대 피해 발생.
야외활동 자제 및 미상불체 발견시 접촉하지마시고 군부대나 경찰에 신고해 주시기 바람. [서초구]",서울특별시 서초구 ,2025-06-02 20:01,,안전안내,212188,기타,
6월 4일 화요일. 한-아프리카 정상회의에 다수의 국빈 방한으로 킨텍스 주변 교통정체가 예상되니 대중교통 이용과 우회로를 이용하여 주시기 바랍니다.[고양시청],"경기도 고양시 덕양구 ,경기도 고양시 일산동구 ,경기도 고양시 일산서구 ",2025-06-03 7:05,,안전안내,212191,기타,
"구로구 주민인 안창주씨(남,80세)를 찾습니다-170cm,75kg,검정캡모자,남색잠바,검정바지,검정단화
vo.la/zTBxj / ☎182 [서울경찰청]",서울특별시 구로구 ,2025-06-03 9:15,,안전안내,212192,기타,
오늘 08:40 가평군 설악도서관 인근 상수관로 파손으로 설악면 지역이 단수중입니다. 상수관로 복구시까지 식수 확보 등 대비하여 주시기 바랍니다. [가평군],경기도 가평군 ,2025-06-03 9:47,,안전안내,212193,수도,
오늘 10:57 강북구 미아동 5-23(경남빌라) 건물에서 화재 발생. 연기 다량 발생으로 피해가 우려되오니 안전에 유의하시기 바랍니다. [강북구],"서울특별시 강북구 미아동,서울특별시 강북구 번동",2025-06-03 11:19,,안전안내,212194,화재,
"구리시 주민인 박흥식씨(남,99세)를 찾습니다-170cm,55kg,백발,자주색긴팔,검정바지,흰색운동화
vo.la/OELSu / ☎182 [경기북부경찰청]",경기도 구리시 ,2025-06-03 11:59,,안전안내,212195,기타,
"한-아프리카 정상회의(6.4.~6.5.) 관련 금일 퇴근시간대 장충단로, 동호로 일대 교통정체가 우려되므로 우회 및 대중교통을 이용 바랍니다. [서울특별시청]",서울특별시 전체 ,2025-06-03 12:00,,안전안내,212196,기타,
"양천구 주민인 이정화씨(여,55세)를 찾습니다-165cm,70kg,짧은머리,국방색외투,검정바지,운동화
vo.la/GMJYv / ☎182 [서울경찰청]",서울특별시 양천구 ,2025-06-03 13:48,,안전안내,212198,기타,
"부천시에서 목격된 이정화씨(여,55세)를 찾습니다-165cm,70kg,짧은머리,국방색외투,검정바지,운동화
vo.la/GMJYv / ☎182 [경기남부경찰청]","경기도 부천시 원미구 ,경기도 부천시 소사구 , 부천시 오정구 ",2025-06-03 13:51,,안전안내,212199,기타,
"부천시에서 배회 중인 김덕호씨(남,28세)를 찾습니다-185cm,75kg,파란색반팔티,검정반바지,검정신발
vo.la/jvSio / ☎182 [경기남부경찰청]","경기도 부천시 원미구 ,경기도 부천시 소사구 , 부천시 오정구 ",2025-06-03 13:58,,안전안내,212200,기타,
"오늘 13:40경 여주시 흥천면 효지리 공장 화재발생하여 화재 진압 중, 인근 주민은 안전에 유의하시고, 차량은 우회바랍니다. [여주시]","경기도 여주시 흥천면,경기도 여주시 금사면,경기도 여주시 세종대왕면,경기도 여주시 대신면",2025-06-03 14:02,,안전안내,212201,화재,
"오늘 2024.06.03. 14:42 광명시 철산동 도덕파크 인근 상가건물 2층에서 화재 발생, 현재 화재 진화 완료되었음을 안내드립니다. [광명시]",경기도 광명시 ,2025-06-03 15:10,,안전안내,212203,화재,
"화성시에서 실종된 방금실씨(여,68세)를 찾습니다-145cm,50kg,빨간색긴팔티,검정긴바지,회색운동화
vo.la/NTLvg / ☎182 [경기남부경찰청]",경기도 화성시 ,2025-06-03 15:57,,안전안내,212090,기타,
오늘 18:15 향남읍 하길리 211-97 번지 소재 비닐하우스에서 화재 발생. 인근 거주민께서는 가급적 창문을 닫고 안전에 유의하시기 바랍니다. [화성시],경기도 화성시 향남읍,2025-06-03 18:35,,안전안내,212205,화재,
"한-아프리카 정상회의(6.4.~6.5.)로 금일 출근시간대 강변북로, 광화문 일대 교통정체가 우려되므로 우회 및 대중교통을 이용하시기 바랍니다. [서울특별시청]",서울특별시 전체 ,2025-06-04 7:00,,안전안내,212210,기타,
"오늘 출/퇴근시간대, 한-아프리카 정상회의로 킨텍스 주변도로, 자유로 및 제2자유로 교통정체가 예상되니 대중교통과 우회도로를 이용해주시기 바랍니다. [고양시청]","경기도 고양시 덕양구 ,경기도 고양시 일산동구 ,경기도 고양시 일산서구 ",2025-06-04 7:00,,안전안내,212211,기타,
"강동구 주민인 송경석씨(남,63세)를 찾습니다-172cm,검정모자,검정반팔티,줄무늬바지,검정슬리퍼,흰색마스크
vo.la/YoxRx / ☎182 [서울경찰청]",서울특별시 강동구 ,2025-06-04 14:47,,안전안내,212216,기타,
"동작구 주민인 박승주씨(남,30세)를 찾습니다-167cm,90kg,검정긴팔티,검정긴바지,모자,남색계열슬리퍼
vo.la/wykUB / ☎182 [서울경찰청]","서울특별시 구로구 ,서울특별시 동작구 ",2025-06-04 15:58,,안전안내,212217,기타,
"용산구 주민인 박정록씨(남,85세)를 찾습니다-170cm,검정긴팔,베이지바지,파란조끼,회색모자,지팡이,빨간라디오
vo.la/aWpeq / ☎182 [서울경찰청]","서울특별시 용산구 ,서울특별시 중구 ",2025-06-04 16:10,,안전안내,212218,기타,
"한-아프리카 정상회의(6.4.~6.5.)로 금일 출근시간대 을지로, 남대문로 일대 교통정체가 우려되므로 우회 및 대중교통을 이용하시기 바랍니다. [서울특별시청]",서울특별시 전체 ,2025-06-05 7:00,,안전안내,212223,기타,
"현재 화도읍 창현교차로 상 화물차량 주류상자 낙하로 인해 교통이 매우 혼잡하오니, 운행시 우회하시기 바랍니다. [남양주시]","경기도 남양주시 호평동,경기도 남양주시 화도읍,경기도 남양주시 수동면,경기도 남양주시 조안면",2025-06-05 15:08,,안전안내,212228,교통사고,
"오늘 18:10경 평택시 서탄면 우리비전 공장 화재 발생. 차량은 주변 도로를 우회하고, 인근 시민은 창문을 닫아주시기 바랍니다.[평택시]",경기도 평택시 ,2025-06-05 19:17,,안전안내,212233,화재,
"2024-06-05 18:10경 평택시 서탄면 수월암리 공장화재 발생. 차량은 주변 도로를 우회하고, 인근 시민은 창문을 닫아주시기 바랍니다. [화성시]","경기도 화성시 양감면,경기도 화성시 정남면",2025-06-05 19:37,,안전안내,212234,화재,
"서초구에서 실종된 한삼여씨(여,77세)를 찾습니다-158cm,파란색반팔티셔츠(흰색패턴무늬),분홍운동화,마스크 착용 vo.la/yeffV /☎112 [서울경찰청]",서울특별시 서초구 ,2025-06-06 8:18,,안전안내,212235,기타,
"경찰은 중랑구 주민인 정도윤씨(남, 26세)를 찾습니다 -175cm,75kg, 남색반팔티,카키색긴바지,검정운동화 vo.la/lpocP /☎112 [서울경찰청]","서울특별시 광진구 ,서울특별시 중랑구 ",2025-06-06 8:43,,안전안내,212236,기타,
"경찰은 강동구 주민인 이주섭씨(남,57세)를 찾습니다 -174cm,80kg,검정조끼,회색반팔,파란색긴바지,배가나옴 vo.la/VjhBs /☎112 [서울경찰청]",서울특별시 강동구 ,2025-06-06 11:24,,안전안내,212238,기타,
"도봉구 주민인 한석주씨(남,81세)를 찾습니다-178cm,검정반팔,베이지색등산바지,파란색운동화,검정모자,마스크착용
vo.la/QPtip /☎112 [서울경찰청]","서울특별시 강북구 ,서울특별시 도봉구 ",2025-06-06 18:30,,안전안내,212240,기타,
"중구에서 실종된 여무순씨(여,76세)를 찾습니다 -160cm,70kg,초록색티셔츠,검정바지,은색단화
vo.la/nFmoM /☎112 [서울경찰청]","서울특별시 종로구 ,서울특별시 중구 ",2025-06-06 18:35,,안전안내,212241,기타,
"광주시에서 실종된 전병옥씨(남,72세)를 찾습니다-169cm,78kg,분홍색긴팔셔츠,검정바지,검정운동화
vo.la/OeHhN / ☎112 [경기남부경찰청]",경기도 광주시 ,2025-06-06 19:31,,안전안내,212243,기타,
"송파구 주민인 김혜영씨(여,69세)를 찾습니다-153cm,60kg,녹색반팔카라티,어두운색7부반바지,분홍색크록스
vo.la/inhbu / ☎182 [서울경찰청]","서울특별시 강남구 ,서울특별시 송파구 ",2025-06-07 8:57,,안전안내,212245,기타,
"부천시 주민인 이현신씨(여,66세)를 찾습니다-160cm,46kg,남색바람막이점퍼,검정색긴바지,회색운동화
vo.la/cUsYs / ☎182 [경기남부경찰청]","경기도 부천시 원미구 ,경기도 부천시 소사구 , 부천시 오정구 ",2025-06-07 9:59,,안전안내,212246,기타,
"오늘 10:07경 청담동 62-6 일대 정전이 발생하여 복구 중이니, 인근 주민께서는 안전에 유의하여 주시기 바랍니다. [강남구]",서울특별시 강남구 청담동,2025-06-07 10:40,,안전안내,212247,정전,
"강남구에서 배회중인 박영자씨(여,82세)를 찾습니다-157cm,남색계통흰색꽃무늬블라우스,흰색바지,흰머리,마스크
vo.la/Fwumh / ☎182 [서울경찰청]","서울특별시 강남구 ,서울특별시 송파구 ",2025-06-07 14:12,,안전안내,212249,기타,
"성북구에서 배회 중인 심기환씨(남,44세)를 찾습니다-170cm,70kg,검정반팔,검정바지,검정운동화,검정모자
vo.la/eHbkG / ☎182 [서울경찰청]","서울특별시 동대문구 ,서울특별시 성북구 ",2025-06-07 15:56,,안전안내,212250,기타,
"용인시에서 목격된 이광수씨(남,71세)를 찾습니다-170cm,남색조끼,흰색붉은색줄반팔,청바지,황토색베레모자
vo.la/fYOWe / ☎182 [경기남부경찰청]","경기도 용인시 처인구 ,경기도 용인시 기흥구 ,경기도 용인시 수지구 ",2025-06-07 16:51,,안전안내,212252,기타,
"종로구 주민인 심정순씨(여,76세)를 찾습니다-160cm,60kg,꽃무늬푸른계통상의,진남색바지,검정단화
vo.la/WxiZV / ☎182 [서울경찰청]",서울특별시 종로구 ,2025-06-07 17:01,,안전안내,212253,기타,
"서대문구 주민인 최지아양(여,16세)를 찾습니다-163cm,54kg,검정긴반팔티,짧은반바지,검정운동화
vo.la/PKKhk / ☎182 [서울경찰청]",서울특별시 서대문구 ,2025-06-07 17:37,,안전안내,212254,기타,
"영등포구에서 최종 목격된 최지아양(여,16세)를 찾습니다-163cm,54kg,검정긴반팔티,짧은반바지,검정운동화
vo.la/PKKhk / ☎182 [서울경찰청]",서울특별시 영등포구 ,2025-06-07 17:37,,안전안내,212255,기타,
"남양주시 주민인 송필영씨(여,84세)를 찾습니다-157cm,51kg,흰머리,회색반팔티,검정긴바지
vo.la/ozzTn / ☎112 [경기북부경찰청]",경기도 남양주시 ,2025-06-07 19:54,,안전안내,212257,기타,
"성북구에서 최종 목격된 송필영씨(여,84세)를 찾습니다-157cm,51kg,흰머리,회색반팔티,검정긴바지
vo.la/ozzTn / ☎112 [서울경찰청]",서울특별시 성북구 ,2025-06-07 19:54,,안전안내,212258,기타,
"마포구 주민인 유세인양(여,13세)를 찾습니다 -153cm,42kg,흰색티셔츠, 청바지
vo.la/dhhkq / ☎112 [서울경찰청]","서울특별시 마포구 ,서울특별시 중구 ",2025-06-07 20:34,,안전안내,212259,기타,
"안양시에서 실종된 임시현씨(여,32세)를 찾습니다-160cm,70kg,짧은묶음머리,줄무늬흰색긴티,파랑바지,안경 vo.la/NDQSN/ ☎112 [경기남부경찰청]","경기도 안양시 만안구 ,경기도 안양시 동안구 ",2025-06-08 9:29,,안전안내,212261,기타,
"의왕시에서 목격된 임시현씨(여,32세)를 찾습니다-160cm,70kg,짧은묶음머리,줄무늬흰색긴티,파랑바지,안경 vo.la/NDQSN/ ☎112 [경기남부경찰청]",경기도 의왕시 ,2025-06-08 9:31,,안전안내,212262,기타,
"동대문구에서 목격된 김종필씨(남,60세)를 찾습니다-175cm,80kg,검정반팔티,회색긴바지,회색점퍼,회색운동화 vo.la/IKhUj / ☎112 [서울경찰청]","서울특별시 동대문구 ,서울특별시 성북구 ",2025-06-08 10:16,,안전안내,212265,기타,
오늘 14:35경 영등포구 여의동 50 일대 정전이 발생되어 복구 중이오니 안전사고 발생에 유의해주세요.[영등포구],서울특별시 영등포구 여의도동,2025-06-08 15:29,,안전안내,212270,정전,
"용산구에서 배회중인 이현승(여,13세)을 찾습니다-160cm,카키크롭셔츠(흰나시),검정청바지,흰바탕금색무늬신발 vo.la/TMdwK / ☎112 [서울경찰청]","서울특별시 영등포구 ,서울특별시 용산구 ",2025-06-08 15:43,,안전안내,212271,기타,
"광진구 주민인 오미정씨(여,54세)를 찾습니다-170cm,62kg,노란색계통땡땡이반팔티,검정바지,검정신발,안경 vo.la/xEzfW/ ☎112 [서울경찰청]","서울특별시 광진구 ,서울특별시 송파구 ",2025-06-08 16:37,,안전안내,212272,기타,
"용인시에서 실종된 이정수씨(남,74세)를 찾습니다-164cm,베이지색중절모,남색점퍼,파랑바지,흰색섞인검정운동화 vo.la/oPGsR/ ☎112 [경기남부경찰청]","경기도 용인시 처인구 ,경기도 용인시 기흥구 ,경기도 용인시 수지구 ",2025-06-08 20:08,,안전안내,212275,기타,
북한이 대남 오물풍선을 다시 부양하고 있음. 시민께서는 적재물 낙하에 주의하시고 풍선을 발견하시면 접근하지 마시고 군부대나 경찰에 신고해 주시기 바람.[서울시],서울특별시 전체 ,2025-06-08 23:09,,안전안내,212276,기타,
"시흥시에서 실종된 이현구씨(남,88세)를 찾습니다-150cm,45kg,백발(대머리),흰색반팔카라티,체크무늬바지
vo.la/iZHCT/ ☎112 [경기남부경찰청]",경기도 시흥시 ,2025-06-09 9:58,,안전안내,212280,기타,
"안산시에서 배회중인 이현구씨(남,88세)를 찾습니다-150cm,45kg,백발(대머리),흰색반팔카라티,체크바지
vo.la/iZHCT / ☎112 [경기남부경찰청]","경기도 안산시 상록구 ,경기도 안산시 단원구 ",2025-06-09 10:04,,안전안내,212281,기타,
"양천구 주민인 이숙자씨(여,75세)를 찾습니다 -숏컷(백발),체크남방(자주색,흰색섞임),어두운색바지,흰색운동화
vo.la/VTirv / ☎112 [서울경찰청]","서울특별시 양천구 ,서울특별시 영등포구 ",2025-06-09 12:35,,안전안내,212282,기타,
"오늘 장위동, 삼선동 등 관내 여러 곳에서 북한 오물풍선이 발견되고 있으니, 절대 접촉하지 마시고 군부대(1338)나 경찰(112)로 신고 바랍니다.[성북구]",서울특별시 성북구 ,2025-06-09 12:52,,안전안내,212283,민방공,
"파주시 주민인 조외선씨(여, 78세)를 찾습니다 -150cm,반백발,밝은색상의,회색바지,흰운동화,노란색크로스백 vo.la/jrfmX /☎112 [경기북부경찰청]",경기도 파주시 ,2025-06-09 16:20,,안전안내,212289,기타,
"수원시에서 목격된 창덕기씨(남, 64세)를 찾습니다 -167cm,60kg,남색카라티셔츠,검정긴바지,검정색운동화 vo.la/QUTXs /☎112 [경기남부경찰청]","경기도 수원시 장안구 ,경기도 수원시 권선구 ,경기도 수원시 팔달구 ,경기도 수원시 영통구 ",2025-06-09 19:46,,안전안내,212292,기타,
북한이 대남 오물풍선(추정) 다시 부양중. 국민들께서는 낙하물에 주의하시고 오물풍선 발견시 접근금지 및 군부대(1338)나 경찰에 신고해주시기 바랍니다 [경기도],경기도 전체 ,2025-06-09 21:45,,안전안내,212293,기타,
"북한의 오물풍선이 서울 상공으로 진입 확인. 시민께서는 적재물 낙하에 주의하시고, 발견하시면 접근하지 마시고 군부대(1338)나 경찰에 신고 바랍니다.[서울시]",서울특별시 전체 ,2025-06-09 22:15,,안전안내,212295,기타,
6.9. 23:56경 수석동 1018-1 창고 화재로 다량의 연기가 발생하고 있으니 주변 주택가에서는 창문을 폐쇄하고 안전에 유의하시기 바랍니다. [남양주시],"경기도 남양주시 이패동,경기도 남양주시 삼패동,경기도 남양주시 수석동,경기도 남양주시 다산동",2025-06-10 2:33,,안전안내,212305,화재,
"성동구에서 실종된 이종복씨(여,85세)를 찾습니다-150cm,50kg,자주색블라우스,네이비색바지,군청색벙거지모자
vo.la/KfHjS / ☎182 [서울경찰청]",서울특별시 성동구 ,2025-06-10 13:40,,안전안내,212315,기타,
"서초구에서 배회 중인 김윤미양(여,17세)를 찾습니다-155cm,50kg,흰색반팔티,회색교복치마,검정백팩
vo.la/kCXBN / ☎182 [서울경찰청]",서울특별시 서초구 ,2025-06-10 15:14,,안전안내,212321,기타,
"양천구 주민인 박무일씨(남,79세)를 찾습니다 - 160cm,주황색긴팔티,검정조끼,검정바지,검정운동화,자전거소지 vo.la/RKDOx/ ☎182 [서울경찰청]",서울특별시 양천구 ,2025-06-10 16:14,,안전안내,212323,기타,
"전국적으로 화재가 빈번하여 인명 및 재산피해가 속출되고 있으니 각별한 주의 필요. 특히, 지하주차장 내 전기자동차 화재 시 신속한 대피 바랍니다. [김포시청]",경기도 김포시 ,2025-06-10 16:16,,안전안내,212324,화재,
"북부수도사업소에 의하면 오늘 21시부터 익일06시까지 수유1,2동 일대 긴급누수복구로 인한 단수예정, 피해 없도록 사용하실 물 미리 받아두시기 바랍니다.[강북구]",서울특별시 강북구 ,2025-06-10 19:10,,안전안내,212330,수도,
"강북구 수유1,2동 일대 긴급누수복구 단수예정 알림(2차) 북부수도사업소에 의한 단수예정 지역은 수유동 486, 475, 633 일대 임을 알려드립니다.[강북구]",서울특별시 강북구 ,2025-06-10 19:44,,안전안내,212331,수도,
"강북구 수유1동 단수에 따른 물공급 안내 21시부터 수유동 486-606(마운틴펠레스),475-115(빨래골공원),731(SH스카이)에서 공급예정입니다.[강북구]",서울특별시 강북구 ,2025-06-10 20:02,,안전안내,212332,수도,
강북구 수유1동 일대 단수복구알림(최종) 북부수도사업소에 의하면 04시 복구완료 통수시 혼탁수가 나올 수 있으니 물을 충분히 흘리고 사용하시기 바랍니다.[강북구],서울특별시 강북구 ,2025-06-11 5:31,,안전안내,212334,수도,
"동작구 주민인 이기술씨(남,80세)를 찾습니다-177cm,77kg,분홍반팔티,검정체크긴바지,검정가죽운동화,갈색중절모 vo.la/DzvRj/ ☎182 [서울경찰청]",서울특별시 동작구 ,2025-06-11 10:26,,안전안내,212336,기타,
오늘 12시경 남양주시 와부읍 도곡리 4-7 인근 화재발생. 현재 진화중이며 연기 다량 발생 중. 인근 주민은 안전에 유의하여 주시기 바랍니다. [남양주시],경기도 남양주시 와부읍,2025-06-11 12:10,,안전안내,212340,화재,
폭염주의보 발효에 따라 야외활동을 자제하여 주시고 충분한 휴식과 수분섭취로 건강 및 안전관리에 유의 바랍니다.[용인특례시],"경기도 용인시 처인구 ,경기도 용인시 기흥구 ,경기도 용인시 수지구 ",2025-06-11 14:00,,안전안내,212345,폭염,
"도봉구에서 실종된 고영옥씨(여,69세)를 찾습니다-150cm,45kg,백발단발머리,갈색가디건,꽃무늬치마,검정슬리퍼 vo.la/ZxptV/ ☎182 [서울경찰청]","서울특별시 노원구 ,서울특별시 도봉구 ",2025-06-11 14:34,,안전안내,212346,기타,
"군포시에서 목격된 김종서씨(여,71세)를 찾습니다-150cm,65kg,보라색반팔,흰색바지,검정운동화,분홍모자
vo.la/fhdhv / ☎182 [경기남부경찰청]",경기도 군포시 ,2025-06-11 15:57,,안전안내,212347,기타,
"송파구에서 실종된 남기충씨(남,70세)를 찾습니다 -174cm,70kg,흰색남색섞인긴팔티,검정긴바지,검정크록스신발 vo.la/rsCDi/ ☎182 [서울경찰청]","서울특별시 강남구 ,서울특별시 송파구 ",2025-06-11 17:47,,안전안내,212349,기타,
"송파구 주민인 박대영씨(남,26세)를 찾습니다-172cm,52kg,파랑바람막이,남색추리닝바지,검정아디다스운동화 vo.la/KGRaF / ☎112 [서울경찰청]",서울특별시 송파구 ,2025-06-11 18:07,,안전안내,212350,기타,
"2024-06-12 08:26 전북 부안군 남남서쪽 4km 지역 M4.7 지진/낙하물,여진주의 국민재난안전포털 참고대응 Earthquake[기상청]","강원특별자치도 전체 ,경기도 전체 ,경상남도 전체 ,경상북도 전체 ,광주광역시 전체 ,대구광역시 전체 ,대전광역시 전체 ,부산광역시 전체 ,서울특별시 전체 ,울산광역시 전체 ,인천광역시 전체 ,전라남도 전체 ,전북특별자치도 전체 ,제주특별자치도 전체 ,충청남도 전체 ,충청북도 전체 ,세종특별자치시  ",2025-06-12 8:27,,긴급재난,212352,지진,
2024-06-12 08:26 부안군 지역에서 발생한 M4.7 지진은 상세분석을 통해 M4.8로 조정됨 Earthquake[기상청],"강원특별자치도 전체 ,경기도 전체 ,경상남도 전체 ,경상북도 전체 ,광주광역시 전체 ,대구광역시 전체 ,대전광역시 전체 ,부산광역시 전체 ,서울특별시 전체 ,울산광역시 전체 ,인천광역시 전체 ,전라남도 전체 ,전북특별자치도 전체 ,제주특별자치도 전체 ,충청남도 전체 ,충청북도 전체 ,세종특별자치시  ",2025-06-12 8:35,,안전안내,212354,지진,
폭염주의보 발효에 따라 야외활동을 자제하여 주시고 충분한 휴식과 수분섭취로 건강 및 안전관리에 유의 바랍니다.[용인특례시],"경기도 용인시 처인구 ,경기도 용인시 기흥구 ,경기도 용인시 수지구 ",2025-06-12 14:00,,안전안내,212390,폭염,
"오늘 14:30경부터 관악구 봉천동41-869(중앙동)일대 정전 발생으로 복구중이오니, 주민들께서는 정전으로 인한 피해가 발생하지 않도록 주의바랍니다.[관악구청]",서울특별시 관악구 봉천동,2025-06-12 15:30,,안전안내,212404,정전,
"남양주시에서 실종된 전길영씨(남,37세)를 찾습니다-173cm,102kg,새치머리,검정내의,검정바지,검정슬리퍼
vo.la/BBRHz/ ☎182 [경기북부경찰청]",경기도 남양주시 ,2025-06-12 16:54,,안전안내,212407,기타,
"부천시 주민인 최정자씨(여, 81세)를 찾습니다 -160cm,40kg,남색꽃무늬남방,회색바지,아이보리색운동화 vo.la/TeDlV /☎112 [경기남부경찰청]","경기도 부천시 원미구 ,경기도 부천시 소사구 , 부천시 오정구 ",2025-06-12 19:33,,안전안내,212411,기타,
오늘 03:52 남양읍 원천리 공장 화재 완진 되었으나 인근 지역에 재가 날릴 수 있으니 안전에 주의하여 주시기 바랍니다.[화성시],"경기도 화성시 남양읍,경기도 화성시 비봉면,경기도 화성시 마도면,경기도 화성시 송산면",2025-06-13 6:56,,안전안내,212412,화재,
"송파구 주민인 조국영씨(남,81세)를 찾습니다-167cm,63kg,회색자켓,검정캡모자,검정긴바지
vo.la/yrdsb / ☎182 [서울경찰청]","서울특별시 강동구 ,서울특별시 송파구 ",2025-06-13 9:27,,안전안내,212413,기타,
폭염주의보 발효에 따라 야외활동을 자제하여 주시고 충분한 휴식과 수분섭취로 건강 및 안전관리에 유의 바랍니다. [용인특례시],"경기도 용인시 처인구 ,경기도 용인시 기흥구 ,경기도 용인시 수지구 ",2025-06-13 14:00,,안전안내,212427,폭염,
"연천군 주민인 윤주안씨(남,74세)를 찾습니다-170cm,49kg,하늘색상의,청바지,아이보리색등산모자
vo.la/yVTRY / ☎182 [경기북부경찰청]",경기도 연천군 ,2025-06-13 15:13,,안전안내,212432,기타,
"강동구에서 배회 중인 조국영씨(남,81세)를 찾습니다-167cm,63kg,회색자켓,검정캡모자,검정긴바지 vo.la/yrdsb / ☎182 [서울경찰청]",서울특별시 강동구 ,2025-06-13 17:06,,안전안내,212440,기타,
북한의 오물풍선 살포가 현재는 중단되었지만 불시에 재살포 될 수 있기에 낙하물 발견 시 접근금지 및 군부대(1338)나 경찰에 신고해 주시기 바랍니다. [김포시],경기도 김포시 ,2025-06-13 18:05,,안전안내,212441,기타,
"의정부시 주민인 최현규씨(남,28세)를 찾습니다-165cm,70kg,주황색반팔티,검정반바지,등산모자,검정가방
vo.la/GSQQO / ☎112 [경기북부경찰청]",경기도 의정부시 ,2025-06-13 20:24,,안전안내,212446,기타,
폭염주의보 발효에 따라 야외활동을 자제하여 주시고 충분한 휴식과 수분섭취로 건강 및 안전관리에 유의 바랍니다. [용인특례시],"경기도 용인시 처인구 ,경기도 용인시 기흥구 ,경기도 용인시 수지구 ",2025-06-14 14:00,,안전안내,212461,폭염,
"오산시에서 목격된 남유리(여,15세)를 찾습니다-163cm,검정티셔츠,흰색면바지,흰색운동화,검정나이키크로스백 vo.la/WAbWG / ☎182 [경기남부경찰청]",경기도 오산시 ,2025-06-14 16:30,,안전안내,212467,기타,
"포천시에서 배회중인 윤주안씨(남,74세)를 찾습니다-170cm,49kg,하늘색상의,청바지,아이보리색등산모자 vo.la/yVTRY / ☎182 [경기북부경찰청]",경기도 포천시 ,2025-06-14 16:39,,안전안내,212468,기타,
"양주시 주민인 고명자씨(여,80세)를 찾습니다-160cm,짧은단발백발,꽃무늬몸베바지,파랑썬캡,쥐색긴팔,검정신발 vo.la/ytBJc /☎112 [경기북부경찰청]","경기도 동두천시 ,경기도 양주시 ",2025-06-15 10:52,,안전안내,212473,기타,
"안산시 주민인 정문성씨(남,67세)를 찾습니다-157cm,51kg,스포츠머리,노란색등산점퍼,회색바지,검정신발
vo.la/yfZeF / ☎112 [경기남부경찰청]","경기도 안산시 상록구 ,경기도 안산시 단원구 ",2025-06-15 14:41,,안전안내,212475,기타,
"광진구 주민인 이연주씨(여,41세)를 찾습니다-162cm,50kg,검정모자,회색티셔츠,흰색검정반바지,핑크슬리퍼
vo.la/XwKQn / ☎112 [서울경찰청]","서울특별시 광진구 ,서울특별시 성동구 ",2025-06-15 19:42,,안전안내,212495,기타,
"송파구 주민인 김영빈씨(남,27세)를 찾습니다-175cm,65kg,흰반팔티셔츠,카키색바지,남색운동화,카키색백팩
vo.la/hVotq / ☎112 [서울경찰청]",서울특별시 송파구 ,2025-06-16 8:53,,안전안내,212507,기타,
"성남시에서 목격된 김영빈씨(남,27세)를 찾습니다-175cm,65kg,흰반팔티셔츠,카키바지,남색신발,카키백팩
vo.la/hVotq / ☎112 [경기남부경찰청]","경기도 성남시 수정구 ,경기도 성남시 중원구 ,경기도 성남시 분당구 ",2025-06-16 8:54,,안전안내,212508,기타,
"중랑구 주민인 배재수씨(남,90세)를 찾습니다-165cm,60kg,회색모자,검정색상하의,녹색티셔츠,검정운동화
vo.la/QwLDX / ☎112 [서울경찰청]","서울특별시 동대문구 ,서울특별시 중랑구 ",2025-06-16 9:04,,안전안내,212509,기타,
"금천구에서 실종된 태동국씨(남,74세)를 찾습니다-167cm,65kg,짧은백발,흰색긴팔,베이지색바지,남색신발
vo.la/wZzBc / ☎112 [서울경찰청]","서울특별시 구로구 ,서울특별시 금천구 ",2025-06-16 10:15,,안전안내,212513,기타,
"송파구에서 배회중인 이연주씨(여,41세)를 찾습니다-162cm,검정모자,회색티셔츠,흰색검정반바지,검정가방,슬리퍼 vo.la/XwKQn / ☎112 [서울경찰청]",서울특별시 송파구 ,2025-06-16 11:42,,안전안내,212515,기타,
"영등포구 주민인 이영자씨(여,62세)를 찾습니다-160cm,80kg,갈색점퍼,회색꽃무늬바지,흰운동화,초록색상의
vo.la/eZVfz / ☎112 [서울경찰청]",서울특별시 영등포구 ,2025-06-16 15:01,,안전안내,212517,기타,
"광진구에서 배회중인 오미정씨(여,54세)를 찾습니다-170cm,50kg,퍼머,안경,붉은색반팔티,검정바지,슬리퍼
vo.la/LzcUU / ☎112 [서울경찰청]",서울특별시 광진구 ,2025-06-16 17:07,,안전안내,212518,기타,
"영등포구 주민인 김점태씨(남,84세)를 찾습니다-160cm,53kg,회색셔츠,남색반바지,카키슬리퍼,백색짧은머리
vo.la/DvsYp / ☎112 [서울경찰청]","서울특별시 구로구 ,서울특별시 영등포구 ",2025-06-16 18:34,,안전안내,212521,기타,
금일 06:32경 초월읍 무갑리 297-2 공장 화재(연기 발생)로 인근 주민은 차량 우회 및 야외활동 자제와 창문을 닫아 주시기 바랍니다.[광주시],경기도 광주시 ,2025-06-17 7:52,,안전안내,212522,화재,
"마포구에서 배회중인 이수자씨(여,80세)를 찾습니다-160cm,분홍티셔츠,검정바지,검정모자,검정단화,꽃무늬스카프 vo.la/wPKwC/ ☎182 [서울경찰청]",서울특별시 마포구 ,2025-06-17 14:21,,안전안내,212526,기타,
"동대문구 주민인 박호영씨(남,60세)를 찾습니다-170cm,70kg,녹색검정체크무늬셔츠,검정긴바지,검정운동화,vo.la/jxDzC/ ☎112 [서울경찰청]","서울특별시 종로구 ,서울특별시 중구 ",2025-06-17 19:04,,안전안내,212533,기타,
"중구 주민인 김중곤씨(남,85세)를 찾습니다-160cm,흰색체크반팔남방,검정긴바지,중절모(베이지),흰마스크착용 vo.la/kWPkE/ ☎112 [서울경찰청]",서울특별시 중구 ,2025-06-17 19:49,,안전안내,212534,기타,
"안산시 주민인 박종대씨(남,77세)를 찾습니다-170cm,75kg,검정긴티,검정7부바지,검정운동화,백발 vo.la/jHUrt/ ☎112 [경기남부경찰청]","경기도 안산시 상록구 ,경기도 안산시 단원구 ",2025-06-17 20:03,,안전안내,212535,기타,
"성동구 주민인 김한식씨(남,71세)를 찾습니다-165cm,54kg,대머리,회색체크자켓,청바지,검정운동화  vo.la/odREX/ ☎112 [서울경찰청]",서울특별시 성동구 ,2025-06-17 20:31,,안전안내,212538,기타,
"종로구에서 배회중인 김한식씨(남,71세)를 찾습니다-165cm,54kg,대머리,회색체크자켓,청바지,검정운동화 vo.la/odREX/ ☎112 [서울경찰청]",서울특별시 종로구 ,2025-06-17 20:35,,안전안내,212539,기타,
"동대문구 주민인 박호영씨(남, 60세)를 찾습니다 -170cm, 70kg, 체크무늬셔츠, 남색긴바지, 검정색운동화 vo.la/jxDzC/ ☎112 [서울경찰청]",서울특별시 성동구 ,2025-06-18 8:17,,안전안내,212541,기타,
오늘 09:44 진건읍 송능리 13-1번지에서 화재 발생. 현재 진화중이며 연기 다량 발생중. 인근 주민은 안전에 유의하여 주시기 바랍니다. [남양주시],경기도 남양주시 진건읍,2025-06-18 10:14,,안전안내,212547,화재,
"올해들어 가장 더운 날씨로 야외작업자와 어르신 등 취약계층 피해가 우려됩니다. 충분한 수분보충을 해주시기 바라며, 야외활동 자제바랍니다. [김포시청]",경기도 김포시 ,2025-06-19 9:09,,안전안내,212580,폭염,
"오늘 10:00 고양시 폭염주의보 발효. 야외 활동을 자제하시기 바라며, 충분히 물을 마시고 그늘에서 휴식을 취하는 등 건강관리에 유의하세요. [고양시청]","경기도 고양시 덕양구 ,경기도 고양시 일산동구 ,경기도 고양시 일산서구 ",2025-06-19 9:58,,안전안내,212582,폭염,
"현재 폭염주의보 발효 중입니다. 물 충분히 마시기, 무더위 쉼터 이용, 실외 작업장 폭염 안전수칙(물, 그늘, 휴식) 지키기 등 안전에 유의바랍니다. [가평군]",경기도 가평군 ,2025-06-19 10:02,,안전안내,212585,폭염,
"오늘 10:00부로 폭염주의보 발효 중이오니 외출 및 야외 활동을 자제하여 주시고 폭염안전수칙(물, 그늘, 휴식) 준수 등 안전관리에 유의 바랍니다. [성북구]",서울특별시 성북구 ,2025-06-19 10:09,,안전안내,212586,폭염,
"금일 10시부로 폭염주의보가 발효되었으니 충분한 수분섭취, 야외활동 자제 등 건강관리에 유의하시기 바랍니다.[남양주시]",경기도 남양주시 ,2025-06-19 10:19,,안전안내,212589,폭염,
"오늘 10시 의왕시 폭염주의보 발효. 외출 및 야외 활동을 자제하여 주시고 폭염안전수칙(물, 그늘, 휴식) 준수 등 안전관리에 유의 바랍니다. [의왕시청]",경기도 의왕시 ,2025-06-19 10:22,,안전안내,212592,폭염,
"금일 10시부로 광주시 폭염주의보 발령. 야외 활동을 자제하시기 바라며, 충분히 물을 마시고 그늘에서 휴식을 취하는 등 건강관리에 유의하세요. [광주시]",경기도 광주시 ,2025-06-19 10:25,,안전안내,212593,폭염,
"금일 10시부로 폭염주의보 발효, 낮시간 야외활동 자제 및 건설현장, 농,어업 야외 작업시 폭염으로 인한 피해가 발행하지 않도록 주의하시기 바랍니다.[안산시청]",경기도 안산시 ,2025-06-19 10:27,,안전안내,212596,폭염,
"오늘부터 서울지역에 강한 무더위가 예상되오니, 온열질환 예방을 위하여 가급적 야외 활동을 자제하여 주시기 바랍니다.[서울특별시청]",서울특별시 전체 ,2025-06-19 10:30,,안전안내,212598,폭염,
"금일 10시부로 군포시 폭염주의보 발령. 야외 활동을 자제하시기 바라며, 충분히 물을 마시고 그늘에서 휴식을 취하는 등 건강관리에 유의하세요. [군포시]",경기도 군포시 ,2025-06-19 10:34,,안전안내,212599,폭염,
"오늘 폭염주의보 발효 ▲야외활동 자제 ▲물 충분히 마시기 ▲무더위쉼터 이용 ▲실외작업장 폭염 안전수칙(물, 그늘, 휴식) 지키기 등 안전에 유의하세요.[안양시청]","경기도 안양시 만안구 ,경기도 안양시 동안구 ",2025-06-19 10:44,,안전안내,212600,폭염,
"폭염주의보가 발효됨에 따라 외출 및 야외 활동을 자제하여 주시고 폭염안전수칙(물, 그늘, 휴식)을 준수하여 주시기 바랍니다. [오산시]",경기도 오산시 ,2025-06-19 10:46,,안전안내,212601,폭염,
"금일 폭염특보가 발효되었으니, 충분한 수분섭취, 야외활동 자제, 실외 작업 시 폭염 안전수칙(물, 그늘, 휴식) 준수 등으로 폭염에 대비하시기 바랍니다.[광명시]",경기도 광명시 ,2025-06-19 10:56,,안전안내,212604,폭염,
"낮 동안 최고기온이 33도 이상으로 온열질환 발생 가능성이 높으니 야외활동은 자제해 주시고, 작업현장에서는 물을 자주 마시고 휴식을 취해 주세요[경기도청]","경기도 가평군 ,경기도 과천시 ,경기도 광명시 ,경기도 광주시 ,경기도 구리시 ,경기도 군포시 ,경기도 김포시 ,경기도 남양주시 ,경기도 동두천시 ,경기도 안성시 ,경기도 양주시 ,경기도 양평군 ,경기도 여주시 ,경기도 연천군 ,경기도 오산시 ,경기도 의왕시 ,경기도 의정부시 ,경기도 이천시 ,경기도 파주시 ,경기도 평택시 ,경기도 포천시 ,경기도 하남시 ,경기도 화성시 ,임진강 수계지역(경기도 연천군,파주시)  ,경기도 수원시 장안구 ,경기도 수원시 권선구 ,경기도 수원시 팔달구 ,경기도 수원시 영통구 ,경기도 성남시 수정구 ,경기도 성남시 중원구 ,경기도 성남시 분당구 ,경기도 안양시 만안구 ,경기도 안양시 동안구 ,경기도 안산시 상록구 ,경기도 안산시 단원구 ,경기도 고양시 덕양구 ,경기도 고양시 일산동구 ,경기도 고양시 일산서구 ,경기도 용인시 처인구 ,경기도 용인시 기흥구 ,경기도 용인시 수지구 ,경기도 임진강 ",2025-06-19 11:00,,안전안내,212606,폭염,
"금일 오전부터 극심한 폭염이 예상되오니 가급적 외출 및 야외 활동을 자제하여 주시고, 충분한 수분섭취 등 건강관리에 유의하시기 바랍니다. [강동구]",서울특별시 강동구 ,2025-06-19 11:05,,안전안내,212607,폭염,
"폭염주의보 발효 중, 온열질환 예방을 위해 낮시간 야외활동 자제, 충분한 수분 섭취와 휴식, 주변 노약자분들께 안부전화 등 안전수칙을 준수바랍니다.[양평군]",경기도 양평군 ,2025-06-19 11:24,,안전안내,212609,폭염,
"금일 10시부로 화성시 폭염주의보 발령. 야외 활동을 자제하시기 바라며, 충분히 물을 마시고 그늘에서 휴식을 취하는 등 건강관리에 유의하시기 바랍니다. [화성시]",경기도 화성시 ,2025-06-19 11:43,,안전안내,212611,폭염,
"의정부시에서 목격된 강인준씨(남,30세)를 찾습니다-179cm,65kg,노란색티셔츠,검정바지,검정운동화  vo.la/JmDUZ/ ☎182 [경기북부경찰청]",경기도 의정부시 ,2025-06-19 12:17,,안전안내,212612,기타,
"(폭염주의보 발효) 야외 활동 자제, 충분한 수분섭취 및 그늘에서 휴식을 취하는 등 건강관리에 각별히 유의하세요. [구리시]",경기도 구리시 ,2025-06-19 12:20,,안전안내,212613,폭염,
오늘 08:00경 목5동 부영그린타운 1차 지하주차장에서 화재 발생. 주변 차량은 우회하여 주시고 연기흡입이 되지 않도록 창문을 닫아주십시요. [양천구],서울특별시 양천구 목동,2025-06-19 12:29,,안전안내,212614,화재,
16:30 현재 목5동 부영그린타운 화재 진화중임. 연기와 원인 미상의 폭발로 진화 지연됨. 곧 빠른 진화를 위해 노력중임.[양천구],서울특별시 양천구 목동,2025-06-19 16:56,,안전안내,212634,화재,
"중랑구에서 배회중인 장길만씨(여,84세)를 찾습니다 -150cm,노랑빨강무늬검정티,흰무늬검정바지,검정운동화,지팡이 vo.la/egdsf/ ☎112 [서울경찰청]",서울특별시 중랑구 ,2025-06-19 18:01,,안전안내,212637,기타,
"19:44 부영그린타운 지하주차장 화재진압이 완료되었으며, 이재민들은 숙소 지원 등을 통해 입주시까지 관리하겠습니다[양천구]",서울특별시 양천구 목동,2025-06-19 20:14,,안전안내,212641,화재,
"오늘도 무더위가 지속되오니 온열질환이 발생하지 않도록 실외 활동에 유의하시고 폭염안전수칙(물, 그늘, 휴식)을 준수하여 주시기 바랍니다. [광명시]",경기도 광명시 ,2025-06-20 10:00,,안전안내,212650,폭염,
"오늘 10:00 고양시 폭염경보 발효. 야외 활동을 자제하시기 바라며, 충분히 물을 마시고 그늘에서 휴식을 취하는 등 건강관리에 유의하세요. [고양시청]","경기도 고양시 덕양구 ,경기도 고양시 일산동구 ,경기도 고양시 일산서구 ",2025-06-20 10:01,,안전안내,212652,폭염,
오늘도 경기지역에 최고기온 33도 이상 무더위가 지속되니 노약자분은 외출을 자제해 주시고 야외 근로자는 자주 물을 마시고 그늘에서 휴식을 취해 주세요[경기도청],"경기도 가평군 ,경기도 과천시 ,경기도 광명시 ,경기도 광주시 ,경기도 구리시 ,경기도 군포시 ,경기도 김포시 ,경기도 남양주시 ,경기도 동두천시 ,경기도 안성시 ,경기도 양주시 ,경기도 양평군 ,경기도 여주시 ,경기도 연천군 ,경기도 오산시 ,경기도 의왕시 ,경기도 의정부시 ,경기도 이천시 ,경기도 파주시 ,경기도 평택시 ,경기도 포천시 ,경기도 하남시 ,경기도 화성시 ,임진강 수계지역(경기도 연천군,파주시)  ,경기도 수원시 장안구 ,경기도 수원시 권선구 ,경기도 수원시 팔달구 ,경기도 수원시 영통구 ,경기도 성남시 수정구 ,경기도 성남시 중원구 ,경기도 성남시 분당구 ,경기도 안양시 만안구 ,경기도 안양시 동안구 ,경기도 안산시 상록구 ,경기도 안산시 단원구 ,경기도 고양시 덕양구 ,경기도 고양시 일산동구 ,경기도 고양시 일산서구 ,경기도 용인시 처인구 ,경기도 용인시 기흥구 ,경기도 용인시 수지구 ,경기도 임진강 ",2025-06-20 10:01,,안전안내,212653,폭염,
오늘 10:00 폭염경보. 야외 활동을 자제하세요. 충분히 물을 마시고 그늘에서 휴식을 취하는 등 건강관리에 유의하세요. [행정안전부],"경기도 가평군 ,경기도 고양시 ,경기도 안성시 ,경기도 용인시 ",2025-06-20 10:02,,안전안내,212654,폭염,
"수원시 주민인 이찬영씨(남,26세)를 찾습니다-180cm,64kg,흰색점퍼,파랑티,청바지,검정운동화 vo.la/HEaux / ☎182 [경기남부경찰청]","경기도 수원시 장안구 ,경기도 수원시 권선구 ,경기도 수원시 팔달구 ,경기도 수원시 영통구 ",2025-06-20 10:30,,안전안내,212661,기타,
"오늘 최고기온 33도이상으로 낮시간 야외활동을 자제하시고, 건설현장, 농어업 등 야외 작업시 물을 자주 마시고 그늘에서 충분한 휴식을 취하시기 바랍니다[안산시청]",경기도 안산시 ,2025-06-20 11:14,,안전안내,212665,폭염,
"화성시에서 배회중인 김철용씨(남,62세)를 찾습니다 -168cm,60kg,황토색계열반팔티,회색바지,거동불편 vo.la/qabQf/ ☎182 [경기남부경찰청]",경기도 화성시 ,2025-06-20 12:27,,안전안내,212669,기타,
"2024-06-20 12:07경 장안면 어은리 529 소재 공장화재 발생. 차량은 주변 도로를 우회하고, 인근 시민은 창문을 닫아주시기 바랍니다. [화성시]","경기도 화성시 우정읍,경기도 화성시 장안면",2025-06-20 12:44,,안전안내,212670,화재,
"오늘 가평군  폭염경보 발령. 야외 활동을 자제하세요, 충분히 물을 마시고 그늘에서 휴식을 취하는 등 건강관리에 유의하세요. [가평군]",경기도 가평군 ,2025-06-20 13:29,,안전안내,212673,폭염,
"의왕시 폭염주의보 발효 중. 야외작업(논밭, 공사장 등)을 자제하여 주시고, 폭염안전수칙(물, 그늘, 휴식)을 준수하여 주시기 바랍니다.[의왕시청]",경기도 의왕시 ,2025-06-20 13:41,,안전안내,212677,폭염,
"오늘도 최고기온 33도 이상 무더위가 지속되오니 외출 및 야외 활동을 자제하여 주시고 폭염 안전수칙(물, 그늘, 휴식)을 준수하여 주시기 바랍니다.. [오산시]",경기도 오산시 ,2025-06-20 13:53,,안전안내,212679,폭염,
"오늘 13:22 역삼동 713-12 화재 및 연기 발생. 인근 주민은 안전사고에 유의하여 주시고, 센터필드 교차로 통제중이니 차량 우회 바랍니다.[강남구]",서울특별시 강남구 역삼동,2025-06-20 13:55,,안전안내,212680,화재,
"파주시 말라리아 경보발령(6. 18.) 모기물림주의. 발열, 오한, 두통, 설사 등 의심증상 있으면 가까운 보건소에서 무료검사 받으시기 바랍니다.[파주시]",경기도 파주시 ,2025-06-20 18:00,,안전안내,212691,전염병,
2024.6.30. 14시 이후 갈현삼거리 서울방향 폐쇄시 교통혼잡이 예상되오니 우회하여 주시기 바랍니다. ▶https://url.kr/AmH6Tp  [과천시청],경기도 과천시 ,2025-06-20 20:01,,안전안내,212692,기타,
"종로구 주민인 정익수씨(남,80세)를 찾습니다-162cm,61kg,남색점퍼,옅은카키색바지,검정야구모자,남색운동화
vo.la/zkQjB / ☎112 [서울경찰청]","서울특별시 동대문구 ,서울특별시 종로구 ",2025-06-21 8:21,,안전안내,212693,기타,
"오늘 가평군 전역 폭염경보 발령중이오니. 야외 활동을 자제하세요, 충분히 물을 마시고 그늘에서 휴식을 취하는 등 건강관리에 유의하세요. [가평군]",경기도 가평군 ,2025-06-21 9:55,,안전안내,212695,폭염,
"오늘도 무더위가 지속되오니 온열질환이 발생하지 않도록 실외 활동에 유의하시고 폭염안전수칙(물, 그늘, 휴식)을 준수하여 주시기 바랍니다.[광명시청]",경기도 광명시 ,2025-06-21 10:00,,안전안내,212696,폭염,
"은평구 주민인 손성권씨(남,59세)를 찾습니다-158cm,68kg,회색계통반팔티,녹색계통바지,앞니한개가 반쯤깨짐
vo.la/BuPyK / ☎182 [서울경찰청]",서울특별시 은평구 ,2025-06-21 14:49,,안전안내,212702,기타,
"양주시에서 목격된 손성권씨(남,59세)를 찾습니다-158cm,68kg,회색계통반팔티,녹색계통바지,앞니한개가빠짐
vo.la/BuPyK/ ☎182 [경기북부경찰청]",경기도 양주시 ,2025-06-21 14:58,,안전안내,212703,기타,
"안산시 폭염특보 발효중입니다. 낮시간 야외활동을 자제하시고 야외 작업 시 물 마시기, 그늘에서 휴식 취하기 등 건강관리에 주의하시기 바랍니다[안산시청]","경기도 안산시 상록구 ,경기도 안산시 단원구 ",2025-06-21 15:03,,안전안내,212704,폭염,
"부천시에서 목격된 김병순씨(남,73세)를 찾습니다-168cm,75kg,주황반팔티,국방색바지,지팡이,안경
vo.la/WzTim / ☎112 [경기남부경찰청]","경기도 부천시 원미구 ,경기도 부천시 소사구 , 부천시 오정구 ",2025-06-22 10:11,,안전안내,212738,기타,
"노원구 주민인 나도식씨(남,82세)를 찾습니다-160cm,50kg,오렌지색점퍼,회색츄리닝바지,남색모자,빨간자전거
vo.la/fEVzG / ☎112 [서울경찰청]",서울특별시 노원구 ,2025-06-22 11:32,,안전안내,212741,기타,
"현재 많은 비가 내리고 있으니 급경사지, 건설공사장, 하천변 등 취약지역에 접근하지 마시고 안전에 유의하시기 바랍니다.[경기도청]","경기도 안성시 ,경기도 오산시 ,경기도 이천시 ,경기도 평택시 ,경기도 화성시 ,경기도 용인시 처인구 ,경기도 용인시 기흥구 ,경기도 용인시 수지구 ",2025-06-22 13:45,,안전안내,212764,호우,
"의정부시 주민인 안국자씨(여,83세)를 찾습니다-145cm,긴머리,마른편,빨간긴팔,청바지,은색신발,검정가방
vo.la/HMtmx / ☎112 [경기북부경찰청]",경기도 의정부시 ,2025-06-22 15:10,,안전안내,212772,기타,
"도봉구에서 목격된 나도식씨(남,82세)를 찾습니다-160cm,50kg,오렌지색점퍼,회색츄리닝,남색모자,빨간자전거 vo.la/fEVzG / ☎112 [서울경찰청]",서울특별시 도봉구 ,2025-06-22 15:15,,안전안내,212773,기타,
"남양주시 주민인 박미자씨(여,54세)를 찾습니다-통통한체격,주황긴팔티,검정꽃무늬바지,슬리퍼,검은반려견
vo.la/pEprS / ☎112 [경기북부경찰청]",경기도 남양주시 ,2025-06-22 20:16,,안전안내,212779,기타,
"서대문구 주민인 양순영씨(남,37세)를 찾습니다-175cm,80kg,흰색무늬검정반팔남방,남색반바지,검정슬리퍼 vo.la/ACPAK/ ☎112 [서울경찰청]",서울특별시 서대문구 ,2025-06-23 9:50,,안전안내,212781,기타,
"영등포구에서 목격된 양순영씨(남,37세)를 찾습니다-175cm,80kg,흰색무늬검정반팔남방,남색반바지,검정슬리퍼 vo.la/ACPAK/ ☎112 [서울경찰청]",서울특별시 영등포구 ,2025-06-23 9:53,,안전안내,212782,기타,
"성남시에서 배회중인 김영숙씨(여,57세)를 찾습니다-158cm,베이지색가디건,노란색상의,연두색하의,흰색신발 vo.la/gjJUG/ ☎112 [경기남부경찰청]","경기도 성남시 수정구 ,경기도 성남시 중원구 ,경기도 성남시 분당구 ",2025-06-23 17:24,,안전안내,212787,기타,
"부천시 주민인 민정기씨(남,80세)를 찾습니다-164cm,형광색무늬반팔티,검정바지,검정운동화,베이지색모자 vo.la/YVcQt/ ☎112 [경기남부경찰청]","경기도 부천시 원미구 ,경기도 부천시 소사구 , 부천시 오정구 ",2025-06-23 18:22,,안전안내,212790,기타,
"구로구에서 배회중인 민정기씨(남,80세)를 찾습니다-164cm,형광색무늬반팔티,검정바지,검정운동화,베이지색모자 vo.la/YVcQt/ ☎112 [서울경찰청]",서울특별시 구로구 ,2025-06-23 18:27,,안전안내,212791,기타,
"오늘 저녁 경기 남부지역 중심 일시에 많은 비가 예상됩니다. 하천변저지대 등 침수위험지역에 접근금지, 산사태 급경사지 인근 주민들은 안전에 유의하세요.[경기도청]",경기도 전체 ,2025-06-23 19:00,,안전안내,212792,호우,
"중구에서 배회중인 최희호(여,15세)를 찾습니다-170cm,검정긴생머리,흰반팔티,검정반바지,검정메신져백,흰스니커즈 vo.la/hTWOp /☎112 [서울경찰청]",서울특별시 중구 ,2025-06-24 8:45,,안전안내,212795,기타,
"2024-06-24 10:31경 서신면 전곡리 1103-2 소재 공장화재 발생. 차량은 주변 도로를 우회하고, 인근 시민은 창문을 닫아주시기 바랍니다. [화성시]","경기도 화성시 마도면,경기도 화성시 송산면,경기도 화성시 서신면",2025-06-24 10:57,,안전안내,212801,화재,
금일 10:31경 서신면 전곡리 1103-2 공장화재로 인해 연기가 많이 발생하고 있습니다. 인근 주민은 외출을 자제하는 등 안전에 유의하시길 바랍니다.[화성시],"경기도 화성시 마도면,경기도 화성시 송산면,경기도 화성시 서신면",2025-06-24 12:01,,안전안내,212802,화재,
금일 10:31경 서신면 전곡리 1103-2 공장화재로 인해 연기가 많이 발생하고 있습니다. 인근 주민은 외출을 자제하는 등 안전에 유의하시길 바랍니다.[화성시],경기도 화성시 남양읍,2025-06-24 12:16,,안전안내,212803,화재,
"금일 10:31경 서신면 전곡리 1103-2 공장화재로 인해 연기가 많이 발생하고 있습니다. 인근 주민은 외출 자제, 창문닫기 등 안전에 유의 바랍니다.[화성시]",경기도 화성시 ,2025-06-24 13:43,,안전안내,212805,화재,
"금일 10:31경 화성시 서신면 전곡리 1103-2 공장화재로 인해 연기가 많이 발생하고 있으니 창문을 닫고, 외출을 자제하여 주시기 바랍니다. [수원특례시]","경기도 수원시 권선구 평동,경기도 수원시 권선구 구운동,경기도 수원시 권선구 금곡동,경기도 수원시 권선구 호매실동,경기도 수원시 권선구 입북동,경기도 수원시 권선구 당수동",2025-06-24 13:52,,안전안내,212806,화재,
"광진구에서 배회중인 박현주씨(여,74세)를 찾습니다 -158cm,형광반팔티,검정모자,분홍마스크,검정반바지,검정신발 vo.la/uQEgF /☎112 [서울경찰청]",서울특별시 광진구 ,2025-06-24 19:32,,안전안내,212813,기타,
"도봉구 주민인 김기덕씨(남, 80세)를 찾습니다 -170cm,체크무늬남방,베이지색바지,검정신발,반지,지팡이 소지 vo.la/Aafya /☎112 [서울경찰청]","서울특별시 도봉구 ,서울특별시 동대문구 ",2025-06-24 19:49,,안전안내,212814,기타,
"중구 주민인 오병주씨(남,95세)를 찾습니다-168cm,55kg,흰색모자,갈색선글라스,파랑계열반팔,검정바지,지팡이 vo.la/jdtKy /☎112 [서울경찰청]",서울특별시 중구 ,2025-06-24 20:16,,안전안내,212816,기타,
북한이 대남 오물풍선(추정) 다시 부양중. 국민들께서는 낙하물에 주의하시고 풍선 발견시 접근금지 및 군부대(1338)나 경찰에 신고해주시기 바랍니다.[경기도],경기도 전체 ,2025-06-24 21:37,,안전안내,212818,기타,
21시경 경기북부지역 상공에 북한에서 부양한 풍선 추정 물체가 포착되었음. 시민들께서는 야외활동간 유의하시고 서울 진입 시 재안내 드리겠습니다.[서울시],서울특별시 전체 ,2025-06-24 21:39,,안전안내,212819,기타,
"북한의 오물풍선이 서울 상공으로 진입 확인. 시민들께서는 적재물 낙하에 주의하시고, 발견하시면 접근하지 마시고 군부대(1338)나 경찰에 신고 바랍니다.[서울시]",서울특별시 전체 ,2025-06-24 22:00,,안전안내,212820,기타,
"화성시 주민인 최경락씨(남,91세)를 찾습니다-170cm,70kg,파란색볼캡모자,흰색자켓,검정바지,갈색구두
vo.la/XnEUM / ☎182 [경기남부경찰청]",경기도 화성시 ,2025-06-25 13:50,,안전안내,212838,기타,
"양주시 말라리아 확진자 1명 발생.
야외활동 시 모기기피제 사용, 밝은 색 긴 옷 착용으로 모기에 물리지 않도록 주의하세요. [양주시]",경기도 양주시 ,2025-06-25 14:02,,안전안내,212839,전염병,
"고양시 주민인 이나현양(여,15세)를 찾습니다-160cm,45kg,하늘색반팔,하늘색반바지,검정흰색슬리퍼,부채
vo.la/XBahE / ☎182 [경기북부경찰청]","경기도 고양시 덕양구 ,경기도 고양시 일산동구 ,경기도 고양시 일산서구 ",2025-06-25 15:44,,안전안내,212840,기타,
"송파구 주민인 장은미씨(여,70세)를 찾습니다-164cm,65kg,검정반팔티,검정긴바지,검정운동화(흰색밑창)
vo.la/QsmBA / ☎112 [서울경찰청]",서울특별시 송파구 ,2025-06-25 18:37,,안전안내,212844,기타,
"오늘 19:46 서신면 전곡리 1103-2 화재현장에서 연기발생. 인근 주민들은 창문닫기, 외출자제 등 안전에 유의하여 주시기바랍니다.[화성시]","경기도 화성시 마도면,경기도 화성시 송산면,경기도 화성시 서신면",2025-06-25 20:18,,안전안내,212845,환경오염사고,
북한이 대남 오물풍선(추정) 다시 부양중. 국민들께서는 낙하물에 주의하시고 풍선 발견 시 접근금지 및 군부대(1338)나 경찰에 신고해주시기 바랍니다. [경기도],경기도 전체 ,2025-06-25 21:50,,안전안내,212846,기타,
경기북부지역 상공에 북한에서 부양한 풍선 추정 물체가 포착되었음. 시민들께서는 야외활동간 유의하시고 서울 진입 시 재안내 드리겠습니다.[서울시],서울특별시 전체 ,2025-06-25 21:54,,안전안내,212848,기타,
"북한의 오물풍선이 서울 상공으로 진입 확인. 시민들께서는 적재물 낙하에 주의하시고, 발견하시면 접근하지 말고 군부대(1338)나 경찰에 신고 바랍니다.[서울시]",서울특별시 전체 ,2025-06-25 22:05,,안전안내,212849,기타,
"금천구 주민인 김상훈씨(남,29세)를 찾습니다-180cm,70kg,빨강검정줄무늬반팔티,검정긴바지,회색단화 vo.la/hfPPX/ ☎182 [서울경찰청]",서울특별시 금천구 ,2025-06-26 9:47,,안전안내,212861,기타,
"금천구 주민인 김상훈씨(남,29세)를 찾습니다-180cm,70kg,빨강검정줄무늬반팔티,검정긴바지,회색단화 vo.la/hfPPX/ ☎182 [서울경찰청]",서울특별시 용산구 ,2025-06-26 9:52,,안전안내,212862,기타,
"김포·파주 지역 말라리아 경보 발령. 발열, 오한, 두통, 설사 등 의심증상 발생 시 김포시보건소에서 검사 받으시기 바랍니다. [김포시청]",경기도 김포시 ,2025-06-26 10:00,,안전안내,212864,전염병,
"고양시 주민인 하영권씨(남,73세)를 찾습니다-160cm,흰머리,회색반팔과 조끼,회색토시,진남색바지,절뚝거림
vo.la/DOrsV / ☎182 [경기북부경찰청]","경기도 고양시 덕양구 ,경기도 고양시 일산동구 ,경기도 고양시 일산서구 ",2025-06-26 13:44,,안전안내,212869,기타,
"광진구에서 목격된 전혜린씨(여,42세)를 찾습니다-160cm,50kg,분홍색반팔,분홍색바지,흰색신발,아이보리모자
vo.la/bnsjo / ☎182 [서울경찰청]",서울특별시 광진구 ,2025-06-26 13:54,,안전안내,212870,기타,
"서대문구 주민인 최상균씨(남,69세)를 찾습니다-169cm,남색체크남방,남색바지,남색신발,선글라스,검정모자,탈모 vo.la/yjsFJ/ ☎112 [서울경찰청]","서울특별시 서대문구 ,서울특별시 종로구 ",2025-06-26 19:07,,안전안내,212877,기타,
북한이 대남 오물풍선(추정) 다시 부양중. 국민들께서는 낙하물에 주의하시고 풍선 발견 시 접근금지 및 군부대(1338)나 경찰에 신고해주시기 바랍니다. [경기도],경기도 전체 ,2025-06-26 21:17,,안전안내,212878,기타,
21시 16분경 경기 북부지역 상공에 북한에서 부양한 풍선 추정 물체가 포착되었음. 시민들께서는 야외활동간 유의하시고 서울 진입 시 재안내 드리겠습니다.[서울시],서울특별시 전체 ,2025-06-26 21:19,,안전안내,212880,기타,
"북한 오물풍선이 서울 상공에서 포착되었습니다. 시민들께서는 적재물 낙하에 주의하시고, 발견 시 군부대(1338)나 경찰에 신고해 주시기 바랍니다. [서울시]",서울특별시 전체 ,2025-06-26 22:35,,안전안내,212882,기타,
2024-6-30 14:00 이후 갈현삼거리 서울방향 폐쇄시 교통혼잡이 예상되오니 우회하여 주시기 바랍니다.▶https://url.kr/AmH6Tp [과천시청],경기도 과천시 ,2025-06-27 8:00,,안전안내,212883,기타,
"수원시 주민인 박연수씨(남,74세)를 찾습니다-170cm,60kg,중절모,남색반팔,남색바지,성경책소지
vo.la/aLtcn / ☎182 [경기남부경찰청]","경기도 수원시 장안구 ,경기도 수원시 권선구 ,경기도 수원시 팔달구 ,경기도 수원시 영통구 ",2025-06-27 9:05,,안전안내,212884,기타,
"화성시에서 목격된 박연수씨(남,74세)를 찾습니다-170cm,60kg,중절모,남색반팔,남색바지,성경책소지 
vo.la/aLtcn / ☎182 [경기남부경찰청]",경기도 화성시 ,2025-06-27 9:07,,안전안내,212885,기타,
"금일 09:31 수원시 영통구 하동 27-1 영동고속도로 인천방향 방음터널에서 차량화재 발생, 인근 주민 및 운행차량은 안전에 유의하시기 바랍니다. [수원시]",경기도 수원시 ,2025-06-27 9:53,,안전안내,212887,화재,
"마포구에서 실종된 권정한씨(남,50세)를 찾습니다-173cm,회색추리닝상하의,검정삼선슬리퍼,이마 정중앙 큰 점
vo.la/ZFTuS / ☎182 [서울경찰청]",서울특별시 마포구 ,2025-06-27 13:59,,안전안내,212890,기타,
"마포구 배회중인 김상훈씨(남, 29세)를 찾습니다 -180cm, 70kg, 주황색과 파란색 줄무늬티셔츠, 검정바지 vo.la/hfPPX /☎182 [서울경찰청]",서울특별시 마포구 ,2025-06-27 15:50,,안전안내,212894,기타,
"동대문구 주민인 김승현씨(여,57세)를 찾습니다-160cm,55kg,긴생머리,나이키흰색티,어두운색반바지,검정신발
vo.la/GphCW / ☎182 [서울경찰청]","서울특별시 강북구 ,서울특별시 성북구 ",2025-06-28 9:19,,안전안내,212901,기타,
"최근 화재로 인해 많은 인명피해 발생, 안전한 작업환경을 위해 화재 예방수칙을 반드시 준수하시고 화재발생 시 즉시 대피하시기 바랍니다. [김포시청]",경기도 김포시 ,2025-06-28 9:53,,안전안내,212902,화재,
"성남시 분당구 주민인 정육남씨(여,74세)를 찾습니다 -153cm,45kg,흰색반팔,검정긴바지,검정신발 착용 vo.la/AsHZS /☎182 [경기남부경찰청]","경기도 성남시 수정구 ,경기도 성남시 중원구 ,경기도 성남시 분당구 ",2025-06-28 14:06,,안전안내,212910,기타,
"고양시 주민인 강옥순씨(여,81세)를 찾습니다-155cm,45kg,하늘색긴팔상의,검정긴바지,진한갈색크로스백
vo.la/GveHX /☎182 [경기북부경찰청]","경기도 고양시 덕양구 ,경기도 고양시 일산동구 ,경기도 고양시 일산서구 ",2025-06-28 15:18,,안전안내,212914,기타,
"평택시에서 배회 중인 이병옥씨(남,71세)를 찾습니다-164cm,50kg,분홍색반팔티,밀짚모자,검정반바지
vo.la/udswz /☎112 [경기남부경찰청]",경기도 평택시 ,2025-06-28 19:48,,안전안내,212924,기타,
오늘 08:38경 장안구 파장동 591-6 버스 교통사고 발생. 도시가스 누출로 인한 피해가 우려되오니 주변 지역 접근금지 등 안전에 유의 바랍니다. [수원시],경기도 수원시 장안구 파장동,2025-06-29 9:07,,안전안내,212928,교통사고,
"파장동 591-7 교통사고로 인한 도시가스 복구 관련, 파장동 일대 도시가스 공급이 일시적으로 원활하지 않을 수 있음을 알려드립니다. [수원시]",경기도 수원시 장안구 파장동,2025-06-29 9:41,,안전안내,212931,정전,
"파장동 591-7 교통사고로 인한 도시가스 복구 관련, 파장동 및 송죽동(일부) 일대 도시가스 공급이 일시적으로 원활하지 않을 수 있음을 알려드립니다. [수원시]",경기도 수원시 장안구 송죽동,2025-06-29 10:09,,안전안내,212934,정전,
"수원시 주민인 김상국씨(남,64세)를 찾습니다-164cm,68kg,백발머리,회색반팔티,검정바지,검정신발
vo.la/wKSfN /☎112 [경기남부경찰청]","경기도 수원시 장안구 ,경기도 수원시 권선구 ,경기도 수원시 팔달구 ,경기도 수원시 영통구 ",2025-06-29 10:38,,안전안내,212940,기타,
"화성시에서 배회 중인 김상국씨(남,64세)를 찾습니다-164cm,68kg,백발머리,회색반팔티,검정바지,검정신발
vo.la/wKSfN /☎112 [경기남부경찰청]",경기도 화성시 ,2025-06-29 10:38,,안전안내,212941,기타,
"오늘 12시경 수동면 입석리 552-7에서 화재 발생. 차량은 건물 주변 도로를 우회하고, 시민은 안전에 유의하여 주시기 바랍니다. [남양주시]",경기도 남양주시 수동면,2025-06-29 12:31,,안전안내,212956,화재,
오늘 전국에 많은 비가 예보되어 산사태 위험이 높습니다. 산림 주변 야외활동을 자제하시고 산에 있을 경우 산림 밖으로 피하시는 등 안전에 유의바랍니다. [산림청],"강원특별자치도 전체 ,경기도 전체 ,경상남도 전체 ,경상북도 전체 ,광주광역시 전체 ,대구광역시 전체 ,대전광역시 전체 ,부산광역시 전체 ,서울특별시 전체 ,울산광역시 전체 ,인천광역시 전체 ,전라남도 전체 ,전북특별자치도 전체 ,제주특별자치도 전체 ,충청남도 전체 ,충청북도 전체 ,세종특별자치시  ",2025-06-29 14:02,,안전안내,212967,산사태,
"부천시 주민인 이정애씨(여,74세)를 찾습니다-155cm,40kg,분홍색반팔티,얼룩무늬바지,어두운색계열운동화
vo.la/Kawcv /☎112 [경기남부경찰청]","경기도 부천시 원미구 ,경기도 부천시 소사구 , 부천시 오정구 ",2025-06-29 17:04,,안전안내,213002,기타,
"호우·강풍 예비특보 발표, 물이 조금이라도 차오르면 대피하여 주시고 지하차도, 하천 등 출입 자제, 낙하 우려 물품을 실내로 이동하여 주시기 바랍니다.[안산시청]",경기도 안산시 ,2025-06-29 17:32,,안전안내,213008,호우,
산사태 위기경보 주의. 오늘 광주시 전역에 많은 비가 내릴 예정으로 산림 인접 주민들은 유사시 인근 대피소로 대피하여 주시기 바랍니다. [광주시],경기도 광주시 ,2025-06-29 18:08,,안전안내,213025,산사태,
"오늘 19:00 호우주의보가 발효되었습니다. 하천변, 급경사지, 저지대(반지하주택) 침수, 산사태 등 위험지역 접근 자제와 안전사고에 유의 바랍니다. [수원시]","경기도 수원시 장안구 ,경기도 수원시 권선구 ,경기도 수원시 팔달구 ,경기도 수원시 영통구 ",2025-06-29 18:09,,안전안내,213028,호우,
"오늘 19:00 호우주의보가 발효되었습니다. 하천변, 급경사지, 저지대(반지하주택) 침수, 산사태 등 위험지역 접근 자제와 안전사고에 유의 바랍니다. [광주시]",경기도 광주시 ,2025-06-29 18:14,,안전안내,213032,호우,
"오산시 호우주의보 발표로 많은 비가 예상되오니 오산천, 저지대, 침수 우려지역 등 위험지역에서는 안전에 주의바랍니다. [오산시]",경기도 오산시 ,2025-06-29 18:24,,안전안내,213036,호우,
"금일 19시 호우주의보 발효 ▲하천변, 저지대 및 산사태 위험지역 출입금지 ▲위험징후 발생 시 즉시 대피 ▲외출자제 등 안전에 유의바랍니다.[화성시]",경기도 화성시 ,2025-06-29 18:32,,안전안내,213043,호우,
"내일까지 70mm이상의 많은 비와 강풍이 예상되오니 저지대, 하천변, 지하건축물, 급경사지 등 위험지역은 접근을 금지하시고 안전에 유의하시기 바랍니다.[김포시청]",경기도 김포시 ,2025-06-29 19:00,,안전안내,213053,호우,
"금일 19시 안성시 호우주의보 발효로 많은 비가 예상되오니 하천변, 저지대 및 산사태 위험지역 출입금지 등 안전에 주의하시기 바랍니다. [안성시]",경기도 안성시 ,2025-06-29 19:32,,안전안내,213058,호우,
"오늘밤 강풍을 동반한 많은 비 예상 △하천변, 저지대 및 해안가 출입금지 △위험징후 발생 시 즉시 대피 △외출자제 등 안전에 유의하시기 바랍니다. [시흥시청]",경기도 시흥시 ,2025-06-29 19:51,,안전안내,213065,호우,
"내일까지 많은 비가 내릴 것으로 예상됩니다. 하천변 저지대 등 접근금지, 급경사지·산사태 위험지역 인근 주민들은 사전대피 등 안전에 유의 하세요. [경기도청]",경기도 전체 ,2025-06-29 20:00,,안전안내,213067,호우,
"여주시 전역 호우주의보 발효 중. 매우 강한 비와 강풍이 예상되니, 하천, 세월교 등 위험지역 접근금지 및 외부활동 자제하여 주시기 바랍니다. [여주시]",경기도 여주시 ,2025-06-29 20:10,,안전안내,213073,호우,
"내일까지 많은 비와 강풍이 예상되오니 지하차도, 하천변, 급경사지 등 위험지역 접근을 금하시고 가급적 야간외출을 자제하시어 안전에 유의바랍니다.[광명시]",경기도 광명시 ,2025-06-29 20:14,,안전안내,213074,호우,
"이천시 전역 호우주의보 발효중으로 내일까지 강풍을 동반한 많은 비가 예보되어 복하천, 청미천 등 하천변 출입 금지 및 외출을 자제하여 주시기 바랍니다. [이천시]",경기도 이천시 ,2025-06-29 21:31,,안전안내,213104,호우,
"파주시에서 실종된 한성만씨(남,81세)를 찾습니다 -172cm,80kg,해병대빨간모자,검정상의,청바지
vo.la/FqvYs / ☎112 [경기북부경찰청]",경기도 파주시 ,2025-06-30 9:13,,안전안내,213149,기타,
"관악구 주민인 김명자씨(여,76세)를 찾습니다 -150cm,45kg,백발,노란색티셔츠,남색칠부바지,하늘색계열운동화 vo.la/ejELL /☎112 [서울경찰청]","서울특별시 관악구 ,서울특별시 동작구 ",2025-06-30 18:59,,안전안내,213162,기타,
"03:42경 3호선 도곡~대치역 간 하선 특수차 배터리에서 연기발생으로 상,하선 열차 중단, 다른 교통수단을 이용하시기 바랍니다.[서울교통공사]","경기도 전체 ,서울특별시 전체 ",2025-07-01 5:34,,안전안내,213165,교통사고,
"오늘 03:42경 발생한 3호선 도곡~대치역 간 하선 특수차 배터리에서 연기발생은 조치 완료되어 상,하선 열차 운행 중입니다.[서울교통공사]","경기도 전체 ,서울특별시 전체 ",2025-07-01 5:55,,안전안내,213166,교통사고,
"중랑구 주민인 강연학씨(여,83세)를 찾습니다-153cm,45kg,꽃무늬상의,검정땡땡이바지,검정슬리퍼,분홍양말
vo.la/RjEie / ☎112 [서울경찰청]",서울특별시 중랑구 ,2025-07-01 8:12,,안전안내,213167,기타,
오늘 16:42경 9호선 흑석역 승강장 원인 미상 연기발생으로 흑석역 상하선 무정차 통과 중으로 다른 교통편을 이용 바랍니다. [서울시메트로9호선(주)],서울특별시 전체 ,2025-07-01 17:06,,안전안내,213178,화재,
"영등포구 주민인 정보패씨(여,85세)를 찾습니다-155cm,분홍색꽃무늬블라우스,보라색꽃무늬치마,녹색단화,하늘색모자
vo.la/eFOct/ ☎112 [서울경찰청]",서울특별시 영등포구 ,2025-07-01 19:06,,안전안내,213185,기타,
"오늘 19:16 정남면 문학리 510-6 농장에서 화재발생. 연기가 많이 발생하고 있으니 인근 주민들은 창문을 닫고, 안전에 유의해주시기 바랍니다.[화성시]","경기도 화성시 진안동,경기도 화성시 병점동,경기도 화성시 능동,경기도 화성시 기산동,경기도 화성시 반월동,경기도 화성시 반정동,경기도 화성시 황계동,경기도 화성시 배양동,경기도 화성시 기안동,경기도 화성시 송산동,경기도 화성시 안녕동,경기도 화성시 반송동,경기도 화성시 석우동,경기도 화성시 오산동,경기도 화성시 청계동,경기도 화성시 영천동,경기도 화성시 중동,경기도 화성시 신동,경기도 화성시 목동,경기도 화성시 산척동,경기도 화성시 장지동,경기도 화성시 송동,경기도 화성시 방교동,경기도 화성시 금곡동,경기도 화성시 봉담읍,경기도 화성시 향남읍,경기도 화성시 남양읍,경기도 화성시 매송면,경기도 화성시 비봉면,경기도 화성시 팔탄면,경기도 화성시 양감면,경기도 화성시 정남면",2025-07-01 19:51,,안전안내,213186,화재,
9호선 흑석역 상하선 19:43 현재 연기제거 및 열차운행에 이상없음 확인되어 흑석역 상하선 열차 정상운행 중입니다. [서울시메트로9호선(주)],서울특별시 전체 ,2025-07-01 19:55,,안전안내,213187,화재,
"대곶면 율생리 96-43에서 화재 발생.
인근 주민께서는 안전사고에 유의하시기 바랍니다.[김포시청]",경기도 김포시 ,2025-07-02 6:12,,안전안내,213201,화재,
"오늘 07:00 호우주의보 발령. 하천 주변 산책로, 계곡, 급경사지, 농수로 등 위험 지역에는 가지 마시고, 하천 범람에 주의하세요. [행정안전부]","경기도 안성시 ,경기도 오산시 ,경기도 평택시 ,경기도 화성시 ,대전광역시 전체 ,인천광역시 옹진군 ,충청남도 당진시 ,충청남도 서산시 ,충청남도 아산시 ,충청남도 예산군 ,충청남도 계룡시 ,충청남도 천안시 동남구 ,충청남도 천안시 서북구 ",2025-07-02 7:08,,안전안내,213206,호우,
대곶면 율생리 96-43에서 화재사고로 파편 및 연기가 발생하고 있습니다. 인근 주민은 통행 우회 및 접근 금지 바랍니다.[김포시],경기도 김포시 대곶면,2025-07-02 7:42,,안전안내,213210,화재,
"오산시 호우주의보 발표. 계속된 장맛비로 지반이 연약한 도로사면, 축대 및 옹벽 등의 피해가 우려되므로 사전대비에 유의하세요. [오산시]",경기도 오산시 ,2025-07-02 7:45,,안전안내,213212,호우,
대곶면 율생리 96-43에서 화재사고로 파편 및 연기가 발생하고 있습니다. 인근 주민은 통행 우회 및 접근 금지 바랍니다.[김포시],"경기도 김포시 북변동,경기도 김포시 걸포동,경기도 김포시 운양동,경기도 김포시 장기동,경기도 김포시 감정동,경기도 김포시 사우동,경기도 김포시 풍무동,경기도 김포시 마산동,경기도 김포시 구래동,경기도 김포시 통진읍,경기도 김포시 고촌읍,경기도 김포시 양촌읍,경기도 김포시 월곶면,경기도 김포시 하성면",2025-07-02 7:54,,안전안내,213213,화재,
"오늘 강풍을 동반한 많은 비가 예보되어 있으니 하천, 저지대, 산사태 등 위험지역 접근을 삼가 주시고 서행 등 안전에 유의하시기 바랍니다.[경기도청]","경기도 가평군 ,경기도 과천시 ,경기도 광명시 ,경기도 광주시 ,경기도 구리시 ,경기도 군포시 ,경기도 김포시 ,경기도 남양주시 ,경기도 동두천시 ,경기도 시흥시 ,경기도 양주시 ,경기도 양평군 ,경기도 여주시 ,경기도 연천군 ,경기도 의왕시 ,경기도 의정부시 ,경기도 이천시 ,경기도 파주시 ,경기도 포천시 ,경기도 하남시 ,임진강 수계지역(경기도 연천군,파주시)  ,경기도 수원시 장안구 ,경기도 수원시 권선구 ,경기도 수원시 팔달구 ,경기도 수원시 영통구 ,경기도 성남시 수정구 ,경기도 성남시 중원구 ,경기도 성남시 분당구 ,경기도 안양시 만안구 ,경기도 안양시 동안구 ,경기도 안산시 상록구 ,경기도 안산시 단원구 ,경기도 고양시 덕양구 ,경기도 고양시 일산동구 ,경기도 고양시 일산서구 ,경기도 용인시 처인구 ,경기도 용인시 기흥구 ,경기도 용인시 수지구 ,경기도 임진강 ,경기도 부천시 원미구 ,경기도 부천시 소사구 , 부천시 오정구 ",2025-07-02 7:55,,안전안내,213214,호우,
호우로 산사태 위험이 높으므로 산림 주변 야외활동을 자제하시고 대피명령 있을 시 산림과 떨어진 마을회관·학교 등 안전한 곳으로 대피하시기 바랍니다. [산림청],"강원특별자치도 전체 ,경기도 전체 ,경상남도 전체 ,경상북도 전체 ,광주광역시 전체 ,대구광역시 전체 ,대전광역시 전체 ,부산광역시 전체 ,서울특별시 전체 ,울산광역시 전체 ,인천광역시 전체 ,전라남도 전체 ,전북특별자치도 전체 ,제주특별자치도 전체 ,충청남도 전체 ,충청북도 전체 ,세종특별자치시  ",2025-07-02 8:24,,안전안내,213220,산사태,
"금일 비가 많이 올 것으로 예상합니다. 비가 많이 오면 하천 산책로, 계곡, 야영장 등은 침수될 우려가 있어 위험하오니 접근을 자제하세요. [의정부시]",경기도 의정부시 ,2025-07-02 8:53,,안전안내,213225,호우,
"오늘 09:00 호우주의보 발령. 하천 주변 산책로, 계곡, 급경사지, 농수로 등 위험 지역에는 가지 마시고, 하천 범람에 주의하세요. [행정안전부]","강원특별자치도 원주시 ,강원특별자치도 평창군 ,강원특별자치도 횡성군 ,경기도 과천시 ,경기도 광명시 ,경기도 광주시 ,경기도 구리시 ,경기도 군포시 ,경기도 남양주시 ,경기도 시흥시 ,경기도 양평군 ,경기도 여주시 ,경기도 의왕시 ,경기도 이천시 ,경기도 하남시 ,서울특별시 강남구 ,서울특별시 강동구 ,서울특별시 강북구 ,서울특별시 강서구 ,서울특별시 관악구 ,서울특별시 광진구 ,서울특별시 구로구 ,서울특별시 금천구 ,서울특별시 노원구 ,서울특별시 도봉구 ,서울특별시 동대문구 ,서울특별시 동작구 ,서울특별시 마포구 ,서울특별시 서대문구 ,서울특별시 서초구 ,서울특별시 성동구 ,서울특별시 성북구 ,서울특별시 송파구 ,서울특별시 양천구 ,서울특별시 영등포구 ,서울특별시 용산구 ,서울특별시 은평구 ,서울특별시 종로구 ,서울특별시 중구 ,서울특별시 중랑구 ,인천광역시 계양구 ,인천광역시 미추홀구 ,인천광역시 남동구 ,인천광역시 동구 ,인천광역시 부평구 ,인천광역시 서구 ,인천광역시 연수구 ,인천광역시 중구 ,경기도 수원시 장안구 ,경기도 수원시 권선구 ,경기도 수원시 팔달구 ,경기도 수원시 영통구 ,경기도 성남시 수정구 ,경기도 성남시 중원구 ,경기도 성남시 분당구 ,경기도 안양시 만안구 ,경기도 안양시 동안구 ,경기도 안산시 상록구 ,경기도 안산시 단원구 ,경기도 용인시 처인구 ,경기도 용인시 기흥구 ,경기도 용인시 수지구 ,경기도 부천시 원미구 ,경기도 부천시 소사구 , 부천시 오정구 ",2025-07-02 8:58,,안전안내,213226,호우,
"금일 09:00 이후 80mm 이상의 집중호우가 예상됩니다. 하천 주변이나 저지대에 주차된 차량은 이동 주차, 주변 배수구는 미리 점검바랍니다.[서울특별시청]",서울특별시 전체 ,2025-07-02 9:11,,안전안내,213227,호우,
"구리시 호우주의보 발효로 많은 비가 예상됨에 따라 왕숙천변 접근을 피하고 산사태 위험, 저지대 침수 시에는 즉시 대피하는 등 안전에 유의바랍니다. [구리시청]",경기도 구리시 ,2025-07-02 9:11,,안전안내,213228,호우,
"안산시 호우주의보 발효, 실내에 물이 조금이라도 차오르면 즉시 대피하여 주시고 지하차도, 하천, 해안가 등 위험시설 출입을 자제하여 주시기 바랍니다.[안산시청]",경기도 안산시 ,2025-07-02 9:16,,안전안내,213229,호우,
"09시 광주시 호우주의보 발효로 많은 비가 예상됨에 따라 하천변 접근을 삼가주시고 산사태, 저수지 침수 시 즉시 대피하는 등 안전에 유의 바랍니다. [광주시청]",경기도 광주시 ,2025-07-02 9:27,,안전안내,213231,호우,
"7.2.(화) 09시 호우주의보 발효. 많은 비가 예상됨에 따라, 저지대 인근 주민분들께서는 침수 시 즉시 대피하는 등 안전에 유의하시기 바랍니다.[군포시]",경기도 군포시 ,2025-07-02 9:31,,안전안내,213235,호우,
"호우주의보가 발효됨에 따라 강풍을 동반한 많은 비가 예상됩니다. 하천변 등 위험지역 출입금지, 외출자제 및 위험징후 발생 시 대피하시기 바랍니다. [시흥시청]",경기도 시흥시 ,2025-07-02 9:31,,안전안내,213236,호우,
"호우주의보 발효중, 하천변산책로,산사태,침수우려지역 등 위험지역 접근을 지양하여 주시고 반지하주택, 비탈면 인근에 거주하는 주민은 안전에 유의바랍니다.[화성시]",경기도 화성시 ,2025-07-02 9:37,,안전안내,213237,호우,
"오늘 09:00 호우주의보 발령. 불광천, 구파발천 산책로 침수 위험으로 출입자제. 강풍으로 인한 낙하물에 주의하시고 안전사고에 유의하시기 바랍니다.[은평구]",서울특별시 은평구 ,2025-07-02 9:37,,안전안내,213238,호우,
"2024. 7. 2. 09시부 호우주의보 발효. 주민들께서는 도림천 일대, 서달산 등산로 등  위험지역 출입을 자제해 주시고 안전에 유의하시기 바랍니다.[동작구]",서울특별시 동작구 ,2025-07-02 9:43,,안전안내,213241,호우,
"여주시 전역 호우주의보 발효중입니다. 산간계곡, 하천, 세월교 등 위험지역 접근금지 및 급경사지, 산사태 위험지역 등은 안전한 지역으로 이동해주세요[여주시청]",경기도 여주시 ,2025-07-02 9:57,,안전안내,213244,호우,
"금일 서울 및 중부지역에 호우가 예상되오니 안전을 위해 숲길, 등산로 이용을 자제하여 주시기 바랍니다.[강동구청]",서울특별시 강동구 ,2025-07-02 10:04,,안전안내,213245,호우,
"오늘 09:00부 서울지역 호우주의보 발효. 도림천, 안양천, 목감천 등 하천 접근 자제 및 주택가 배수시설 사전점검 등 안전에 유의하시기 바랍니다.[구로구]",서울특별시 구로구 ,2025-07-02 10:07,,안전안내,213246,호우,
"현재 의왕시 호우주의보 발효 중, 하천, 등산로, 저지대 등 출입을 삼가하여 주시기 바라며, 지하공간 침수 시 즉시 대피하시기 바랍니다. [의왕시]",경기도 의왕시 ,2025-07-02 10:25,,안전안내,213249,호우,
"오늘부터 내일까지 많은 비가 예상되오니, 하천, 저지대, 산사태 등 위험지역 접근을 자제하시고, 감속 안전 운전하시기 바랍니다.[광명시]",경기도 광명시 ,2025-07-02 10:25,,안전안내,213250,호우,
"금일09시 호우주의보 발령으로 많은비가 예상되니 하천·계곡등 접근 금지하시고, 산사태,급경사지등 취약지역 인근주민들은 이상징후 발견즉시 대피 바랍니다 [양평군]",경기도 양평군 ,2025-07-02 11:07,,안전안내,213251,호우,
"오늘 11:00 호우주의보가 발효됨에 따라 많은 비가 올 것으로 예상되오니, 산간계곡, 하천변, 농수로등 접근을 자제하시고, 침수피해에 유의 바랍니다. [파주시]",경기도 파주시 ,2025-07-02 11:11,,안전안내,213253,호우,
"오늘 많은 비가 예보되어 하천 산책로, 둔치주차장, 급경사지 등 침수 우려지역 접근을 통제하오니 안전에 유의하시기 바랍니다. [의정부시]",경기도 의정부시 ,2025-07-02 11:32,,안전안내,213255,호우,
"호우주의보가 발효 중으로 많은 비가 예상되오니 신천변, 등산로, 계곡 등 위험지역에 접근하지마시고 안전사고 예방에 주의해 주시기 바랍니다.[동두천시]",경기도 동두천시 ,2025-07-02 11:34,,안전안내,213257,호우,
"호우주의보 발령으로 많은 비가 예상되니 하천, 저지대 등에 접근을 자제하시고 반지하주택, 급경사지 인근 주민들은 안전에 유의하시기 바랍니다.[양주시]",경기도 양주시 ,2025-07-02 11:43,,안전안내,213258,호우,
"호우주의보가 발효 중으로 많은 비가 예상되오니 신천변, 등산로, 계곡 등 위험지역에 접근하지마시고 안전사고 예방에 주의해 주시기 바랍니다.[연천군]",경기도 연천군 ,2025-07-02 12:02,,안전안내,213260,호우,
금일부터 광주시 전역에 많은 비가 내릴 예정으로 산림 인접 주민들은 유사시 인근 대피소로 대피하시기 바랍니다. [광주시],경기도 광주시 ,2025-07-02 12:16,,안전안내,213261,산사태,
"안양권 하천 수위 상승으로 하천 출입 위험하오니 둔치주차장 이동 주차, 하천 내 출입 금지에 협조 바랍니다. [안양시청]","경기도 안양시 만안구 ,경기도 안양시 동안구 ",2025-07-02 12:26,,안전안내,213262,호우,
"집중호우로 인해 오늘 12:20부터 오산천 잠수교(경기도 평택시 진위면 야막리 159)의 통제가 시작되었으니, 통행 차량은 우회하여 주시기 바랍니다. [오산시]",경기도 오산시 ,2025-07-02 12:35,,안전안내,213263,호우,
"부천지역 호우주의보 발효, 저지대, 침수 우려 지역에서는 배수구 등을 점검 해주시고, 외출자제 등 안전에 유의바랍니다.[부천시청]","경기도 부천시 원미구 ,경기도 부천시 소사구 , 부천시 오정구 ",2025-07-02 12:38,,안전안내,213264,호우,
오늘 12시경 영등포동3가 일대 일부 정전 발생. 현재 복구 작업 중으로 안전사고 발생에 유의하시기 바랍니다.[영등포구],서울특별시 영등포구 영등포동3가,2025-07-02 12:52,,안전안내,213266,정전,
"도봉구에서 배회중인 박재숙씨(여,88세)를 찾습니다-154cm,백색퍼머,체크남방,검정바지,땡땡이무늬백팩,남색가방 vo.la/NEayp/ ☎182 [서울경찰청]",서울특별시 도봉구 ,2025-07-02 13:00,,안전안내,213267,기타,
"이천시 전역 호우주의보 발효중이며 집중호우로 인한 신대천, 신둔천 등 하천 수위 상승 및 산사태 위험에 따라 취약지역 출입을 금지하여 주시기 바랍니다. [이천시]",경기도 이천시 ,2025-07-02 13:08,,안전안내,213268,호우,
"김포시 호우주의보 발효중으로 많은 비가 내리고 있으니, 외출 자제 및 시설물 관리, 취약지역 점검 등 인명피해가 없도록 안전에 유의바랍니다. [김포시청]",경기도 김포시 ,2025-07-02 13:44,,안전안내,213270,호우,
오늘 16:00부로 오산천 잠수교(경기도 평택시 진위면 야막리 159)의 통제를 해제하여 정상 운행함을 알려드립니다. [오산시],경기도 오산시 ,2025-07-02 16:06,,안전안내,213273,호우,
"2024-07-03 13:00부터 이동저수지 방류로 진위천~성은천 일대 하천 수위가 높아질 것으로 예상되니, 저수지 하류나 하천에 접근하지 마세요. [용인특례시]","경기도 용인시 처인구 이동읍,경기도 용인시 처인구 남사읍",2025-07-03 13:01,,안전안내,213301,호우,
"동작구에서 목격된 이정자씨(여,87세)를 찾습니다-156cm,카키점퍼,밤색하의,밤색운동화,스카프,백팩,안경착용 vo.la/LXHWJ / ☎182 [서울경찰청]",서울특별시 동작구 ,2025-07-03 14:21,,안전안내,213303,기타,
"양주시 주민인 김동섭씨(남,73세)를 찾습니다-173cm,60kg,회색카라티,청바지,녹색계열운동화 vo.la/xXrWp / ☎182 [경기북부경찰청]",경기도 양주시 ,2025-07-03 14:32,,안전안내,213304,기타,
"강동구에서 목격된 김동섭씨(남,73세)를 찾습니다-173cm,60kg,회색카라티,청바지,녹색계열운동화 vo.la/xXrWp / ☎182 [서울경찰청]",서울특별시 강동구 ,2025-07-03 14:35,,안전안내,213305,기타,
"안양시에서 목격된 최경희씨(여,66세)를 찾습니다-155cm,흰색스포츠머리,회색줄무늬라운드반팔,검정바지,흰신발
vo.la/AsWdC/ ☎112 [경기남부경찰청]","경기도 안양시 만안구 ,경기도 안양시 동안구 ",2025-07-04 8:44,,안전안내,213318,기타,
"평택시 주민인 진성현씨(남,62세)를 찾습니다-165cm,45kg,검정반팔,베이지색조끼,검정반바지
vo.la/pLpnR / ☎182 [경기남부경찰청]",경기도 평택시 ,2025-07-04 10:03,,안전안내,213322,기타,
"김포지역 금일 저녁부터(새벽시간대 집중) 최대 90mm의 많은 비 예상. 하천변 산책로 접근금지, 배수시설 사전점검 등으로 인명피해 예방 당부드립니다.[김포시청]",경기도 김포시 ,2025-07-04 11:27,,안전안내,213329,호우,
"송파구에서 실종된 한경난씨(여,53세)를 찾습니다-163cm,흑색단발,남색계열원피스(점박이무늬),슬리퍼,파란마스크
vo.la/vdaPx/ ☎182 [서울경찰청]","서울특별시 강동구 ,서울특별시 송파구 ",2025-07-04 14:23,,안전안내,213338,기타,
"서대문구에서 배회중인 손다영(여,16세)을 찾습니다-160cm,50kg,흰색자켓,흰색반팔,흰색긴바지,흰색단화
vo.la/zaOBs / ☎182 [서울경찰청]","서울특별시 서대문구 ,서울특별시 종로구 ",2025-07-04 16:34,,안전안내,213343,기타,
"안산시에서 실종된 김태우씨(남,22세)를 찾습니다-185cm,75kg,검정계열반팔상의와 긴바지,갈색계열운동화
vo.la/ngOiA / ☎182 [경기남부경찰청]","경기도 안산시 상록구 ,경기도 안산시 단원구 ",2025-07-04 16:47,,안전안내,213344,기타,
"남양주시 주민인 김병윤씨(남,68세)를 찾습니다-174cm,68kg,검정모자와 흰색반팔(나이키),검정긴바지
vo.la/PfrPT / ☎182 [경기북부경찰청]",경기도 남양주시 ,2025-07-04 17:08,,안전안내,213345,기타,
"남양주시에서 실종된 김병윤씨(남,68세)를 찾습니다-174cm,68kg,검정모자와흰색반팔(나이키),검정긴바지
vo.la/PfrPT / ☎182 [경기북부경찰청]",경기도 구리시 ,2025-07-04 17:11,,안전안내,213346,기타,
"구로구에서 배회중인 한석조씨(남,62세)를 찾습니다-160cm,빨간색반팔티,검정긴바지,검정신발,검정배낭,흰캡모자 vo.la/RUDVH /☎112 [서울경찰청]",서울특별시 구로구 ,2025-07-04 18:03,,안전안내,213348,기타,
"관악구에서 배회중인 한석조씨(남,62세)를 찾습니다-160cm,빨간색반팔티,검정긴바지,검정신발,검정배낭,흰캡모자 vo.la/RUDVH /☎112 [서울경찰청]",서울특별시 관악구 ,2025-07-04 18:04,,안전안내,213349,기타,
"오늘 밤부터 많은 비가 예상됩니다. 하천 산책로, 계곡, 급경사지 등은 침수 우려지역으로 위험하오니 접근 및 이용을 자제하여 주시기 바랍니다. [의정부시]",경기도 의정부시 ,2025-07-04 18:16,,안전안내,213351,호우,
금일 07:15경 서신면 전곡리 1105-2 공장화재로 인해 연기가 많이 발생하고 있습니다. 인근 주민은 외출을 자제하는 등 안전에 유의하시길 바랍니다.[화성시],"경기도 화성시 마도면,경기도 화성시 송산면,경기도 화성시 서신면",2025-07-05 7:37,,안전안내,213363,화재,
"금일 07:15경 화성시 서신면 전곡리 1105-2 화재로 인해 연기가 많이 발생하고 있으니, 창문을 닫고 안전에 유의하여 주시기 바랍니다.[안산시청]","경기도 안산시 단원구 대부동동,경기도 안산시 단원구 대부북동,경기도 안산시 단원구 대부남동,경기도 안산시 단원구 선감동",2025-07-05 8:08,,안전안내,213365,화재,
"금일 07:15경 서신면 전곡리 공장화재로 인해 연기가 많이 발생하고 있습니다. 인근 주민은 외출자제, 창문닫기 등 안전에 유의하시기 바랍니다.[화성시]","경기도 화성시 봉담읍,경기도 화성시 향남읍,경기도 화성시 남양읍,경기도 화성시 매송면,경기도 화성시 비봉면,경기도 화성시 마도면,경기도 화성시 송산면,경기도 화성시 서신면,경기도 화성시 팔탄면,경기도 화성시 정남면",2025-07-05 8:12,,안전안내,213366,화재,
"양주시 주민인 서세평씨(남,83세)를찾습니다-164cm,흰색반팔티(어깨,가슴파란색),베이지색긴바지,진한갈색단화 vo.la/ObCKV /☎182 [경기북부경찰청]","경기도 양주시 ,경기도 의정부시 ",2025-07-05 10:29,,안전안내,213378,기타,
9호선 흑석역 공조기계실 연기발생으로 흑석역 상하선 열차 무정차 통과중으로 다른 교통편을 이용해주시기 바랍니다.[서울시메트로9호선],서울특별시 전체 ,2025-07-05 10:47,,안전안내,213381,화재,
9호선 흑석역 공조기계실 연기발생은 119에서 이상없음 확인하였고 현시각부로 흑석역 상하선 열차 정상 운행중입니다.[서울시메트로9호선],서울특별시 전체 ,2025-07-05 11:00,,안전안내,213384,화재,
"하남시에서 실종된 김의웅씨(남,81세)를 찾습니다-165cm,남색(회색)반팔티셔츠,검정바지,남색슬리퍼,지팡이 vo.la/zQuHJ /☎182 [경기남부경찰청]",경기도 하남시 ,2025-07-05 14:59,,안전안내,213402,기타,
금일 14:26 제2경인고속도로 성남방향 청계산3터널 차량화재 발생. 성남방향(청계산3터널) 진행차량은 북의왕IC 또는 북청계IC로 우회바랍니다. [의왕시],"경기도 의왕시 학의동,경기도 의왕시 내손동,경기도 의왕시 청계동,경기도 의왕시 포일동",2025-07-05 15:18,,안전안내,213405,화재,
"제2경인고속도로 성남방향 청계산3터널 화재사고 수습 완료, 통행 재개되었음을 알려드리오니, 성남방향 운행 시 참고하시기 바랍니다. [의왕시]","경기도 의왕시 학의동,경기도 의왕시 내손동,경기도 의왕시 청계동,경기도 의왕시 포일동",2025-07-05 16:25,,안전안내,213409,화재,
"말라리아 예방을 위해 야외 활동 시 모기 기피제 사용, 밝은색 긴 옷 착용으로 모기에 물리지 않도록 주의하세요. [의정부시보건소]",경기도 의정부시 ,2025-07-05 17:04,,안전안내,213411,전염병,
"평택시에서 목격된 최규성씨(남,90세)를 찾습니다-168cm,흰색계열셔츠,검정바지,흰색슬리퍼,양손지팡이,흰모자 vo.la/LUtBg /☎182 [경기남부경찰청]",경기도 평택시 ,2025-07-05 17:16,,안전안내,213412,기타,
"시흥시 주민인 노지혜(여,11세)를찾습니다-140cm,분홍바탕자켓,어두운계열반바지(분홍줄무늬),흰운동화,쇼핑백 vo.la/PqsCH /☎112 [경기남부경찰청]","경기도 시흥시 ,경기도 안산시 상록구 ,경기도 안산시 단원구 ",2025-07-05 19:32,,안전안내,213415,기타,
"강북구 주민인 양금섭씨(남, 64세)를 찾습니다 -150cm,남색반팔(양팔줄무늬),검정바지(흰줄무늬),검정운동화 vo.la/yOAlw /☎112 [서울경찰청]",서울특별시 강북구 ,2025-07-05 19:44,,안전안내,213416,기타,
"화성시에서 실종된 김말순씨(여,66세)를 찾습니다-160cm,80kg,카키색반팔,청반바지,주황색운동화,단발머리 vo.la/sLsHn /☎112 [경기남부경찰청]",경기도 화성시 ,2025-07-05 20:14,,안전안내,213418,기타,
"파주시에서 실종된 천보상씨(남,27세)를 찾습니다-175cm,85kg,파란색민소매,회색반바지,슬리퍼,파란색우산
vo.la/FounF /☎112 [경기북부경찰청]",경기도 파주시 ,2025-07-06 9:47,,안전안내,213427,기타,
"김포시 13시 강풍주의보가 발효. 간판, 가로수가 넘어질 위험이 있으니 시설물에 주의, 하천변 산책로 취약지역 외출을 자제하여 주시기 바랍니다. [김포시청]",경기도 김포시 ,2025-07-06 12:10,,안전안내,213438,강풍,
"의정부시에서 배회 중인 양금섭씨(남,64세)를 찾습니다-150cm,양팔줄무늬남색반팔,흰줄무늬검정바지,검정운동화 vo.la/yOAlw /☎112 [경기북부경찰청]",경기도 의정부시 ,2025-07-06 12:31,,안전안내,213442,기타,
시흥시 강풍주의보 발효중. 야외활동 자제 및 낙하물에 의한 피해가 발생하지 않도록 안전에 유의하시기 바랍니다.[시흥시청],경기도 시흥시 ,2025-07-06 15:40,,안전안내,213454,강풍,
"안산시 강풍주의보 발효, 야외활동을 자제 및 낙하물 안전사고에 유의하여 주시고 간판, 비닐하우스 등 시설물은 고정하여 주시기 바랍니다.[안산시청]",경기도 안산시 ,2025-07-06 16:02,,안전안내,213455,강풍,
"현재 강풍주의보 발효중, 야외활동 자제 및 낙하물 사고에 유의하여 주시고, 간판, 비닐하우스 등 시설물은 고정하여 주시기 바랍니다.[화성시]",경기도 화성시 ,2025-07-06 17:31,,안전안내,213458,강풍,
"파주시에서 실종된 이병성씨(남,74세)를 찾습니다-170cm,어두운색반팔티,검정긴바지,반백흰머리,흰색운동화 vo.la/oKOfe/ ☎112 [경기북부경찰청]",경기도 파주시 ,2025-07-06 18:16,,안전안내,213464,기타,
"영등포구에서 목격된 백정자씨(여,81세)를 찾습니다-158cm,주황색꽃무늬블라우스,검정바지,흰색실내화,지팡이 vo.la/sqCDw / ☎112 [서울경찰청]",서울특별시 영등포구 ,2025-07-06 18:34,,안전안내,213466,기타,
"영등포구 주민인 임재만씨(남,81세)를 찾습니다-170cm,65kg,남색점퍼,검정바지,흰색운동화,검정마스크 vo.la/VeYuI / ☎112 [서울경찰청]",서울특별시 영등포구 ,2025-07-06 18:58,,안전안내,213468,기타,
"용인시 현재 강한 바람이 불고 있으니 야외활동 자제, 시설물 고정 및 낙하물에 의한 피해가 발생하지 않도록 안전에 유의하시기 바랍니다. [용인특례시]","경기도 용인시 처인구 ,경기도 용인시 기흥구 ,경기도 용인시 수지구 ",2025-07-06 20:22,,안전안내,213470,강풍,
"강서구 주민인 최현숙씨(여,57세)를 찾습니다-158cm,55kg,검정반팔티,긴청바지,분홍운동화,뿔테안경착용
vo.la/gqEFf / ☎112 [서울경찰청]","서울특별시 강서구 ,서울특별시 양천구 ",2025-07-07 16:24,,안전안내,213552,기타,
"내일(8일) 오전부터 많은 비 예상 ▲출근 길 운전조심 ▲하천변, 산사태취약지역 등 위험지역 접근금지 ▲위험징후 발견 시 즉시 대피하시기 바랍니다. [여주시]",경기도 여주시 ,2025-07-07 17:34,,안전안내,213557,호우,
"내일(8일) 아침 많은 비가 예상되오니 출근길 안전운전하시고 하천변, 산책로, 급경사지 등 위험지역 접근을 금하시고 안전에 유의하시기 바랍니다. [광명시]",경기도 광명시 ,2025-07-07 19:00,,안전안내,213562,호우,
"오산시 호우예비특보 발효(내일 06~09시) 예정, 금일 20시부터 오산천 산책로 통제를 실시하오니 오산천 출입을 자제하여 주시기 바랍니다. [오산시]",경기도 오산시 ,2025-07-07 20:33,,안전안내,213564,호우,
"내일 새벽부터 많은 비가 예상됩니다. 하천변 산책로, 급경사지 등 위험지역에 접근하지 마시고 출근길 교통안전에 유의하시기 바랍니다.[경기도청]",경기도 전체 ,2025-07-07 21:00,,안전안내,213565,호우,
내일 새벽 광주시 전역에 많은 비가 내릴 예정으로 산림 인접 주민들은 유사시 인근 대피소로 대피하시기 바랍니다. [광주시],경기도 광주시 ,2025-07-07 21:32,,안전안내,213567,산사태,
"오늘 09:00 호우주의보 발령. 하천 주변 산책로, 계곡, 급경사지, 농수로 등 위험 지역에는 가지 마시고, 하천 범람에 주의하세요. [행정안전부]","경기도 과천시 ,경기도 광명시 ,경기도 광주시 ,경기도 군포시 ,경기도 시흥시 ,경기도 안성시 ,경기도 여주시 ,경기도 오산시 ,경기도 의왕시 ,경기도 이천시 ,경기도 평택시 ,경기도 화성시 ,인천광역시 옹진군 ,경기도 수원시 장안구 ,경기도 수원시 권선구 ,경기도 수원시 팔달구 ,경기도 수원시 영통구 ,경기도 성남시 수정구 ,경기도 성남시 중원구 ,경기도 성남시 분당구 ,경기도 안양시 만안구 ,경기도 안양시 동안구 ,경기도 안산시 상록구 ,경기도 안산시 단원구 ,경기도 용인시 처인구 ,경기도 용인시 기흥구 ,경기도 용인시 수지구 ",2025-07-08 7:36,,안전안내,213643,호우,
"오늘 07:30 호우주의보 발령. 하천 주변 산책로, 계곡, 급경사지, 농수로 등 위험 지역에는 가지 마시고, 하천 범람에 주의하세요. [행정안전부]","강원특별자치도 춘천시 ,경기도 가평군 ,경기도 의정부시 ,경기도 포천시 ",2025-07-08 7:37,,안전안내,213644,호우,
"오늘 09:00 호우주의보 발효 예정, 하천, 등산로, 저지대 등 출입을 삼가하여 주시기 바라며, 지하공간 침수 시 즉시 대피하시기 바랍니다. [의왕시]",경기도 의왕시 ,2025-07-08 7:43,,안전안내,213646,호우,
"오늘 07:30 가평군 호우주의보 발령. 계곡, 저지대, 침수 우려지역 등 위험지역 출입 금지. 인근 주민들은 안전사고에 주의하시기 바랍니다. [가평군]",경기도 가평군 ,2025-07-08 7:53,,안전안내,213648,호우,
"오산시 호우주의보 발표, 출근길 안전운전에 유의하시기 바라며, 오산천변, 등산로, 침수우려 지역 등의 출입을 자제하여 주시기 바랍니다. [오산시]",경기도 오산시 ,2025-07-08 7:56,,안전안내,213649,호우,
"7.8.(월) 09시 호우주의보 발효 예정. 많은 비가 예상됨에 따라, 저지대 인근 주민분들께서는 침수 시 즉시 대피하는 등 안전에 유의하시기 바랍니다.[군포시]",경기도 군포시 ,2025-07-08 7:58,,안전안내,213651,호우,
"안산시 호우주의보 발표, 실내에 물이 조금이라도 차오르면 즉시 대피하여 주시고 지하차도, 하천, 해안가 등 위험시설 출입을 자제하여 주시기 바랍니다.[안산시청]",경기도 안산시 ,2025-07-08 8:01,,안전안내,213653,호우,
"현재 의정부 전역에 많은 비가 내리고 있습니다 하천 주변 산책로, 계곡, 급경사지, 농수로 등 위험 지역에는 접근을 자제하여 주시기 바랍니다. [의정부시청]",경기도 의정부시 ,2025-07-08 8:19,,안전안내,213658,호우,
"도봉구 주민인 이강석씨(남,56세)를 찾습니다-173cm,50kg,파란색반팔셔츠,검정긴바지,검정운동화,짧은반백머리 vo.la/CxLwT /☎112 [서울경찰청]","서울특별시 강북구 ,서울특별시 도봉구 ",2025-07-08 8:20,,안전안내,213659,기타,
"안양지역 하천산책로, 세월교, 징검다리 통제하오니 우회바라며, 하천 둔치주차장 차량은 신속히 이동주차 바랍니다. [안양시청]","경기도 안양시 만안구 ,경기도 안양시 동안구 ",2025-07-08 8:27,,안전안내,213664,호우,
"시흥시 09시 호우주의보 발효중입니다. 하천변 주변 산책로, 해안가 등 위험지역 출입금지 및 외출자제. 위험징후 발생 시 즉시 대피하시기 바랍니다.[시흥시청]",경기도 시흥시 ,2025-07-08 8:27,,안전안내,213665,호우,
"현재 호우주의보 발효중으로 많은 비가 내리고 있으니, 하천변 산책로,세월교,저지대 및 산사태우려지역 등 위험지역에 접근하지 마시고 안전사고에 유의바랍니다[화성시]",경기도 화성시 ,2025-07-08 9:02,,안전안내,213670,호우,
"오늘 09:00 호우주의보가 발효되었습니다. 하천변, 급경사지, 저지대(반지하주택) 침수, 산사태 등 위험지역 접근 자제와 안전사고에 유의 바랍니다. [광주시]",경기도 광주시 ,2025-07-08 9:04,,안전안내,213673,호우,
금일 9시부 호우주의보 발효중 ▲산사태 위험지역·하천·저지대 등 출입금지 ▲논둑·배수로 유의 ▲외출자제 ▲서행운전 등에 유의하세요. [안성시청],경기도 안성시 ,2025-07-08 9:11,,안전안내,213675,호우,
호우로 산사태 위험이 높으므로 산림 주변 야외활동을 자제하시고 대피명령 있을 시 산림과 떨어진 마을회관·학교 등 안전한 곳으로 대피하시기 바랍니다. [산림청],"강원특별자치도 전체 ,경기도 전체 ,대구광역시 전체 ,대전광역시 전체 ,서울특별시 전체 ,인천광역시 전체 ,전북특별자치도 전체 ",2025-07-08 9:30,,안전안내,213682,산사태,
여주시 전역 호우로 산림지반이 약해진 상태 △산림 주변 야외활동 자제 △ 대피명령 시 산림 인근 주민은 마을회관·학교 등 안전한 곳으로 대피 요망. [여주시],경기도 여주시 ,2025-07-08 10:48,,안전안내,213693,호우,
"경찰은 노원구에서 배회중인 김진나씨(여, 34세)를 찾습니다 -153cm, 48kg, 왜소, 검정바지, 마스크착용 vo.la/aEtwX /☎182 [서울경찰청]",서울특별시 노원구 ,2025-07-08 11:19,,안전안내,213701,기타,
"김포지역 연일 계속되는 비로 지반이 약해져 토양침하와 경사면 붕괴의 우려가 있으니, 시설물 사전점검 및 위험지역 접근을 금지하여 주시기 바랍니다. [김포시청]",경기도 김포시 ,2025-07-08 13:15,,안전안내,213717,호우,
"부천시 주민인 권서희씨(여, 82세)를 찾습니다 -147cm,45kg,꽃무늬긴팔바람막이,검정바지,검정신발 vo.la/mBCAS /☎182 [경기남부경찰청]","경기도 부천시 원미구 ,경기도 부천시 소사구 , 부천시 오정구 ",2025-07-08 15:50,,안전안내,213728,기타,
"구로구에서 배회중인 권서희씨(여,82세)를 찾습니다 -147cm,45kg,꽃무늬긴팔바람막이,검정바지,검정신발 vo.la/mBCAS /☎182 [서울경찰청]",서울특별시 구로구 ,2025-07-08 15:52,,안전안내,213729,기타,
"은평구에서 실종된 정순모씨(여,85세)를찾습니다-154cm,마른편,파마,꽃무늬긴팔,검정긴바지,검정신발,투명비닐우산 vo.la/yWyvz /☎182 [서울경찰청]",서울특별시 은평구 ,2025-07-08 16:39,,안전안내,213733,기타,
산사태 위기경보 경계 발령. 광주시에 오늘 저녁 많은 비가 예상되어 산사태 발생이 우려되므로 산림 인접지 주민께서는 유사시 대피하여 주시기 바랍니다. [광주시],경기도 광주시 ,2025-07-08 17:30,,안전안내,213739,산사태,
"오늘 19:20 호우주의보 발령. 하천 주변 산책로, 계곡, 급경사지, 농수로 등 위험 지역에는 가지 마시고, 하천 범람에 주의하세요. [행정안전부]","경기도 안성시 ,경기도 평택시 ,충청남도 홍성군 ,충청남도 천안시 동남구 ,충청남도 천안시 서북구 ",2025-07-08 19:23,,안전안내,213756,호우,
"집중호우로 산사태 위험이 높습니다. 산림주변 야외활동을 자제하시고 대피명령 있을 시 산림과 떨어진 마을회관, 학교 등 안전한 곳으로 대피하시기 바랍니다.[산림청]","강원특별자치도 전체 ,경기도 전체 ,경상북도 전체 ,대구광역시 전체 ,대전광역시 전체 ,서울특별시 전체 ,인천광역시 전체 ,충청남도 전체 ,충청북도 전체 ,세종특별자치시  ",2025-07-08 19:33,,안전안내,213758,산사태,
"여주시 현재 가남, 점동 지역을 중심으로 호우 지속 중 ▲산사태 경계 단계 지속 ▲입산 금지 ▲위험징후 시 즉시대피 ▲호우피해에 유의하시기 바랍니다.[여주시]",경기도 여주시 ,2025-07-08 20:51,,안전안내,213770,호우,
"장호원읍, 설성면 일원 시간당 강우량이 30mm이상 집중되오니 저지대 침수우려지역, 하천변, 산사태취약지역 접근자제 등  안전에 유의하시기 바랍니다.[이천시]","경기도 이천시 장호원읍,경기도 이천시 설성면,경기도 이천시 율면",2025-07-08 21:16,,안전안내,213779,호우,
오늘 21:40 여주시 전역 산사태 주의보 발령. ▲산림 주변 접근 및 입산 금지 ▲절개지 및 급경사지 주변 위험 징후 발견시 즉시 대피 하세요.[여주시],경기도 여주시 ,2025-07-08 21:47,,안전안내,213799,산사태,
"▲지속적인 충주조정지댐의 방류로 인해 남한강 등의 하천 수위상승 및 유속이 빨라질 것으로 예상 ▲하천변 접근 및  레저, 낚시행위 자제해 주시기 바랍니다[여주시]",경기도 여주시 ,2025-07-09 10:12,,안전안내,213918,기타,
"7월 9일 15시부터 충주댐 초당 1,500톤 이내 수문방류 실시로 하천수위 상승 예상. 하천주변에 계신 경우 안전한 곳으로 대피 바랍니다.[한국수자원공사]","강원특별자치도 원주시 ,경기도 양평군 ,경기도 여주시 ,충청북도 충주시 ",2025-07-09 11:40,,안전안내,213928,기타,
(산사태 주의) 여주시 산사태 주의보 발효 중 ▲장맛비로 산림지반 약화 ▲산림지역 접근금지 ▲위험 징후발견 시 즉시대피 및 신고하여 주시기 바랍니다. [여주시],경기도 여주시 ,2025-07-09 14:18,,안전안내,213944,산사태,
"오늘 밤부터 많은 비가 예상됩니다. 지하차도, 하천, 해안가 등 위험지역에 접근하지 마시고 퇴근길 교통안전에 유의하여 주시기 바랍니다.[안산시청]","경기도 안산시 상록구 ,경기도 안산시 단원구 ",2025-07-09 15:09,,안전안내,213951,호우,
"오늘 밤 호우예비특보 발효 중으로 많은 양의 비가 예상됩니다. 하천변, 급경사지 등 위험지역 접근을 삼가하여 주시고, 지하공간 침수시 즉시 대피바랍니다 [군포시]",경기도 군포시 ,2025-07-09 16:55,,안전안내,213959,호우,
"구리시 교문동 말라리아 환자 발생. 야외 활동 시 모기 기피제 사용, 밝은색 긴 옷 착용으로 모기에 물리지 않도록 주의하세요.[구리시]",경기도 구리시 ,2025-07-09 17:00,,안전안내,213961,기타,
"오늘 밤부터 내일 아침까지 많은 비가 예보되어 하천변 산책로, 계곡, 급경사지 등 위험지역 출입 자제 및 반지하주택 침수 등 안전에 유의하시기 바랍니다[의정부시]",경기도 의정부시 ,2025-07-09 17:05,,안전안내,213963,호우,
"오늘 밤 호우특보 발령 예정으로 많은 양의 비가 예상됩니다. 하천변, 급경사지 등 위험지역 접근을 삼가하여 주시고, 지하공간 침수시 즉시 대피바랍니다. [광주시]",경기도 광주시 ,2025-07-09 17:37,,안전안내,213978,호우,
"말라리아 경보 발령. 모기물림 주의. 의심증상(48시간 주기로 반복되는 오한, 발열 등)이 있으시면 말라리아 신속진단검사 받으세요[양천구 보건소]",서울특별시 양천구 ,2025-07-09 18:00,,안전안내,213987,전염병,
"오늘 20:00 호우주의보 발령. 하천 주변 산책로, 계곡, 급경사지, 농수로 등 위험 지역에는 가지 마시고, 하천 범람에 주의하세요. [행정안전부]","경기도 과천시 ,경기도 광명시 ,경기도 광주시 ,경기도 구리시 ,경기도 군포시 ,경기도 시흥시 ,경기도 안성시 ,경기도 양평군 ,경기도 여주시 ,경기도 오산시 ,경기도 의왕시 ,경기도 이천시 ,경기도 평택시 ,경기도 하남시 ,경기도 화성시 ,서울특별시 강남구 ,서울특별시 강동구 ,서울특별시 강북구 ,서울특별시 강서구 ,서울특별시 관악구 ,서울특별시 광진구 ,서울특별시 구로구 ,서울특별시 금천구 ,서울특별시 노원구 ,서울특별시 도봉구 ,서울특별시 동대문구 ,서울특별시 동작구 ,서울특별시 마포구 ,서울특별시 서대문구 ,서울특별시 서초구 ,서울특별시 성동구 ,서울특별시 성북구 ,서울특별시 송파구 ,서울특별시 양천구 ,서울특별시 영등포구 ,서울특별시 용산구 ,서울특별시 은평구 ,서울특별시 종로구 ,서울특별시 중구 ,서울특별시 중랑구 ,인천광역시 강화군 ,인천광역시 계양구 ,인천광역시 미추홀구 ,인천광역시 남동구 ,인천광역시 동구 ,인천광역시 부평구 ,인천광역시 서구 ,인천광역시 연수구 ,인천광역시 옹진군 ,인천광역시 중구 ,충청남도 당진시 ,충청남도 보령시 ,충청남도 서산시 ,충청남도 서천군 ,충청남도 아산시 ,충청남도 예산군 ,충청남도 태안군 ,충청남도 홍성군 ,충청남도 천안시 동남구 ,충청남도 천안시 서북구 ,경기도 수원시 장안구 ,경기도 수원시 권선구 ,경기도 수원시 팔달구 ,경기도 수원시 영통구 ,경기도 성남시 수정구 ,경기도 성남시 중원구 ,경기도 성남시 분당구 ,경기도 안양시 만안구 ,경기도 안양시 동안구 ,경기도 안산시 상록구 ,경기도 안산시 단원구 ,경기도 용인시 처인구 ,경기도 용인시 기흥구 ,경기도 용인시 수지구 ,경기도 부천시 원미구 ,경기도 부천시 소사구 , 부천시 오정구 ",2025-07-09 18:02,,안전안내,213991,호우,
산사태 위기경보 경계 발령 유지. 오늘 저녁부터 광주시 전역에 많은 비가 내릴 예정으로 산림 인접 주민들은 유사시 인근 대피소로 대피하시기 바랍니다. [광주시],경기도 광주시 ,2025-07-09 18:29,,안전안내,214000,산사태,
"오늘 밤부터 많은 양의 비가 예상되오니 오산천 주변 산책로, 침수우려지역 등 위험 지역에 접근하지 마시고, 안전에 유의하여 주시기 바랍니다. [오산시]",경기도 오산시 ,2025-07-09 19:21,,안전안내,214004,호우,
"성북구 주민인 조정례씨(여,82세)를 찾습니다-160cm,75kg,꽃무늬상의,검정녹색무늬바지,흰색슬리퍼,거동불편
vo.la/YYwxg /☎112 [서울경찰청]","서울특별시 성북구 ,서울특별시 종로구 ",2025-07-09 19:22,,안전안내,214006,기타,
"오늘 저녁부터 내일 아침까지 많은 비가 예상되오니 하천변, 산책로, 저지대, 급경사지 등 위험지역 접근을 금하시고 안전운전하시기 바랍니다. [광명시]",경기도 광명시 ,2025-07-09 19:24,,안전안내,214008,호우,
"오늘밤부터 내일 새벽까지 집중호우 예보.
하천변 산책로, 지하차도 등 위험지역 출입금지 및 외출을 자제하고, 위험징후 발생 시 대피하시기 바랍니다.[시흥시청]",경기도 시흥시 ,2025-07-09 19:35,,안전안내,214009,호우,
여주시 산사태 주의보 발효 중 ▲새벽 많은 비 예상 ▲산림지역 접근금지 ▲산사태 징후 발견 시 마을회관 등 안전한 곳으로 대피 후 신고하시기 바랍니다.[여주시],경기도 여주시 ,2025-07-09 19:44,,안전안내,214012,산사태,
"오늘 20:00이후부터 100mm 이상의 많은 비가 예상됩니다. 하천변, 산지 등 위험지역은 접근을 자제하시고, 주변 배수구를 미리 점검 바랍니다.[서울특별시청]",서울특별시 전체 ,2025-07-09 19:45,,안전안내,214014,호우,
"오늘밤부터 내일까지 많은 비가 예상되니, 하천변·저수지 산책로, 급경사지 등 위험지역 접근을 삼가하여 주시고, 지하공간 침수시 즉시 대피바랍니다. [의왕시]",경기도 의왕시 ,2025-07-09 19:45,,안전안내,214015,호우,
"오늘 밤부터 새벽까지 많은 비가 예상되니 하천, 산림, 급경사지 등 위험지역 접근과 외출을 자제해 주시고 위험징후 시 안전한 곳으로 대피 바랍니다. [경기도청]",경기도 전체 ,2025-07-09 20:00,,안전안내,214022,호우,
오늘 밤부터 내일 아침까지 많은 비가 예보되어 왕숙천변 산책로 등 위험지역 출입 자제 및 지하공간 침수시 긴급대피 등 안전에 유의하시기 바랍니다. [구리시청],경기도 구리시 ,2025-07-09 20:02,,안전안내,214023,호우,
"20시부 군포시 호우주의보 발효. 하천변 등 위험지역에 접근금지, 반지하주택 등은 침수되지 않도록 차수판 설치. 침수 시 즉시 지상으로 대피 바랍니다. [군포시]",경기도 군포시 ,2025-07-09 20:10,,안전안내,214026,호우,
"안산시 호우주의보 발효, 건축물 침수 시 즉시 대피하여 주시기 바라며, 하천, 해안가 등 위험시설 출입 금지 및 통제조치를 준수하여 주시기 바랍니다.[안산시청]",경기도 안산시 ,2025-07-09 20:19,,안전안내,214030,호우,
금일 밤사이 시간당100mm이상 폭우로 도림천 범람 및 서달산 등산로 산사태등이 우려되니 외출을 자제하시고 저지대 침수예방에 주의하시기 바랍니다 [동작구],서울특별시 동작구 ,2025-07-09 21:00,,안전안내,214046,호우,
"금일20시 호우주의보 발효로 강하고,많은 비 예상, 계곡,하천 야영객 대피,농수로,상습침수구역등 접근금지, 산사태,급경사지 등의 위험징후시 대피바랍니다[양평군]",경기도 양평군 ,2025-07-09 21:09,,안전안내,214048,호우,
"현재 호우주의보 발효중, 많은 비가 내리고 있으니 하천변 산책로, 세월교, 저지대 및 산사태우려지역 등 위험지역에 접근하지 마시고 안전사고에 유의바랍니다[화성시]",경기도 화성시 ,2025-07-09 21:21,,안전안내,214052,호우,
"오늘 20:00 서울지역 호우주의보 발효. 도림천, 안양천, 목감천 등 하천 접근 자제 및 주택가 사전점검 등 안전에 유의하시기 바랍니다. [구로구]",서울특별시 구로구 ,2025-07-09 21:25,,안전안내,214053,호우,
"이천시 호우주의보 발효중, 밤사이 시간당 50mm이상의 강한 비가 내리는 곳도 있겠으니 저지대, 하천변, 산사태취약지역 등의 출입을 자제하시기 바랍니다.[이천시]",경기도 이천시 ,2025-07-09 21:28,,안전안내,214054,호우,
"관내 21시 이후 시간당 30mm이상의 폭우 예상 ▲계곡, 하천, 농수로 등 침수지 접근금지▲야영객 대피 ▲산사태, 급경사지 등 위험징후시 대피바랍니다.[여주시]",경기도 여주시 ,2025-07-09 21:47,,안전안내,214058,호우,
많은 비가 내려 산사태 위험이 높습니다. 산과 인접한 주택에 머무르지 마시고 산과 떨어진 안전한 친인척 집이나 마을회관으로 대피하시기 바랍니다.[산림청],"강원특별자치도 전체 ,경기도 전체 ,경상남도 전체 ,경상북도 전체 ,광주광역시 전체 ,대구광역시 전체 ,대전광역시 전체 ,부산광역시 전체 ,서울특별시 전체 ,울산광역시 전체 ,인천광역시 전체 ,전라남도 전체 ,전북특별자치도 전체 ,제주특별자치도 전체 ,충청남도 전체 ,충청북도 전체 ,세종특별자치시  ",2025-07-10 3:44,,안전안내,214161,산사태,
"김포지역 폭염주의보 발효. 야외활동 자제, 실외작업 시 충분한 휴식과 수분섭취, 노약자 및 만성질환자들은 건강관리에 유의하시기 바랍니다. [김포시청]",경기도 김포시 ,2025-07-10 10:16,,안전안내,214454,폭염,
"오늘 가평군지역 폭염주의보 발령. 야외 활동을 자제하세요, 충분히 물을 마시고 그늘에서 휴식을 취하는 등 건강관리에 유의하세요. [가평군]",경기도 가평군 ,2025-07-10 10:58,,안전안내,214466,폭염,
"오늘부터 서울지역에 폭염이 예상되니, 온열질환을 예방하기 위하여 가급적 야외 활동을 자제하여 주시기 바랍니다. [서울특별시청]",서울특별시 전체 ,2025-07-10 11:01,,안전안내,214467,폭염,
"성북구 주민인 조정례씨(여,82세)를 찾습니다-160cm,75kg,꽃무늬상의,검정녹색무늬바지,흰색슬리퍼,거동불편
vo.la/YYwxg / ☎182 [서울경찰청]",서울특별시 강북구 ,2025-07-10 11:23,,안전안내,214471,기타,
오늘 10:00 포천시 폭염주의보 발령. 야외 활동을 자제하세요. 충분히 물을 마시고 그늘에서 휴식을 취하는 등 건강관리에 유의하세요. [포천시청],경기도 포천시 ,2025-07-10 11:41,,안전안내,214473,폭염,
"오늘 10:00 고양시 폭염주의보 발효. 야외 활동을 자제하시기 바라며, 충분히 물을 마시고 그늘에서 휴식을 취하는 등 건강관리에 유의하세요. [고양시청]","경기도 고양시 덕양구 ,경기도 고양시 일산동구 ,경기도 고양시 일산서구 ",2025-07-10 13:28,,안전안내,214487,폭염,
"▲금일 충주조정지댐의 방류로 인해 남한강 등의 하천 수위상승 및 유속이 빠른 상황임 ▲하천변 산책/ 레저/ /낚시 자제, 안전에 유의해 주시기 바랍니다[여주시]",경기도 여주시 ,2025-07-10 15:39,,안전안내,214500,기타,
"여주시 전역 폭염주의보 발효 중 ▲야외활동 자제 ▲논, 밭, 등 야외작업 시 충분한 휴식과 수분섭취 ▲노약자 및 만성질환자들은 건강관리에 유의바랍니다.[여주시]",경기도 여주시 ,2025-07-10 15:55,,안전안내,214504,폭염,
"오늘부터 의정부시 폭염으로, 야외 활동을 자제하시기 바라며 충분히 물을 마시고 그늘에서 휴식을 취하는 등 건강관리에 유의하시기 바랍니다. [의정부시청]",경기도 의정부시 ,2025-07-10 16:54,,안전안내,214508,폭염,
"종로구에서 최종 목격된 최해환(남,17세)을 찾습니다-170cm,70kg,남색반팔티,회색칠부바지,검정운동화
vo.la/fJvuH / ☎112 [서울경찰청]",서울특별시 종로구 ,2025-07-10 19:06,,안전안내,214529,기타,
진접읍 임송삼거리-뱅이고개삼거리 구간 도로 수목 전도로 교통 체증이 예상되오니 운전자께서는 우회도로를 이용해 주시기 바랍니다.[남양주시],"경기도 남양주시 별내동,경기도 남양주시 다산동,경기도 남양주시 진접읍,경기도 남양주시 진건읍,경기도 남양주시 퇴계원읍,경기도 남양주시 별내면",2025-07-11 5:53,,안전안내,214543,기타,
"금천구 주민인 안병화씨(여,64세)를찾습니다-155cm,55kg,연보라색긴팔상의,황토색긴바지,검정핸드백,검정운동화 vo.la/fQqcj /☎112 [서울경찰청]","서울특별시 관악구 ,서울특별시 금천구 ",2025-07-11 8:13,,안전안내,214547,기타,
"가평군 전 지역 폭염주의보 발령 중. 야외 활동을 자제하세요, 충분히 물을 마시고 그늘에서 휴식을 취하는 등 건강관리에 유의하세요. [가평군]",경기도 가평군 ,2025-07-11 11:27,,안전안내,214562,폭염,
"▲충주조정지댐의 지속적 방류로 인해 남한강 등의 하천 수위상승 및 유속이 빠른 상황임 ▲하천변 산책/ 레저/ /낚시 자제, 안전에 유의해 주시기 바랍니다[여주시]",경기도 여주시 ,2025-07-11 13:29,,안전안내,214578,기타,
"폭염주의보 발효에 따라 무더위 시간대(14~17시) 논·밭 등 야외작업을 단축·중지바라며, 충분한 휴식과 수분섭취로 안전관리에 유의 바랍니다.[용인특례시]","경기도 용인시 처인구 ,경기도 용인시 기흥구 ,경기도 용인시 수지구 ",2025-07-11 14:30,,안전안내,214586,폭염,
"안산시 상록구 주민인 어진희씨(여,53세)를 찾습니다 -165cm,79kg,검정줄무늬티셔츠,검정7부바지,슬리퍼 vo.la/ojEnq /☎182 [경기남부경찰청]","경기도 안산시 상록구 ,경기도 안산시 단원구 ",2025-07-11 17:17,,안전안내,214599,기타,
"안양시에서 실종된 이창길씨(남,52세)를 찾습니다-173cm,85kg,검정반팔및반바지,슬리퍼,왼쪽다리하지정맥류 vo.la/OmdTp /☎112 [경기남부경찰청]","경기도 안양시 만안구 ,경기도 안양시 동안구 ",2025-07-11 18:27,,안전안내,214615,기타,
"금일 10시 오산시 폭염주의보 발령. 낮 시간동안 야외활동을 자제하시고, 충분한 수분 섭취 등 온열질환 예방 및 건강관리에 유의하시기 바랍니다. [오산시]",경기도 오산시 ,2025-07-12 10:00,,안전안내,214635,폭염,
"송파구에서 실종된 박주현씨(남,94세)를 찾습니다-158cm,42kg,검정점퍼,파랑추리닝,검정운동화,검정캡모자 vo.la/IcIyP/ ☎182 [서울경찰청]",서울특별시 송파구 ,2025-07-12 17:20,,안전안내,214662,기타,
오늘 17:58경 발생한 마도면 청원리 819-1 공장화재로 연기가 많이 발생하고 있습니다. 인근 주민분들은 창문을 닫는등 안전에 유의하시기 바랍니다. [화성시],경기도 화성시 마도면,2025-07-12 18:29,,안전안내,214672,화재,
"분당구 주민인 김지훈(남,11세)을 찾습니다-156cm,67kg,통통체격,흰색반팔티,얼룩무늬반바지,검정샌들 vo.la/eJrOF / ☎112 [경기남부경찰청]","경기도 성남시 수정구 ,경기도 성남시 중원구 ,경기도 성남시 분당구 ",2025-07-12 18:44,,안전안내,214675,기타,
오늘 19:52경 남양읍남양리 1265-3 해오름아파트에서 화재발생 연기가 다량 발생중이니 인근 주민은 창문을 닫는 등 안전에 유의하여 주시기 바랍니다.[화성시],경기도 화성시 남양읍,2025-07-12 20:11,,안전안내,214679,화재,
"김포지역 폭염주의보가 4일째 지속되고 있습니다. 고온다습한 날씨로 충분한 휴식과 수분섭취, 야외활동 자제, 온열질환 등 건강에 유의하시기 바랍니다.[김포시청]",경기도 김포시 ,2025-07-13 11:57,,안전안내,214696,폭염,
"수원시 주민인 이병철씨(남, 87세)를 찾습니다 -160cm,60kg,반팔셔츠,패딩조끼,페도라,크록스 착용 vo.la/bxWrA /☎112 [경기남부경찰청]","경기도 수원시 장안구 ,경기도 수원시 권선구 ,경기도 수원시 팔달구 ,경기도 수원시 영통구 ",2025-07-13 12:13,,안전안내,214701,기타,
"용산구에서 배회중인 김진나씨(여,34세)를 찾습니다-153cm,48kg,검정색상하의,운동화,녹색쇼핑백,녹색보조가방 vo.la/KyuJe /☎112 [서울경찰청]",서울특별시 용산구 ,2025-07-13 14:15,,안전안내,214710,기타,
"중랑구에서 목격된 황호용씨(남,85세)를 찾습니다-167cm,흰색반팔(밝은셔츠소지),검정반바지,흰운동화(검정끈)
vo.la/RhVbE / ☎112 [서울경찰청]","서울특별시 노원구 ,서울특별시 중랑구 ",2025-07-13 16:49,,안전안내,214729,기타,
"부평구 주민인 최명자씨(여,77세)를 찾습니다-139cm,44kg,갈색체크긴팔,핑크색꽃무늬바지,빨간색물병소지
vo.la/oTyfv / ☎112 [경기남부경찰청]","경기도 부천시 원미구 ,경기도 부천시 소사구 , 부천시 오정구 ",2025-07-13 17:16,,안전안내,214733,기타,
"마포구 주민인 김영자씨(여,85세)를 찾습니다-152cm,55kg,반백머리,검정무늬흰남방,검정긴바지,베이지색모자
vo.la/vLbNx / ☎112 [서울경찰청]","서울특별시 마포구 ,서울특별시 용산구 ",2025-07-13 18:36,,안전안내,214746,기타,
"동작구에서 목격된 김을자씨(여,74세)를 찾습니다-152cm,52kg,반백머리,분홍색상의,흰색긴바지,검정운동화
vo.la/PhrVG / ☎112 [서울경찰청]",서울특별시 동작구 ,2025-07-13 19:01,,안전안내,214747,기타,
"강서구 주민인 오복만씨(남,63세)를 찾습니다-160cm,78kg,민머리,파란조끼,청반바지,빨간슬리퍼,다리절뚝임
vo.la/DADVG / ☎112 [서울경찰청]","서울특별시 강서구 ,서울특별시 양천구 ",2025-07-13 19:03,,안전안내,214748,기타,
오늘 :하남시 미사동 비닐하우스 화재로 인한 연기 발생. 23:13 화재 진압 완료[하남시],"경기도 하남시 신장동,경기도 하남시 당정동,경기도 하남시 덕풍동,경기도 하남시 망월동,경기도 하남시 풍산동,경기도 하남시 미사동,경기도 하남시 선동",2025-07-13 23:53,,안전안내,214758,화재,
"지속되는 폭염으로 야외활동 자제, 안전수칙(물, 그늘, 휴식) 준수, 부모님께 안부전화 등 안전에 유의하시기 바랍니다. [의정부시]",경기도 의정부시 ,2025-07-14 10:19,,안전안내,214786,폭염,
"양주시에서 실종된 장민준씨(남,57세)를찾습니다-169cm,청녹색반팔티셔츠,하늘색긴바지,어두운색슬리퍼,네파양말 vo.la/QrWJs /☎112 [경기북부경찰청]",경기도 양주시 ,2025-07-14 11:14,,안전안내,214790,기타,
"고양시에서 배회중인 장민준씨(남, 57세)를 찾습니다 -169cm,청녹색반팔티셔츠,하늘색긴바지,슬리퍼,네파양말 vo.la/QrWJs /☎112 [경기북부경찰청]","경기도 고양시 덕양구 ,경기도 고양시 일산동구 ,경기도 고양시 일산서구 ",2025-07-14 11:16,,안전안내,214791,기타,
"안산시 주민인 이일로씨(남,54세)를찾습니다-158cm,짙은회색긴팔,회색칠부바지,흰색내의,파란색쇼핑백,절뚝거림 vo.la/nGvuS /☎112 [경기남부경찰청]","경기도 안산시 상록구 ,경기도 안산시 단원구 ",2025-07-14 11:45,,안전안내,214794,기타,
"현재 의왕시 폭염주의보 발효 중. 야외 활동을 자제하시기 바라며, 충분히 물을 마시고 그늘에서 휴식을 취하는 등 건강관리에 유의하세요. [의왕시]",경기도 의왕시 ,2025-07-14 12:06,,안전안내,214800,폭염,
"의정부시 주민인 기현찬씨(남, 69세)를 찾습니다 -159cm,41kg,검정색상하의,검정색신발,소변주머니 착용 vo.la/YzXFC /☎112 [경기북부경찰청]",경기도 의정부시 ,2025-07-14 15:05,,안전안내,214813,기타,
"폭염주의보 발효에 따라 무더위 시간대(14~17시) 논·밭 등 야외작업을 단축·중지바라며, 충분한 휴식과 수분섭취로 안전관리에 유의 바랍니다.[용인시]","경기도 용인시 처인구 ,경기도 용인시 기흥구 ,경기도 용인시 수지구 ",2025-07-14 15:24,,안전안내,214816,폭염,
"송파구 주민인 강경애씨(여,88세)를 찾습니다-150cm,분홍색조끼,분홍색반팔,남색긴바지,흰운동화,연보라벙거지모자 vo.la/OJGfo /☎112 [서울경찰청]",서울특별시 송파구 ,2025-07-14 15:59,,안전안내,214817,기타,
"김포지역 폭염대비 야외활동 자제, 특히 저녁시간대 대기불안정으로 강한 소나기(시간당 2~30mm)가 예상되니 교통 및 침수사고 유의바랍니다. [김포시청]",경기도 김포시 ,2025-07-14 16:14,,안전안내,214819,폭염,
"안양시에서 배회중인 김광자씨(여, 84세)를 찾습니다 -154cm,50kg,옅은회색긴팔,짙은바지,백발커트머리 vo.la/lVJXE /☎112 [경기남부경찰청]","경기도 안양시 만안구 ,경기도 안양시 동안구 ",2025-07-14 19:05,,안전안내,214833,기타,
"수원시에서 목격된 김광자씨(여, 84세)를 찾습니다 -154cm,50kg,옅은회색긴팔,짙은바지,백발커트머리 vo.la/lVJXE /☎112 [경기남부경찰청]","경기도 수원시 장안구 ,경기도 수원시 권선구 ,경기도 수원시 팔달구 ,경기도 수원시 영통구 ",2025-07-14 19:05,,안전안내,214834,기타,
"도봉구에서 배회중인 기현찬씨(남,69세)를 찾습니다-159cm,41kg,검정반팔티,검정바지,검정신발,대변주머니착용 vo.la/YzXFC /☎112 [서울경찰청]",서울특별시 도봉구 ,2025-07-14 19:46,,안전안내,214836,기타,
"도봉구에서 배회중인 정성환씨(남,53세)를찾습니다-170cm,흰반팔티,남색반바지,검정운동화,주황색캡모자,흰마스크 vo.la/PGwwX /☎112 [서울경찰청]","서울특별시 노원구 ,서울특별시 도봉구 ",2025-07-14 20:23,,안전안내,214838,기타,
"안양시에서 배회 중인 민영옥씨(남,81세)를 찾습니다-170cm,60kg,체크반팔셔츠,회색긴바지,슬리퍼
vo.la/gbMYU /☎182 [경기남부경찰청]","경기도 안양시 만안구 ,경기도 안양시 동안구 ",2025-07-15 9:19,,안전안내,214846,기타,
"강북구에서 최종 목격된 이동훈군(남,14세)를 찾습니다-177cm,70kg,흰색셔츠,검정긴바지,회색운동화,검정백팩
vo.la/SsHeT /☎182 [서울경찰청]","서울특별시 강북구 ,서울특별시 성북구 ",2025-07-15 9:50,,안전안내,214851,기타,
"강북구에서 실종된 송한서씨(남,19세)를 찾습니다-175cm,75kg,회색반팔티,녹색반바지,파란크록스,뿔테안경
vo.la/pNrLk /☎182 [서울경찰청]",서울특별시 강북구 ,2025-07-15 9:56,,안전안내,214852,기타,
"오산시 폭염주의보 발효 중, 야외 활동이나 실외 작업을 자제하시고 충분한 수분 섭취, 그늘에서 휴식 등 온열질환 예방과 건강관리에 유의하시기 바랍니다. [오산시]",경기도 오산시 ,2025-07-15 10:00,,안전안내,214854,폭염,
"도봉구에서 실종된 유화자씨(여,82세)를 찾습니다-140cm,40kg,백발머리,아이보리반팔,검정바지,검정운동화
vo.la/TKaRE /☎182 [서울경찰청]","서울특별시 강북구 ,서울특별시 도봉구 ",2025-07-15 10:04,,안전안내,214855,기타,
"구리시 주민인 박옥희씨(여,69세)를 찾습니다-153cm,54kg,체크무늬반팔,검정바지,흰색운동화
vo.la/AGeOo /☎182 [경기북부경찰청]",경기도 구리시 ,2025-07-15 10:13,,안전안내,214858,기타,
"남양주시에서 배회 중인 박옥희씨(여,69세)를 찾습니다-153cm,54kg,체크무늬반팔,검정바지,흰색운동화
vo.la/AGeOo /☎182 [경기북부경찰청]",경기도 남양주시 ,2025-07-15 10:13,,안전안내,214859,기타,
"안양시 주민인 한상복씨(남,90세)를 찾습니다-158cm,70kg,체크셔츠,남색자켓,검정바지,검정신발,지팡이
vo.la/TGkVh /☎182 [경기남부경찰청]","경기도 안양시 만안구 ,경기도 안양시 동안구 ",2025-07-15 11:42,,안전안내,214868,기타,
오늘 13:13경 장안면 수촌리 돈사에서 화재발생으로 연기가 다량 발생중이니 인근 주민은 창문을 닫는 등 안전에 유의하여 주시기 바랍니다.[화성시],경기도 화성시 장안면,2025-07-15 13:26,,안전안내,214872,화재,
"금천구 주민인 강해석씨(남,80세)를 찾습니다-167cm,66kg,파랑반팔체크남방,검정긴바지,주황색운동화,안경 vo.la/eITfS/ ☎182 [서울경찰청]","서울특별시 관악구 ,서울특별시 금천구 ",2025-07-15 13:40,,안전안내,214874,기타,
"양주시 주민인 장민준씨(남,57세)를 찾습니다-169cm,59kg,푸른색반팔,어두운긴바지,눈주위흰색반창고
vo.la/hVfur /☎182 [경기북부경찰청]",경기도 양주시 ,2025-07-15 15:03,,안전안내,214884,기타,
"폭염주의보 해제 알림

폭염주의보가 금일 해제됨을 알려드립니다[포천시청]",경기도 포천시 ,2025-07-15 18:39,,안전안내,214893,폭염,
"오산시 주민인 고흥순씨(남,84세)를 찾습니다-170cm,58kg,녹색잠바,회색츄리닝바지,남색운동화,스포츠머리
vo.la/gUZEd /☎112 [경기남부경찰청]",경기도 오산시 ,2025-07-15 19:07,,안전안내,214894,기타,
"성남시에서 실종된 박용신씨(남,78세)를 찾습니다-177cm,75kg,하늘색반팔티,검정긴바지,검정운동화,백발
vo.la/gymSK /☎112 [경기남부경찰청]","경기도 성남시 수정구 ,경기도 성남시 중원구 ,경기도 성남시 분당구 ",2025-07-15 20:00,,안전안내,214902,기타,
"용인시에서 배회중인 박용신씨(남,78세)를 찾습니다-177cm,75kg,하늘색반팔티,검정긴바지,검정운동화,백발
vo.la/gymSK /☎112 [경기남부경찰청]","경기도 용인시 처인구 ,경기도 용인시 기흥구 ,경기도 용인시 수지구 ",2025-07-15 20:01,,안전안내,214903,기타,
"금일 07:30경 봉천터널 내 차량 화재로 인해 교통통제 중이오니, 봉천터널(수서 방향)을 이용하실 분들은 우회 바랍니다.[서울특별시청]","서울특별시 관악구 ,서울특별시 금천구 ,서울특별시 서초구 ",2025-07-16 7:45,,안전안내,214938,교통사고,
현재 강남순환도로 봉천터널(수서방향) 화재사고 수습 완료되어 부분 통행(4차선제외) 재개되었습니다. [서울특별시청],"서울특별시 관악구 ,서울특별시 금천구 ,서울특별시 서초구 ",2025-07-16 8:44,,안전안내,214947,교통사고,
"강서구 주민인 정윤필씨(남,86세)를 찾습니다-150cm,45kg,파랑점퍼,검정칠부바지,검정신발,빨강백팩,회색모자
vo.la/eTrUi/ ☎182 [서울경찰청]",서울특별시 강서구 ,2025-07-16 9:13,,안전안내,214956,기타,
"송파구 주민인 이수자씨(여,84세)를 찾습니다-153cm,60kg,단발머리(백발),하늘색꽃무늬원피스,하늘색샌들
vo.la/FMVjE / ☎182 [서울경찰청]",서울특별시 송파구 ,2025-07-16 9:21,,안전안내,214957,기타,
"성동구에서 실종된 박현신씨(여,48세)를 찾습니다-160cm,80kg,통통체격,회색원피스,쇼핑카트소지,긴머리묶음 vo.la/IGgyH/ ☎182 [서울경찰청]","서울특별시 성동구 ,서울특별시 중구 ",2025-07-16 13:13,,안전안내,214987,기타,
"강남구 주민인 전형신씨(여,74세)를 찾습니다-162cm,55kg,마른체형,하늘색반팔,어두운긴바지,분홍색운동화 vo.la/cshrC/ ☎182 [서울경찰청]","서울특별시 강남구 ,서울특별시 서초구 ",2025-07-16 13:29,,안전안내,214991,기타,
"분당구 주민인 이영례씨(여,78세)를 찾습니다-155cm,왜소체격,카키색점퍼,군청색긴바지,검정모자,검정구두 vo.la/FwCrx/ ☎182 [경기남부경찰청]","경기도 성남시 수정구 ,경기도 성남시 중원구 ,경기도 성남시 분당구 ",2025-07-16 13:40,,안전안내,214993,기타,
"오늘부터 18일 목요일까지 경기북부에 많은 비가 예상됩니다. 산간계곡, 야영장 등 방문이나 하천변 출입을 자제하세요. [의정부시]",경기도 의정부시 ,2025-07-16 17:23,,안전안내,215030,호우,
"오늘 저녁부터 많은 비가 예상되오니 하천변, 산사태취약지역, 산간계곡, 야영장 등 위험지역주변에 계신분들은 안전한 곳으로 대피하여 주시기 바랍니다. [연천군]",경기도 연천군 ,2025-07-16 18:11,,안전안내,215036,호우,
"금일 여주시에 많은 비가 내릴 것으로 예상됩니다. ▲산사태, 침수 우려지역 진입금지 ▲ 위험징후가 발견되는 즉시 마을회관 등 신속하게 대피바랍니다. [여주시]",경기도 여주시 ,2025-07-16 18:52,,안전안내,215040,호우,
금일 밤부터 광주시 전역에 많은 비가 내릴 예정으로 산림 인접 주민들은 유사시 인근 대피소로 대피하시기 바랍니다. [광주시],경기도 광주시 ,2025-07-16 19:09,,안전안내,215045,산사태,
"오늘부터 18일까지 비가 많이 올 것으로 예상합니다. 집 주변 배수로를 미리 정비하시고, 산간 계곡, 하천변 산책로 등 위험 지역 방문을 자제하세요. [가평군]",경기도 가평군 ,2025-07-16 20:13,,안전안내,215061,호우,
"오늘 04:10 호우경보. 하천 주변, 계곡, 급경사지, 농수로 등 위험 지역에는 가지 마시고, 대피 권고를 받으면 즉시 대피하세요. [행정안전부]","경기도 연천군 ,경기도 파주시 ",2025-07-17 4:12,,안전안내,215106,호우,
"04:22, 파주시 장단면 인근 50mm/h 이상 강한 비로 침수 등 우려(국민행동요령: cbs.kma.go.kr) Heavy rain [기상청]","경기도 파주시 군내면,경기도 파주시 진서면",2025-07-17 4:24,,긴급재난,215107,호우,
"오늘 05:10 경기(포천) 호우경보. 하천 주변, 계곡, 급경사지, 농수로 등 위험 지역에는 가지 마시고, 대피 권고를 받으면 즉시 대피하세요. [행정안전부]",경기도 포천시 ,2025-07-17 5:15,,안전안내,215108,호우,
"06:00, 연천군 백학면 인근 50mm/h 이상 강한 비로 침수 등 우려(국민행동요령: cbs.kma.go.kr) Heavy rain [기상청]",경기도 연천군 백학면,2025-07-17 6:02,,긴급재난,215111,호우,
오늘 연천군 지역에 많은 비로 산사태 주의보 발령. 산림 주변 야외활동 자제와 입산금지 등 안전에 유의하시기 바랍니다. [연천군],경기도 연천군 ,2025-07-17 6:03,,안전안내,215112,산사태,
"06:20, 파주시 장단면 인근 50mm/h 이상 강한 비로 침수 등 우려(국민행동요령: cbs.kma.go.kr) Heavy rain [기상청]",경기도 파주시 장단면,2025-07-17 6:22,,긴급재난,215114,호우,
"06:22, 연천군 장남면 인근 50mm/h 이상 강한 비로 침수 등 우려(국민행동요령: cbs.kma.go.kr) Heavy rain [기상청]",경기도 연천군 장남면,2025-07-17 6:24,,긴급재난,215115,호우,
"오늘 06:30 호우경보. 하천 주변, 계곡, 급경사지, 농수로 등 위험 지역에는 가지 마시고, 대피 권고를 받으면 즉시 대피하세요. [행정안전부]","경기도 동두천시 ,경기도 양주시 ",2025-07-17 6:32,,안전안내,215116,호우,
"06:22, 파주시 장단면 인근 50mm/h 이상 강한 비로 침수 등 우려(국민행동요령: cbs.kma.go.kr) Heavy rain [기상청]","경기도 파주시 파평면,경기도 파주시 진동면",2025-07-17 6:39,,긴급재난,215117,호우,
"06:38, 파주시 문산읍 인근 50mm/h 이상 강한 비로 침수 등 우려(국민행동요령: cbs.kma.go.kr) Heavy rain [기상청]",경기도 파주시 문산읍,2025-07-17 6:40,,긴급재난,215118,호우,
"06:40, 파주시 적성면 인근 50mm/h 이상 강한 비로 침수 등 우려(국민행동요령: cbs.kma.go.kr) Heavy rain [기상청]",경기도 파주시 적성면,2025-07-17 6:44,,긴급재난,215119,호우,
"현재 동두천시 호우경보 발효중. ▲신천변, 저지대 등 위험지역 출입 금지 ▲위험징후 시 즉시 대피 ▲외출자제 및 안전에 유의하시기 바랍니다. [동두천시]",경기도 동두천시 ,2025-07-17 6:54,,안전안내,215120,호우,
"오늘 06:50 호우주의보 발령. 하천 주변 산책로, 계곡, 급경사지, 농수로 등 위험 지역에는 가지 마시고, 하천 범람에 주의하세요. [행정안전부]","경기도 가평군 ,경기도 남양주시 ,경기도 의정부시 ",2025-07-17 6:58,,안전안내,215121,호우,
"비가 많이 올 것으로 예상됩니다. 되도록 외출을 자제하시고, 지하차도 입구 도로면에 물이 흐르면 지하차도에 출입하지 마세요. [양주시]",경기도 양주시 ,2025-07-17 7:02,,안전안내,215122,호우,
"07:12, 양주시 남면 인근 50mm/h 이상 강한 비로 침수 등 우려(국민행동요령: cbs.kma.go.kr) Heavy rain [기상청]","경기도 양주시 남면,경기도 파주시 법원읍",2025-07-17 7:14,,긴급재난,215123,호우,
안흥동 지역에 많은 비로 인하여 산사태 예비경보 발령. 산림 주변 야외활동 자제와 입산금지 등 안전에 유의하시기 바랍니다. [동두천시],경기도 동두천시 ,2025-07-17 7:26,,안전안내,215124,산사태,
"07:28, 파주시 광탄면 인근 50mm/h 이상 강한 비로 침수 등 우려(국민행동요령: cbs.kma.go.kr) Heavy rain [기상청]","경기도 파주시 파주읍,경기도 파주시 광탄면",2025-07-17 7:30,,긴급재난,215125,호우,
"07:34, 동두천시 상패동 인근 50mm/h 이상 강한 비로 침수 등 우려(국민행동요령: cbs.kma.go.kr) Heavy rain [기상청]","경기도 동두천시 동두천동,경기도 동두천시 안흥동,경기도 동두천시 상패동",2025-07-17 7:37,,긴급재난,215126,호우,
"오늘 07:30 파주지역 호우경보. 저지대, 지하시설 침수 우려지역 등 위험지역에서는 가족, 이웃과 정보를 공유하고 안전한 곳으로 대피하시기 바랍니다. [파주시]",경기도 파주시 ,2025-07-17 7:37,,안전안내,215127,호우,
오늘 07:30 파주 자유로에서 당동ic 진입하는 도로 침수로 인해 복구중이오니 차량 운전자께서는 우회하시기 바랍니다.[파주시],경기도 파주시 ,2025-07-17 7:41,,안전안내,215128,호우,
"오늘 07:40 호우경보. 하천 주변, 계곡, 급경사지, 농수로 등 위험 지역에는 가지 마시고, 대피 권고를 받으면 즉시 대피하세요. [행정안전부]","경기도 가평군 ,경기도 남양주시 ,경기도 의정부시 ",2025-07-17 7:44,,안전안내,215129,호우,
"07:40, 동두천시 생연1동 인근 50mm/h 이상 강한 비로 침수 등 우려(국민행동요령: cbs.kma.go.kr) Heavy rain [기상청]","경기도 동두천시 송내동,경기도 동두천시 지행동,경기도 동두천시 생연동,경기도 동두천시 광암동,경기도 동두천시 걸산동,경기도 동두천시 보산동,경기도 동두천시 탑동동",2025-07-17 7:45,,긴급재난,215130,호우,
"금일 07:15 부로 은현면, 남면에 산사태주의보가 발령되었으니 향후 대피명령 시 대피할 수 있도록 준비하시기 바랍니다[양주시 산림과]",경기도 양주시 ,2025-07-17 7:45,,안전안내,215131,산사태,
오늘 파주지역에 비가 내려 산사태경보 발령. 산림 주변 야외활동을 자제하시고 산에 있을 경우 산림 밖으로 피하시기 바랍니다. [파주시],경기도 파주시 ,2025-07-17 7:46,,안전안내,215132,산사태,
"현재 호우경보 발효중으로 저지대, 지하시설 침수 우려지역 등 위험지역에서는 가족, 이웃과 정보를 공유하고 안전한 곳으로 대피하시기 바랍니다.[연천군]",경기도 연천군 ,2025-07-17 7:47,,안전안내,215133,호우,
"금일 07시 40분 포천시 산사태 주의보 발령. 산사태 취약지역 주민, 방문객 등 위험지역에 계신분들은 유사시 안전한 곳으로 대피 바랍니다. [포천시]",경기도 포천시 ,2025-07-17 7:53,,안전안내,215134,산사태,
"오늘 07:40 호우경보 발효. 산사태취약지역, 급경사지, 계곡, 하천주변, 농수로에 접근금지 등 안전에 유의하시기 바랍니다. [가평군]",경기도 가평군 ,2025-07-17 7:54,,안전안내,215135,호우,
"07:52, 양주시 양주1동 인근 50mm/h 이상 강한 비로 침수 등 우려(국민행동요령: cbs.kma.go.kr) Heavy rain [기상청]","경기도 의정부시 녹양동,경기도 양주시 남방동,경기도 양주시 마전동,경기도 양주시 광사동,경기도 양주시 만송동",2025-07-17 7:54,,긴급재난,215136,호우,
"07:56, 의정부시 신곡2동 인근 50mm/h 이상 강한 비로 침수 등 우려(국민행동요령: cbs.kma.go.kr) Heavy rain [기상청]","경기도 의정부시 신곡동,경기도 의정부시 민락동,경기도 의정부시 낙양동,경기도 의정부시 자일동,경기도 의정부시 금오동,경기도 의정부시 가능동",2025-07-17 7:58,,긴급재난,215137,호우,
"07:55, 양주시 광적면 인근 50mm/h 이상 강한 비로 침수 등 우려(국민행동요령: cbs.kma.go.kr) Heavy rain [기상청]",경기도 양주시 광적면,2025-07-17 7:59,,긴급재난,215138,호우,
"08:04, 의정부시 송산1동 인근 50mm/h 이상 강한 비로 침수 등 우려(국민행동요령: cbs.kma.go.kr) Heavy rain [기상청]","경기도 의정부시 의정부동,경기도 의정부시 호원동,경기도 의정부시 장암동,경기도 의정부시 용현동,경기도 의정부시 고산동,경기도 의정부시 산곡동,경기도 남양주시 별내면",2025-07-17 8:06,,긴급재난,215139,호우,
동두천 지역 많은 비로 산사태 예비경보 발령. 산림 주변 위험지역 접근ㆍ통행 금지 및 대피명령 있을 시 대피장소나 안전지대로 반드시 대피 바랍니다. [동두천시],경기도 동두천시 ,2025-07-17 8:07,,안전안내,215140,산사태,
"오늘 05:10 호우경보 발령. 하천 주변, 저지대 등 위험 지역에는 접근하지 마시고, 안전사고에 유의바랍니다. [포천시]",경기도 포천시 ,2025-07-17 8:13,,안전안내,215141,호우,
"오늘 08:15 호우주의보 발령. 하천 주변 산책로, 계곡, 급경사지, 농수로 등 위험 지역에는 가지 마시고, 하천 범람에 주의하세요. [행정안전부]","경기도 구리시 ,경기도 하남시 ,서울특별시 강남구 ,서울특별시 강동구 ,서울특별시 강북구 ,서울특별시 광진구 ,서울특별시 노원구 ,서울특별시 도봉구 ,서울특별시 동대문구 ,서울특별시 서초구 ,서울특별시 성동구 ,서울특별시 성북구 ,서울특별시 송파구 ,서울특별시 중랑구 ",2025-07-17 8:16,,안전안내,215143,호우,
"금일 08시10분 부로 남면, 광적면, 은현면에 산사태경보가 발령되었으니 대피명령 시 즉시 대피 할 수 있도록 준비하시기 바랍니다.[양주시 산림과]",경기도 양주시 ,2025-07-17 8:20,,안전안내,215144,산사태,
집중호우로 1호선 의정부역~연천역 간 전동열차 운행 대기 상태로 지연운행되니 타 교통수단을 이용하시기 바랍니다.[한국철도공사],"강원특별자치도 철원군 ,경기도 동두천시 ,경기도 연천군 ,경기도 의정부시 ",2025-07-17 8:24,,안전안내,215145,교통사고,
"영등포구에서 최종 목격된 정병기씨(남,85세)를 찾습니다-158cm,55kg,탈모,파란색반팔셔츠,검정긴바지
vo.la/PgvDe / ☎112 [서울경찰청]",서울특별시 영등포구 ,2025-07-17 8:25,,안전안내,215146,기타,
"오늘 08:25 호우주의보 발령. 하천 주변 산책로, 계곡, 급경사지, 농수로 등 위험 지역에는 가지 마시고, 하천 범람에 주의하세요. [행정안전부]","강원특별자치도 춘천시 ,강원특별자치도 홍천군 ,경기도 과천시 ,경기도 광명시 ,경기도 광주시 ,경기도 시흥시 ,경기도 양평군 ,서울특별시 강서구 ,서울특별시 관악구 ,서울특별시 구로구 ,서울특별시 금천구 ,서울특별시 동작구 ,서울특별시 마포구 ,서울특별시 서대문구 ,서울특별시 양천구 ,서울특별시 영등포구 ,서울특별시 용산구 ,서울특별시 은평구 ,서울특별시 종로구 ,서울특별시 중구 ,인천광역시 강화군 ,인천광역시 계양구 ,인천광역시 미추홀구 ,인천광역시 남동구 ,인천광역시 동구 ,인천광역시 부평구 ,인천광역시 서구 ,인천광역시 연수구 ,인천광역시 옹진군 ,인천광역시 중구 ,경기도 성남시 수정구 ,경기도 성남시 중원구 ,경기도 성남시 분당구 ,경기도 안양시 만안구 ,경기도 안양시 동안구 ,경기도 고양시 덕양구 ,경기도 고양시 일산동구 ,경기도 고양시 일산서구 ,경기도 부천시 원미구 ,경기도 부천시 소사구 , 부천시 오정구 ",2025-07-17 8:30,,안전안내,215147,호우,
"관악구 주민인 김명자씨(여,76세)를 찾습니다-150cm,45kg,형광색조끼,남색칠부바지,녹색운동화,마스크착용
vo.la/mzGub / ☎112 [서울경찰청]","서울특별시 관악구 ,서울특별시 동작구 ",2025-07-17 8:31,,안전안내,215148,기타,
"갑작스런 호우로 인한 침수우려로 동부간선도로 및 지하차도 출입을 통제하오니 우회도로를 이용하시기 바라며, 안전운전하시기 바랍니다. [의정부시]",경기도 의정부시 ,2025-07-17 8:33,,안전안내,215149,호우,
"오늘 08:30 신천 동두천시(송천교)지점 홍수주의보. 피해에 대비 바랍니다. 내 위치, 침수우려지역 확인 vo.la/fNtQI [한강홍수통제소]","경기도 동두천시 ,경기도 양주시 ,경기도 연천군 ",2025-07-17 8:34,,안전안내,215150,홍수,
경기 북부 지역 집중호우로 인하여 일부 전동열차가 지연운행되니 전동열차 이용에 참고하시기 바랍니다. [한국철도공사],"경기도 전체 ,서울특별시 전체 ",2025-07-17 8:39,,안전안내,215152,교통사고,
"오늘 08:40 호우경보. 하천 주변, 계곡, 급경사지, 농수로 등 위험 지역에는 가지 마시고, 대피 권고를 받으면 즉시 대피하세요. [행정안전부]","경기도 양평군 ,경기도 하남시 ",2025-07-17 8:42,,안전안내,215153,호우,
"오늘 08:45 호우경보. 하천 주변, 계곡, 급경사지, 농수로 등 위험 지역에는 가지 마시고, 대피 권고를 받으면 즉시 대피하세요. [행정안전부]","경기도 구리시 ,서울특별시 강남구 ,서울특별시 강동구 ,서울특별시 강북구 ,서울특별시 강서구 ,서울특별시 관악구 ,서울특별시 광진구 ,서울특별시 구로구 ,서울특별시 금천구 ,서울특별시 노원구 ,서울특별시 도봉구 ,서울특별시 동대문구 ,서울특별시 동작구 ,서울특별시 마포구 ,서울특별시 서대문구 ,서울특별시 서초구 ,서울특별시 성동구 ,서울특별시 성북구 ,서울특별시 송파구 ,서울특별시 양천구 ,서울특별시 영등포구 ,서울특별시 용산구 ,서울특별시 은평구 ,서울특별시 종로구 ,서울특별시 중구 ,서울특별시 중랑구 ,인천광역시 강화군 ,인천광역시 계양구 ,인천광역시 미추홀구 ,인천광역시 남동구 ,인천광역시 동구 ,인천광역시 부평구 ,인천광역시 서구 ,인천광역시 연수구 ,인천광역시 옹진군 ,인천광역시 중구 ,경기도 부천시 원미구 ,경기도 부천시 소사구 , 부천시 오정구 ",2025-07-17 8:49,,안전안내,215156,호우,
"서울전역에 많은 비가 내려 산사태 위험이 높으니 입산금지 및 산림주변 위험지역 접근금지, 위험감지시 산에서 떨어진 안전한 곳으로 신속 대피바랍니다.[서울특별시]",서울특별시 전체 ,2025-07-17 8:54,,안전안내,215157,산사태,
"08시 40분 호우경보가 발효되었으니 하천변 산책로, 산사태 및 침수우려지역, 급경사지 등 위험지역 접근금지바라며, 안전에 유의하여 주시기 바랍니다.[양평군]",경기도 양평군 ,2025-07-17 8:58,,안전안내,215159,호우,
"현재 호우주의보가 발효되어 많은 비가 예상되오니 하천변, 지하도, 급경사지, 산지 등 위험지 접근을 금하시고, 안전에 유의하시기 바랍니다.[광명시청]",경기도 광명시 ,2025-07-17 9:03,,안전안내,215160,호우,
홍수주의보(송천교 지점)가 발효 중으로 송천교 인근 주민은 안전 및 침수에 대비하여 주시고 대피명령 시 즉시 대피 할 수 있도록 준비하시기 바랍니다.[동두천시],경기도 동두천시 ,2025-07-17 9:04,,안전안내,215161,홍수,
"시간당 강우가 30mm이상 예보되어 저지대 및 반지하주택 등에 침수가 우려되니 침수피해에 대비하시고, 현재 중랑천통제 중이니 하천 출입은 자제바랍니다. [광진구]",서울특별시 광진구 ,2025-07-17 9:05,,안전안내,215162,호우,
"현재 서울전역에 많은 비가 내리고 있어 하천, 산책로 등 출입을 자제 및 고압선 등 주변 접근금지하여 주시기 바랍니다.[서울특별시청]",서울특별시 전체 ,2025-07-17 9:10,,안전안내,215164,호우,
"09:11, 하남시 덕풍3동 인근 50mm/h 이상 강한 비로 침수 등 우려(국민행동요령: cbs.kma.go.kr) Heavy rain [기상청]","경기도 남양주시 와부읍,경기도 남양주시 조안면,경기도 하남시 당정동,경기도 하남시 덕풍동,경기도 하남시 망월동,경기도 하남시 풍산동,경기도 하남시 미사동",2025-07-17 9:13,,긴급재난,215166,호우,
"오늘 09:15 경기(고양) 호우경보. 하천 주변, 계곡, 급경사지, 농수로 등 위험 지역에는 가지 마시고, 대피 권고를 받으면 즉시 대피하세요. [행정안전부]","경기도 고양시 덕양구 ,경기도 고양시 일산동구 ,경기도 고양시 일산서구 ",2025-07-17 9:17,,안전안내,215167,호우,
"오늘 09:15 호우주의보 발령. 하천 주변 산책로, 계곡, 급경사지, 농수로 등 위험 지역에는 가지 마시고, 하천 범람에 주의하세요. [행정안전부]","경기도 김포시 ,인천광역시 강화군 ",2025-07-17 9:18,,안전안내,215168,호우,
"오늘 09:00 가평군 조종면, 북면 지역 산사태주의보 발령. 산사태 위험이 있으니 산림 주변 야외활동 자제 및 안전에 유의하세요. [가평군]",경기도 가평군 ,2025-07-17 9:20,,안전안내,215169,산사태,
"09:20, 성북구 정릉제3동 인근 50mm/h 이상 강한 비로 침수 등 우려(국민행동요령: cbs.kma.go.kr) Heavy rain [기상청]","서울특별시 종로구 동숭동,서울특별시 종로구 혜화동,서울특별시 종로구 명륜1가,서울특별시 종로구 명륜2가,서울특별시 종로구 명륜3가,서울특별시 종로구 평창동,서울특별시 성북구 성북동,서울특별시 성북구 성북동1가,서울특별시 성북구 돈암동,서울특별시 성북구 동소문동1가,서울특별시 성북구 동소문동2가,서울특별시 성북구 동소문동3가,서울특별시 성북구 동소문동4가,서울특별시 성북구 동소문동5가,서울특별시 성북구 동소문동6가,서울특별시 성북구 동소문동7가,서울특별시 성북구 삼선동1가,서울특별시 성북구 삼선동2가,서울특별시 성북구 삼선동3가,서울특별시 성북구 삼선동4가,서울특별시 성북구 삼선동5가,서울특별시 성북구 동선동1가,서울특별시 성북구 동선동2가,서울특별시 성북구 동선동3가,서울특별시 성북구 동선동4가,서울특별시 성북구 동선동5가,서울특별시 성북구 안암동1가,서울특별시 성북구 보문동1가,서울특별시 성북구 보문동2가,서울특별시 성북구 보문동3가,서울특별시 성북구 정릉동,서울특별시 성북구 길음동",2025-07-17 9:22,,긴급재난,215170,호우,
김포지역 장맛비에 따른 지반 약화와 강풍으로 침하 및 전도 등 사고 우려가 높으니 조심하시고 공사장 및 시설물 안전점검 바랍니다. [김포시청],경기도 김포시 ,2025-07-17 9:23,,안전안내,215171,호우,
"시흥시 호우주의보, 강풍주의보 발효중. 하천변 산책로, 지하차도 등 위험지역 출입금지 및 외출을 자제하고, 위험징후 발생시 즉시 대피하시기 바랍니다. [시흥시청]",경기도 시흥시 ,2025-07-17 9:24,,안전안내,215172,호우,
서울 동부간선도로(양방향) 전 구간 수락지하차도~성수JC 교통 전면 통제중이니 차량우회 바랍니다.[서울특별시청],서울특별시 전체 ,2025-07-17 9:31,,안전안내,215175,호우,
"오늘 09:15 호우경보 발령. 불광천, 구파발천 산책로 침수 위험으로 출입자제. 은평둘레길 등 등산로 통제하오니 안전사고에 유의하시기 바랍니다. [은평구]",서울특별시 은평구 ,2025-07-17 9:33,,안전안내,215177,호우,
"09:33, 노원구 공릉2동 인근 50mm/h 이상 강한 비로 침수 등 우려(국민행동요령: cbs.kma.go.kr) Heavy rain [기상청]","서울특별시 중랑구 묵동,서울특별시 중랑구 신내동,서울특별시 노원구 월계동,서울특별시 노원구 공릉동,서울특별시 노원구 하계동,서울특별시 노원구 중계동,경기도 구리시 갈매동",2025-07-17 9:35,,긴급재난,215178,호우,
"09:37, 남양주시 진건읍 인근 50mm/h 이상 강한 비로 침수 등 우려(국민행동요령: cbs.kma.go.kr) Heavy rain [기상청]","경기도 구리시 사노동,경기도 남양주시 금곡동,경기도 남양주시 일패동,경기도 남양주시 별내동,경기도 남양주시 진건읍,경기도 남양주시 퇴계원읍",2025-07-17 9:39,,긴급재난,215180,호우,
"09:38, 남양주시 화도읍 인근 50mm/h 이상 강한 비로 침수 등 우려(국민행동요령: cbs.kma.go.kr) Heavy rain [기상청]","경기도 남양주시 화도읍,경기도 남양주시 수동면,경기도 양평군 서종면",2025-07-17 9:40,,긴급재난,215181,호우,
"오늘 07:40 호우경보 발령. 저지대, 침수 우려지역 등 위험지역에는 가지 마시고, 하천 범람에 주의하여 주시기 바랍니다. [남양주시]",경기도 남양주시 ,2025-07-17 9:42,,안전안내,215183,호우,
"산사태 주의보 발령, 산림 주변 야외활동 자제, 입산 금지 등 안전에 유의하여 주시고, 산에 있을 경우 산림 밖으로 신속히 대피하여 주시기 바랍니다.[양평군]",경기도 양평군 ,2025-07-17 9:43,,안전안내,215184,산사태,
"오늘 08:45 서울지역 호우경보 발효. 도림천 등 하천주변 산책로, 급경사지와 같은 안전사고 우려지역 접근 자제 및 안전에 유의바랍니다. [구로구]",서울특별시 구로구 ,2025-07-17 9:45,,안전안내,215185,호우,
"현재 구리시 호우경보 발효 중. 하천변, 급경사지 등 위험지역 접근을 피하고, 저지대 침수 시에는 즉시 대피하시기 바랍니다. [구리시청]",경기도 구리시 ,2025-07-17 9:51,,안전안내,215188,호우,
현재 우이천 등 하천에 물이 많이 차고 있습니다. 하천 주변 및 산책로 접근을 자제하시고 안전사고에 유의바랍니다.[서울특별시청],"서울특별시 강북구 ,서울특별시 노원구 ,서울특별시 도봉구 ",2025-07-17 10:00,,안전안내,215189,호우,
"10:00, 가평군 청평면 인근 50mm/h 이상 강한 비로 침수 등 우려(국민행동요령: cbs.kma.go.kr) Heavy rain [기상청]",경기도 가평군 청평면,2025-07-17 10:02,,긴급재난,215190,호우,
"남양주시에 09:50분 부로 산사태 주의보가 발령되었습니다. 산림 주변 야외활동을 자제하시고, 위험 징후시 신속히 안전한 곳으로 대피하시기 바랍니다.[남양주시]",경기도 남양주시 ,2025-07-17 10:04,,안전안내,215192,산사태,
"현재 동대문구에 시간당 50mm 이상 많은 비가 내리고 있으니 하천변, 저지대 등 위험지역 접근금지, 야외활동 자제 등 안전에 유의하시기 바랍니다.[동대문구청]",서울특별시 동대문구 ,2025-07-17 10:05,,긴급재난,215193,호우,
"현재 중랑구 전역에 많은 비가 내리고 있어 하천변, 급경사지 접근자제 및 저지대 침수시 즉시 대피 등 안전사고에 유의바랍니다.[중랑구]",서울특별시 중랑구 ,2025-07-17 10:06,,안전안내,215195,호우,
산사태 위기경보 경계. 광주시 전역에 많은 비가 내리고 있으므로 산림 인접 주민들은 유사시 인근 대피소로 대피하시기 바랍니다. [광주시],경기도 광주시 ,2025-07-17 10:11,,안전안내,215196,산사태,
"오늘 10:10 조종천 가평군(대보교)지점 홍수주의보. 피해에 대비 바랍니다. 내 위치, 침수우려지역 확인 vo.la/RAIej [한강홍수통제소]",경기도 가평군 ,2025-07-17 10:13,,안전안내,215197,홍수,
오늘 09:15 고양시 호우경보 발효. 지하차도 진입을 자제하고 우회바랍니다. 침수 우려지역 등 위험지역에는 진입하지 마시고 대피해주시기 바랍니다. [고양시청],"경기도 고양시 덕양구 ,경기도 고양시 일산동구 ,경기도 고양시 일산서구 ",2025-07-17 10:14,,안전안내,215199,호우,
오늘 10:10 가평군 조종천 대보교 지점 홍수주의보 발령. 하천주변 출입금지. 인근 주민들은 안전에 유의하시기 바랍니다. [가평군],경기도 가평군 ,2025-07-17 10:14,,안전안내,215200,홍수,
"현재 야당동에 많은 비가 내리고 있으니 지하차도, 저지대 등 위험지역 접근금지, 야외활동 자제 등 안전에 유의하시기 바랍니다.[파주시]",경기도 파주시 야당동,2025-07-17 10:20,,안전안내,215201,호우,
"10:20, 가평군 설악면 인근 50mm/h 이상 강한 비로 침수 등 우려(국민행동요령: cbs.kma.go.kr) Heavy rain [기상청]",경기도 가평군 설악면,2025-07-17 10:22,,긴급재난,215202,호우,
왕숙천 수위 상승으로 인한 침수우려로 왕숙천교 하단(농수산물도매시장 2문) 하상도로를 통제하오니 우회도로를 이용하시기 바랍니다. [구리시청],경기도 구리시 ,2025-07-17 10:23,,안전안내,215203,호우,
"종로구에서 목격된 박희관씨(남,77세)를 찾습니다-155cm,푸른색반팔,청바지,남색크록스신발,안경,허리굽은걸음
vo.la/iVXLj / ☎182 [서울경찰청]","서울특별시 종로구 ,서울특별시 중구 ",2025-07-17 10:28,,안전안내,215204,기타,
"동작구 전역에 많은 비가 내려 위험이 높으니 하천주변, 등산로, 급경사지 등 위험지역에 통행을 자제하여 주시기 바랍니다. [동작구]",서울특별시 동작구 ,2025-07-17 10:36,,안전안내,215205,호우,
현재 많은 비가 내리고 있어 하천 주변 산책로、저지대 등에 출입 금지 및 급경사지、고압선 주변 접근 금지 등 안전에 유의하시기 바랍니다 [도봉구청],서울특별시 도봉구 ,2025-07-17 10:37,,안전안내,215206,호우,
가평군 설악IC ~ 천안리 엄소삼거리 도로침수 발생으로 교통통제. 인근도로로 우회하시기 바랍니다. [가평군],경기도 가평군 ,2025-07-17 10:45,,안전안내,215208,호우,
금일 하남시 전역에 많은 비로 산사태 주의보(10시) 발령되었으니 산림 주변 야외 활동 자제와 입산 금지 등 안전에 유의하시기 바랍니다.[하남시],경기도 하남시 ,2025-07-17 10:48,,안전안내,215209,산사태,
오늘 12:00 가평군 설악면 산사태 주의보 발령. 산사태 위험이 있으니 산림 주변 야외활동을 자제하시기 바랍니다. [가평군],경기도 가평군 ,2025-07-17 12:15,,안전안내,215214,산사태,
동부간선도로(양방향) 수락지하차도~성수JC 13:00부로 교통 전면 통제 해제하였습니다.[서울특별시청],서울특별시 전체 ,2025-07-17 13:40,,안전안내,215217,호우,
"연천군(필승교) 수위 1m 이상 임진강 수위 상승 중. 하천변의 행락객, 야영객, 어민, 지역주민 등은 신속하게 안전한 장소로 대피하시기 바랍니다.[경기도청]","임진강 수계지역(경기도 연천군,파주시)  ,경기도 임진강 ",2025-07-17 13:41,,안전안내,215218,홍수,
13시부로 동부간선도로(양방향) 교통 통제 해제하였습니다.[의정부시청],경기도 의정부시 ,2025-07-17 13:54,,안전안내,215219,기타,
"금일 발령된 산사태주의보가 해제되었음을 알려드리며, 지반이 약해져 추가 피해가 발생될 수 있으니 경사지 및 산림 인근지역에서는 각별히 주의 바랍니다 [양평군]",경기도 양평군 ,2025-07-17 14:33,,안전안내,215220,산사태,
"오늘 16:10 호우주의보 발령. 하천 주변 산책로, 계곡, 급경사지, 농수로 등 위험 지역에는 가지 마시고, 하천 범람에 주의하세요. [행정안전부]","경기도 김포시 ,경기도 파주시 ,인천광역시 강화군 ,인천광역시 계양구 ,인천광역시 미추홀구 ,인천광역시 남동구 ,인천광역시 동구 ,인천광역시 부평구 ,인천광역시 서구 ,인천광역시 연수구 ,인천광역시 옹진군 ,인천광역시 중구 ,경기도 고양시 덕양구 ,경기도 고양시 일산동구 ,경기도 고양시 일산서구 ",2025-07-17 16:12,,안전안내,215228,호우,
"영등포구에서 목격된 박희관씨(남,77세)를찾습니다-155cm,푸른색반팔,청바지,남색크록스신발,안경,허리굽은걸음 vo.la/iVXLj / ☎182 [서울경찰청]",서울특별시 영등포구 ,2025-07-17 16:30,,안전안내,215231,기타,
"오늘 16:30 호우주의보 발령. 하천 주변 산책로, 계곡, 급경사지, 농수로 등 위험 지역에는 가지 마시고, 하천 범람에 주의하세요. [행정안전부]","경기도 동두천시 ,경기도 양주시 ,경기도 연천군 ,경기도 포천시 ,인천광역시 강화군 ",2025-07-17 16:34,,안전안내,215232,호우,
"부천시에서 배회중인 나진원씨(여,79세)를 찾습니다- 152cm,녹색물결무늬상의,갈색두건,검정7부바지,검정단화 vo.la/cdMBu /☎182 [경기남부경찰청]","경기도 부천시 원미구 ,경기도 부천시 소사구 , 부천시 오정구 ",2025-07-17 16:39,,안전안내,215233,기타,
"오늘 16:45 호우경보. 하천 주변, 계곡, 급경사지, 농수로 등 위험 지역에는 가지 마시고, 대피 권고를 받으면 즉시 대피하세요. [행정안전부]","경기도 김포시 ,인천광역시 강화군 ,인천광역시 계양구 ,인천광역시 미추홀구 ,인천광역시 남동구 ,인천광역시 동구 ,인천광역시 부평구 ,인천광역시 서구 ,인천광역시 연수구 ,인천광역시 옹진군 ,인천광역시 중구 ",2025-07-17 16:49,,안전안내,215235,호우,
"금일 의정부시 전역에 많은 비로 산사태 주의보(16시) 발령, 산림주변 야외 활동 자제와 입산 금지 등 안전에 유의 바랍니다.[의정부시]",경기도 의정부시 ,2025-07-17 17:16,,안전안내,215241,산사태,
"김포지역 호우경보 격상 발령. 시간당 최고 30~50mm의 강한 폭우가 오고 있으니 외출자제, 특히 토사위험이 높은 곳은 절대 접근하지 마시기 바랍니다.[김포시]",경기도 김포시 ,2025-07-17 17:17,,안전안내,215242,호우,
"그동안 내린 비로 지반이 약해져 있으니 산사태나, 비탈면·축대·제방 등의 붕괴 징후가 있다면 즉시 안전한 곳으로 대피하세요. [양주시]",경기도 양주시 ,2025-07-17 17:19,,안전안내,215243,호우,
"내일 새벽 여주시 전역에 많은 비 예상. 하천주변 산책로, 계곡 등 위험지역 출입을 삼가하고 대피 권고 발령시 안전한 곳으로 즉시 대피하시기 바랍니다. [여주시]",경기도 여주시 ,2025-07-17 17:27,,안전안내,215247,호우,
"오늘 17:30 경기(고양) 호우경보. 하천 주변, 계곡, 급경사지, 농수로 등 위험 지역에는 가지 마시고, 대피 권고를 받으면 즉시 대피하세요. [행정안전부]","경기도 고양시 덕양구 ,경기도 고양시 일산동구 ,경기도 고양시 일산서구 ",2025-07-17 17:34,,안전안내,215249,호우,
오늘 17:30 파주시 자유로-당동ic 양방향 구간 진입하는 도로 침수로 인해 복구중이오니 차량 운전자께서는 우회하시기 바랍니다.[파주시],경기도 파주시 ,2025-07-17 18:00,,안전안내,215256,호우,
오늘 고양시 일산서구 제2자유로 한류월드IC-법곳IC 양방향 침수되었으니 인근 도로로 우회 바랍니다. [고양시청],"경기도 고양시 덕양구 ,경기도 고양시 일산동구 ,경기도 고양시 일산서구 ",2025-07-17 18:18,,안전안내,215261,호우,
"금일 내린 비로 지반이 약해져 있어 산사태 및 등산로, 축대, 제방 등 붕괴 위험이 있으니 위험징후 발생 시 안전한 곳으로 대피하여 주시기 바랍니다..[동두천시]",경기도 동두천시 ,2025-07-17 18:21,,안전안내,215262,호우,
금일 18시 10분 시군구 지역 산사태 경보 발령. 산림 주변 위험 지역 접근 금지. 대피 명령 시 대피소나 안전지대로 반드시 대피하세요. [포천시],경기도 포천시 ,2025-07-17 18:31,,안전안내,215267,산사태,
"금일 18시50분부로 산사태 경보(남면,광적면),산사태주의보(백석읍,장흥면)가 발령되었으니 대피명령시 즉시 대피할수 있도록 준비하시기 바랍니다. [양주시 산림과]",경기도 양주시 ,2025-07-17 18:57,,안전안내,215271,산사태,
"밤부터 많은 비가 예보되어 산사태 위험이 높으니 야외활동을 자제하고 대피명령 있을 시 산림과 떨어진 마을회관, 학교 등 안전한 곳으로 대피하시기 바랍니다[산림청]","강원특별자치도 전체 ,경기도 전체 ,경상북도 전체 ,서울특별시 전체 ,인천광역시 전체 ,충청남도 전체 ,충청북도 전체 ",2025-07-17 19:07,,안전안내,215273,산사태,
"금일 18:42 김포지역(풍무동, 고촌읍) 산사태 주의보 발령. 산림주변 위험지역 접근금지 및 대피명령 시 대피장소 또는 안전지대로 대피 바랍니다. [김포시청]",경기도 김포시 ,2025-07-17 19:11,,안전안내,215274,산사태,
오늘 제2자유로 법곳IC 침수로 인하여 탑골IC 일산방향 진입하는 구간 통제중이니 차량 운전자께서는 인근 도로로 우회하시기 바랍니다.[파주시],경기도 파주시 ,2025-07-17 19:14,,안전안내,215275,호우,
"비가 많이  올 것으로 예상합니다. 집 주변 배수로를 미리 정비하시고, 산간 계곡, 하천변 산책로 등 위험 지역 방문을 자제하세요. [의정부시]",경기도 의정부시 ,2025-07-17 19:36,,안전안내,215278,호우,
"고양시 주민인 표교순씨(여,73세)를 찾습니다- 155cm,62kg, 흰바탕에 꽃무늬(빨강꽃,파랑꽃)원피스 vo.la/OeDUJ /☎112 [경기북부경찰청]","경기도 고양시 덕양구 ,경기도 고양시 일산동구 ,경기도 고양시 일산서구 ",2025-07-17 20:00,,안전안내,215279,기타,
"송파구에서 배회중인 표교순씨(여,73세)를 찾습니다- 155cm,62kg, 흰바탕에 꽃무늬(빨강꽃,파랑꽃)원피스 vo.la/OeDUJ /☎112 [서울경찰청]",서울특별시 송파구 ,2025-07-17 20:02,,안전안내,215280,기타,
"내일 새벽부터 많은 비가 예상됩니다. 집 주변 배수로 정비상태를 확인하시고, 하천변 산책로 등 피해우려지역 출입을 자제하여 주시기 바랍니다. [오산시]",경기도 오산시 ,2025-07-17 20:10,,안전안내,215281,호우,
"오늘 20:30 호우경보. 하천 주변, 계곡, 급경사지, 농수로 등 위험 지역에는 가지 마시고, 대피 권고를 받으면 즉시 대피하세요. [행정안전부]","경기도 연천군 ,경기도 파주시 ,인천광역시 강화군 ",2025-07-17 20:30,,안전안내,215282,호우,
17일 21시부터 한탄강댐 상용여수로 자연월류로 하천수위 상승 예상. 하천 주변에 계신 경우 안전한 곳으로 대피 바랍니다. [한국수자원공사],"경기도 연천군 ,경기도 파주시 ",2025-07-17 20:36,,안전안내,215283,기타,
"21:47, 파주시 장단면 인근 50mm/h 이상 강한 비로 침수 등 우려(국민행동요령: cbs.kma.go.kr) Heavy rain [기상청]",경기도 파주시 장단면,2025-07-17 21:49,,긴급재난,215287,호우,
"21:56, 강화군 불은면 인근 50mm/h 이상 강한 비로 침수 등 우려(국민행동요령: cbs.kma.go.kr) Heavy rain [기상청]","인천광역시 강화군 강화읍,인천광역시 강화군 선원면,인천광역시 강화군 불은면,인천광역시 강화군 내가면,인천광역시 강화군 하점면,인천광역시 강화군 송해면,경기도 김포시 월곶면",2025-07-17 21:58,,긴급재난,215288,호우,
임진강 유역 집중 호우로 하천 주변 지뢰 추정 미상 물체 발견 시 절대 접촉 금지하고 즉시 경찰이나 군부대 신고하세요.[파주시],"경기도 파주시 문산읍,경기도 파주시 탄현면,경기도 파주시 파평면,경기도 파주시 적성면,경기도 파주시 군내면,경기도 파주시 장단면,경기도 파주시 진동면,경기도 파주시 진서면",2025-07-17 22:30,,안전안내,215290,호우,
"22:30, 파주시 장단면 인근 50mm/h 이상 강한 비로 침수 등 우려(국민행동요령: cbs.kma.go.kr) Heavy rain [기상청]","경기도 파주시 파평면,경기도 파주시 진동면",2025-07-17 22:32,,긴급재난,215291,호우,
임진강 유역 집중 호우로 하천 주변 지뢰 추정 미상 물체 발견 시 절대 접촉 금지하고 즉시 경찰이나 군부대 신고하세요.[연천군],경기도 연천군 ,2025-07-17 22:40,,안전안내,215293,호우,
"22:43, 파주시 문산읍 인근 50mm/h 이상 강한 비로 침수 등 우려(국민행동요령: cbs.kma.go.kr) Heavy rain [기상청]",경기도 파주시 문산읍,2025-07-17 22:45,,긴급재난,215294,호우,
"백학저수지 수위 상승으로 인해 주민대피 상황이 발생될 수 있으니, 대피발령 시 즉시 대피 할 수 있도록 사전 준비하여 주시기 바랍니다.[연천군]",경기도 연천군 백학면,2025-07-18 0:09,,안전안내,215296,호우,
"동두천시 산사태 경보 발령(안흥동), 야외활동 자제 및 입산 금지, 대피명령 있을 시 안전지대로 대피할 수 있도록 준비하시기 바랍니다.[동두천시]",경기도 동두천시 ,2025-07-18 0:12,,안전안내,215297,산사태,
"00:30, 강화군 불은면 인근 50mm/h 이상 강한 비로 침수 등 우려(국민행동요령: cbs.kma.go.kr) Heavy rain [기상청]","인천광역시 강화군 강화읍,인천광역시 강화군 선원면,인천광역시 강화군 불은면,인천광역시 강화군 내가면,인천광역시 강화군 하점면,인천광역시 강화군 송해면,경기도 김포시 월곶면",2025-07-18 0:32,,긴급재난,215301,호우,
"00:55, 파주시 장단면 인근 50mm/h 이상 강한 비로 침수 등 우려(국민행동요령: cbs.kma.go.kr) Heavy rain [기상청]",경기도 파주시 장단면,2025-07-18 0:58,,긴급재난,215302,호우,
"오늘 01:00 호우경보. 하천 주변, 계곡, 급경사지, 농수로 등 위험 지역에는 가지 마시고, 대피 권고를 받으면 즉시 대피하세요. [행정안전부]","경기도 동두천시 ,경기도 양주시 ,경기도 포천시 ",2025-07-18 1:03,,안전안내,215303,호우,
"01:05, 파주시 장단면 인근 50mm/h 이상 강한 비로 침수 등 우려(국민행동요령: cbs.kma.go.kr) Heavy rain [기상청]","경기도 파주시 군내면,경기도 파주시 진서면",2025-07-18 1:07,,긴급재난,215304,호우,
"오늘 02:10 문산천 파주시(만장교)지점 홍수주의보. 피해에 대비 바랍니다. 내 위치, 침수우려지역 확인 vo.la/GLRcB [한강홍수통제소]","경기도 양주시 ,경기도 파주시 ",2025-07-18 2:10,,안전안내,215305,홍수,
"오늘 02:20 문산천 파주시(만장교)지점 홍수경보. 피해에 대비 바랍니다. 내 위치, 침수우려지역 확인 vo.la/BQYPd [한강홍수통제소]","경기도 양주시 ,경기도 파주시 ",2025-07-18 2:22,,안전안내,215306,홍수,
"오늘 03:30 경기(가평) 호우경보. 하천 주변, 계곡, 급경사지, 농수로 등 위험 지역에는 가지 마시고, 대피 권고를 받으면 즉시 대피하세요. [행정안전부]",경기도 가평군 ,2025-07-18 2:31,,안전안내,215307,호우,
"백학저수지 수위 상승으로 인해 주민대피 상황이 발생될 수 있으니, 대피발령 시 즉시 대피할 수 있도록 사전 준비하여 주시기 바랍니다.[연천군]",경기도 연천군 ,2025-07-18 2:31,,안전안내,215308,호우,
"02:29, 강화군 불은면 인근 50mm/h 이상 강한 비로 침수 등 우려(국민행동요령: cbs.kma.go.kr) Heavy rain [기상청]","인천광역시 강화군 강화읍,인천광역시 강화군 선원면,인천광역시 강화군 불은면,인천광역시 강화군 내가면,인천광역시 강화군 하점면,인천광역시 강화군 송해면,경기도 김포시 월곶면",2025-07-18 2:33,,긴급재난,215310,호우,
"02:42, 파주시 문산읍 인근 50mm/h 이상 강한 비로 침수 등 우려(국민행동요령: cbs.kma.go.kr) Heavy rain [기상청]",경기도 파주시 문산읍,2025-07-18 2:44,,긴급재난,215311,호우,
"02:43, 파주시 탄현면 인근 50mm/h 이상 강한 비로 침수 등 우려(국민행동요령: cbs.kma.go.kr) Heavy rain [기상청]","경기도 파주시 검산동,경기도 파주시 맥금동,경기도 파주시 송촌동,경기도 김포시 하성면,경기도 파주시 탄현면",2025-07-18 2:45,,긴급재난,215312,호우,
"오늘 02:50 신천 연천군(신천교)지점 홍수주의보. 피해에 대비 바랍니다. 내 위치, 침수우려지역 확인 vo.la/mudkZ [한강홍수통제소]","경기도 동두천시 ,경기도 양주시 ,경기도 연천군 ",2025-07-18 2:50,,안전안내,215313,홍수,
조강저수지 월류 및 저지대 침수 위험에 따라 상류층 주민 대피 명령. 대피장소 또는 안전지대로 대피 바랍니다. [김포시청],경기도 김포시 월곶면,2025-07-18 2:52,,안전안내,215314,호우,
"오늘 02:50 포천천 포천시(포천대교)지점 홍수주의보. 피해에 대비 바랍니다. 내 위치, 침수우려지역 확인 vo.la/UYhia [한강홍수통제소]",경기도 포천시 ,2025-07-18 2:52,,안전안내,215315,홍수,
"03:04, 파주시 장단면 인근 50mm/h 이상 강한 비로 침수 등 우려(국민행동요령: cbs.kma.go.kr) Heavy rain [기상청]","경기도 파주시 파평면,경기도 파주시 진동면",2025-07-18 3:06,,긴급재난,215316,호우,
"03:16, 파주시 장단면 인근 50mm/h 이상 강한 비로 침수 등 우려(국민행동요령: cbs.kma.go.kr) Heavy rain [기상청]",경기도 파주시 장단면,2025-07-18 3:18,,긴급재난,215317,호우,
"03:15, 파주시 적성면 인근 50mm/h 이상 강한 비로 침수 등 우려(국민행동요령: cbs.kma.go.kr) Heavy rain [기상청]",경기도 파주시 적성면,2025-07-18 3:19,,긴급재난,215318,호우,
"동두천시 호우경보 발효 중으로 많은 비가 내려 하천 산책로가 침수되고 있으니 하천변, 계곡 등 위험지역에 접근하지 마시고 안전에 유의하시기 바랍니다.[동두천시]",경기도 동두천시 ,2025-07-18 3:40,,안전안내,215320,호우,
"03:44, 연천군 미산면 인근 50mm/h 이상 강한 비로 침수 등 우려(국민행동요령: cbs.kma.go.kr) Heavy rain [기상청]",경기도 연천군 미산면,2025-07-18 3:46,,긴급재난,215321,호우,
"03:46, 연천군 왕징면 인근 50mm/h 이상 강한 비로 침수 등 우려(국민행동요령: cbs.kma.go.kr) Heavy rain [기상청]",경기도 연천군 왕징면,2025-07-18 3:49,,긴급재난,215322,호우,
"오늘 03:50 차탄천 연천군(차탄교)지점 홍수주의보. 피해에 대비 바랍니다. 내 위치, 침수우려지역 확인 vo.la/bdUYd [한강홍수통제소]",경기도 연천군 ,2025-07-18 3:49,,안전안내,215323,홍수,
"03:48, 연천군 군남면 인근 50mm/h 이상 강한 비로 침수 등 우려(국민행동요령: cbs.kma.go.kr) Heavy rain [기상청]",경기도 연천군 군남면,2025-07-18 3:50,,긴급재난,215324,호우,
오늘 연천군 청산면 초성리 지역 산사태 경보 발령. 산림 주변 위험 지역 접근 금지. 대피 명령 시 대피소나 안전지대로 반드시 대피하세요. [연천군],경기도 연천군 청산면,2025-07-18 3:51,,안전안내,215325,산사태,
"03:56, 연천군 연천읍 인근 50mm/h 이상 강한 비로 침수 등 우려(국민행동요령: cbs.kma.go.kr) Heavy rain [기상청]",경기도 연천군 연천읍,2025-07-18 3:58,,긴급재난,215326,호우,
"오늘 04:10 신천 동두천시(송천교)지점 홍수경보. 피해에 대비 바랍니다. 내 위치, 침수우려지역 확인 vo.la/CYGfc [한강홍수통제소]","경기도 동두천시 ,경기도 양주시 ,경기도 연천군 ",2025-07-18 4:08,,안전안내,215327,홍수,
동부간선도로(양방향) 전 구간(수락지하차도~성수JC) 7.18.(목) 03:26부로 교통 전면 통제중이니 차량우회바랍니다. [서울특별시청],서울특별시 전체 ,2025-07-18 4:08,,안전안내,215328,호우,
"04:10, 연천군 청산면 인근 50mm/h 이상 강한 비로 침수 등 우려(국민행동요령: cbs.kma.go.kr) Heavy rain [기상청]","경기도 연천군 전곡읍,경기도 연천군 청산면",2025-07-18 4:13,,긴급재난,215330,호우,
"수원 지역 호우주의보 발효 중으로 하천변, 급경사지, 산사태 등 위험지역 접근 자제 및 저지대(반지하주택) 침수 등 안전사고에 유의 바랍니다. [수원특례시]","경기도 수원시 장안구 ,경기도 수원시 권선구 ,경기도 수원시 팔달구 ,경기도 수원시 영통구 ",2025-07-18 4:13,,안전안내,215331,호우,
내부순환도로(성수방향) 마장~성동구간 7.18.(목) 03:42부로 교통 전면 통제중이니 차량우회바랍니다. [서울특별시청],서울특별시 전체 ,2025-07-18 4:15,,안전안내,215332,호우,
금일 03:40 부로 동부간선도로(양방향) 교통 통제중이니 차량은 우회하시기바랍니다.[의정부시청],경기도 의정부시 ,2025-07-18 4:16,,안전안내,215333,호우,
"오늘 04:20 포천천 포천시(은현교)지점 홍수주의보. 피해에 대비 바랍니다. 내 위치, 침수우려지역 확인 vo.la/FwlCy [한강홍수통제소]",경기도 포천시 ,2025-07-18 4:18,,안전안내,215334,홍수,
"현재 서울전역에 비가 많이 내리고 있으니 저지대 등 침수가 우려되는 지역은 안전에 유의하시고, 출근시 가급적 대중교통을 이용해주시기 바랍니다. [서울특별시청]",서울특별시 전체 ,2025-07-18 4:30,,안전안내,215335,호우,
"오늘 04:30 한탄강 연천군(사랑교)지점 홍수주의보. 피해에 대비 바랍니다. 내 위치, 침수우려지역 확인 vo.la/pUocQ [한강홍수통제소]",경기도 연천군 ,2025-07-18 4:30,,안전안내,215336,홍수,
집중호우로 1호선 덕정역~연천역 구간과 문산역~도라산역 구간은 첫차부터 전동열차 운행이 불가하니 전동열차 이용에 참고하시기 바랍니다. [한국철도공사],"강원특별자치도 철원군 ,경기도 동두천시 ,경기도 양주시 ,경기도 연천군 ,경기도 의정부시 ,경기도 파주시 ,경기도 고양시 덕양구 ,경기도 고양시 일산동구 ,경기도 고양시 일산서구 ",2025-07-18 4:51,,안전안내,215337,교통사고,
김포지역 05:00~09:00 출근시간대 100mm 폭우로 양촌 유현교와 장기교차로 통제 가능성이 높으니 자가용과 대중교통 이용 시 참고바랍니다. [김포시청],경기도 김포시 ,2025-07-18 4:53,,안전안내,215338,호우,
"오늘 04:00 가평군 조종면, 북면지역 산사태 예비경보 발령. 산사태 위험이 있으니 산림 주변 야외활동을 자제하시기 바랍니다.[가평군]",경기도 가평군 ,2025-07-18 4:56,,안전안내,215339,산사태,
"집중호우로 인하여 1호선 덕정역~연천역 구간 첫차부터 전동열차 운행이 불가하오니, 전동열차 이용에 참고하시기 바랍니다.[연천군]",경기도 연천군 ,2025-07-18 5:29,,안전안내,215342,호우,
"7월 18일 06:00부로 새벽시간 대 많은 강우가 예상되오니, 시민분들께서 배수불량으로 인한 피해가 없도록 각별히 주의해 주시기 바랍니다. [금천구]",서울특별시 금천구 ,2025-07-18 5:30,,안전안내,215343,호우,
"동작구 전역에 많은 비가 내리고 있으니 도림천 일대, 서달산 등산로 등 위험지역 출입을 자제해 주시고 안전에 유의하시기바랍니다. [동작구]",서울특별시 동작구 ,2025-07-18 5:30,,안전안내,215344,호우,
"안산시 호우주의보 발효, 건축물 침수 시 즉시 대피하여 주시고 지하차도, 하천, 해안가 등 위험시설 출입을 금지하여 주시기 바랍니다.[안산시청]","경기도 안산시 상록구 ,경기도 안산시 단원구 ",2025-07-18 5:47,,안전안내,215346,호우,
"7월 18일 06:00부로 의왕지역에 폭우가 예상되오니, 하천변, 급경사지, 산사태 등 위험지역 접근금지 및 지하공간 침수 등 안전사고에 유의바랍니다.[의왕시]",경기도 의왕시 ,2025-07-18 5:50,,안전안내,215348,호우,
"오늘 아침 폭우가 예보되오니 하천변, 산지, 급경사지, 지하도 등 위험지역 접근을 금하시고 지층 저지대 거주자 및 운전자는 각별히 안전에 유의하십시오.[광명시]",경기도 광명시 ,2025-07-18 5:52,,안전안내,215350,호우,
집중호우로 인해 도로 곳곳이 침수되어 운행이 불편하오니 시민 여러분께서는 안전운행에 각별히 주의하여 주시기 바랍니다.[파주시],경기도 파주시 ,2025-07-18 5:56,,안전안내,215352,호우,
"현재 호우주의보 발효중으로 하천변 산책로, 급경사지 및 산사태우려지역 등 위험지역 접근 자제 및 저지대, 지하공간 침수 등 안전사고에 유의바랍니다.[화성시]",경기도 화성시 ,2025-07-18 5:59,,안전안내,215353,호우,
"시흥시 전역에 강풍을 동반한 많은 비 예상. 하천변 산책로, 지하차도 등 위험지역 출입을 금지하여 주시고, 위험징후 발생 시 즉시 대피하시기 바랍니다.[시흥시청]",경기도 시흥시 ,2025-07-18 6:00,,안전안내,215354,호우,
"고양시 일산서구 제2자유로 한류월드IC-법곳IC 일부구간을 호우로 인해 통행을 일부제한(서울방향 3차로, 파주방향 3차로)하오니 통행에 유의바랍니다.[고양시청]","경기도 고양시 덕양구 ,경기도 고양시 일산동구 ,경기도 고양시 일산서구 ",2025-07-18 6:01,,안전안내,215355,호우,
"오늘 03:30 남양주시 호우주의보 발령. 하천변, 급경사지, 저지대 등 위험지역 접근을 금지하시고 출근길 빗길 안전에 유의하시기 바랍니다. [남양주시]",경기도 남양주시 ,2025-07-18 6:01,,안전안내,215356,호우,
"많은 비가 내리고 있으니 하천 등 위험지역 접근을 금지하여 주시기 바라며, 저지대 반지하 주택 주민은 물막이판 및 배수로를 점검하여 주시기 바랍니다. [관악구청]",서울특별시 관악구 ,2025-07-18 6:02,,안전안내,215357,호우,
"현재 강동구에 폭우가 지속되고 있으니 하천, 산책로 등 출입 자제 바라며 저지대 등 침수우려지역은 안전에 유의하시고 출근시 가급적 대중교통 이용 바랍니다[강동구]",서울특별시 강동구 ,2025-07-18 6:05,,안전안내,215358,호우,
"안양시 지역 하천수위 상승으로 하상도로 및 산책로, 징검다리 등 하천 내 출입을 금지하오니 다른 안전한 도로를 이용하여 주시기 바랍니다. [안양시청]","경기도 안양시 만안구 ,경기도 안양시 동안구 ",2025-07-18 6:11,,안전안내,215361,호우,
"군포시 06시20분부 폭우가 예상되오니, 하천변 등 위험지역 접근금지, 지하공간 등 침수 시 즉시대피. 출근길 안전에 유의하시기 바랍니다.[군포시청]",경기도 군포시 ,2025-07-18 6:12,,안전안내,215362,호우,
집중호우로 한빛지하차도 일산에서 금촌방향 기왓돌지하차도 자유로에서 야당방면 통제중이오니 차량 운전자께서는 인근 도로로 우회하여 통행하시기 바랍니다.[파주시],경기도 파주시 ,2025-07-18 6:24,,안전안내,215366,호우,
"오늘 06:20 경기(화성) 호우경보. 하천 주변, 계곡, 급경사지, 농수로 등 위험 지역에는 가지 마시고, 대피 권고를 받으면 즉시 대피하세요. [행정안전부]",경기도 화성시 ,2025-07-18 6:25,,안전안내,215367,호우,
"의왕지역 하천(왕곡천, 안양천, 학의천 등)수위상승으로 하천산책로, 징검다리 등 하천 내 출입을 금지하오니 다른 안전한 도로를 이용하여 주시기 바랍니다.[의왕시]",경기도 의왕시 ,2025-07-18 6:25,,안전안내,215368,호우,
현재 서울 전역에 많은 비가 내리고 있어 지하공간으로 많은 물이 들어오면 즉시 지상 등 안전한 곳으로 대피하여 주시기 바랍니다. [서울특별시청],서울특별시 전체 ,2025-07-18 6:27,,안전안내,215369,호우,
"구리시 호우주의보 발효중으로 출근 시간 많은 비 예상. 왕숙천변 접근을 피하고 산사태 위험, 저지대 침수 시에는 즉시 대피하는 등 안전에 유의바랍니다.[구리시청]",경기도 구리시 ,2025-07-18 6:29,,안전안내,215370,호우,
"오늘 06:30 호우경보. 하천 주변, 계곡, 급경사지, 농수로 등 위험 지역에는 가지 마시고, 대피 권고를 받으면 즉시 대피하세요. [행정안전부]","경기도 군포시 ,경기도 시흥시 ,경기도 오산시 ,경기도 평택시 ,경기도 수원시 장안구 ,경기도 수원시 권선구 ,경기도 수원시 팔달구 ,경기도 수원시 영통구 ,경기도 안산시 상록구 ,경기도 안산시 단원구 ",2025-07-18 6:32,,안전안내,215371,호우,
집중호우로 마전봉화교차로(정왕동 381번지 인근)를 통제중입니다. 개인차량을 이용하여 출근하시는 시민들께서는 우회하여 주시기 바랍니다.[시흥시청],경기도 시흥시 ,2025-07-18 6:40,,안전안내,215375,호우,
"오늘 06:40 목감천 서울시(너부대교)지점 홍수주의보. 피해에 대비 바랍니다. 내 위치, 침수우려지역 확인 vo.la/bTJJV [한강홍수통제소]","경기도 광명시 ,경기도 시흥시 ,서울특별시 구로구 ",2025-07-18 6:41,,안전안내,215376,홍수,
오늘 많은 비로 인해 03:40부터 동부간선도로(양방향) 교통을 통제하고있으니 도로 이용 시 참고하시기 바랍니다. [의정부시],경기도 의정부시 ,2025-07-18 6:42,,안전안내,215378,호우,
"현재 서울 전역에 많은 비가 내리고 있으니, 하천변 산책로 등 안전사고 우려지역 접근 자제 및 출근시간 대중교통 이용 등 안전에 유의하여 주시기 바랍니다[구로구]",서울특별시 구로구 ,2025-07-18 6:42,,안전안내,215379,호우,
여주시 호우주의보 발효 중 ▲산림 주변 접근금지 ▲ 대피명령 시 산사태 취약지역 및 인근 주민분들은 마을회관·학교 등 안전한 곳으로 대피하시기 바랍니다.[여주시],경기도 여주시 ,2025-07-18 6:43,,안전안내,215380,산사태,
"오늘 03:30 호우경보. 출근 시간 많은 비로 안전운전과 산사태 위험지, 급경사지, 축대, 제방, 하천변 산책로 등 접근을 자제해 주시기 바랍니다. [가평군]",경기도 가평군 ,2025-07-18 6:49,,안전안내,215381,호우,
"서초구에 강한비가 내리고 있으니 각별한 주의 부탁드립니다.
특히 하천 주변, 저지대 도로 등 접근을 자제하여 주시기 바랍니다. [서초구청]",서울특별시 서초구 ,2025-07-18 6:54,,안전안내,215383,호우,
연일 내린 비로 산사태 발생 및 옹벽 등 붕괴위험이 있으니 사면 및 절개지 인근주민들은 위험징후 발생 시 즉시 안전한 곳으로 대피하여 주시기 바랍니다.[동두천시],경기도 동두천시 ,2025-07-18 6:55,,안전안내,215384,호우,
지속적인 강우로 현재 초성삼거리에서 학담입구 도로가 침수되어 응급복구중으로 교통을 통제하고 있으니 우회하여 주시기 바라며 안전운전에 유의하시기 바랍니다.[연천군],경기도 연천군 ,2025-07-18 6:55,,안전안내,215385,호우,
대곡~문산 및 문산~임진강역 열차운행 중단 대체교통 수단을 이용해주시기 바랍니다.[파주시],경기도 파주시 ,2025-07-18 6:56,,안전안내,215386,호우,
"집중호우로 인하여 1호선 덕정역-연천역 구간 첫차부터 전동열차 운행이 불가하오니, 전동열차 이용에 참고하시기 바랍니다.[동두천시]",경기도 동두천시 ,2025-07-18 6:58,,안전안내,215387,교통사고,
"오늘 07:00 호우경보. 하천 주변, 계곡, 급경사지, 농수로 등 위험 지역에는 가지 마시고, 대피 권고를 받으면 즉시 대피하세요. [행정안전부]","경기도 과천시 ,경기도 광명시 ,경기도 의왕시 ,경기도 성남시 수정구 ,경기도 성남시 중원구 ,경기도 성남시 분당구 ,경기도 안양시 만안구 ,경기도 안양시 동안구 ,경기도 용인시 처인구 ,경기도 용인시 기흥구 ,경기도 용인시 수지구 ",2025-07-18 7:00,,안전안내,215388,호우,
"호우경보 및 산사태 주의보(수암동) 발효, 하천, 급경사지 등 위험지역에 접근하지 마시고 산사태취약지 거주자는 대피권고시 즉시 대피하여 주시기 바랍니다.[안산시]","경기도 안산시 상록구 ,경기도 안산시 단원구 ",2025-07-18 7:01,,안전안내,215389,호우,
"현재 양평군에 매우강한 비구름 유입으로 많은비가 오고있어 하천,계곡,농수로등 접근금지. 출근길 빗길주의. 산림주변 주민은 위험징후 발견시 대피 바랍니다 [양평군]",경기도 양평군 ,2025-07-18 7:01,,안전안내,215390,호우,
"오늘 03:30 부천지역 호우주의보 발효, 저지대, 침수 우려 지역에서는 배수구 등을 점검해 주시고, 사고위험지역 접근 자제 등 안전에 유의바랍니다. [부천시청]","경기도 부천시 원미구 ,경기도 부천시 소사구 , 부천시 오정구 ",2025-07-18 7:06,,안전안내,215394,호우,
"06:30 오산시 호우경보 발효, 오산천 주변 등 출입 자제, 오산천 잠수교(평택시 야막리 159) 통제로 통행 차량은 우회하여 주시기 바랍니다. [오산시]",경기도 오산시 ,2025-07-18 7:07,,안전안내,215396,호우,
"광주시 호우주의보 발효, 하천 주변, 급경사지, 침수 위험 지역 등 출입을 자제하시고, 출근 시 안전 운전에 유의하여 주시기 바랍니다. [광주시]",경기도 광주시 ,2025-07-18 7:07,,안전안내,215397,호우,
광주시 전역에 많은 비가 내리고 있으므로 산림 인접 주민들은 유사시 인근 대피소로 대피하시기 바랍니다. [광주시],경기도 광주시 ,2025-07-18 7:08,,안전안내,215398,산사태,
"경기 북부 집중호우로 1호선 및 경의중앙선 등 전동열차 운행이 지연 및 운행 대기 될 수 있으니, 열차 이용에 참고하시기 바랍니다. [한국철도공사]","경기도 전체 ,서울특별시 전체 ",2025-07-18 7:09,,안전안내,215400,교통사고,
"현재 여주시 전역에 많은 비가 내리고 있으니, 하천변 산책로 등 안전사고 우려지역 근방에 계신 분들은 서둘러 마을회관 등 안전한 곳으로 대피 바랍니다. [여주시]",경기도 여주시 ,2025-07-18 7:14,,안전안내,215401,호우,
"07:00 의왕시 호우경보 발효. 하천 주변, 급경사지, 침수 위험 지역 등 출입금지하여 주시고 출근 시 안전 운전에 유의하여 주시기 바랍니다. [의왕시]",경기도 의왕시 ,2025-07-18 7:19,,안전안내,215402,호우,
"현재 호우경보 발효중으로 하천 주변, 급경사지 등 위험지역 접근 자제하여 주시고, 지하공간 침수로 인한 안전사고에 유의바랍니다[화성시]",경기도 화성시 ,2025-07-18 7:21,,안전안내,215403,호우,
"오늘 07:20 호우경보. 하천 주변, 계곡, 급경사지, 농수로 등 위험 지역에는 가지 마시고, 대피 권고를 받으면 즉시 대피하세요. [행정안전부]","경기도 의정부시 ,서울특별시 강남구 ,서울특별시 강동구 ,서울특별시 강북구 ,서울특별시 강서구 ,서울특별시 관악구 ,서울특별시 광진구 ,서울특별시 구로구 ,서울특별시 금천구 ,서울특별시 노원구 ,서울특별시 도봉구 ,서울특별시 동대문구 ,서울특별시 동작구 ,서울특별시 마포구 ,서울특별시 서대문구 ,서울특별시 서초구 ,서울특별시 성동구 ,서울특별시 성북구 ,서울특별시 송파구 ,서울특별시 양천구 ,서울특별시 영등포구 ,서울특별시 용산구 ,서울특별시 은평구 ,서울특별시 종로구 ,서울특별시 중구 ,서울특별시 중랑구 ,경기도 부천시 원미구 ,경기도 부천시 소사구 , 부천시 오정구 ",2025-07-18 7:21,,안전안내,215404,호우,
"많은비가 지속되니 하천변,급경사지,저지대 등 위험지역 접근을 금지하시고 출근길 빗길 안전에 유의바랍니다.  [중랑구청]",서울특별시 중랑구 ,2025-07-18 7:24,,안전안내,215405,호우,
"현재 이천시 전역에 많은 비가 내리고 있어 복하천, 신둔천 등 하천변 산책로 및 산사태 위험지역에 출입자제하여 주시고 안전에 유의하여 주시기 바랍니다.[이천시]",경기도 이천시 ,2025-07-18 7:27,,안전안내,215406,호우,
"용인시에 호우경보가 발효 되었으니 안전에 각별히 유의하시고, 하천변,산지,급경사지,지하도 등 위험지역에 접근 자제를 당부 드립니다. [용인특례시]","경기도 용인시 처인구 ,경기도 용인시 기흥구 ,경기도 용인시 수지구 ",2025-07-18 7:30,,안전안내,215408,호우,
대곡~문산역 구간 전동열차 운행재개(서행운행) 문산~임진강역 구간 전동열차 운행중단.[파주시],경기도 파주시 ,2025-07-18 7:31,,안전안내,215409,호우,
많은 비가 내려 산사태 위험이 높습니다. 산과 인접한 주택에 머무르지 마시고 산과 떨어진 안전한 친인척 집이나 마을회관으로 대피하시기 바랍니다.[산림청],"강원특별자치도 전체 ,경기도 전체 ,경상북도 전체 ,대전광역시 전체 ,서울특별시 전체 ,인천광역시 전체 ,전북특별자치도 전체 ,충청남도 전체 ,충청북도 전체 ,세종특별자치시  ",2025-07-18 7:31,,안전안내,215410,산사태,
목감천(너부대교) 06:40부 홍수주의보 발령. 목감천 주변 접근 자제 등 안전에 유의하시기 바랍니다. [구로구],서울특별시 구로구 ,2025-07-18 7:32,,안전안내,215411,호우,
"김포지역 12m/s의 강력한 강풍이 불 예정이니 나무전도를 비롯해 간판, 옹벽, 가림판 등 날림에 주의하시고 외출을 자제하시기 바랍니다. [김포시청]",경기도 김포시 ,2025-07-18 7:33,,안전안내,215412,강풍,
금일 집중호유로 도림천및 서달산 등산로등이 통제중입니다. 위험지역 출입자제 및 지하주택 침수에 유의바랍니다.[동작구],서울특별시 동작구 ,2025-07-18 7:35,,안전안내,215413,호우,
집중호우에 따라 화산지하차도를 07시 35분 부로 양방향 전면통제하오니 시민 여러분께서는 우회로를 이용해주시기 바랍니다. [수원특례시],"경기도 수원시 장안구 ,경기도 수원시 권선구 ,경기도 수원시 팔달구 ,경기도 수원시 영통구 ",2025-07-18 7:39,,안전안내,215414,호우,
"시간당 강우가 30mm이상 예보되어 저지대 및 반지하 주택 등에 침수가 우려되니 침수피해에 대비하시고, 현재 중랑천 통제중이니 하천 출입은 자제바랍니다 [광진구]",서울특별시 광진구 ,2025-07-18 7:43,,안전안내,215417,호우,
"오늘 07:50 도림천 서울시(신대방1교)지점 홍수주의보. 피해에 대비 바랍니다. 내 위치, 침수우려지역 확인 vo.la/lidNq [한강홍수통제소]","서울특별시 관악구 ,서울특별시 구로구 ,서울특별시 동작구 ,서울특별시 영등포구 ",2025-07-18 7:48,,안전안내,215418,홍수,
"많은 비가 내리고 있으니 하천 등 위험지역 접근을 금지하여 주시기 바라며, 저지대 반지하 주택 주민은 물막이판 및 배수로를 점검하여 주시기 바랍니다. [관악구청]",서울특별시 관악구 ,2025-07-18 7:49,,안전안내,215419,호우,
"07:47, 화성시 향남읍 인근 50mm/h 이상 강한 비로 침수 등 우려(국민행동요령: cbs.kma.go.kr) Heavy rain [기상청]","경기도 화성시 향남읍,경기도 화성시 팔탄면",2025-07-18 7:49,,긴급재난,215420,호우,
"금일 06:43 김포지역 산사태 경보 격상 발령. 산사태 우려지역 등 위험지역 출입금지, 산사태 위험징후 발견 시 즉시 대피하시기 바랍니다. [김포시청]",경기도 김포시 ,2025-07-18 7:50,,안전안내,215421,산사태,
"오늘 07:50 호우경보. 하천 주변, 계곡, 급경사지, 농수로 등 위험 지역에는 가지 마시고, 대피 권고를 받으면 즉시 대피하세요. [행정안전부]","경기도 안성시 ,경기도 여주시 ,경기도 이천시 ",2025-07-18 7:51,,안전안내,215422,호우,
오늘 07:40 가평군 북면 산사태 경보 발령. 산사태 위험이 있으니 산림 주변 야외활동 자제 및 안전에 유의하세요. [가평군],경기도 가평군 ,2025-07-18 7:55,,안전안내,215423,산사태,
"오늘 08:00 임진강 파주시(비룡대교)지점 홍수주의보. 피해에 대비 바랍니다. 내 위치, 침수우려지역 확인 vo.la/qZUzm [한강홍수통제소]","경기도 연천군 ,경기도 파주시 ",2025-07-18 7:58,,안전안내,215425,홍수,
현재까지 많은 비가 내려 잠수교 통행이 제한되고 경의중앙선이 정상 운행이 어렵습니다. 빗길 출근길 안전에 유의하여 주시기 바랍니다.[용산구청],서울특별시 용산구 ,2025-07-18 7:59,,안전안내,215427,호우,
"현재 호우경보가 발효중입니다. 도림천, 안양천에 접근하지 마시고, 저지대 반지하주택 주민은 물막이판 및 배수로를 점검하여 주시기 바랍니다.[영등포구]",서울특별시 영등포구 ,2025-07-18 8:02,,안전안내,215428,호우,
"08:01, 화성시 진안동 인근 50mm/h 이상 강한 비로 침수 등 우려(국민행동요령: cbs.kma.go.kr) Heavy rain [기상청]","경기도 수원시 권선구 곡반정동,경기도 수원시 권선구 대황교동,경기도 수원시 영통구 망포동,경기도 오산시 양산동,경기도 용인시 기흥구 농서동,경기도 용인시 기흥구 서천동,경기도 화성시 진안동,경기도 화성시 병점동,경기도 화성시 능동,경기도 화성시 기산동,경기도 화성시 반월동,경기도 화성시 반정동,경기도 화성시 황계동,경기도 화성시 배양동,경기도 화성시 송산동,경기도 화성시 안녕동,경기도 화성시 반송동,경기도 화성시 석우동,경기도 화성시 영천동,경기도 화성시 중동",2025-07-18 8:03,,긴급재난,215429,호우,
화산지하차도 전면 통제를 07시50분 일시 해제하오나 탄력적으로 전면 통제가 시행될 예정이오니 시민 여러분께서는 가급적 우회로를 이용해주시기 바랍니다. [수원시],"경기도 수원시 장안구 ,경기도 수원시 권선구 ,경기도 수원시 팔달구 ,경기도 수원시 영통구 ",2025-07-18 8:05,,안전안내,215431,호우,
"현재 서울 지역 호우경보 발효중으로 도림천, 목감천 등 하천변 접근 자제 및 저지대 반지하주택 침수방지시설 점검 등 안전에 유의하여 주시기 바랍니다. [구로구]",서울특별시 구로구 ,2025-07-18 8:10,,안전안내,215433,호우,
"오늘 08:10 오산천 오산시(탑동대교)지점 홍수주의보. 피해에 대비 바랍니다. 내 위치, 침수우려지역 확인 vo.la/ELcRN [한강홍수통제소]","경기도 오산시 ,경기도 용인시 ,경기도 평택시 ,경기도 화성시 ",2025-07-18 8:10,,안전안내,215434,홍수,
"08:09, 오산시 신장동 인근 50mm/h 이상 강한 비로 침수 등 우려(국민행동요령: cbs.kma.go.kr) Heavy rain [기상청]","경기도 오산시 궐동,경기도 오산시 가장동,경기도 오산시 금암동,경기도 오산시 수청동,경기도 오산시 은계동,경기도 오산시 내삼미동,경기도 오산시 외삼미동,경기도 오산시 세교동,경기도 오산시 지곶동,경기도 오산시 서랑동,경기도 오산시 서동,경기도 화성시 오산동,경기도 화성시 청계동,경기도 화성시 신동,경기도 화성시 목동,경기도 화성시 산척동,경기도 화성시 송동,경기도 화성시 방교동,경기도 화성시 금곡동,경기도 화성시 정남면",2025-07-18 8:11,,긴급재난,215435,호우,
현재 수원 지역에 많은 비가 내리고 있으니 하천 및 산책로 등 위험지역 접근을 금지하여 주시기 바랍니다. [수원특례시],"경기도 수원시 장안구 ,경기도 수원시 권선구 ,경기도 수원시 팔달구 ,경기도 수원시 영통구 ",2025-07-18 8:15,,안전안내,215436,호우,
"현재 집중호우로 도림천 수위가 상승하고 있어 홍수주의보를 발령하니, 주민께서는 배수로 점검 등 피해 예방에 대비하여 주시기 바랍니다. [관악구청 재난안전대책본부]",서울특별시 관악구 ,2025-07-18 8:19,,안전안내,215438,호우,
"산사태 주의보 발령, 산림 주변 야외활동 자제, 입산 금지 등 안전에 유의하여 주시고, 산에 있을 경우 산림 밖으로 신속히 대피하여 주시기 바랍니다.[양평군]",경기도 양평군 ,2025-07-18 8:25,,안전안내,215440,산사태,
"08:25, 처인구 역북동 인근 50mm/h 이상 강한 비로 침수 등 우려(국민행동요령: cbs.kma.go.kr) Heavy rain [기상청]","경기도 용인시 처인구 김량장동,경기도 용인시 처인구 역북동,경기도 용인시 처인구 삼가동,경기도 용인시 처인구 남동,경기도 용인시 처인구 마평동,경기도 용인시 기흥구 지곡동",2025-07-18 8:27,,긴급재난,215441,호우,
"08:28, 오산시 대원동 인근 50mm/h 이상 강한 비로 침수 등 우려(국민행동요령: cbs.kma.go.kr) Heavy rain [기상청]","경기도 오산시 오산동,경기도 오산시 부산동,경기도 오산시 원동,경기도 오산시 청학동,경기도 오산시 벌음동,경기도 오산시 두곡동,경기도 오산시 탑동,경기도 오산시 누읍동,경기도 오산시 가수동,경기도 오산시 고현동,경기도 오산시 청호동,경기도 오산시 갈곶동,경기도 화성시 장지동",2025-07-18 8:30,,긴급재난,215442,호우,
"08:30, 처인구 포곡읍 인근 50mm/h 이상 강한 비로 침수 등 우려(국민행동요령: cbs.kma.go.kr) Heavy rain [기상청]","경기도 용인시 처인구 유방동,경기도 용인시 처인구 고림동,경기도 용인시 처인구 포곡읍",2025-07-18 8:32,,긴급재난,215444,호우,
"김포 양촌읍 학운리 인근 뇌머리천 범람 중, 지역주민들께서는 마을회관, 경로당 등 안전한 장소로 대피하시기 바랍니다. [김포시청]",경기도 김포시 양촌읍,2025-07-18 8:35,,안전안내,215446,호우,
"오늘 08:40 오산천 오산시(탑동대교)지점 홍수경보. 피해에 대비 바랍니다. 내 위치, 침수우려지역 확인 vo.la/ferjK [한강홍수통제소]","경기도 오산시 ,경기도 용인시 ,경기도 평택시 ,경기도 화성시 ,경기도 용인시 처인구 ,경기도 용인시 기흥구 ,경기도 용인시 수지구 ",2025-07-18 8:38,,안전안내,215447,홍수,
안양시 하천 전구간 절대 출입금지 합니다. 하천 산책로에서 운동하시는 시민께서는 지금 즉시 중단하시고 하천 밖으로 이동 바랍니다.[안양시청],"경기도 안양시 만안구 ,경기도 안양시 동안구 ",2025-07-18 8:39,,안전안내,215448,호우,
"08:37, 평택시 서탄면 인근 50mm/h 이상 강한 비로 침수 등 우려(국민행동요령: cbs.kma.go.kr) Heavy rain [기상청]","경기도 평택시 진위면,경기도 평택시 서탄면",2025-07-18 8:39,,긴급재난,215449,호우,
현재 호우경보 발효중으로 향남읍 상신리 상신지하차도하부(풍무교아래) 도로침수로 차단중이오니 출근길 안전을 위해 우회하시기 바랍니다.[화성시],"경기도 화성시 봉담읍,경기도 화성시 우정읍,경기도 화성시 향남읍,경기도 화성시 남양읍,경기도 화성시 비봉면,경기도 화성시 팔탄면,경기도 화성시 장안면,경기도 화성시 양감면,경기도 화성시 정남면",2025-07-18 8:42,,안전안내,215450,호우,
"오늘 08:40 공릉천 고양시(원당교)지점 홍수주의보. 피해에 대비 바랍니다. 내 위치, 침수우려지역 확인 vo.la/dWUZd [한강홍수통제소]","경기도 고양시 ,경기도 양주시 ,경기도 파주시 ,경기도 고양시 덕양구 ,경기도 고양시 일산동구 ,경기도 고양시 일산서구 ",2025-07-18 8:43,,안전안내,215451,홍수,
"많은 비가 내리고 있으니 하천 주변, 급경사지, 산사태 등 위험지역 접근을 금지해 주시고, 저지대 등 침수 우려지역은 
안전에 유의해 주시기 바랍니다[도봉구청]",서울특별시 도봉구 ,2025-07-18 8:48,,안전안내,215454,호우,
"현재 동대문구에 폭우가 지속되고 있으니 하천, 산책로, 저지대, 침수우려지역 등은 출입 자제 바라며, 출근시 가급적 대중교통 이용바랍니다.[동대문구]",서울특별시 동대문구 ,2025-07-18 8:50,,안전안내,215455,호우,
"08:50, 이천시 마장면 인근 50mm/h 이상 강한 비로 침수 등 우려(국민행동요령: cbs.kma.go.kr) Heavy rain [기상청]","경기도 용인시 처인구 양지면,경기도 광주시 도척면,경기도 이천시 호법면,경기도 이천시 마장면",2025-07-18 8:52,,긴급재난,215456,호우,
"08:50, 평택시 서정동 인근 50mm/h 이상 강한 비로 침수 등 우려(국민행동요령: cbs.kma.go.kr) Heavy rain [기상청]","경기도 평택시 서정동,경기도 평택시 장당동,경기도 평택시 모곡동,경기도 평택시 칠괴동,경기도 평택시 도일동,경기도 평택시 가재동,경기도 평택시 장안동,경기도 평택시 이충동,경기도 평택시 지산동,경기도 평택시 독곡동,경기도 평택시 신장동",2025-07-18 8:53,,긴급재난,215457,호우,
"08:51, 평택시 청북읍 인근 50mm/h 이상 강한 비로 침수 등 우려(국민행동요령: cbs.kma.go.kr) Heavy rain [기상청]","경기도 화성시 양감면,경기도 평택시 청북읍,경기도 평택시 오성면",2025-07-18 8:53,,긴급재난,215458,호우,
"08:54, 평택시 포승읍 인근 50mm/h 이상 강한 비로 침수 등 우려(국민행동요령: cbs.kma.go.kr) Heavy rain [기상청]",경기도 평택시 포승읍,2025-07-18 8:56,,긴급재난,215461,호우,
"오늘 08:40 오산천 홍수경보 발령, 홍수피해 발생에 대비하시기 바랍니다. [오산시]",경기도 오산시 ,2025-07-18 8:59,,안전안내,215463,홍수,
"현재 여주시 전역에 호우경보가 발효된 상태로 하천변, 산책로 및 산사태위험지역에 출입을 자제하여 주시고 안전에 유의하여 주시기 바랍니다. [여주시]",경기도 여주시 ,2025-07-18 9:01,,안전안내,215465,호우,
"08:59, 평택시 고덕면 인근 50mm/h 이상 강한 비로 침수 등 우려(국민행동요령: cbs.kma.go.kr) Heavy rain [기상청]","경기도 평택시 고덕동,경기도 평택시 고덕면",2025-07-18 9:02,,긴급재난,215466,호우,
"09:02, 처인구 남사읍 인근 50mm/h 이상 강한 비로 침수 등 우려(국민행동요령: cbs.kma.go.kr) Heavy rain [기상청]","경기도 용인시 처인구 남사읍,경기도 안성시 원곡면",2025-07-18 9:04,,긴급재난,215468,호우,
"2024-07-18 08:55 평택시 지역에 많은 비로 인하여 산사태 경보 발령. 산림 주변 야외 활동(등산,캠핑)을 자제하시기 바랍니다.[평택시]",경기도 평택시 ,2025-07-18 9:05,,안전안내,215469,산사태,
"09:03, 평택시 현덕면 인근 50mm/h 이상 강한 비로 침수 등 우려(국민행동요령: cbs.kma.go.kr) Heavy rain [기상청]","경기도 평택시 안중읍,경기도 평택시 현덕면",2025-07-18 9:05,,긴급재난,215470,호우,
"09:06, 이천시 부발읍 인근 50mm/h 이상 강한 비로 침수 등 우려(국민행동요령: cbs.kma.go.kr) Heavy rain [기상청]","경기도 이천시 단월동,경기도 이천시 고담동,경기도 이천시 장록동,경기도 이천시 부발읍",2025-07-18 9:08,,긴급재난,215471,호우,
김포 양촌읍 유현교 침수 관련 교통통제로 인해 도로가 혼잡하니 인근도로로 우회하여 주시기 바랍니다. [김포시청],경기도 김포시 양촌읍,2025-07-18 9:12,,안전안내,215472,호우,
"금일 09시 오산시 전역에 많은 비로 산사태주의보가 발령되었으니 산림주변 야외 활동 자제, 입산 금지 등 안전에 유의하시기 바랍니다. [오산시]",경기도 오산시 ,2025-07-18 9:29,,안전안내,215481,산사태,
"금일 9시 12분 부로 산사태 주의보(유양동, 어둔동, 남방동, 마전동)가 발령되었으니 대피명령 시 즉시 대피 할 수 있도록 준비하시기 바랍니다.[양주시 산림과]",경기도 양주시 ,2025-07-18 9:30,,안전안내,215482,산사태,
오늘 용인시 전 지역 산사태 주의보 발령. 산림 주변 야외 활동 자제 및 입산 금지. 안전에 유의하세요. [용인특례시],"경기도 용인시 처인구 ,경기도 용인시 기흥구 ,경기도 용인시 수지구 ",2025-07-18 9:30,,안전안내,215483,산사태,
"오늘 09:20 오산시 주민대피명령 발령, 오산천 인근 궐동 주민은 매홀초등학교 대피소로 대피하시기 바랍니다. [오산시]",경기도 오산시 궐동,2025-07-18 9:32,,긴급재난,215485,홍수,
"오늘 09:20 오산시 주민대피명령 발령, 오산천 인근 은계동 주민은 화성초등학교 대피소로 대피하시기 바랍니다. [오산시]",경기도 오산시 은계동,2025-07-18 9:33,,긴급재난,215487,홍수,
"09:31, 처인구 이동읍 인근 50mm/h 이상 강한 비로 침수 등 우려(국민행동요령: cbs.kma.go.kr) Heavy rain [기상청]","경기도 용인시 처인구 운학동,경기도 용인시 처인구 호동,경기도 용인시 처인구 해곡동,경기도 용인시 처인구 이동읍,경기도 용인시 처인구 원삼면",2025-07-18 9:33,,긴급재난,215488,호우,
"오늘 09:20 오산시 주민대피명령 발령, 오산천 인근 청학지구 주민은 오산고등학교 대피소로 대피 및 차량이동하시기 바랍니다. [오산시]",경기도 오산시 청학동,2025-07-18 9:34,,긴급재난,215490,홍수,
"오늘 09:20 오산시 주민대피명령 발령, 오산천 인근 오색시장일대 주민은 오산고등학교 대피소로 대피 및 차량이동하시기 바랍니다. [오산시]",경기도 오산시 오산동,2025-07-18 9:35,,긴급재난,215491,홍수,
현재 호우경보 발효중으로 향남읍 상신리 630-2번지 일원 풍무교 고가하부 도로침수로 통제중이오니 우회 바랍니다.[화성시청],"경기도 화성시 봉담읍,경기도 화성시 팔탄면,경기도 화성시 장안면,경기도 화성시 양감면,경기도 화성시 정남면",2025-07-18 9:38,,안전안내,215495,호우,
현재 호우경보 발효중으로 향남읍 구문천리 671번지 일원 상신천교 고가하부 도로침수로 통제중이오니 우회 바랍니다. [화성시],"경기도 화성시 봉담읍,경기도 화성시 팔탄면,경기도 화성시 장안면,경기도 화성시 양감면,경기도 화성시 정남면",2025-07-18 9:39,,안전안내,215496,호우,
현재 호우경보 발효중으로 향남읍 상신리 323-51번지 일원 서해안 고속도로 고가하부 도로침수로 통제중이오니 우회 바랍니다. [화성시],"경기도 화성시 봉담읍,경기도 화성시 팔탄면,경기도 화성시 장안면,경기도 화성시 양감면,경기도 화성시 정남면",2025-07-18 9:39,,안전안내,215497,호우,
"09:35, 이천시 중리동 인근 50mm/h 이상 강한 비로 침수 등 우려(국민행동요령: cbs.kma.go.kr) Heavy rain [기상청]","경기도 이천시 창전동,경기도 이천시 관고동,경기도 이천시 중리동,경기도 이천시 증일동,경기도 이천시 율현동,경기도 이천시 진리동,경기도 이천시 안흥동,경기도 이천시 갈산동,경기도 이천시 증포동,경기도 이천시 송정동,경기도 이천시 사음동,경기도 이천시 신둔면",2025-07-18 9:40,,긴급재난,215498,호우,
"여주시 전역 많은 비로 산사태주의보가 발령되었으니, 산사태 위험 지역 접근 금지 및 위험징후 발견 시 마을회관 등으로 서둘러 대피하여 주시기 바랍니다. [여주시]",경기도 여주시 ,2025-07-18 9:41,,안전안내,215499,산사태,
"오늘 09:20 오산시 주민대피명령 발령, 오산천 인근 은계동 주민은 매홀중학교 대피소(대피소 변경)로 대피 및 차량이동하시기 바랍니다. [오산시]",경기도 오산시 은계동,2025-07-18 9:42,,긴급재난,215500,홍수,
"09:43, 안성시 양성면 인근 50mm/h 이상 강한 비로 침수 등 우려(국민행동요령: cbs.kma.go.kr) Heavy rain [기상청]",경기도 안성시 양성면,2025-07-18 9:46,,긴급재난,215504,호우,
오늘 광주시 전 지역 산사태 주의보 발령. 광주시 전역에 많은 비가 내리고 있으므로 산림 인접 주민들은 유사시 인근 대피소로 대피하시기 바랍니다. [광주시],경기도 광주시 ,2025-07-18 9:47,,안전안내,215505,산사태,
"장마로 지반이 약해졌으니 주변의 옹벽, 축대, 배수로 등 시설물을 점검하여 주시고 하천, 산책로, 침수우려지역 등은 출입을 자제하여 주시기 바랍니다. [성북구]",서울특별시 성북구 ,2025-07-18 9:47,,안전안내,215506,호우,
"오늘 09:40 진위천 평택시(진위1교)지점 홍수주의보. 피해에 대비 바랍니다. 내 위치, 침수우려지역 확인 vo.la/lAkWV [한강홍수통제소]","경기도 용인시 ,경기도 평택시 ,경기도 화성시 ,경기도 용인시 처인구 ,경기도 용인시 기흥구 ,경기도 용인시 수지구 ",2025-07-18 9:51,,안전안내,215508,홍수,
"오늘 09:20 오산시 주민대피명령 발령, 오산천인근 청학지구 및 오색시장일대 주민은 오산중학교 대피소(대피소 변경)로 대피 및 차량이동하시기 바랍니다.[오산시]","경기도 오산시 오산동,경기도 오산시 청학동",2025-07-18 9:52,,긴급재난,215509,홍수,
"09:50, 여주시 대신면 인근 50mm/h 이상 강한 비로 침수 등 우려(국민행동요령: cbs.kma.go.kr) Heavy rain [기상청]",경기도 여주시 대신면,2025-07-18 9:52,,긴급재난,215510,호우,
"현재 집중호우에 따라 침수피해가 발생하오니 침수우려 시 가까운 마을회관으로 대피하시기 바라며, 하천변 및 산사태위험지역 출입을 자제하시기 바랍니다.[이천시]",경기도 이천시 ,2025-07-18 9:53,,안전안내,215511,호우,
"최근 많은 비로 산사태가 우려되오니, 산림주변 야외활동 자제, 입산금지 등 안전에 유의하여 주시고 재난안전방송 시청에 관심을 가져주시기 바랍니다. [남양주시]","경기도 남양주시 호평동,경기도 남양주시 평내동,경기도 남양주시 금곡동,경기도 남양주시 별내동,경기도 남양주시 와부읍,경기도 남양주시 진접읍,경기도 남양주시 화도읍,경기도 남양주시 진건읍,경기도 남양주시 오남읍,경기도 남양주시 별내면,경기도 남양주시 수동면,경기도 남양주시 조안면",2025-07-18 10:00,,안전안내,215513,산사태,
"09:59, 평택시 합정동 인근 50mm/h 이상 강한 비로 침수 등 우려(국민행동요령: cbs.kma.go.kr) Heavy rain [기상청]","경기도 평택시 칠원동,경기도 평택시 평택동,경기도 평택시 통복동,경기도 평택시 군문동,경기도 평택시 유천동,경기도 평택시 합정동,경기도 평택시 비전동,경기도 평택시 동삭동,경기도 평택시 세교동,경기도 평택시 지제동,경기도 평택시 신대동,경기도 평택시 소사동,경기도 평택시 용이동,경기도 평택시 월곡동,경기도 평택시 청룡동,경기도 평택시 죽백동,경기도 평택시 팽성읍",2025-07-18 10:01,,긴급재난,215515,호우,
"10:00, 안성시 고삼면 인근 50mm/h 이상 강한 비로 침수 등 우려(국민행동요령: cbs.kma.go.kr) Heavy rain [기상청]",경기도 안성시 고삼면,2025-07-18 10:03,,긴급재난,215517,호우,
"오늘 10:10 진위천 평택시(동연교)지점 홍수주의보. 피해에 대비 바랍니다. 내 위치, 침수우려지역 확인 vo.la/ixNyU [한강홍수통제소]",경기도 평택시 ,2025-07-18 10:11,,안전안내,215521,홍수,
오늘 안성시 지역 산사태 경보 발령. 산림 주변 위험지역 접근·통행 금지 및 대피명령 있을 시 대피장소나 안전지대로 반드시 대피 바랍니다. [안성시],경기도 안성시 ,2025-07-18 10:15,,안전안내,215524,산사태,
"10:18, 안성시 공도읍 인근 50mm/h 이상 강한 비로 침수 등 우려(국민행동요령: cbs.kma.go.kr) Heavy rain [기상청]",경기도 안성시 공도읍,2025-07-18 10:20,,긴급재난,215528,호우,
"오늘 10:30 경안천 광주시(경안교)지점 홍수주의보. 피해에 대비 바랍니다. 내 위치, 침수우려지역 확인 vo.la/XufLL [한강홍수통제소]","경기도 광주시 ,경기도 용인시 ",2025-07-18 10:24,,안전안내,215529,홍수,
"지속된 강우로 발안천,황구지천 범람위험이 있습니다. 하천주변 접근을 금지하여주시고 수위상승을 예의주시하여 대피명령 발생시 즉시 대피할수있도록 조치바랍니다[화성시]","경기도 화성시 진안동,경기도 화성시 병점동,경기도 화성시 안녕동,경기도 화성시 봉담읍,경기도 화성시 향남읍,경기도 화성시 장안면,경기도 화성시 정남면",2025-07-18 10:27,,안전안내,215531,호우,
"계속되는 호우로 산사태 주의보가 발령 중으로 산림지역 접근금지 및 산사태 피해 또는 징후 발견시, 마을회관 등 안전한 곳으로 대피하여 주시기 바랍니다. [화성시]",경기도 화성시 ,2025-07-18 10:30,,안전안내,215533,호우,
"10:32, 안성시 안성2동 인근 50mm/h 이상 강한 비로 침수 등 우려(국민행동요령: cbs.kma.go.kr) Heavy rain [기상청]","경기도 안성시 계동,경기도 안성시 옥산동,경기도 안성시 도기동,경기도 안성시 신건지동,경기도 안성시 신소현동,경기도 안성시 신모산동,경기도 안성시 발화동,경기도 안성시 중리동,경기도 안성시 대덕면,경기도 안성시 영동,경기도 안성시 동본동,경기도 안성시 옥천동,경기도 안성시 낙원동,경기도 안성시 창전동,경기도 안성시 성남동,경기도 안성시 신흥동,경기도 안성시 인지동,경기도 안성시 금산동,경기도 안성시 연지동,경기도 안성시 대천동,경기도 안성시 서인동,경기도 안성시 석정동,경기도 안성시 아양동",2025-07-18 10:34,,긴급재난,215535,호우,
"10:36, 처인구 백암면 인근 50mm/h 이상 강한 비로 침수 등 우려(국민행동요령: cbs.kma.go.kr) Heavy rain [기상청]",경기도 용인시 처인구 백암면,2025-07-18 10:38,,긴급재난,215536,호우,
"이천시 호우경보 발효중으로 집중호우로 인한 신둔천, 동산천 등 하천변 범람 위험이 있을 경우 인근 지역주민께서는 가까운 마을회관으로 대피하시기 바랍니다.[이천시]",경기도 이천시 ,2025-07-18 10:41,,안전안내,215539,호우,
"2024-07-18 10:40 통복천 범람위험으로 통복동 6통,7통 저지대 주민들은 즉시 기계공고산학협력관으로 대피하시기 바랍니다.(8024-4951)[평택시]",경기도 평택시 ,2025-07-18 10:45,,안전안내,215541,호우,
"10:53, 안성시 일죽면 인근 50mm/h 이상 강한 비로 침수 등 우려(국민행동요령: cbs.kma.go.kr) Heavy rain [기상청]","경기도 안성시 일죽면,경기도 안성시 죽산면",2025-07-18 10:55,,긴급재난,215543,호우,
"10:53, 안성시 보개면 인근 50mm/h 이상 강한 비로 침수 등 우려(국민행동요령: cbs.kma.go.kr) Heavy rain [기상청]","경기도 안성시 금석동,경기도 안성시 사곡동,경기도 안성시 당왕동,경기도 안성시 가사동,경기도 안성시 가현동,경기도 안성시 현수동,경기도 안성시 보개면,경기도 안성시 금광면,경기도 안성시 삼죽면,경기도 안성시 봉산동,경기도 안성시 숭인동,경기도 안성시 봉남동,경기도 안성시 구포동,경기도 안성시 명륜동",2025-07-18 10:56,,긴급재난,215544,호우,
"10:54, 이천시 모가면 인근 50mm/h 이상 강한 비로 침수 등 우려(국민행동요령: cbs.kma.go.kr) Heavy rain [기상청]","경기도 이천시 대포동,경기도 이천시 모가면,경기도 이천시 설성면",2025-07-18 10:56,,긴급재난,215545,호우,
"현재시각 용인시 처인구, 기흥구 산사태 예비경보 발령. 산사태취약지역 거주민들께서는 집주변 상황을 확인하고, 즉시 지정 대피장소로 대피 바랍니다. [용인특례시]","경기도 용인시 처인구 ,경기도 용인시 기흥구 ",2025-07-18 11:03,,안전안내,215554,산사태,
"오늘 11:10 진위천 평택시(진위1교)지점 홍수경보. 피해에 대비 바랍니다. 내 위치, 침수우려지역 확인 vo.la/Ylsaa [한강홍수통제소]","경기도 용인시 ,경기도 평택시 ,경기도 화성시 ",2025-07-18 11:06,,안전안내,215555,홍수,
"2024-07-18 11:00 원평노을, 세교 지하차도가 침수되어 통제하오니 주변통행 시민들께서는 우회도로를 이용하시기 바랍니다. 8024-4951[평택시]",경기도 평택시 ,2025-07-18 11:16,,안전안내,215559,호우,
"오늘 11:20 복하천 여주시(흥천대교)지점 홍수주의보. 피해에 대비 바랍니다. 내 위치, 침수우려지역 확인 vo.la/jlBhG [한강홍수통제소]","경기도 여주시 ,경기도 이천시 ",2025-07-18 11:19,,안전안내,215560,홍수,
"현재 여주시 전역에 많은 비 ▲하천변, 산책로 및 산사태위험지역에 출입 자제 ▲ 위험징후 발견 시 즉시 마을회관 등 안전한 곳으로 대피 바랍니다. [여주시]",경기도 여주시 ,2025-07-18 11:20,,안전안내,215561,호우,
오늘 10:40 가평군 북면 산사태 예비경보 발령. 산사태 위험이 있으니 산림 주변 야외활동 자제 등 안전에 유의하세요. [가평군],경기도 가평군 ,2025-07-18 11:22,,안전안내,215564,산사태,
오늘 10:45부로 내부순환도로(성수방향) 마장~성동구간 교통 통제 전면 해제하였습니다. [서울특별시청],서울특별시 전체 ,2025-07-18 11:29,,안전안내,215565,호우,
여주시 산사태 경보 발령. 산림 주변 위험지역 접근·통행 금지 및 대피명령 있을 시 대피장소나 안전지대로 반드시 대피 바랍니다. [여주시],경기도 여주시 ,2025-07-18 11:37,,안전안내,215568,산사태,
"땅에 떨어진 전선, 기울어진 전주 등 불안전하다고 생각되는 전기설비를 함부로 만지지 말고, 한전으로 신고바랍니다.[한국전력공사]",경기도 화성시 ,2025-07-18 11:52,,안전안내,215575,호우,
"2024-07-18 12:00 통복천 범람위험으로 통복동 6통,7통 저지대 주민들은 즉시 기계공고산학협력관으로 대피하시기 바랍니다.(8024-4951)[평택시]",경기도 평택시 ,2025-07-18 12:01,,안전안내,215581,호우,
현재 호우경보 발효중으로 (영내.방아)지하차도에서 도로통제를 실시하고 있으니 우회하여 주시기 바랍니다.[화성시],"경기도 화성시 능동,경기도 화성시 기산동,경기도 화성시 반월동,경기도 화성시 반송동,경기도 화성시 석우동,경기도 화성시 오산동,경기도 화성시 청계동,경기도 화성시 영천동,경기도 화성시 중동,경기도 화성시 신동,경기도 화성시 목동,경기도 화성시 산척동,경기도 화성시 장지동,경기도 화성시 송동,경기도 화성시 방교동,경기도 화성시 금곡동",2025-07-18 12:02,,안전안내,215583,호우,
현재 호우경보 발효중으로 양감면 사창리 446번지 일원 사창교를 전면 통제하고 있으니 우회하여 주시기 바랍니다.[화성시],경기도 화성시 양감면,2025-07-18 12:03,,안전안내,215584,호우,
오늘 의왕시 지역에 많은 비로 산사태 주의보가 발령되었습니다. 산림 주변 야외활동을 자제하시고 입산금지 등 안전에 유의하시기 바랍니다. [의왕시],경기도 의왕시 ,2025-07-18 12:05,,안전안내,215587,산사태,
"현재 집중호우에 따라 복하천 수위 경계치 도달로 하천범람 및 급류에 휩쓸릴 위험이 있으니, 하천산책로 출입을 금지하고 안전한 곳으로 대피하시기 바랍니다.[이천시]",경기도 이천시 ,2025-07-18 12:05,,안전안내,215588,호우,
"현재 호우경보 발효중으로 향남읍 상신리 627-16번지 일원 풍무교, 상신지하차도를 전면 통제하고 있으니 우회하여 주시기 바랍니다.[화성시]",경기도 화성시 향남읍,2025-07-18 12:06,,안전안내,215590,호우,
2024-07-18 12:00 통복천 범람 위험으로 인근 주민께서는 하천변 산책로 및 주변 접근 금지하시기 바랍니다.(8024-4951)[평택시],경기도 평택시 ,2025-07-18 12:15,,안전안내,215591,호우,
군포시 많은 비로 산사태주의보가 발령되었습니다. 산림 주변 야외활동을 자제하시고 입산금지 등 안전에 유의하시기 바라며. 산에 있는 경우 즉시대피 바랍니다[군포시],경기도 군포시 ,2025-07-18 12:16,,안전안내,215592,산사태,
집중호우로 인한 119신고 전화가 폭주 중이니 비긴급 전화는 110번을 이용하시기 바랍니다. [경기도청],"경기도 과천시 ,경기도 광명시 ,경기도 광주시 ,경기도 군포시 ,경기도 김포시 ,경기도 시흥시 ,경기도 안성시 ,경기도 양평군 ,경기도 여주시 ,경기도 오산시 ,경기도 의왕시 ,경기도 이천시 ,경기도 평택시 ,경기도 하남시 ,경기도 화성시 ,경기도 수원시 장안구 ,경기도 수원시 권선구 ,경기도 수원시 팔달구 ,경기도 수원시 영통구 ,경기도 성남시 수정구 ,경기도 성남시 중원구 ,경기도 성남시 분당구 ,경기도 안양시 만안구 ,경기도 안양시 동안구 ,경기도 안산시 상록구 ,경기도 안산시 단원구 ,경기도 용인시 처인구 ,경기도 용인시 기흥구 ,경기도 용인시 수지구 ,경기도 부천시 원미구 ,경기도 부천시 소사구 , 부천시 오정구 ",2025-07-18 12:30,,안전안내,215593,기타,
"남한강 수위상승으로인하여 흥천면 흥천교, 흥천대교를 통행 차단 조치하오니 통행 예정인 주민은 흥천면 상백리 상백교로 우회하여 주시기 바랍니다. [여주시]",경기도 여주시 ,2025-07-18 12:57,,안전안내,215598,홍수,
"복하천 수위상승으로인하여 흥천면 흥천교, 흥천대교를 통행 차단 조치하오니 통행 예정인 주민은 흥천면 상백리 상백교로 우회하여 주시기 바랍니다. [여주시]",경기도 여주시 ,2025-07-18 13:04,,안전안내,215600,호우,
"금곡동 주변이 호우로 인해 지반이 약화되어 임야 인근 접근 금지 및 산사태 등 위험 징후 발견시, 동탄6동 또는 시청 등에 신고하여 주시기 바랍니다. [화성시]",경기도 화성시 ,2025-07-18 13:15,,안전안내,215604,호우,
"한탄강댐 초당 1,950톤 이내 조절방류 실시로 하천수위 상승 예상. 하천 주변에 계신 경우 안전한 곳으로 대피 바랍니다.[한국수자원공사]","경기도 연천군 ,경기도 파주시 ",2025-07-18 13:15,,안전안내,215605,기타,
"현재 호우경보가 발령중입니다. 
월드컵천(불광천) 등 하천변에 접근을 피하고 각 가정에서는 하수구 및 배수구를 점검하여
침수, 산사태에 주의바랍니다. [마포구]",서울특별시 마포구 ,2025-07-18 13:19,,안전안내,215606,호우,
"오늘 13:30 섬강 원주시(문막교)지점 홍수주의보. 피해에 대비 바랍니다. 내 위치, 침수우려지역 확인 vo.la/SXfBN [한강홍수통제소]","강원특별자치도 원주시 ,강원특별자치도 횡성군 ,경기도 여주시 ",2025-07-18 13:29,,안전안내,215608,홍수,
"▲흥천면 흥천교 통행 차단 해제 알림 ▲ 흥천대교는 통행 차단 유지 
흥천대교를 통행 예정인 주민은 흥천교로 우회하여 주시기 바랍니다. [여주시]",경기도 여주시 ,2025-07-18 13:33,,안전안내,215609,호우,
저수지 수위상승에 따라 14시부로 덕우저수지를 방류할 예정입니다. 발안천 인근 주민들께서는 하천(보행로 등) 접근을 금지하여 안전에 유의바랍니다[화성시],"경기도 화성시 향남읍,경기도 화성시 팔탄면",2025-07-18 13:46,,안전안내,215611,호우,
금일 14:00 많은 비로 종로구 전역에 산사태 주의보 발령되었으니 산림주변 야외 활동 자제와 입산 금지 등 안전에 유의하시기 바랍니다. [종로구청],서울특별시 종로구 ,2025-07-18 13:54,,안전안내,215612,산사태,
▲ 흥천면 흥천대교 통행 차단 해제 알림 ▲ 복하천 수위가 내려가 흥천대교 통행차단을 해제 합니다.[여주시],경기도 여주시 ,2025-07-18 13:57,,안전안내,215613,홍수,
"오늘 강북구 우이동, 수유동, 미아동 지역에 많은 비로 산사태 주의보 발령. 산림 주변 야외활동 자제와 입산금지 등 안전에 유의하시기 바랍니다. [강북구청]","서울특별시 강북구 미아동,서울특별시 강북구 수유동,서울특별시 강북구 우이동",2025-07-18 14:05,,안전안내,215617,산사태,
집중호우로 인하여 1호선 덕정역-광운대역 구간 전동열차 운행이 대기상태 입니다. 전동열차 이용에 참고하시기 바랍니다.[양주시],경기도 양주시 ,2025-07-18 14:11,,안전안내,215618,호우,
"현재 5개소(누읍동 잠수교, 두곡교 지하통로, 탑동대교 좌·우안 하상도로, 오산철교 하상도로)의 도로를 통제 중이니 통행 차량은 우회 바랍니다. [오산시]",경기도 오산시 ,2025-07-18 14:14,,안전안내,215619,호우,
"오늘 14:30 조종천 가평군(대보교)지점 홍수경보. 피해에 대비 바랍니다. 내 위치, 침수우려지역 확인 vo.la/rDlHY [한강홍수통제소]",경기도 가평군 ,2025-07-18 14:27,,안전안내,215624,홍수,
집중호우로 인하여 1호선 도봉산역-덕정역 구간 전동열차 운행이 대기상태입니다. 전동열차 이용에 참고하시기 바랍니다. [의정부시],경기도 의정부시 ,2025-07-18 14:30,,안전안내,215626,호우,
오늘 14:30 가평군 조종천 대보교 지점 홍수경보 변경 발령. 하천주변 접근금지. 홍수피해 발생 대비 등 안전에 유의하시기 바랍니다. [가평군],경기도 가평군 ,2025-07-18 14:31,,안전안내,215627,홍수,
오늘 14:15분부로 잠수교 차량 통행이 전면 통제되었으니 우회바랍니다. [서울특별시청],서울특별시 전체 ,2025-07-18 14:35,,안전안내,215629,호우,
금일 구로구 해당동에 많은 비로 산사태 주의보 발령. 산림 주변 야외활동 자제와 입산금지 등 안전에 유의하시기 바랍니다.[구로구],"서울특별시 구로구 고척동,서울특별시 구로구 개봉동,서울특별시 구로구 오류동,서울특별시 구로구 궁동,서울특별시 구로구 온수동,서울특별시 구로구 천왕동,서울특별시 구로구 항동",2025-07-18 14:50,,안전안내,215633,산사태,
호우로 인해 신천동 495-10인근(제2경인고속도로 하부도로) 교통이 혼잡하오니 시민들께서는 우회해 주시기 바랍니다. [시흥시청],경기도 시흥시 ,2025-07-18 14:57,,안전안내,215635,호우,
왕숙천 수위 상승으로 인한 침수우려로 왕숙천교 하단(농수산물도매시장 2문) 하상도로를 통제하오니 우회도로를 이용하시기 바랍니다. [구리시청],경기도 구리시 ,2025-07-18 15:00,,안전안내,215637,호우,
금일 14:00 시흥시 지역 산사태 주의보 발령. 산림 주변 위험지역 접근금지 및 대피명령 시 대피장소 또는 안전지대로 대피 바랍니다.[시흥시청],"경기도 시흥시 대야동,경기도 시흥시 신천동,경기도 시흥시 방산동,경기도 시흥시 미산동,경기도 시흥시 은행동,경기도 시흥시 안현동,경기도 시흥시 매화동,경기도 시흥시 과림동,경기도 시흥시 계수동,경기도 시흥시 무지내동",2025-07-18 15:05,,안전안내,215644,산사태,
집중호우로 하천범람 우려가 있어 어은천 배다리교(우정읍 한각리 710-9번지 일원)를 통제할 예정이오니 시민분들께서는 해당 도로를 우회하시기 바랍니다[화성시],"경기도 화성시 우정읍,경기도 화성시 장안면",2025-07-18 15:05,,안전안내,215645,호우,
호우로 인해 신천IC 인근 서해안로 제2경인고속도로 하부도로 교통 통제중이니 시민들께서는 우회해 주시기 바랍니다. [시흥시청],경기도 시흥시 ,2025-07-18 15:09,,안전안내,215647,호우,
오늘 성북구 지역에 많은 비로 산사태 주의보 발령. 산림 주변 야외활동 자제와 입산금지 등 안전에 유의하시기 바랍니다. [성북구],"서울특별시 성북구 성북동,서울특별시 성북구 성북동1가,서울특별시 성북구 동소문동1가,서울특별시 성북구 동소문동2가,서울특별시 성북구 동소문동3가,서울특별시 성북구 동소문동4가,서울특별시 성북구 동소문동5가,서울특별시 성북구 동소문동6가,서울특별시 성북구 동소문동7가,서울특별시 성북구 삼선동1가,서울특별시 성북구 삼선동2가,서울특별시 성북구 삼선동3가,서울특별시 성북구 삼선동4가,서울특별시 성북구 삼선동5가,서울특별시 성북구 동선동1가,서울특별시 성북구 동선동2가,서울특별시 성북구 동선동3가,서울특별시 성북구 동선동4가,서울특별시 성북구 동선동5가,서울특별시 성북구 안암동1가,서울특별시 성북구 안암동2가,서울특별시 성북구 안암동3가,서울특별시 성북구 안암동4가,서울특별시 성북구 안암동5가,서울특별시 성북구 보문동4가,서울특별시 성북구 보문동5가,서울특별시 성북구 보문동6가,서울특별시 성북구 보문동7가,서울특별시 성북구 보문동1가,서울특별시 성북구 보문동2가,서울특별시 성북구 보문동3가,서울특별시 성북구 정릉동,서울특별시 성북구 길음동,서울특별시 성북구 종암동,서울특별시 성북구 하월곡동,서울특별시 성북구 상월곡동,서울특별시 성북구 석관동",2025-07-18 15:11,,안전안내,215648,산사태,
"오늘 14:40 북한산, 봉산, 이말산 등 지역에 많은 비로 산사태 주의보 발령. 산림 주변 야외활동 자제와 입산금지 등 안전사고에 유의하시기 바랍니다.[은평구]",서울특별시 은평구 ,2025-07-18 15:17,,안전안내,215651,산사태,
오늘 14:55분부로 한강 수위가 상승하여 올림픽대로 여의상류IC 양방향이 통제됨을 알려드리니 인근 차량은 우회바랍니다. [서울특별시청],서울특별시 전체 ,2025-07-18 15:24,,안전안내,215656,호우,
현재 많은 비로 인해 세일교 일대(도봉동468-17) 하천 범람 우려로 이동 통제중입니다. 인근 차량 이동 조치 및 주민은 안전에 유의하시기 바랍니다.[도봉구청],서울특별시 도봉구 ,2025-07-18 15:34,,안전안내,215659,호우,
24.7.18(목) 14:30 기준 안산·백련산·북한산·인왕산·궁동산 산사태 우려로 산림주변 야외활동 자제와 입산금지 등 안전에 유의하시기 바랍니다.[서대문구],서울특별시 서대문구 ,2025-07-18 15:36,,안전안내,215662,산사태,
금일 서초구 반포동 일대에 많은 비로 산사태 주의보 발령하오니 산림(서리풀공원) 주변 야외활동 자제 및 입산금지 등 안전에 유의하시기 바랍니다. [서초구청],"서울특별시 서초구 잠원동,서울특별시 서초구 반포동",2025-07-18 15:38,,안전안내,215663,산사태,
오늘 09:20 발령되었던 오산시 주민대피명령을 16:00부로 해제합니다. [오산시],경기도 오산시 ,2025-07-18 16:01,,안전안내,215665,홍수,
호우로 인해 통제하였던 신천IC 인근 서해안로 제2경인고속도로 하부도로 통행이 재개됨을 알려드립니다. [시흥시청],경기도 시흥시 ,2025-07-18 16:19,,안전안내,215671,호우,
"집중호우로 인하여 경춘선 전동열차가 춘천역에서 대성리역간 불규칙하게 운행 중, 상봉.청량리역 방향은 일시운행 중지 중입니다. [가평군]",경기도 가평군 ,2025-07-18 16:40,,안전안내,215674,기타,
"철도운행(도봉산역~연천역)중단이 지속됨에 따라 시민분들께서는 대체 교통수단(시내버스 36번, 39번, 53번, G2001번)을 이용해 주시기 바랍니다.[동두천시]",경기도 동두천시 ,2025-07-18 17:33,,안전안내,215678,교통사고,
오늘 도봉구 지역에 많은 비로 산사태 주의보 발령. 산림 주변 위험지역 접근 및 입산 금지 등 인근 주민은 안전에 유의하여 주시기 바랍니다.[도봉구청],서울특별시 도봉구 ,2025-07-18 17:38,,안전안내,215680,산사태,
오늘 17:20분부로 한강 수위가 상승하여 올림픽대로 여의하류IC 양방향이 통제됨을 알려드리니 인근 차량은 우회 바랍니다. [서울특별시청],서울특별시 전체 ,2025-07-18 17:39,,안전안내,215681,호우,
북한이 대남 오물풍선(추정) 다시 부양중. 국민들께서는 낙하물에 주의하시고 풍선 발견 시 접근금지 및 군부대(1338)나 경찰에 신고해주시기 바랍니다. [경기도],경기도 전체 ,2025-07-18 17:47,,안전안내,215683,기타,
"금일 16:00부로 산사태 경보에서 산사태 주의보로 변경 발효, 산사태 취약지역 주민 등 위험지역에 계신분들은 유사시 안전한 곳으로 대피 바랍니다. [포천시]",경기도 포천시 ,2025-07-18 17:48,,안전안내,215684,산사태,
"폭우로 운행중지 및 운행대기 구간의 전동열차 운행을 재개함. 다만, 기상상황에 따라 변동될 수 있으니 운행상황을 사전에 확인하시기 바랍니다. [한국철도공사]","경기도 전체 ,서울특별시 전체 ",2025-07-18 17:50,,안전안내,215686,교통사고,
여주시 산사태 경보에서 주의보로 하향 발령. 산사태 주의보가 유지중이므로 산림 주변 위험지역 접근 및 통행에 주의바랍니다. [여주시],경기도 여주시 ,2025-07-18 17:51,,안전안내,215687,산사태,
경기 북부지역 상공에 북한에서 부양한 풍선 추정 물체가 포착되었습니다. 시민들께서는 야외활동간 유의하시고 서울 진입 시 재안내 드리겠습니다.[서울시],서울특별시 전체 ,2025-07-18 17:52,,안전안내,215688,기타,
"최근 많은 비로 산사태가 우려되오니, 산림주변 야외활동 자제와 입산금지 등 안전에 유의하여 주시고 재난안전 방송 시청에 관심을 가져주시기 바랍니다.[남양주시]",경기도 남양주시 ,2025-07-18 17:55,,안전안내,215689,산사태,
"금일 17:50부로 산사태 경보에서 산사태주의보로 변경 발효, 산사태 취약지역 주민 등 위험지역에 계신분들은 안전한 곳으로 대피 바랍니다. [연천군]",경기도 연천군 ,2025-07-18 18:06,,안전안내,215693,산사태,
금일 발령된 산사태주의보가 해제 되었음을 알려드립니다. 지반이 약해져 추가 피해가 발생할 수 있으니 경사지 및 산림인근 주민께서는 각별히 주의 바랍니다 [양평군],경기도 양평군 ,2025-07-18 18:07,,안전안내,215694,산사태,
"폭우로 운행중지 되었던, 경원선 전 구간의 열차 운행을 재개합니다. 다만, 기상상황에 따라 변동될 수 있으니 운행상황을 사전에 확인하시기 바랍니다. [동두천시]",경기도 동두천시 ,2025-07-18 18:19,,안전안내,215700,교통사고,
18시부로 동부간선도로(양방향) 교통 통제 해제하였습니다. [의정부시],경기도 의정부시 ,2025-07-18 18:25,,안전안내,215701,호우,
오늘 18:10분부로 서울 동부간선도로 통제를 해제하고 전구간 통행 재개합니다. [서울특별시청],서울특별시 전체 ,2025-07-18 18:28,,안전안내,215702,호우,
호우로 인해 통행을 일부 제한한고양시 일산서구 제2자유로 한류월드IC~법곳IC 일부구간의통행제한을 해제하오니 통행에 참고하여 주시기 바랍니다.[고양시청],"경기도 고양시 덕양구 ,경기도 고양시 일산동구 ,경기도 고양시 일산서구 ",2025-07-18 18:29,,안전안내,215703,호우,
세교지하차도는 현재 침수 복구작업중으로 시민분들께서는 복구 완료될때까지 우회 하시기 바랍니다. 031-8024-4949 [평택시],경기도 평택시 ,2025-07-18 18:37,,안전안내,215706,호우,
한강수위 상승으로 금일 19:30경 반포·잠원·신잠원 나들목 긴급폐쇄 예정. 반포·잠원한강공원 이용주민은 신속히 한강공원 밖으로 이동해주시기 바랍니다.[서초구청],서울특별시 서초구 ,2025-07-18 18:39,,안전안내,215707,호우,
누적된 선행 강우량이 많아 적은 비로도 산사태 위험이 매우 높으므로 산림 인접 주민들은 유사시 인근 산사태 대피소로 대피하시기 바랍니다. [광주시],경기도 광주시 ,2025-07-18 19:11,,안전안내,215709,산사태,
"현재 비는 그쳤으나, 오산천 산책로 곳곳에서 위험요소가 많이 확인됨에 따라 당분간 출입을 자제하여 주시기 바랍니다. [오산시]",경기도 오산시 ,2025-07-18 19:17,,안전안내,215711,호우,
오늘 19:10부로 탑동대교 좌·우 하상도로 및 오산철교 하상도로의 통제를 해제하여 차량의 정상 운행이 가능함을 알려드립니다. [오산시],경기도 오산시 ,2025-07-18 19:35,,안전안내,215712,호우,
"폭우로 운행중단 되었던 1호선 전동열차 운행이 재개되었으니, 전동열차 이용에 참고하시기 바랍니다.[양주시]",경기도 양주시 ,2025-07-18 20:18,,안전안내,215715,호우,
"팔당댐 방류로 2024-07-18 21:00부터 현천육갑문 전면 통제하오니, 파주방향 유턴 차량은
가양대교 북단 IC 등을 이용하여 주시기 바랍니다.[고양시청]","경기도 고양시 덕양구 ,경기도 고양시 일산동구 ,경기도 고양시 일산서구 ",2025-07-18 21:47,,안전안내,215720,호우,
2024. 7. 19.(금) 09:45부로 자유로 아래 현천육갑문 도로통제를 해제하여 정상 통행이 가능함을 알려드립니다.[고양시],"경기도 고양시 덕양구 ,경기도 고양시 일산동구 ,경기도 고양시 일산서구 ",2025-07-19 9:47,,안전안내,215734,호우,
집중호우로 인해 일부 파손되었던 오산천 잠수교(평택시 야막리 159)의 도로 복구작업이 완료되어 차량 정상 운행이 가능함을 알려드립니다. [오산시],경기도 오산시 ,2025-07-19 14:13,,안전안내,215757,호우,
기흥저수지 수문 개방으로 오산천 수위가 상승하고 있습니다. 오산천 산책로를 이용하시는 시민들께서는 안전에 유의하시기 바랍니다. [오산시],경기도 오산시 ,2025-07-19 15:01,,안전안내,215761,호우,
이번 호우에 인명피해 없었으며 복구 진행 중. 추가 강우 시 산사태 및 도로침하 우려되니 안전에 유의 바랍니다.[피해신고 접수 - 파주시],경기도 파주시 ,2025-07-19 15:15,,안전안내,215766,호우,
선감동 산 131-1 사면 붕괴로 도로 통제 중이니 불도방조제 및 용사촌펜션 단지로 우회하여 주시기 바랍니다.[안산시],"경기도 안산시 단원구 대부동동,경기도 안산시 단원구 대부북동,경기도 안산시 단원구 대부남동,경기도 안산시 단원구 선감동,경기도 안산시 단원구 풍도동",2025-07-19 15:21,,안전안내,215767,산사태,
연천군 산사태 주의보는 해제되었으나 추가 강우시 산사태 발생이 우려되므로 산림 주변 활동을 자제하시고 산에 있을 경우 산림 밖으로 피하시기 바랍니다. [연천군],경기도 연천군 ,2025-07-19 18:16,,안전안내,215779,산사태,
"관악구 주민인 김한겸씨(남, 75세)를 찾습니다 - 157cm, 64kg, 연두색티셔츠, 남색바지
vo.la/xHZpC / ☎112 [서울경찰청]","서울특별시 관악구 ,서울특별시 동작구 ",2025-07-19 18:18,,안전안내,215780,기타,
"송파구에서 최종 목격된 이기선씨(남,82세)를 찾습니다- 170cm,파란색중절모,남색티셔츠,남색조끼,검정남색바지 vo.la/sqUNs /☎112 [서울경찰청]",서울특별시 송파구 ,2025-07-20 8:24,,안전안내,215789,기타,
"성남시 주민인 조배환씨(남,78세)를찾습니다- 158cm,회색반팔티,파랑꽃무늬반바지,등산스틱,모자,백팩,운동화 vo.la/UXKpa /☎112 [경기남부경찰청]","경기도 성남시 수정구 ,경기도 성남시 중원구 ,경기도 성남시 분당구 ",2025-07-20 10:20,,안전안내,215822,기타,
"송파구에서 목격된 조배환씨(남,78세)를찾습니다- 158cm,회색반팔티,파랑꽃무늬반바지,등산스틱,모자,백팩,운동화 vo.la/UXKpa /☎112 [서울경찰청]",서울특별시 송파구 ,2025-07-20 10:22,,안전안내,215826,기타,
김포지역 며칠간 연평균 강수량의 1/4인 330㎜ 비가 내려 지반이 취약합니다. 토사유출로 인한 위험지역 접근금지와 공사장 시설물 안전점검바랍니다.[김포시청],경기도 김포시 ,2025-07-20 11:48,,안전안내,215849,호우,
"세교지하차도 차량통행 재개 알림

2024. 7. 20.(토) 12:30부터 세교지하차도 차량통행이 재개되었음을 알려드립니다.(031-8024-4949)[평택시]",경기도 평택시 ,2025-07-20 12:31,,안전안내,215855,호우,
"여주시 전역 내일 새벽부터 강우가 예상됩니다. 장마전선의 영향으로 호우가 예상되오니 산간 계곡, 하천변 산책로 등 위험 지역 방문을 자제하시기 바랍니다.[여주시]",경기도 여주시 ,2025-07-20 15:09,,안전안내,215876,호우,
"마포구에서 실종된 방영자씨(여,81세)를 찾습니다- 155cm,왜소한편,검정단발머리,남색잠바,국방색바지,흰운동화 vo.la/Vpoai /☎112 [서울경찰청]",서울특별시 마포구 ,2025-07-20 16:04,,안전안내,215880,기타,
"안산시 주민인 박한석씨(남,82세)를 찾습니다- 175cm,62kg,검정티(목부분형광색무늬),검정긴바지,슬리퍼 vo.la/PUeMy /☎112 [경기남부경찰청]","경기도 안산시 상록구 ,경기도 안산시 단원구 ",2025-07-20 18:02,,안전안내,215885,기타,
"경찰은 중구 주민인 김우중씨(남, 25세)를 찾습니다- 170cm, 70kg, 회색반팔티, 어두운색반바지, 슬리퍼 vo.la/jViEU /☎112 [서울경찰청]",서울특별시 중구 ,2025-07-20 18:19,,안전안내,215887,기타,
"현재 서울지역에 호우경보가 발령중입니다. 도림천 진입을 금지하고, 저지대 반지하주택 주민은 물막이판 및 배수로를 점검하여 주시기 바람니다. [관악구청]",서울특별시 관악구 ,2025-07-20 19:07,,안전안내,215895,호우,
"수원시 주민인 김호순씨(여,57세)를 찾습니다- 155cm,단발묶음머리,검정흰색체크반팔남방,회색바지,빨강운동화 vo.la/GDRTT /☎112 [경기남부경찰청]","경기도 수원시 장안구 ,경기도 수원시 권선구 ,경기도 수원시 팔달구 ,경기도 수원시 영통구 ",2025-07-20 19:41,,안전안내,215896,기타,
"오늘 저녁부터 내일 오전까지 국지적으로 기습폭우가 예상. 도림천, 서달산 등산로등 위험지역 접근을 자제, 상습침수 지역은 침수에 주의하시기 바랍니다.  [동작구]",서울특별시 동작구 ,2025-07-20 19:49,,안전안내,215897,호우,
밤부터 많은 비가 예상되어 하천 산책로·둔치주차장·산사태 위험지역 등 출입 통제. 강풍·호우로 인한 피해 없도록 안전에 유의 바랍니다.[안양시청],"경기도 안양시 만안구 ,경기도 안양시 동안구 ",2025-07-20 20:04,,안전안내,215898,호우,
내일 새벽에 호우를 동반한 강풍이 예상되오니 간판 등 옥외 시설물 고정 및 낙하물 안전사고에 대비하여 주시기 바랍니다.[부천시청],"경기도 부천시 원미구 ,경기도 부천시 소사구 , 부천시 오정구 ",2025-07-20 20:22,,안전안내,215899,강풍,
"오늘밤과 내일 새벽사이 우리군 전역에 비바람이 예보되어 있으니, 하천및계곡,농수로등 저지대 접근금지, 산림인근 주민은 위험징후 발견즉시 대피 바랍니다 [양평군]",경기도 양평군 ,2025-07-20 20:28,,안전안내,215900,호우,
"밤과 새벽사이 비가 많이 올 것으로 예상됩니다. 급격한 수위상승에 따른 하천 산책로, 산간 계곡 등 침수가 우려되오니 접근을 자제하시기 바랍니다.[의정부시]",경기도 의정부시 ,2025-07-20 20:28,,안전안내,215901,호우,
"하천 수위 상승으로 인해 도림천, 안양천 통제되었으며, 저지대 반지하주택 주민은 물막이판 및 배수로를 점검하여 주시기 바랍니다.[영등포구]",서울특별시 영등포구 ,2025-07-20 20:36,,안전안내,215902,호우,
"현재 강풍주의보 발효 중. 강풍을 동반한 많은 비가 예상됩니다. 간판 등 안전조치, 낙하물 안전사고 유의 및 야외활동을 자제하여 주시기 바랍니다.  [시흥시청]",경기도 시흥시 ,2025-07-20 20:55,,안전안내,215903,강풍,
"강풍주의보 발효, 새벽에 많은 비를 동반한 강풍이 예상되니, 지하차도, 하천, 해안가 등 위험시설 출입을 금하여 주시고, 낙하물 사고에 유의 바랍니다.[안산시청]","경기도 안산시 상록구 ,경기도 안산시 단원구 ",2025-07-20 21:04,,안전안내,215905,강풍,
"내일 새벽~아침까지 여주시 전역에 많은 비가 예상됩니다. 하천변, 산림 인접 통행을 삼가하시고 위험징후 발견 시 마을회관 등으로 대피하시기 바랍니다.[여주시]",경기도 여주시 ,2025-07-20 21:18,,안전안내,215906,산사태,
최근 지속된 강우로 지반이 약화되어 있으니 산사태취약지역 주변 거주민들께서는 위험징후 발견시 즉시 대피해 주시고 시청 당직실로 신고하여 주시기 바랍니다[화성시],경기도 화성시 ,2025-07-20 22:16,,안전안내,215907,호우,
"오늘07:30경 성곡동 605-2 공장화재로 인한 연기발생. 차량은 건물 주변 도로를 우회하고, 인근 시민은 창문닫기 등 연기흡입에 유의바랍니다.[안산시청]","경기도 안산시 단원구 고잔동,경기도 안산시 단원구 와동,경기도 안산시 단원구 신길동,경기도 안산시 단원구 성곡동,경기도 안산시 단원구 원시동,경기도 안산시 단원구 목내동,경기도 안산시 단원구 초지동,경기도 안산시 단원구 원곡동,경기도 안산시 단원구 선부동,경기도 안산시 단원구 화정동",2025-07-21 8:51,,안전안내,215923,화재,
북한이 대남 오물풍선(추정) 다시 부양중. 국민들께서는 낙하물에 주의하시고 풍선 발견 시 접근금지 및 군부대(1338)나 경찰에 신고해주시기 바랍니다. [경기도],경기도 전체 ,2025-07-21 9:23,,안전안내,215930,기타,
경기 북부지역 상공에 북한에서 부양한 풍선 추정 물체가 포착되었습니다. 시민들께서는 야외활동시 유의하시고 서울 진입 시 재안내 드리겠습니다.[서울시],서울특별시 전체 ,2025-07-21 9:24,,안전안내,215931,기타,
북한이 대남 오물풍선(추정) 부양중. 주민들께서는 낙하물에 주의하시고 풍선 발견 시 접근금지 및 군부대(1338)나 경찰에 신고해주시기 바랍니다. [양주시],경기도 양주시 ,2025-07-21 9:33,,안전안내,215932,기타,
"북한의 쓰레기풍선이 서울 상공에 진입하였습니다. 시민들께서는 적재물 낙하에 주의하시고, 발견 시 접근하지 마시고 군부대(1338)나 경찰에 신고바랍니다.[서울시]",서울특별시 전체 ,2025-07-21 10:35,,안전안내,215940,기타,
지속적 강우로 김포한강로 강화방면(운양3지하차도 부근)옹벽 일부 유실돼 해당구간 통제중. 시민분들께서는 국도나 제방도로등으로 우회 및 안전 유의바랍니다.[김포시],경기도 김포시 ,2025-07-21 12:01,,안전안내,215954,교통통제,
"강서구 주민인 김시훈(남,14세)을 찾습니다 -166cm,52kg,검정민소매티,검정긴바지착용 vo.la/yintK/ ☎112 [서울경찰청]",서울특별시 강서구 ,2025-07-21 13:40,,안전안내,215962,기타,
"부천시 오정구에서 목격된 김시훈(남,14세)을 찾습니다 -166cm,52kg,검정민소매티,검정긴바지착용 vo.la/yintK/ ☎112 [경기남부경찰청]","경기도 부천시 원미구 ,경기도 부천시 소사구 , 부천시 오정구 ",2025-07-21 13:44,,안전안내,215963,기타,
"오늘07:30경 발생한 반월공단내 성곡동 615-2 공장화재는 현재까지 진압중에 있으니, 시민들께서는 연기흡입 등 안전사고에 유의하시기 바랍니다.[안산시청]","경기도 안산시 상록구 ,경기도 안산시 단원구 ",2025-07-21 13:52,,안전안내,215965,화재,
김포시 양촌읍 학운리3529번지 학운4단지 물류창고 화재발생. 차량은 우회하기 바라며 연기흡입에 유의하시기 바랍니다.[김포시],경기도 김포시 ,2025-07-21 16:00,,안전안내,215977,화재,
오늘 성북구 곳곳에 북한 대남 오물풍선이 집중 발견되고 있으니 발견시 절대 접촉을 금하시고 군부대(1338)나 경찰(112)신고해 주시기 바랍니다[성북구],서울특별시 성북구 ,2025-07-21 17:45,,안전안내,215983,기타,
"고양시 주민인 문금순씨(여,61세)를 찾습니다-158cm,58kg,파마머리,검정반팔,연청칠부바지,검정신발
vo.la/sHFeq /☎112 [경기북부경찰청]","경기도 고양시 덕양구 ,경기도 고양시 일산동구 ,경기도 고양시 일산서구 ",2025-07-21 19:43,,안전안내,215986,기타,
"성곡동 615-2 화재로 건물 주변 및 (삼양통상 사거리~신한에어텍, 별망로) 구간 양방향 통제중이니, 차량은 우회하시고 안전에 유의해주시기 바랍니다.[안산시청]","경기도 안산시 상록구 ,경기도 안산시 단원구 ",2025-07-22 6:29,,안전안내,215987,화재,
"오늘 06:30 정왕동 1255-7 엠제이 공장에서 화재 발생. 차량은 건물 주변 도로를 우회하고, 시민은 연기흡입 등 안전사고에 유의하시기 바랍니다. [시흥시]",경기도 시흥시 ,2025-07-22 7:03,,안전안내,215988,화재,
정왕동 1255-7 엠제이 공장 화재 진압중. 교통혼잡이 예상되오니 주변 도로를 우회하여 주시고 인근 주민들은 창문을 닫아주시기 바랍니다. [시흥시청],경기도 시흥시 ,2025-07-22 8:02,,안전안내,215990,화재,
안양시 농수산물사거리에서 고온의 연기 발생으로 교통 통제중이니 우회하시기 바랍니다.[안양시청],"경기도 안양시 만안구 ,경기도 안양시 동안구 ",2025-07-22 9:36,,안전안내,215997,화재,
"지역난방 배관 파열 및 복구 중으로 백영고 사거리부터 농수산물사거리까지 교통 통제 중이며, 위험하오니 우회하시기 바랍니다.(4시간 이상 소요 예상)[안양시청]","경기도 안양시 만안구 ,경기도 안양시 동안구 ",2025-07-22 10:05,,안전안내,216000,화재,
"김포지역 지속적인 호우와 강풍으로 나무전도, 옹벽, 축대 등 시설물 사고가 발생 중, 사전점검 및 위험지역 접근금지 등 안전에 각별히 주의 바랍니다. [김포시청]",경기도 김포시 ,2025-07-22 10:36,,안전안내,216012,호우,
"수원시에서 배회 중인 이준서(남,11세)를 찾습니다-140cm,40kg,검정반팔티,검정반바지,검정나이키백팩
vo.la/Nmfmv / ☎182 [경기남부경찰청]","경기도 수원시 장안구 ,경기도 수원시 권선구 ,경기도 수원시 팔달구 ,경기도 수원시 영통구 ",2025-07-22 11:04,,안전안내,216023,기타,
"수원시에서 배회 중인 이준서(남,11세)를 찾습니다-140cm,40kg,검정반팔티,검정반바지,검정나이키백팩
vo.la/Nmfmv / ☎182 [경기남부경찰청]",경기도 화성시 ,2025-07-22 11:10,,안전안내,216027,기타,
"여주시 전역 폭염주의보 발효 ▲논·밭등 야외 활동 자제 ▲무더위쉼터 이용 ▲폭염안전수칙(물,그늘,휴식) 준수 등 건강관리에 유의하시기 바랍니다. [여주시]",경기도 여주시 ,2025-07-22 13:04,,안전안내,216042,폭염,
"만안구에서 배회중인 홍광범씨(남,59세)를 찾습니다-176cm,백발,회색체크무늬카리티,검정바지,검정운동화,안경 vo.la/fZKJb/ ☎182 [경기남부경찰청]","경기도 안양시 만안구 ,경기도 안양시 동안구 ",2025-07-22 13:36,,안전안내,216048,기타,
"연일 내린 비로 하천 수위가 높아지고 산사태 발생 위험이 있으니 하천 산책로, 등산로, 계곡 등에 출입하지 마시고 안전에 유의하여 주시기 바랍니다.[동두천시]",경기도 동두천시 ,2025-07-22 15:49,,안전안내,216069,호우,
"말라리아 경보 발령. 모기 기피제 사용 등 모기물림 주의. 발열, 오한, 두통, 설사 등 의심증상 발생 시 보건소에서 말라리아 검사를 받으시기 바랍니다.[강서구]",서울특별시 강서구 ,2025-07-22 16:18,,안전안내,216072,전염병,
"수원시에서 실종된 김돈길씨(남,65세)를 찾습니다-178cm,반삭발,군청색반팔,분홍줄무늬환자복바지,회색슬리퍼
vo.la/fugUn / ☎182 [경기남부경찰청]","경기도 수원시 장안구 ,경기도 수원시 권선구 ,경기도 수원시 팔달구 ,경기도 수원시 영통구 ",2025-07-22 16:36,,안전안내,216073,기타,
오늘 연천군 지역에 많은 비로 산사태 주의보 발령. 산림 주변 야외활동 자제와 입산금지 등 안전에 유의하시기 바랍니다. [연천군],경기도 연천군 ,2025-07-22 18:22,,안전안내,216077,산사태,
"오늘 늦은 밤부터 내일 새벽사이 많은 비가 예상됩니다. 급격한 수위상승에 따른 하천 산책로, 산간계곡 등 침수가 우려되오니 접근을 자제하시기 바랍니다[의정부시]",경기도 의정부시 ,2025-07-22 20:38,,안전안내,216082,호우,
"오늘 밤부터 호우로 산사태 위험이 높으니 야외활동을 피하시고 대피명령 있을 시 산림과 떨어진 마을회관, 학교 등 안전한 곳으로 대피하시기 바랍니다. [산림청]","경기도 전체 ,서울특별시 전체 ,인천광역시 전체 ",2025-07-22 20:53,,안전안내,216083,산사태,
"새벽시간 많은 비가 예상되니, 하천변·캠핑장·낚시터 등 급류 휩쓸림 주의 및 산사태·반지하주택 위험지역 사전대피, 배수로 확인금지 등 안전에 유의[경기도청]",경기도 전체 ,2025-07-22 21:00,,안전안내,216084,호우,
한탄강댐 상용여수로 자연월류로 하천수위 상승 예상. 하천주변에 계신 경우 안전한 곳으로 대피 바랍니다. [한국수자원공사],"경기도 연천군 ,경기도 파주시 ",2025-07-22 21:02,,안전안내,216085,기타,
김포지역 밤12시 이후부터 시간당 3~50mm 이상의 극한호우가 예상됩니다. 인명피해가 없도록 외출자제와 저지대지역 대피바랍니다. [김포시청],경기도 김포시 ,2025-07-22 22:32,,안전안내,216086,호우,
"오늘 23:30 경기(포천) 호우경보. 하천 주변, 계곡, 급경사지, 농수로 등 위험 지역에는 가지 마시고, 대피 권고를 받으면 즉시 대피하세요. [행정안전부]",경기도 포천시 ,2025-07-22 23:32,,안전안내,216088,호우,
"현재 서울전역에 많은 비가 내리고 있어 하천, 산책로 등 출입을 자제, 고압선 등 주변 접근금지하여 주시기바랍니다.[서울특별시청]",서울특별시 전체 ,2025-07-22 23:48,,안전안내,216089,호우,
"서울에 많은 비가 내리고 있어 저지대 등 침수 우려 지역은 안전에 유의하시고, 특히 지하공간 침수시 즉시 지상 등 안전한 곳으로 대피 바랍니다. [서울시청]",서울특별시 전체 ,2025-07-23 0:04,,안전안내,216090,호우,
"오산시 호우주의보 발표에 따라 출근길 안전운전에 유의하시기 바라며, 오산천변, 등산로, 침수우려 지역 등의 출입을 자제하여 주시기 바랍니다. [오산시]",경기도 오산시 ,2025-07-23 5:00,,안전안내,216093,호우,
오늘 04:27경 평택시 청북읍 고렴리 917-13 업체에서 위험물 (화재·폭발·누출) 사고 발생. 인근 주민은 외출을 자제하는 등 안전에 유의하세요. [평택시],경기도 평택시 청북읍,2025-07-23 5:20,,안전안내,216094,화재,
"광주시에서 실종된 김명본씨(남,80세)를 찾습니다-150cm,회색남방셔츠,검정바지,검정모자,지팡이,우산
vo.la/XpRyiS / ☎112 [경기남부경찰청]",경기도 광주시 ,2025-07-23 8:11,,안전안내,216106,기타,
"성남시에서 목격된 김명본씨(남,80세)를 찾습니다-150cm,회색남방셔츠,검정바지,검정모자,지팡이,우산
vo.la/XpRyiS / ☎112 [경기남부경찰청]","경기도 성남시 수정구 ,경기도 성남시 중원구 ,경기도 성남시 분당구 ",2025-07-23 8:14,,안전안내,216107,기타,
오늘 09:37분부로 잠수교 차량 통행이 전면 통제되었으니 우회 바랍니다. [서울특별시청],서울특별시 전체 ,2025-07-23 9:45,,안전안내,216117,호우,
"김포지역 공장 누전, 합선 등 전기적 요인에 의한 화재가 빈번하니 세심한 주의 필요. 특히, 지하주차장 내 전기자동차 화재 시 신속한 대피 바랍니다. [김포시청]",경기도 김포시 ,2025-07-23 10:02,,안전안내,216124,화재,
오늘 09:50분부로 한강 수위가 상승하여 올림픽대로 여의상류IC 양방향 전면 통제됨을 알려드리니 이용 차량은 우회 바랍니다. [서울특별시청],서울특별시 전체 ,2025-07-23 10:09,,안전안내,216130,호우,
오늘 11:00분부로 올림픽대로 여의상류 IC 양방향 통제 해제됨을 알려드립니다.[서울특별시청],서울특별시 전체 ,2025-07-23 11:14,,안전안내,216139,호우,
수도권제1순환고속도로 안양→산본방향 산본IC 200m 전 토사가 흘러내림. 평촌IC 진입구간 전면통제중입니다. 해당 구간 우회바랍니다.[안양시청],"경기도 안양시 만안구 ,경기도 안양시 동안구 ",2025-07-23 14:11,,안전안내,216155,기타,
오늘 13:30분부로 잠수교(양방향) 차량 통행 제한이 해제되었음을 알려드립니다. [서울특별시청],서울특별시 전체 ,2025-07-23 14:21,,안전안내,216157,호우,
"중구에서 목격된 박호문씨(남,80세)를 찾습니다-170cm,70kg,민머리,베이지색긴팔셔츠,청바지,검정계열신발
vo.la/rqxOE / ☎182 [서울경찰청]","서울특별시 동대문구 ,서울특별시 중구 ",2025-07-23 15:58,,안전안내,216163,기타,
"노원구에서 실종된 김태호(남,9세)를 찾습니다-140cm,41kg,보호자와동행중모두삭발머리,파란색점퍼,검정반바지
vo.la/bAPtY / ☎112 [서울경찰청]",서울특별시 노원구 ,2025-07-23 17:53,,안전안내,216169,기타,
"2024-07-23 17:22분경 평택시 모곡동 공장 화재 발생. 차량은 주변 도로를 우회하여주시고, 인근주민분들께서는 창문을 닫아주시기 바랍니다. [평택시]","경기도 평택시 모곡동,경기도 평택시 칠괴동,경기도 평택시 칠원동,경기도 평택시 동삭동,경기도 평택시 세교동,경기도 평택시 고덕동",2025-07-23 17:54,,안전안내,216170,화재,
"남양주시에서 목격된 김태호(남,9세)를 찾습니다-140cm,보호자와동행중이며모두삭발머리,파란색점퍼,검정반바지
vo.la/bAPtY / ☎112 [경기북부경찰청]",경기도 남양주시 ,2025-07-23 17:58,,안전안내,216171,기타,
"남양주시에서 실종된 김숙희씨(여,60세)를 찾습니다-150cm,40kg,단발머리,회색긴팔줄무늬,검정크로스백
vo.la/BcRea / ☎112 [경기북부경찰청]",경기도 남양주시 ,2025-07-23 20:02,,안전안내,216174,기타,
"하남시에서 배회 중인 방순월씨(여,74세)를 찾습니다-165cm,70kg,검정꽃무늬점퍼,검정바지,흰색마스크
vo.la/dsjaL / ☎112 [경기남부경찰청]",경기도 하남시 ,2025-07-23 20:12,,안전안내,216175,기타,
"오늘 04:30 호우주의보. 출근 시간 많은 비로 안전운전과 산사태 위험지, 급경사지, 축대, 제방, 하천변 산책로 등 접근을 자제해 주시기 바랍니다. [가평군]",경기도 가평군 ,2025-07-24 5:58,,안전안내,216207,호우,
"오늘 05:55 호우경보. 하천 주변, 계곡, 급경사지, 농수로 등 위험 지역에는 가지 마시고, 대피 권고를 받으면 즉시 대피하세요. [행정안전부]","경기도 가평군 ,경기도 연천군 ",2025-07-24 6:00,,안전안내,216208,호우,
"05:55, 가평군 가평읍 인근 50mm/h 이상 강한 비로 침수 등 우려(국민행동요령: cbs.kma.go.kr) Heavy rain [기상청]",경기도 가평군 가평읍,2025-07-24 6:02,,긴급재난,216209,호우,
"오늘 07:00 호우주의보 발령. 하천 주변 산책로, 계곡, 급경사지, 농수로 등 위험 지역에는 가지 마시고, 하천 범람에 주의하세요. [행정안전부]","강원특별자치도 원주시 ,경기도 안성시 ,경기도 양평군 ,경기도 여주시 ,경기도 이천시 ",2025-07-24 7:07,,안전안내,216216,호우,
북한이 대남 쓰레기풍선(추정) 다시 부양. 국민들께서는 낙하물에 주의하시고 풍선 발견 시 접근금지 및 군부대(1338)나 경찰에 신고해주시기 바랍니다. [경기도],경기도 전체 ,2025-07-24 7:31,,안전안내,216217,기타,
경기 북부지역 상공에 북한에서 부양한 풍선 추정 물체가 포착되었습니다. 시민들께서는 야외활동시 유의하시고 서울 진입 시 재안내 드리겠습니다.[서울특별시청],서울특별시 전체 ,2025-07-24 7:45,,안전안내,216222,기타,
북한이 대남 쓰레기풍선(추정) 다시 부양. 국민들께서는 낙하물에 주의하시고 풍선 발견 시 접근금지 및 군부대(1338)나 경찰에 신고해주시기 바랍니다. [양주시],경기도 양주시 ,2025-07-24 7:47,,안전안내,216223,기타,
"북한의 쓰레기풍선 낙하물이 서울에서 발견되고 있음. 시민들께서는 적재물 낙하에 주의하시고, 발견 시 접근하지말고 군부대(1338)나 경찰에 신고바랍니다[서울시청]",서울특별시 전체 ,2025-07-24 8:30,,안전안내,216231,기타,
"광주시에서 배회 중인 방순월씨(여,74세)를 찾습니다-165cm,70kg,갈색꽃무늬남방,검정바지,검정운동화 vo.la/dsjaL / ☎112 [경기남부경찰청]",경기도 광주시 ,2025-07-24 8:32,,안전안내,216232,기타,
"중원구에서 배회중인 민병천씨(남,77세)를 찾습니다-168cm,보라반팔,파랑반바지,회색신발,하늘색모자,지팡이 vo.la/eKWVa / ☎112 [경기남부경찰청]","경기도 성남시 수정구 ,경기도 성남시 중원구 ,경기도 성남시 분당구 ",2025-07-24 8:47,,안전안내,216235,기타,
"양천구 주민인 김두천(남,76세)을 찾습니다 -172cm,65kg,흰색민소매,체크반바지,검정운동화,윗머리없음 vo.la/EkGaD/ ☎182 [서울경찰청]",서울특별시 양천구 ,2025-07-24 9:44,,안전안내,216240,기타,
오늘 09:34분부로 잠수교 차량 통행이 전면 통제되었으니 우회 바랍니다. [서울특별시청],서울특별시 전체 ,2025-07-24 9:51,,안전안내,216243,호우,
"시흥시 폭염주의보 발효. 노약자분은 외출을 자제해주시고, 야외근로자는 물을 마시고 그늘에서 충분히 휴식 등 건강에 유의하시기 바랍니다.[시흥시청]",경기도 시흥시 ,2025-07-24 10:24,,안전안내,216258,폭염,
"오늘 폭염특보가 발효되었습니다. 낮시간 과도한 야외활동은 자제하시고 야외작업 시 물 마시기, 휴식 취하기 등 건강관리에 주의하시기 바랍니다.[안산시청]",경기도 안산시 ,2025-07-24 10:26,,안전안내,216262,폭염,
"오늘 서울 전역 덥고 습한 날씨가 예상됩니다. 낮 시간대 야외 활동 및 작업 자제, 충분한 물 마시기, 휴식 등으로 온열질환을 예방하시기 바랍니다.[서울특별시청]",서울특별시 전체 ,2025-07-24 10:27,,안전안내,216266,폭염,
오늘 10:08분부로 한강 수위가 상승하여 올림픽대로 여의상류IC 양방향 전면 통제됨을 알려드리니 이용 차량은 우회 바랍니다. [서울특별시청],서울특별시 전체 ,2025-07-24 10:28,,안전안내,216268,호우,
"금일 선유로 34(문래동 6가)인근 사거리 상수도 공사로 2개차로 통제중, 우회하시기 바랍니다. (5시간 소요예정) [영등포구]","서울특별시 영등포구 당산동1가,서울특별시 영등포구 당산동2가,서울특별시 영등포구 당산동3가,서울특별시 영등포구 당산동4가,서울특별시 영등포구 당산동5가,서울특별시 영등포구 당산동6가,서울특별시 영등포구 당산동,서울특별시 영등포구 도림동,서울특별시 영등포구 문래동1가,서울특별시 영등포구 문래동2가,서울특별시 영등포구 문래동3가,서울특별시 영등포구 문래동4가,서울특별시 영등포구 문래동5가,서울특별시 영등포구 문래동6가,서울특별시 영등포구 양평동1가,서울특별시 영등포구 양평동2가,서울특별시 영등포구 양평동3가,서울특별시 영등포구 양평동4가,서울특별시 영등포구 양평동5가,서울특별시 영등포구 양평동6가,서울특별시 영등포구 양평동",2025-07-24 10:33,,안전안내,216271,수도,
"폭염주의보 발효중, 낮시간 과도한 야외활동은 자제하시고 야외작업 시 물 마시기, 휴식 취하기 등 건강관리에 유의하시기 바랍니다. [화성시]",경기도 화성시 ,2025-07-24 10:40,,안전안내,216273,폭염,
"오산시 폭염주의보 발효 중, 야외 활동이나 실외 작업을 자제하시고 충분한 수분 섭취, 그늘에서 휴식 등 온열질환 예방과 건강관리에 유의하시기 바랍니다. [오산시]",경기도 오산시 ,2025-07-24 10:45,,안전안내,216275,폭염,
"여주시 전역 폭염주의보 발효 중 ▲야외활동 자제 ▲무더위쉼터 이용 ▲부모님 안부전화 ▲축사, 비닐하우스 환기 ▲수분 섭취 등 건강관리에 유의 바랍니다. [여주시]",경기도 여주시 ,2025-07-24 12:57,,안전안내,216293,폭염,
오늘 12:48분부로 여의상류IC 차량 통행이 재개되었음을 알려드립니다. [서울특별시청],서울특별시 전체 ,2025-07-24 13:09,,안전안내,216296,호우,
"오늘부터 의정부시 폭염으로, 야외 활동을 자제하시기 바라며 충분히 물을 마시고 그늘에서 휴식을 취하는 등 건강관리에 유의하시기 바랍니다. [의정부시청]",경기도 의정부시 ,2025-07-24 13:33,,안전안내,216302,폭염,
"김포지역 체감온도가 33도 이상으로 어르신, 만성질환자 등 안부확인 필요. 특히, 외출 시 충분한 수분섭취 등 건강관리에 유의하세요. [김포시청]",경기도 김포시 ,2025-07-24 14:02,,안전안내,216310,폭염,
"고색동산업단지에서 실종된 박창윤씨(남,31세)를 찾습니다-145cm,베이지색반팔티,검정긴바지,검정운동화,안경 vo.la/ssANK / ☎182 [경기남부경찰청]","경기도 수원시 장안구 ,경기도 수원시 권선구 ,경기도 수원시 팔달구 ,경기도 수원시 영통구 ",2025-07-24 16:26,,안전안내,216328,기타,
"화성시 기산동 말라리아 환자 발생. 야외활동 시 모기 기피제 사용, 밝은색 긴 옷 착용으로 모기에 물리지 않도록 주의하세요.[화성시]",경기도 화성시 ,2025-07-24 17:07,,안전안내,216334,기타,
오늘 17:30 폭염경보. 야외 활동을 자제하세요. 충분히 물을 마시고 그늘에서 휴식을 취하는 등 건강관리에 유의하세요. [행정안전부],"강원특별자치도 고성군 ,강원특별자치도 속초시 ,강원특별자치도 양양군 ,강원특별자치도 홍천군 ,경기도 안성시 ,경기도 양평군 ,경기도 여주시 ,경기도 오산시 ,경기도 이천시 ,경기도 평택시 ,경기도 화성시 ,충청북도 옥천군 ,충청북도 충주시 ,충청북도 청주시 상당구 ,충청북도 청주시 서원구 ,충청북도 청주시 흥덕구 ,경기도 용인시 처인구 ,경기도 용인시 기흥구 ,경기도 용인시 수지구 ,충청북도 청주시 청원구 ",2025-07-24 17:33,,안전안내,216341,폭염,
"여주시 폭염경보 상향 발효. 낮시간 야외활동 및 작업을 자제하여 주시고 충분한 수분 섭취, 노약자 안전 확인, 그늘 휴식 등 건강관리에 유의바랍니다.[여주시]",경기도 여주시 ,2025-07-24 17:45,,안전안내,216343,폭염,
가평읍 군도14호선(북한강유원지 입구~구경강교) 낙석 위험으로 도로 양방향 통제중. 국도46호선으로 우회하여 주시기 바랍니다.[가평군],경기도 가평군 ,2025-07-24 17:46,,안전안내,216344,호우,
"김포시에서 실종된 김경택씨(남,80세)를 찾습니다-156cm,빨강반팔티,검정긴바지,검정운동화, 반백머리 vo.la/Qczsr / ☎112 [경기남부경찰청]",경기도 김포시 ,2025-07-24 19:35,,안전안내,216347,기타,
"일산서구에서 실종된 김경택씨(남,80세)를 찾습니다-156cm,빨강반팔티,검정긴바지,검정운동화, 반백머리 vo.la/Qczsr / ☎112 [경기북부경찰청]","경기도 고양시 덕양구 ,경기도 고양시 일산동구 ,경기도 고양시 일산서구 ",2025-07-24 19:37,,안전안내,216348,기타,
"북한 쓰레기풍선이 서울 상공에서 지속 식별중, 야간 야외활동 및 운전 등 안전에 유의하시고, 발견 시 군부대(1338)나 경찰에 신고 바랍니다.[서울특별시청]",서울특별시 전체 ,2025-07-24 21:10,,안전안내,216350,기타,
"파주시에서 실종된 심정희씨(여,72세)를 찾습니다-158cm,45kg,갈색계열민소매티,흰색긴바지,슬리퍼
vo.la/UaPCp / ☎112 [경기북부경찰청]",경기도 파주시 ,2025-07-25 8:18,,안전안내,216353,기타,
"이천시 폭염경보 발효 중. 논, 밭, 건설현장 등 야외 작업자 활동 자제하여 주시기 바라며, 충분한 물 섭취, 그늘에서 휴식 등 건강 관리에 유의하세요.[이천시]",경기도 이천시 ,2025-07-25 9:09,,안전안내,216357,폭염,
"폭염주의보 발효 중, 낮 동안 최고체감온도 33도 이상으로 온열질환 발생이 우려되오니 야외활동 자제, 수분 섭취와 휴식 등 건강에 유의하시기 바랍니다.[시흥시청]",경기도 시흥시 ,2025-07-25 9:18,,안전안내,216360,폭염,
"여주시 폭염경보 발효중. 낮시간 야외활동 및 작업을 자제하여 주시고 충분한 수분 섭취, 노약자 안전 확인, 그늘 휴식 등 건강관리에 유의바랍니다.[여주시]",경기도 여주시 ,2025-07-25 9:47,,안전안내,216363,폭염,
오늘 10:00 폭염경보. 야외 활동을 자제하세요. 충분히 물을 마시고 그늘에서 휴식을 취하는 등 건강관리에 유의하세요. [행정안전부],"강원특별자치도 동해시 ,강원특별자치도 원주시 ,강원특별자치도 인제군 ,강원특별자치도 화천군 ,경기도 가평군 ,경기도 과천시 ,경기도 광명시 ,경기도 광주시 ,경기도 구리시 ,경기도 군포시 ,경기도 김포시 ,경기도 남양주시 ,경기도 동두천시 ,경기도 시흥시 ,경기도 양주시 ,경기도 연천군 ,경기도 의왕시 ,경기도 파주시 ,경기도 하남시 ,경상북도 안동시 ,경상북도 영주시 ,서울특별시 강남구 ,서울특별시 강동구 ,서울특별시 강북구 ,서울특별시 강서구 ,서울특별시 관악구 ,서울특별시 광진구 ,서울특별시 구로구 ,서울특별시 금천구 ,서울특별시 노원구 ,서울특별시 도봉구 ,서울특별시 동대문구 ,서울특별시 동작구 ,서울특별시 마포구 ,서울특별시 서대문구 ,서울특별시 서초구 ,서울특별시 성동구 ,서울특별시 성북구 ,서울특별시 송파구 ,서울특별시 양천구 ,서울특별시 영등포구 ,서울특별시 용산구 ,서울특별시 은평구 ,서울특별시 종로구 ,서울특별시 중구 ,서울특별시 중랑구 ,전라남도 고흥군 ,전라남도 해남군 ,전북특별자치도 군산시 ,전북특별자치도 부안군 ,충청남도 천안시 동남구 ,충청남도 천안시 서북구 ,경기도 수원시 장안구 ,경기도 수원시 권선구 ,경기도 수원시 팔달구 ,경기도 수원시 영통구 ,경기도 성남시 수정구 ,경기도 성남시 중원구 ,경기도 성남시 분당구 ,경기도 안양시 만안구 ,경기도 안양시 동안구 ,경기도 안산시 상록구 ,경기도 안산시 단원구 ,경기도 고양시 덕양구 ,경기도 고양시 일산동구 ,경기도 고양시 일산서구 ,경기도 부천시 원미구 ,경기도 부천시 소사구 , 부천시 오정구 ",2025-07-25 10:05,,안전안내,216368,폭염,
"광명시 폭염경보 발효중. 낮시간 야외활동 및 작업을 자제하여 주시고 충분한 수분 섭취, 노약자 안전 확인, 그늘 휴식 등 건강관리에 유의바랍니다.[광명시청]",경기도 광명시 ,2025-07-25 10:05,,안전안내,216369,폭염,
금일 10:00 폭염경보 발령. 야외 활동을 자제하세요. 충분히 물을 마시고 그늘에서 휴식을 취하는 등 건강관리에 유의하세요. [양주시],경기도 양주시 ,2025-07-25 10:09,,안전안내,216372,폭염,
"오늘 10:00 폭염경보 발효. 논, 밭, 건설현장 등 야외 작업 자제, 충분한 물 섭취, 그늘에서 휴식 등 건강관리에 유의하세요. [군포시]",경기도 군포시 ,2025-07-25 10:19,,안전안내,216377,폭염,
"폭염 지속으로 열사병 발생위험 높습니다. 현기증, 메스꺼움 증상시 즉시 야외활동 중지하고 충분한 물마시기 및 휴식을 취하기 바랍니다 [남양주시]",경기도 남양주시 ,2025-07-25 10:28,,안전안내,216382,폭염,
"폭염경보 발효 중. 노약자 및 논, 밭, 건설현장 등 야외 작업자는 활동을 자제하여 주시기 바라며, 충분한 물 섭취, 휴식 등 건강 관리에 유의하세요. [화성시]",경기도 화성시 ,2025-07-25 10:52,,안전안내,216391,폭염,
"현재 경기도 전역 폭염특보 발효중. 갈증을 느끼지 않아도 규칙적으로 물을 자주 마시고 햇볕이 강한 낮 시간대에 야외 작업, 외출 등은 삼가 주세요 [경기도청]",경기도 전체 ,2025-07-25 11:02,,안전안내,216396,폭염,
"화성시에서 실종된 조명자씨(여,79세)를 찾습니다-150cm,55kg,푸른색반팔(미키마우스프린팅),핑크모자
vo.la/agnyb / ☎182 [경기남부경찰청]",경기도 화성시 ,2025-07-25 12:06,,안전안내,216412,기타,
"의왕시 폭염경보 발효 중.▲농업인 및 실외근로자 야외작업 자제▲특히, 1인 작업 매우 위험▲폭염안전수칙(물,그늘,휴식)지키기 등 안전에 유의바랍니다. [의왕시]",경기도 의왕시 ,2025-07-25 13:26,,안전안내,216420,폭염,
"여주시 폭염경보 발효 중 ▲논·밭·건설현장 야외활동 자제▲이웃간 안부확인▲무더위쉼터 이용▲폭염 안전수칙(물, 그늘, 휴식)준수로 온열질환 예방바랍니다.[여주시]",경기도 여주시 ,2025-07-25 14:23,,안전안내,216438,폭염,
"폭염특보 발효중입니다. 낮 시간 과도한 야외활동은 자제하시고 야외작업 시 물마시기, 휴식 취하기로 건강관리에 유의하시기 바랍니다.[안산시청]","경기도 안산시 상록구 ,경기도 안산시 단원구 ",2025-07-25 14:53,,안전안내,216440,폭염,
"화성시에서 실종된 이정원씨(여,61세)를 찾습니다-161cm,70kg,흰색위생두건,검정상하의,백팩,마스크
vo.la/fSRDC / ☎182 [경기남부경찰청]",경기도 화성시 ,2025-07-25 15:21,,안전안내,216445,기타,
"동대문구에서 배회 중인 이정원씨(여,61세)를 찾습니다-161cm,70kg,흰색위생두건,검정상하의,백팩,마스크
vo.la/fSRDC / ☎182 [서울경찰청]",서울특별시 동대문구 ,2025-07-25 15:24,,안전안내,216446,기타,
"관악구에서 실종된 이종대씨(남,80세)를 찾습니다-163cm,60kg,빠른걸음,하늘색긴팔,체크칠부바지,빨간모자
vo.la/LyvQb / ☎112 [서울경찰청]",서울특별시 관악구 ,2025-07-25 17:53,,안전안내,216455,기타,
"성남시 주민인 최춘용씨(남,76세)를 찾습니다-170cm,76kg,남색긴점퍼,검정바지,검정운동화,이마에큰점
vo.la/MUtUu / ☎112 [경기남부경찰청]","경기도 성남시 수정구 ,경기도 성남시 중원구 ,경기도 성남시 분당구 ",2025-07-25 20:01,,안전안내,216457,기타,
"광진구에서 목격된 최춘용씨(남,76세)를 찾습니다-170cm,76kg,남색긴점퍼,검정바지,검정운동화,이마에큰점
vo.la/MUtUu / ☎112 [서울경찰청]",서울특별시 광진구 ,2025-07-25 20:03,,안전안내,216458,기타,
"오늘 20:15 경기(성남) 호우주의보 발령. 하천 주변 산책로, 계곡, 급경사지, 농수로 등 위험 지역에는 가지 마시고, 하천 범람에 주의하세요. [행정안전부]","경기도 성남시 수정구 ,경기도 성남시 중원구 ,경기도 성남시 분당구 ",2025-07-25 20:16,,안전안내,216460,호우,
"남양주시 주민인 서영주(여,12세)를 찾습니다-162cm,80kg,일자앞머리,회색긴팔후드와반바지,삼선검정슬리퍼
vo.la/dZuYf/ ☎112 [경기북부경찰청]",경기도 남양주시 ,2025-07-25 20:25,,안전안내,216461,기타,
"구리시에서 목격된 서영주(여,12세)를찾습니다-162cm,80kg,일자앞머리,회색긴팔후드와반바지,삼선검정슬리퍼
vo.la/dZuYf/ ☎112 [경기북부경찰청]",경기도 구리시 ,2025-07-25 20:31,,안전안내,216462,기타,
"금일 낙뢰를 동반한 호우가 예상되오니, 안전에 유의하시기 바라며 낙뢰 발생 시에는 안전한 장소로 이동하기시 바랍니다.[남양주시]",경기도 남양주시 ,2025-07-25 20:46,,안전안내,216463,기타,
"오늘 20:45 호우주의보 발령. 하천 주변 산책로, 계곡, 급경사지, 농수로 등 위험 지역에는 가지 마시고, 하천 범람에 주의하세요. [행정안전부]","서울특별시 강남구 ,서울특별시 강동구 ,서울특별시 서초구 ,서울특별시 송파구 ",2025-07-25 20:49,,안전안내,216464,호우,
강한 비구름대 서남권에서 중심부 이동중으로 안양천 통제하오니 시민분들께서는 하천변 산책로 등 접근을 자제하여 주시기 바랍니다. [강서구],서울특별시 강서구 ,2025-07-25 21:19,,안전안내,216465,호우,
"지하주택, 지하상가, 지하주차장 등 지하 바닥에 물이 차오르거나 하수구 역류 시 즉시 전기를 차단하고, 가스를 잠근 후 지상으로 대피하세요.[서울특별시청]",서울특별시 전체 ,2025-07-25 21:26,,안전안내,216466,호우,
현재 집중 호우로 위험하오니 별빛내린천 진입을 금하고 저지대 반지하주택 주민은 물막이판 및 배수로 점검해 주시기 바랍니다.[관악구청],서울특별시 관악구 ,2025-07-25 21:32,,안전안내,216467,호우,
"오늘 밤 짧은 시간 안에 매우 강하고 많은 비가 예상됩니다. 산간계곡, 하천변 산책로 등 이용을 자제하여 주시기 바랍니다.[의정부시]",경기도 의정부시 ,2025-07-25 21:43,,안전안내,216468,호우,
"폭염경보 발효 중, 낮 동안 최고체감온도 35도 이상으로 온열질환 발생이 우려되오니 야외활동 자제, 수분 섭취와 휴식 등 건강에 유의하시기 바랍니다. [시흥시]",경기도 시흥시 ,2025-07-26 8:49,,안전안내,216479,폭염,
"연일 무더위가 지속될 예정입니다. 온열질환이 발생하지 않도록 실외 활동에 유의하시고 폭염안전수칙(물, 그늘, 휴식)을 준수하여 주시기 바랍니다.[광명시청]",경기도 광명시 ,2025-07-26 9:00,,안전안내,216481,폭염,
"이천시 폭염경보 발효 중. 논, 밭, 건설현장 등 야외 작업자 활동 자제하여 주시기 바라며, 충분한 물 섭취, 그늘에서 휴식 등 건강 관리에 유의하세요.[이천시]",경기도 이천시 ,2025-07-26 9:01,,안전안내,216482,폭염,
"폭염 경보가 연일 지속되고 있습니다. 온열질환 발생 가능성이 높으므로 야외활동을 자제하시고, 폭염 안전수칙(물,휴식 등)을 준수해주시기 바랍니다.  [여주시]",경기도 여주시 ,2025-07-26 9:06,,안전안내,216484,폭염,
"노원구 주민인 임종철씨(남,82세)를 찾습니다- 175cm,79kg,체크무늬남방,회색추리닝,회색운동화,하늘색모자 vo.la/vscFx /☎182 [서울경찰청]",서울특별시 노원구 ,2025-07-26 9:17,,안전안내,216487,기타,
"고양시 주민인 권운하씨(남,82세)를 찾습니다-165cm,55kg,회색반팔상의,검정바지,회색슬리퍼,앞부분대머리 vo.la/dKCXw /☎182 [경기북부경찰청]","경기도 고양시 덕양구 ,경기도 고양시 일산동구 ,경기도 고양시 일산서구 ",2025-07-26 9:44,,안전안내,216489,기타,
"종로구에서 목격된 권운하씨(남,82세)를 찾습니다-165cm,55kg,회색반팔상의,검정바지,회색슬리퍼,앞부분대머리 vo.la/dKCXw /☎182 [서울경찰청]",서울특별시 종로구 ,2025-07-26 9:45,,안전안내,216491,기타,
"현재 남양주시 전역 폭염경보 발효중. 야외 활동을 자제하세요, 충분히 물을 마시고 그늘에서 휴식을 취하는 등 건강관리에 유의하세요. [남양주시]",경기도 남양주시 ,2025-07-26 10:13,,안전안내,216495,폭염,
"가평군 전역 폭염경보 발령 중. 논 밭 작업장 및 야외 활동을 자제하시고, 충분히 물을 마시고 그늘에서 휴식을 취하는 등 건강관리에 유의하세요. [가평군]",경기도 가평군 ,2025-07-26 11:01,,안전안내,216514,폭염,
금일 폭염경보 발효 지속. 야외 활동을 자제하세요. 충분히 물을 마시고 그늘에서 휴식을 취하는 등 건강관리에 유의하세요. [양주시],경기도 양주시 ,2025-07-26 11:13,,안전안내,216517,폭염,
"폭염경보 발효중. 낮시간 동안 야외 활동을 자제하세요, 충분히 물을 마시고 그늘에서 휴식을 취하는 등 건강관리에 유의하세요. [구리시]",경기도 구리시 ,2025-07-26 11:18,,안전안내,216518,폭염,
"폭염경보 발효, 온열질환 예방을 위해 낮시간 야외활동 자제, 충분한 수분섭취와 휴식, 주변 노약자분들께 안부전화 등 안전수칙을 준수하여 주시기 바랍니다.[양평군]",경기도 양평군 ,2025-07-26 13:58,,안전안내,216538,폭염,
"체감온도 33도 이상, 폭염이 지속되고 있습니다. 논·밭·공사장 등 야외작업 자제, 충분한 물 섭취, 그늘에서 휴식 등 건강관리에 유의하시기 바랍니다. [군포시]",경기도 군포시 ,2025-07-26 14:01,,안전안내,216540,폭염,
"여주시 전역 폭염 경보 발효 중. 야외 활동 자제(논, 밭, 공사장 등), 충분한 물 마시기, 모자나 양산 착용, 안부전화 등 건강에 유의 바랍니다.[여주시]",경기도 여주시 ,2025-07-26 14:11,,안전안내,216544,폭염,
"관내 말라리아 확진자 발생. 발열 등 말라리아 의심증상 발생 시 보건소나 의료기관 방문. 야간활동 자제, 야외활동 후 샤워 등 예방수칙 준수[동두천시]",경기도 동두천시 ,2025-07-26 15:29,,안전안내,216553,전염병,
"서초구에서 배회중인 이종대씨(남,80세)를 찾습니다- 163cm,긴팔상의,체크무늬칠부바지,검정슬리퍼,빨간색모자 vo.la/LyvQb / ☎182 [서울경찰청]",서울특별시 서초구 ,2025-07-26 15:35,,안전안내,216555,기타,
"마포구 주민인 박점제씨(남,86세)를 찾습니다- 165cm,흰줄무늬남색반팔,반바지,파란색나이키신발,치매인식표목걸이 vo.la/oROJa /☎182 [서울경찰청]",서울특별시 마포구 ,2025-07-26 16:00,,안전안내,216559,기타,
"고양시 주민인 성이남씨(여,82세)를찾습니다-158cm,56kg,짧은곱슬머리,꽃무늬상의,베이지색면바지,흰운동화 vo.la/HAYOv /☎182 [경기북부경찰청]","경기도 남양주시 ,경기도 고양시 덕양구 ,경기도 고양시 일산동구 ,경기도 고양시 일산서구 ",2025-07-26 16:11,,안전안내,216562,기타,
2024-07-27 06:00~18:00 팽성 미군기지 인근 집회(행진)로 교통통제 예정. 인근 통행 시 우회 바랍니다.(031-8053-0161)[평택경찰서],경기도 평택시 ,2025-07-26 17:07,,안전안내,216566,기타,
"오늘 밤 짧은 시간 안에 매우 강하고 많은 비가 예상됩니다. 산간계곡, 하천변 야영을 자제하시고 대피 권고를 받으면 즉시 대피하세요.[포천시청]",경기도 포천시 ,2025-07-26 19:53,,안전안내,216576,호우,
"오늘 밤 비가 많이 올 것으로 예상됩니다. 집 주변 배수로를 미리 정비하시고, 산간 계곡, 하천변 산책로 등 위험 지역 방문을 자제하세요. [가평군]",경기도 가평군 ,2025-07-26 20:14,,안전안내,216582,호우,
"내일까지 많은 강수가 예상됩니다. 계곡, 하천, 유원지, 캠핑장 등 행락객들은 사전대피를 권고 드리며 강우 시작시 안전지대로 즉시 대피하시기 바랍니다.[경기도청]","경기도 가평군 ,경기도 김포시 ,경기도 남양주시 ,경기도 동두천시 ,경기도 양주시 ,경기도 양평군 ,경기도 연천군 ,경기도 파주시 ,경기도 포천시 ,경기도 고양시 덕양구 ,경기도 고양시 일산동구 ,경기도 고양시 일산서구 ",2025-07-26 20:20,,안전안내,216583,호우,
지역에 따라 예상치 못한 돌풍과 폭우 발생 우려가 있으니 인명 및 시설피해가 없도록 주의바랍니다.[김포시청],경기도 김포시 ,2025-07-26 20:28,,안전안내,216584,호우,
"오늘 밤부터 내일 아침 사이 경기 북부 지역에 많은 강수가 내릴 예정이니, 하천변 캠핑장 야영객들은 안전에 주의하시기 바랍니다. [양주시]",경기도 양주시 ,2025-07-26 20:34,,안전안내,216585,호우,
"내일까지 많은 강수가 예상됩니다. 계곡, 하천, 유원지, 캠핑장 등 행락객들은 사전대피를 권고 드리며 강우 시작시 안전지대로 즉시 대피하시기 바랍니다.[연천군청]",경기도 연천군 ,2025-07-26 20:49,,안전안내,216587,호우,
"오늘 밤부터 내일까지 많은 비가 올 것으로 예상됩니다. 산간계곡, 하천변 산책로 등 이용을 자제하여 주시기 바랍니다. [의정부시]",경기도 의정부시 ,2025-07-26 20:57,,안전안내,216588,호우,
"송파구 주민인 고인선씨(여,29세)를 찾습니다 -160cm,흰색반팔티(여성4명그림),흰색7부바지,분홍색크록스 vo.la/KEzxN/ ☎112 [서울경찰청]","서울특별시 강동구 ,서울특별시 송파구 ",2025-07-27 8:30,,안전안내,216589,기타,
폭염경보 발효 중. 연일 이어지는 무더위로 온열질환이 우려되오니 야외 활동 자제 및 충분한 물을 마시고 휴식하는 등 건강에 유의하세요.[시흥시청],경기도 시흥시 ,2025-07-27 8:56,,안전안내,216590,폭염,
김포 전역 연일 폭염경보로 온열질환에 걸리기 쉬우므로 ▲야외활동 자제 ▲충분한 수분섭취 ▲작업시 정기적 휴식하여 건강관리에 유의바랍니다.[김포시청],경기도 김포시 ,2025-07-27 9:00,,안전안내,216592,폭염,
"연일 무더위가 지속되고 있습니다. 온열질환이 발생하지 않도록 실외 활동에 유의하시고 폭염안전수칙(물, 그늘, 휴식)을 준수하여 주시기 바랍니다.[광명시청]",경기도 광명시 ,2025-07-27 9:06,,안전안내,216595,폭염,
"연일 무더위가 지속되고 있습니다. 논밭, 건설현장 등 야외작업 자제 ▲현기증 발생 시 즉시 야외활동 중지 ▲수분섭취와 휴식 등 건강관리에 유의바랍니다. [화성시]",경기도 화성시 ,2025-07-27 10:17,,안전안내,216621,폭염,
"화성시에서 실종된 서선규씨(남,83세)를 찾습니다-153cm,42kg,검정잠바,바지착용,안경,우산들고있음 vo.la/jdCPg / ☎112 [경기남부경찰청]",경기도 화성시 ,2025-07-27 10:23,,안전안내,216625,기타,
"오산시에서 배회중인 안인모씨(남,66세)를 찾습니다-168cm,회색반팔,검정긴바지,3125무쏘은색차운행,긴머리 vo.la/Pxzkn/ ☎112 [경기남부경찰청]",경기도 오산시 ,2025-07-27 11:29,,안전안내,216650,기타,
"화성시에서 배회중인 안인모씨(남,66세)를 찾습니다-168cm,회색반팔,검정긴바지,3125무쏘은색차운행,긴머리 vo.la/Pxzkn/ ☎112 [경기남부경찰청]",경기도 화성시 ,2025-07-27 11:32,,안전안내,216651,기타,
"연일 무더위가 지속되고 있습니다. 논밭, 건설현장 등 야외활동 자제 ▲현기중 발생 시 즉시 야외활동 중지 ▲수분섭취와 휴식 등 건강관리에 유의바랍니다. [의왕시]",경기도 의왕시 ,2025-07-27 13:05,,안전안내,216670,폭염,
"현재 폭염경보 발효 중. 체감온도 35도 이상의 무더위가 지속되고 있습니다. 낮 시간 야외활동 자제, 충분한 물 섭취 등 건강관리에 유의하시기 바랍니다.[여주시]",경기도 여주시 ,2025-07-27 14:25,,안전안내,216687,폭염,
"영등포구 주민인 이환오씨(남,80세)를 찾습니다-165cm,60kg,반백,짙은회색반팔티,흰색잠옷칠부바지,맨발
vo.la/OudvR /☎112 [서울경찰청]",서울특별시 영등포구 ,2025-07-27 15:05,,안전안내,216690,기타,
"군포시 폭염경보 발효중. 논밭, 공사장 등 야외 작업활동을 자제하시고, 충분히 물을 마시고 그늘에서 휴식을 취하는 등 건강관리에 유의하세요. [군포시]",경기도 군포시 ,2025-07-27 15:34,,안전안내,216692,폭염,
"오늘 17:30 포천지역 호우주의보 발령. 하천 주변 산책로, 계곡, 급경사지, 농수로 등 위험 지역에는 가지 마시고, 하천 범람에 주의하세요. [포천시]",경기도 포천시 ,2025-07-27 18:05,,안전안내,216695,호우,
"마포구 주민인 차호섭씨(남,63세)를 찾습니다-155cm,53kg,파란반팔셔츠,검정바지,검정신발,검정우산,검정봉투
vo.la/fEEEo /☎112 [서울경찰청]",서울특별시 마포구 ,2025-07-27 18:49,,안전안내,216696,기타,
광명시 노온사동 572-7번지 물류창고 화재발생 인근 주민은 안전에 유의 바랍니다.[광명시청],경기도 광명시 ,2025-07-27 19:07,,안전안내,216697,화재,
현재 경기 광명시 노온사동 물류창고 화재로 연기가 다량 발생하고 있으니 인근 지역에서는 창문을 닫고 안전에 유의하시기 바랍니다. [부천시청],"경기도 부천시 원미구 역곡동,경기도 부천시 원미구 춘의동,경기도 부천시 오정구 여월동,경기도 부천시 오정구 작동,경기도 부천시 오정구 원종동,경기도 부천시 오정구 고강동",2025-07-27 21:55,,안전안내,216701,화재,
현재 경기도 광명시 노온사동 물류창고 화재로 연기가 다량 발생하여 김포지역 일부에 연기가 유입될 수 있으니 창문을 닫는 등 안전에 유의하시기 바랍니다.[김포시청],"경기도 김포시 사우동,경기도 김포시 풍무동,경기도 김포시 고촌읍",2025-07-27 23:34,,안전안내,216702,화재,
"폭염경보 발효중. 야외 활동 자제, 충분한 수분 섭취, 그늘에서 휴식을 취하는 등 온열질환이 발생하지 않도록 건강관리에 유의 바랍니다. [광명시청]",경기도 광명시 ,2025-07-28 9:00,,안전안내,216709,폭염,
"폭염주의보 발효 중. 덥고 습한 날씨가 지속되고 있으니 낮동안 야외활동 자제, 폭염안전수칙(물, 그늘, 휴식) 준수 등 건강에 유의하세요.[시흥시청]",경기도 시흥시 ,2025-07-28 9:00,,안전안내,216710,폭염,
"수원시에서 배회 중인 이학섭씨(남,68세)를 찾습니다-174cm,80kg,분홍반팔카라티,검정반바지,검정슬리퍼
vo.la/angcD / ☎112 [경기남부경찰청]","경기도 수원시 장안구 ,경기도 수원시 권선구 ,경기도 수원시 팔달구 ,경기도 수원시 영통구 ",2025-07-28 9:05,,안전안내,216713,기타,
"광진구에서 배회 중인 김경택씨(남,80세)를 찾습니다-156cm,60kg,짧은반백색머리,빨간색반팔티,검정긴바지
vo.la/kKFLx / ☎112 [서울경찰청]",서울특별시 광진구 ,2025-07-28 10:02,,안전안내,216725,기타,
"체감온도 33도 이상, 폭염이 지속되고 있습니다. 논·밭·공사장 등 야외작업 자제, 충분한 물 섭취, 그늘에서 휴식 등 건강관리에 유의하시기 바랍니다. [화성시]",경기도 화성시 ,2025-07-28 10:05,,안전안내,216728,폭염,
"오산시 폭염경보 발효 중, 야외 활동이나 실외 작업을 자제하시고 충분한 수분 섭취, 그늘에서 휴식 등 온열질환 예방과 건강관리에 유의하시기 바랍니다. [오산시]",경기도 오산시 ,2025-07-28 12:00,,안전안내,216763,폭염,
"의왕시 폭염경보 발효 중. 외출 및 야외 작업(논밭,공사장 등)을 자제하여 주시고 폭염 안전수칙(물,그늘,휴식)준수로 건강관리에 유의 바랍니다.[의왕시]",경기도 의왕시 ,2025-07-28 12:08,,안전안내,216768,폭염,
여주시 폭염경보 연일 지속 중 ▲체감 온도 매우 높음(위험) ▲야외 활동 자제 ▲충분한 수분섭취 ▲그늘 휴식 등 건강관리에 각별히 유의하시기 바랍니다. [여주시],경기도 여주시 ,2025-07-28 14:21,,안전안내,216797,폭염,
"은평구에서 실종된 손성권씨(남,60세)를 찾습니다-158cm,68kg,녹색반팔,검정캡모자,검정긴바지,검정손목시계
vo.la/zRyDy / ☎112 [서울경찰청]",서울특별시 은평구 ,2025-07-28 15:36,,안전안내,216807,기타,
"남양주시에서 목격된 임종철씨(남,82세)를 찾습니다-175cm,체크남방반팔,회색바지,검정운동화,하늘색야구모자
vo.la/vscFx / ☎112 [경기북부경찰청]",경기도 남양주시 ,2025-07-28 16:15,,안전안내,216808,기타,
오늘 16:25 장안면 석포리 718-96 공장에서 화재 발생. 연기가 많이 발생하고 있으니 인근 주민분들은 창문을 닫는등 안전에 유의해주시기 바랍니다[화성시],"경기도 화성시 우정읍,경기도 화성시 남양읍,경기도 화성시 팔탄면,경기도 화성시 장안면",2025-07-28 16:49,,안전안내,216812,화재,
오늘 16:25 장안면 석포리 718-96 공장에서 화재 발생. 연기가 많이 발생하고 있으니 인근 주민분들은 창문을 닫는등 안전에 유의해주시기 바랍니다[화성시],경기도 화성시 ,2025-07-28 17:14,,안전안내,216815,화재,
"수원시에서 배회 중인 박춘봉씨(남,82세)를 찾습니다-175cm,50kg,분홍색계통메이저병원환자복,흰색슬리퍼
vo.la/WSDtG / ☎112 [경기남부경찰청]","경기도 수원시 장안구 ,경기도 수원시 권선구 ,경기도 수원시 팔달구 ,경기도 수원시 영통구 ",2025-07-28 18:28,,안전안내,216818,기타,
오늘 16:25 장안면 석포리 718-96 공장에서 화재 발생. 연기가 많이 발생하고 있으니 인근 주민분들은 창문을 닫는등 안전에 유의해주시기 바랍니다[화성시],경기도 화성시 ,2025-07-28 18:29,,안전안내,216819,화재,
오늘 06:33경 북아현동 두산아파트 전체에 정전 발생. 복구 시간이 소요될 예정이니 다른 피해가 없도록 주의하시기 바랍니다.[서대문구],서울특별시 서대문구 ,2025-07-29 7:25,,안전안내,216821,정전,
"말라리아 발생 주의 알림, 야외활동 시 모기기피제 사용 등 모기물림 주의, 발열, 오한, 두통, 설사 등 의심증상 시 말라리아 검사 받으세요.[연천군]",경기도 연천군 ,2025-07-29 10:13,,안전안내,216856,전염병,
"여주시 폭염경보 발효 중. 온열질환 예방을 위해 ▲논밭, 건설현장 등 야외작업 자제▲충분한 수분 섭취▲무더위 쉼터 이용 등 건강관리에 유의 바랍니다.[여주시]",경기도 여주시 ,2025-07-29 10:29,,안전안내,216863,폭염,
"권선구 주민인 박한영씨(남,81세)를 찾습니다-158cm,70kg,줄무늬반팔남방,회색반바지,회색운동화,검정모자 vo.la/tdEoh/ ☎182 [경기남부경찰청]","경기도 수원시 장안구 ,경기도 수원시 권선구 ,경기도 수원시 팔달구 ,경기도 수원시 영통구 ",2025-07-29 12:50,,안전안내,216882,기타,
"구로구 주민인 원복희씨(여,77세)를찾습니다- 148cm,49kg,빨간색블라우스,남색긴바지,회색계통운동화,흰마스크 vo.la/rHlxR /☎182 [서울경찰청]",서울특별시 구로구 ,2025-07-29 14:17,,안전안내,216900,기타,
"광명시에서 목격된 원복희씨(여,77세)를 찾습니다- 148cm,빨간색블라우스,남색긴바지,회색계통운동화,흰마스크 vo.la/rHlxR /☎182 [경기남부경찰청]",경기도 광명시 ,2025-07-29 14:18,,안전안내,216901,기타,
"이천시 폭염경보 발효 중. 논, 밭, 건설현장 등 야외 작업자 활동 자제하여 주시기 바라며, 충분한 물 섭취, 그늘에서 휴식 등 건강 관리에 유의하세요.[이천시]",경기도 이천시 ,2025-07-29 14:30,,안전안내,216902,폭염,
"영등포구에서 목격된 이상금씨(여,79세)를 찾습니다- 157cm,50kg,흰색,분홍색섞인반팔티,남색긴바지,흰운동화 vo.la/fqthz /☎182 [서울경찰청]",서울특별시 영등포구 ,2025-07-29 16:37,,안전안내,216917,기타,
"화성시 주민인 박상윤씨(여,85세)를찾습니다-149cm,모자,은색자켓,붉은색바지,구두,흰마스크,흰장갑,검정가방 vo.la/JwRyc /☎182 [경기남부경찰청]",경기도 화성시 ,2025-07-29 16:48,,안전안내,216918,기타,
"강북구 주민인 안기종씨(남,81세)를찾습니다-165cm,50kg,회색정장,검정구두,검정중절모,빨간색넥타이,비닐우산 vo.la/Dmwgf /☎182 [서울경찰청]",서울특별시 강북구 ,2025-07-29 16:58,,안전안내,216919,기타,
"파주시에서 실종된 박성배씨(남,50세)를찾습니다-178cm,75kg,붉은계열남방,청바지,검정운동화,남색크로스백 vo.la/KirqE /☎182 [경기북부경찰청]",경기도 파주시 ,2025-07-29 17:10,,안전안내,216922,기타,
"고양시에서 배회중인 박성배씨(남,50세)를 찾습니다- 178cm,붉은계열남방,청바지,검정운동화,남색크로스백 vo.la/KirqE /☎182 [경기북부경찰청]","경기도 고양시 덕양구 ,경기도 고양시 일산동구 ,경기도 고양시 일산서구 ",2025-07-29 17:16,,안전안내,216923,기타,
"경찰은 수원시 주민인 김광순씨(남, 60세)를 찾습니다- 175cm,70kg,흑색머리,환자복상하의,흰색슬리퍼 vo.la/vpgkh /☎182 [경기남부경찰청]","경기도 수원시 장안구 ,경기도 수원시 권선구 ,경기도 수원시 팔달구 ,경기도 수원시 영통구 ",2025-07-29 17:42,,안전안내,216924,기타,
"광명시 주민인 김석기씨(남,76세)를 찾습니다- 170cm,흰바탕남색무늬셔츠,체크무늬칠부바지,흰운동화,검정모자 vo.la/XbhCg /☎112 [경기남부경찰청]",경기도 광명시 ,2025-07-29 18:06,,안전안내,216926,기타,
"경찰은 은평구 주민인 윤경숙씨(여, 54세)를 찾습니다- 157cm,55kg,단발머리,하늘색원피스,검정색운동화 vo.la/ASxVT /☎112 [서울경찰청]",서울특별시 은평구 ,2025-07-29 18:15,,안전안내,216927,기타,
"화성시에서 배회중인 박한영씨(남,81세)를 찾습니다- 158cm,줄무늬반팔남방,회색반바지,검정모자,버스무임승차 vo.la/tdEoh/ ☎112 [경기남부경찰청]",경기도 화성시 ,2025-07-29 18:23,,안전안내,216928,기타,
"경찰은 부천시 주민인 백성연씨(남, 73세)를 찾습니다- 175cm,70kg,파란색반팔티,검정긴바지,흰색실내화 vo.la/CsJPo /☎112 [경기남부경찰청]","경기도 부천시 원미구 ,경기도 부천시 소사구 , 부천시 오정구 ",2025-07-29 19:41,,안전안내,216932,기타,
"동대문구에서 배회중인 고영희씨(여,75세)를 찾습니다-150cm,하늘색줄무늬셔츠,회색바지,검정신발,베이지색가방 vo.la/mtTQj / ☎112 [서울경찰청]",서울특별시 동대문구 ,2025-07-30 8:43,,안전안내,216939,기타,
"노원구에서 배회중인 고영희씨(여,75세)를 찾습니다-150cm,하늘색줄무늬셔츠,회색바지,검정신발,베이지색가방 vo.la/mtTQj / ☎112 [서울경찰청]",서울특별시 노원구 ,2025-07-30 8:46,,안전안내,216941,기타,
"폭염주의보 발효 중. 갈증을 느끼지 않아도 규칙적으로 물을 마시고 낮동안 과도한 야외작업, 외출 등은 삼가 주세요.[시흥시청]",경기도 시흥시 ,2025-07-30 8:58,,안전안내,216943,폭염,
"소사구에서 실종된 김종순씨(남,84세)를 찾습니다-162cm,하늘색반팔셔츠,검정긴바지,검정신발,흰색모자 vo.la/cUfKG/ ☎182 [경기남부경찰청]","경기도 부천시 원미구 ,경기도 부천시 소사구 , 부천시 오정구 ",2025-07-30 9:05,,안전안내,216947,기타,
"강북구 주민인 양금섭씨(남,64세)를 찾습니다-155cm,55kg,연두색반팔티셔츠,검정반바지,검정운동화 vo.la/eqIPG / ☎182 [서울경찰청]",서울특별시 강북구 ,2025-07-30 9:17,,안전안내,216949,기타,
"중랑구에서 배회중인 양금섭씨(남,64세)를 찾습니다-155cm,55kg,연두색반팔티셔츠,검정반바지,검정운동화 vo.la/eqIPG / ☎182 [서울경찰청]",서울특별시 중랑구 ,2025-07-30 9:20,,안전안내,216950,기타,
07.30.(화) 10:30 가평읍 군도14호선(북한강유원지 입구~구경강교) 통행제한이 해제되었음을 알려드립니다.[가평군],경기도 가평군 ,2025-07-30 10:43,,안전안내,216982,산사태,
"오정구 주민인 항계렐씨(여,17세)를 찾습니다-168cm,50kg,흰색반팔티,검정긴바지,흰색운동화 vo.la/IvzgZ / ☎182 [경기남부경찰청]","경기도 부천시 원미구 ,경기도 부천시 소사구 , 부천시 오정구 ",2025-07-30 11:16,,안전안내,216990,기타,
"여주시 폭염경보 연일 발효 중. 논, 밭, 건설현장 등 야외 활동 자제, 충분한 물 섭취, 그늘에서 휴식 등 건강관리에 유의하세요. [여주시]",경기도 여주시 ,2025-07-30 13:02,,안전안내,217003,폭염,
"이천시 폭염경보 발효 중. 논, 밭, 건설현장 등 야외 작업자 활동 자제하여 주시기 바라며, 충분한 물 섭취, 그늘에서 휴식 등 건강 관리에 유의하세요.[이천시]",경기도 이천시 ,2025-07-30 13:38,,안전안내,217010,폭염,
"동두천시 상봉암동 말라리아 환자 발생. 야외활동 시 모기 기피제 사용, 밝은색 긴 옷 착용으로 모기에 물리지 않도록 주의하세요.[동두천시]",경기도 동두천시 ,2025-07-30 15:45,,안전안내,217030,전염병,
"송파구에서 목격된 김순범씨(남,76세)를 찾습니다-156cm,파랑반팔카라티,남색긴바지,연두색등산모자,밤색신발 vo.la/FgYia / ☎112 [서울경찰청]",서울특별시 송파구 ,2025-07-30 19:17,,안전안내,217040,기타,
"폭염주의보 발효 중. 규칙적인 수분 섭취와 휴식 등 건강에 유의하시고, 특히 낮시간 영농작업 등 야외작업은 자제하여 주시기 바랍니다.[시흥시청]",경기도 시흥시 ,2025-07-31 8:52,,안전안내,217047,폭염,
우리 시에 폭염주의보가 발효중입니다. 기온이 높은 한낮에는 야외 활동을 자제해주시고 충분한 수분 섭취 및 휴식으로 건강 관리에 유의하시기 바랍니다.[광명시청],경기도 광명시 ,2025-07-31 10:00,,안전안내,217064,폭염,
오늘 10:00 폭염경보. 야외 활동을 자제하세요. 충분히 물을 마시고 그늘에서 휴식을 취하는 등 건강관리에 유의하세요. [행정안전부],"강원특별자치도 고성군 ,강원특별자치도 속초시 ,강원특별자치도 양구군 ,강원특별자치도 양양군 ,강원특별자치도 원주시 ,강원특별자치도 인제군 ,강원특별자치도 춘천시 ,강원특별자치도 화천군 ,경기도 가평군 ,경기도 과천시 ,경기도 구리시 ,경기도 남양주시 ,경기도 오산시 ,경기도 하남시 ,경기도 화성시 ,서울특별시 강남구 ,서울특별시 강동구 ,서울특별시 강북구 ,서울특별시 강서구 ,서울특별시 관악구 ,서울특별시 광진구 ,서울특별시 구로구 ,서울특별시 금천구 ,서울특별시 노원구 ,서울특별시 도봉구 ,서울특별시 동대문구 ,서울특별시 동작구 ,서울특별시 마포구 ,서울특별시 서대문구 ,서울특별시 서초구 ,서울특별시 성동구 ,서울특별시 성북구 ,서울특별시 송파구 ,서울특별시 양천구 ,서울특별시 영등포구 ,서울특별시 용산구 ,서울특별시 은평구 ,서울특별시 종로구 ,서울특별시 중구 ,서울특별시 중랑구 ,전라남도 목포시 ,전라남도 신안군 ,전라남도 여수시 ,전라남도 진도군 ,전북특별자치도 남원시 ,전북특별자치도 순창군 ,전북특별자치도 임실군 ,충청남도 논산시 ,충청남도 당진시 ,충청남도 부여군 ,충청남도 청양군 ,충청남도 홍성군 ,경기도 성남시 수정구 ,경기도 성남시 중원구 ,경기도 성남시 분당구 ,경기도 고양시 덕양구 ,경기도 고양시 일산동구 ,경기도 고양시 일산서구 ",2025-07-31 10:02,,안전안내,217068,폭염,
"오산시 주민인 김동구씨(남,87세)를 찾습니다-170cm,55kg,회색반팔,남색긴바지,흰색모자,폐지리어카
vo.la/xnZTzv / ☎182 [경기남부경찰청]",경기도 오산시 ,2025-07-31 10:07,,안전안내,217072,기타,
"평택시에서 배회중인 김동구씨(남,87세)를 찾습니다-170cm,55kg,회색반팔,남색바지,흰색모자,폐지리어카
vo.la/xnZTzv/ ☎182 [경기남부경찰청]",경기도 평택시 ,2025-07-31 10:11,,안전안내,217075,기타,
"의왕시 폭염주의보 발효 중. 논, 밭, 공사장 등 야외작업 시 충분한 수분섭취 및 휴식을 취하시고 외출 시에는 양산쓰기 등 건강관리에 유의바랍니다. [의왕시청]",경기도 의왕시 ,2025-07-31 10:17,,안전안내,217079,폭염,
오산시 폭염경보 발효 중. 낮시간 야외 활동을 자제하시고 충분한 수분 섭취와 휴식 등 온열질환 예방 및 건강 관리에 유의하시기 바랍니다. [오산시],경기도 오산시 ,2025-07-31 10:19,,안전안내,217081,폭염,
현재 남양주시 전역 폭염경보 발효중. 야외 활동을 자제하세요. 충분히 물을 마시고 그늘에서 휴식을 취하는 등 건강관리에 유의하세요. [남양주시],경기도 남양주시 ,2025-07-31 10:30,,안전안내,217087,폭염,
"부천시에서 목격된 천준우씨(남,74세)를 찾습니다-167cm,85kg,흰색런닝,진회색칠부바지,빨간모자,흰색수건
vo.la/DUTGy/ ☎182 [경기남부경찰청]","경기도 부천시 원미구 ,경기도 부천시 소사구 , 부천시 오정구 ",2025-07-31 10:32,,안전안내,217089,기타,
"성북구 주민인 김봉균씨(남,81세)를 찾습니다-178cm,75kg,검정점퍼,검정바지,검정운동화,검정모자,지팡이
 vo.la/zEEzt /☎182 [서울경찰청]","서울특별시 성북구 ,서울특별시 종로구 ",2025-07-31 13:25,,안전안내,217120,기타,
"폭염주의보 발효 중. 규칙적인 수분 섭취와 휴식 등 건강에 유의하시고, 특히 낮시간 영농작업 등 야외작업은 자제하여 주시기 바랍니다. [시흥시청]",경기도 시흥시 ,2025-07-31 13:30,,안전안내,217123,폭염,
"폭염이 지속됨에 따라 야외 활동을 자제하시고, 안전수칙(물, 그늘, 휴식) 준수, 부모님께 안부전화 등 건강관리에 유의하세요. [의정부시]",경기도 의정부시 ,2025-07-31 13:33,,안전안내,217125,폭염,
"여주시 폭염경보 발효중, 기온이 높은 한낮에는 야외작업을 자제하여 주시고, 충분한 수분 섭취 및 휴식, 무더위쉼터 이용 등으로 건강관리에 유의 바랍니다 [여주시]",경기도 여주시 ,2025-07-31 13:36,,안전안내,217127,폭염,
"폭염특보 발효중입니다. 낮 시간 과도한 야외활동은 자제하시고 야외작업 시 물 마시기, 휴식 취하기로 건강관리에 유의하여 주시기 바랍니다.[안산시청]","경기도 안산시 상록구 ,경기도 안산시 단원구 ",2025-07-31 13:45,,안전안내,217131,폭염,
"이천시 폭염경보 발효 중. 논, 밭, 건설현장 등 야외 작업자 활동 자제하여 주시기 바라며, 충분한 물 섭취, 그늘에서 휴식 등 건강 관리에 유의하세요.[이천시]",경기도 이천시 ,2025-07-31 14:21,,안전안내,217137,폭염,
"남양주시 주민인 김중섭씨(남,52세)를 찾습니다-166cm,83kg,배가나옴,흰색반팔,어두운색반바지,운동화
vo.la/AUfzR / ☎182 [경기북부경찰청]",경기도 남양주시 ,2025-07-31 15:05,,안전안내,217144,기타,
"구리시에서 실종된 김중섭씨(남,52세)를 찾습니다-166cm,83kg,배가나옴,흰색반팔,어두운색반바지,운동화
vo.la/AUfzR / ☎182 [경기북부경찰청]",경기도 구리시 ,2025-07-31 15:08,,안전안내,217145,기타,
오늘 16:00 폭염경보. 야외 활동을 자제하세요. 충분히 물을 마시고 그늘에서 휴식을 취하는 등 건강관리에 유의하세요. [행정안전부],"경기도 광명시 ,경기도 김포시 ,경기도 양주시 ,경기도 의정부시 ,경기도 파주시 ,전라남도 신안군 ,경기도 안산시 상록구 ,경기도 안산시 단원구 ",2025-07-31 16:00,,안전안내,217152,폭염,
금일 16:00 양주시 전지역 폭염경보 발령. 야외 활동을 자제하세요. 충분히 물을 마시고 그늘에서 휴식을 취하는 등 건강관리에 유의하세요. [양주시],경기도 양주시 ,2025-07-31 16:08,,안전안내,217153,폭염,
"은평구 주민인 정남이씨(여,74세)를 찾습니다-160cm,60kg,검정계열긴팔과 긴바지,흰색턱마스크,밝은색운동화
vo.la/PuRaT / ☎112 [서울경찰청]",서울특별시 은평구 ,2025-07-31 20:11,,안전안내,217164,기타,
"수원시 주민인 원보림씨(남,65세)를 찾습니다-171cm,55kg,남색반팔티,줄무늬잠옷바지
vo.la/AcbPa /☎112 [경기남부경찰청]","경기도 수원시 장안구 ,경기도 수원시 권선구 ,경기도 수원시 팔달구 ,경기도 수원시 영통구 ",2025-08-01 8:18,,안전안내,217174,기타,
"구리시 주민인 이정순씨(여,52세)를 찾습니다-154cm,55kg,흰색민소매,푸른계열바지,슬리퍼
vo.la/snrxUa /☎112 [경기북부경찰청]",경기도 구리시 ,2025-08-01 8:26,,안전안내,217176,기타,
"폭염경보 발효 중. 온열질환 위험이 매우 높으니 한낮 야외작업(논,밭,건설현장 등)을 자제하시고 그늘휴식, 수분섭취 등 건강관리에 유의 바랍니다.[광명시청]",경기도 광명시 ,2025-08-01 9:01,,안전안내,217182,폭염,
폭염주의보 발효 중. 충분한 수분 섭취와 그늘에서 휴식 등 건강에 유의하시고. 특히 낮시간 야외작업은 자제하여 주시기 바랍니다. [시흥시청],경기도 시흥시 ,2025-08-01 9:46,,안전안내,217190,폭염,
김포전역 폭염경보 발효. 누구나 잠깐 및 일반 무더위 쉼터 현황(190개소)을 알려드리니 이용 시 참고바랍니다. bit.ly/3LJYHCL [김포시청],경기도 김포시 ,2025-08-01 10:01,,안전안내,217197,폭염,
금일 양주시 전역 폭염경보 발효 지속중. 야외 활동을 자제하세요. 충분히 물을 마시고 그늘에서 휴식을 취하는 등 건강관리에 유의하세요. [양주시],경기도 양주시 ,2025-08-01 10:22,,안전안내,217206,폭염,
현재 남양주시 전역 폭염경보 발효중. 야외 활동을 자제하세요. 충분히 물을 마시고 그늘에서 휴식을 취하는 등 건강관리에 유의하세요. [남양주시],경기도 남양주시 ,2025-08-01 10:29,,안전안내,217207,폭염,
"여주시 폭염경보 연일 지속 중 ▲논, 밭, 건설현장 등 야외 활동 자제 ▲충분한 수분섭취 ▲그늘 휴식 등 건강관리에 각별히 유의하시기 바랍니다. [여주시]",경기도 여주시 ,2025-08-01 10:35,,안전안내,217209,폭염,
"폭염경보 발효. 열대야현상 지속. 야외활동자제, 충분한 수분섭취와 휴식하시고 건강에 각별히 유의하세요. [구리시청]",경기도 구리시 ,2025-08-01 10:55,,안전안내,217214,폭염,
"수원시 주민인 김복예씨(여,81세)를 찾습니다-149cm,50kg,하늘색반팔티,하늘색반바지,검정운동화,백색머리
vo.la/ZmKaD /☎182 [경기남부경찰청]","경기도 수원시 장안구 ,경기도 수원시 권선구 ,경기도 수원시 팔달구 ,경기도 수원시 영통구 ",2025-08-01 11:24,,안전안내,217226,기타,
"연일 지속되는 폭염으로 온열질환 등의 우려가 있으므로 야외 활동 자제, 안전수칙(물, 그늘,휴식) 준수, 부모님께 안부전화 등 건강관리에 유의하세요. [의정부시]",경기도 의정부시 ,2025-08-01 12:42,,안전안내,217238,폭염,
"폭염경보 연일 발효 중. 논, 밭, 건설현장 등 야외 활동 자제, 충분한 물 섭취, 그늘에서 휴식 등 건강관리에 유의하세요. [화성시]",경기도 화성시 ,2025-08-01 12:47,,안전안내,217240,폭염,
"폭염경보 발효, 농경지 및 건설 현장에서는 낮시간 야외작업 자제, 충분한 휴식과 물 마시기, 주변 노약자분들께 안부전화 등의 안전수칙을 준수바랍니다.[양평군]",경기도 양평군 ,2025-08-01 13:07,,안전안내,217246,폭염,
현재 평택시 폭염경보 발효 중입니다. 온열질환 예방을 위한 야외작업을 자제하여 주시고 충분한 수분을 섭취하시기 바랍니다.(031-8024-4951)[평택시],경기도 평택시 ,2025-08-01 13:40,,안전안내,217257,폭염,
"오산시 폭염경보 발효 중. 야외활동 및 작업(논밭, 공사장 등)을 자제하여 주시고 충분한 수분섭취와 휴식 등 건강관리에 유의하시기 바랍니다. [오산시]",경기도 오산시 ,2025-08-01 14:01,,안전안내,217264,폭염,
"용인시 폭염경보 지속 발효 중. 무더위 시간대에 논·밭 등 야외 작업을 삼가 주시기 바라며, 충분한 휴식과 수분 섭취로 안전관리에 유의 바랍니다. [용인특례시]","경기도 용인시 처인구 ,경기도 용인시 기흥구 ,경기도 용인시 수지구 ",2025-08-01 14:32,,안전안내,217273,폭염,
"여주시 폭염경보 연일 지속 중. 야외 활동 자제(논, 밭, 공사장 등), 충분한 물 마시기, 모자나 양산 착용, 안부전화 등 건강에 유의 바랍니다.[여주시]",경기도 여주시 ,2025-08-01 14:48,,안전안내,217278,폭염,
"종로구에서 목격된 정한봉씨(남,79세)를 찾습니다-170cm,60kg,굽은 등,흰검체크셔츠,회색바지,검정운동화
vo.la/LxhCD /☎182 [서울경찰청]",서울특별시 종로구 ,2025-08-01 15:22,,안전안내,217284,기타,
"폭염주의보 발효 중. 무더운 시간대 논밭작업 등 야외작업은 자제하시고, 수분섭취와 그늘에서 휴식 등 건강에 유의하세요. [시흥시청]",경기도 시흥시 ,2025-08-01 15:37,,안전안내,217286,폭염,
"남양주시 주민인 정남거씨(남,79세)를 찾습니다-157cm,핑크색반팔,검정조끼,검정8부바지,검정모자,검정신발
vo.la/RGNRO /☎182 [경기북부경찰청]",경기도 남양주시 ,2025-08-01 16:13,,안전안내,217291,기타,
"광주시 남한산성면에서 말라리아 환자 발생, 야외활동 시 모기기피제 사용, 밝은색 긴 옷 착용으로 모기에 물리지 않도록 주의하세요.[광주시]",경기도 광주시 ,2025-08-01 16:48,,안전안내,217292,전염병,
"의왕시 주민인 라영길씨(남,71세)를 찾습니다-164cm,55kg,갈색모자,회색반팔,검정긴바지,틀니착용,흰머리
vo.la/OmFRw /☎112 [경기남부경찰청]",경기도 의왕시 ,2025-08-01 18:12,,안전안내,217297,기타,
"수원시에서 목격된 라영길씨(남,71세)를 찾습니다-164cm,55kg,갈색모자,회색반팔,검정긴바지,틀니착용
vo.la/OmFRw /☎112 [경기남부경찰청]","경기도 수원시 장안구 ,경기도 수원시 권선구 ,경기도 수원시 팔달구 ,경기도 수원시 영통구 ",2025-08-01 18:12,,안전안내,217298,기타,
"관악구 주민인 신옥선씨(여,84세)를 찾습니다-157cm,45kg,흰색블라우스,자주색몸빼바지,보라색보행기구
vo.la/bPHKz /☎112 [서울경찰청]","서울특별시 관악구 ,서울특별시 동작구 ",2025-08-01 18:29,,안전안내,217299,기타,
"소사구에서 실종된 안선화씨(여,69세)를 찾습니다-157cm,흰무늬노랑8부셔츠,검정바지,검정운동화,안경미착용 vo.la/SkUqJs/ ☎112 [경기남부경찰청]","경기도 부천시 원미구 ,경기도 부천시 소사구 , 부천시 오정구 ",2025-08-02 8:44,,안전안내,217306,기타,
오늘 10:00 폭염경보. 야외 활동을 자제하세요. 충분히 물을 마시고 그늘에서 휴식을 취하는 등 건강관리에 유의하세요. [행정안전부],"강원특별자치도 양구군 ,강원특별자치도 영월군 ,강원특별자치도 인제군 ,강원특별자치도 정선군 ,강원특별자치도 철원군 ,강원특별자치도 횡성군 ,경기도 군포시 ,경기도 동두천시 ,경기도 시흥시 ,경기도 연천군 ,경기도 의왕시 ,경기도 포천시 ,경상남도 거제시 ,경상남도 거창군 ,경상남도 남해군 ,경상남도 통영시 ,경기도 수원시 장안구 ,경기도 수원시 권선구 ,경기도 수원시 팔달구 ,경기도 수원시 영통구 ,경기도 안양시 만안구 ,경기도 안양시 동안구 ",2025-08-02 10:00,,안전안내,217323,폭염,
"폭염경보 발효 중. 낮동안 야외작업(논, 밭, 건설현장 등)을 자제하시고 규칙적인 수분 섭취와 그늘에서 휴식 등 건강관리에 유의하세요.[시흥시청]",경기도 시흥시 ,2025-08-02 10:19,,안전안내,217334,폭염,
"폭염경보 발효중, 온열질환 예방을 위해 낮시간동안 야외활동을 자제하여 주시고 야외활동 시 충분한 수분섭취와 휴식 등 건강관리에 유의하여 주시기 바랍니다.[화성시]",경기도 화성시 ,2025-08-02 11:27,,안전안내,217357,폭염,
"폭염특보 발효중입니다. 무더위가 예상되오니 과도한 야외활동은 자제하시고 야외작업 시 물 마시기, 휴식 취하기로 건강관리에 유의하여 주시기 바랍니다.[안산시청]","경기도 안산시 상록구 ,경기도 안산시 단원구 ",2025-08-02 13:04,,안전안내,217370,폭염,
"폭염특보 지속 중. 물 충분히 마시기, 논, 밭, 건설현장 등 야외작업 자제, 폭염 안전수칙(물, 그늘, 휴식)지키기 등 건강에 유의바랍니다.[군포시]",경기도 군포시 ,2025-08-02 13:16,,안전안내,217377,폭염,
"폭염 경보 발효 중. △낮 시간 건설 현장, 논, 밭 등 야외활동 자제 △폭염 안전수칙(물, 그늘, 휴식) 준수 등 건강 관리에 유의하시기 바랍니다. [광명시]",경기도 광명시 ,2025-08-02 13:20,,안전안내,217379,폭염,
"의왕시 폭염경보 발효 중. 야외활동 자제, 안전수칙(물,그늘,휴식) 준수, 부모님께 안부 전화드리기 등 지속 전망되는 폭염 피해에 유의하시기 바랍니다.[의왕시청]",경기도 의왕시 ,2025-08-02 13:30,,안전안내,217385,폭염,
"금일 양주시 전역 폭염경보 발효중이니 가장 더운 낮 시간대인 오후 2시~5시 사이 작업시 폭염안전수칙(수분섭취, 휴식시간 등)을 철저히 지키시기 바람. [양주시]",경기도 양주시 ,2025-08-02 13:34,,안전안내,217388,폭염,
"현재 경기도 전역 폭염특보 발효 중. 갈증을 느끼지 않아도 규칙적으로 물을 자주 마시고 햇볕이 강한 낮 시간대에 야외 작업, 외출 등은 삼가 주세요. [경기도청]","경기도 가평군 ,경기도 과천시 ,경기도 광명시 ,경기도 광주시 ,경기도 구리시 ,경기도 김포시 ,경기도 남양주시 ,경기도 동두천시 ,경기도 안성시 ,경기도 양주시 ,경기도 양평군 ,경기도 여주시 ,경기도 연천군 ,경기도 오산시 ,경기도 의왕시 ,경기도 의정부시 ,경기도 이천시 ,경기도 파주시 ,경기도 평택시 ,경기도 포천시 ,경기도 하남시 ,경기도 수원시 장안구 ,경기도 수원시 권선구 ,경기도 수원시 팔달구 ,경기도 수원시 영통구 ,경기도 성남시 수정구 ,경기도 성남시 중원구 ,경기도 성남시 분당구 ,경기도 안양시 만안구 ,경기도 안양시 동안구 ,경기도 고양시 덕양구 ,경기도 고양시 일산동구 ,경기도 고양시 일산서구 ,경기도 용인시 처인구 ,경기도 용인시 기흥구 ,경기도 용인시 수지구 ",2025-08-02 14:01,,안전안내,217397,폭염,
"남양주시 폭염경보 발효중. 낮(12~17시) 동안 야외 작업은 자제하여 주시고, 야외활동시 충분한 물 섭취, 그늘 휴식 등 건강관리에 유의 바랍니다. [남양주시]",경기도 남양주시 ,2025-08-02 14:35,,안전안내,217399,폭염,
"3일째 폭염경보 발령중이니 국립현충원, 보라매공원 야외운동 등을 피하시고, 외출 시 양산사용, 충분한 수분섭취를 통해 건강관리에 유의하시기 바랍니다. [동작구]",서울특별시 동작구 ,2025-08-02 15:37,,안전안내,217408,기타,
"일산동구 주민인 박은자씨(여,44세)를 찾습니다-153cm,주황반팔티,남색7부바지,검정운동화,흰마스크착용 vo.la/FaemM / ☎112 [경기북부경찰청]","경기도 고양시 덕양구 ,경기도 고양시 일산동구 ,경기도 고양시 일산서구 ",2025-08-02 20:20,,안전안내,217418,기타,
"광진구 주민인 이상진씨(남,85세)를 찾습니다-175cm,63kg,어두운색와이셔츠,검정바지,쥐색빵모자,검정신발
vo.la/JykXxO / ☎112 [서울경찰청]","서울특별시 광진구 ,서울특별시 중랑구 ",2025-08-03 8:10,,안전안내,217419,기타,
"송파구에서 실종된 김세진씨(남,20세)를 찾습니다-170cm,100kg,통통한체격,청색계통민소매티,체크무늬반바지
vo.la/VLdJK / ☎112 [서울경찰청]",서울특별시 송파구 ,2025-08-03 9:12,,안전안내,217427,기타,
"용산구 주민인 손정일씨(남,74세)를 찾습니다-165cm,90kg,걸음걸이불편,연청색와이셔츠,검정칠부바지,슬리퍼
vo.la/snNoT / ☎112 [서울경찰청]",서울특별시 용산구 ,2025-08-03 9:25,,안전안내,217433,기타,
"김포지역 최고기온 34도 예상.
야외활동 자제와 휴가철 물놀이 안전수칙 준수로 건강한 여름 나시기 바랍니다.[김포시청]",경기도 김포시 ,2025-08-03 9:28,,안전안내,217435,폭염,
"동대문구에서 목격된 손정일씨(남,74세)를 찾습니다-165cm,90kg,걸음걸이불편,연청색긴팔셔츠,검정칠부바지
vo.la/snNoT / ☎112 [서울경찰청]",서울특별시 동대문구 ,2025-08-03 9:32,,안전안내,217440,기타,
"연일 폭염이 지속되어 온열질환 발생위험이 높습니다. 충분한 물섭취, 그늘 휴식 등
폭염 안전 수칙 준수,부모님 안부전화 등 폭염 피해 유의 바랍니다. [남양주시]",경기도 남양주시 ,2025-08-03 9:37,,안전안내,217443,폭염,
"여름철 물놀이 증가에 따라 관련 안전사고가 다발하고 있습니다.
▲구명조끼 착용▲음주 후 수영금지▲어린이는 보호자 동행 등
물놀이 안전수칙 준수바랍니다.[남양주시]",경기도 남양주시 ,2025-08-03 9:48,,안전안내,217446,기타,
"폭염경보 발효 중. 논밭 작업자, 건설현장 근로자는 낮 시간대 야외작업 자제, 충분한 물 섭취, 냉방시설 있는 곳에서 휴식 등 건강관리에 유의하세요. [화성시]",경기도 화성시 ,2025-08-03 10:00,,안전안내,217453,폭염,
오늘 10:00 폭염경보. 야외 활동을 자제하세요. 충분히 물을 마시고 그늘에서 휴식을 취하는 등 건강관리에 유의하세요. [행정안전부],"인천광역시 강화군 ,인천광역시 계양구 ,인천광역시 미추홀구 ,인천광역시 남동구 ,인천광역시 동구 ,인천광역시 부평구 ,인천광역시 서구 ,인천광역시 연수구 ,인천광역시 옹진군 ,인천광역시 중구 ,전북특별자치도 장수군 ,전북특별자치도 진안군 ,제주특별자치도 제주시 ,충청남도 금산군 ,충청남도 보령시 ,충청남도 서산시 ,충청남도 서천군 ,충청남도 태안군 ,충청남도 계룡시 ,경기도 부천시 원미구 ,경기도 부천시 소사구 , 부천시 오정구 ",2025-08-03 10:03,,안전안내,217458,폭염,
"폭염 경보 발효. 열대야 현상 지속. 야외 활동 자제, 충분한 수분 섭취와 휴식 하시고 건강에 각별히 유의하세요. [구리시청]",경기도 구리시 ,2025-08-03 10:04,,안전안내,217460,폭염,
"의왕시 폭염경보 발효 중. 낮시간 야외 활동 및 외출을 자제하시고, 폭염 안전수칙(물, 그늘, 휴식)을 준수하여 건강관리에 유의 하시기 바랍니다.[의왕시청]",경기도 의왕시 ,2025-08-03 10:21,,안전안내,217490,폭염,
"폭염경보 발효 중. 낮동안 야외작업(논, 밭, 건설현장 등)을 자제하시고 규칙적인 수분 섭취와 그늘에서 휴식 등 건강관리에 유의하세요.[시흥시청]",경기도 시흥시 ,2025-08-03 10:23,,안전안내,217492,폭염,
"양평군전역 폭염경보 발효, 농경지 및 건설현장 야외작업 중지하고 충분한 휴식과 수분 섭취, 주변 노약자분들께 안부전화 등 안전수칙을 준수 바랍니다.[양평군]",경기도 양평군 ,2025-08-03 10:37,,안전안내,217500,폭염,
"광명시 폭염경보 발효 중. 낮시간 야외작업(논,밭,건설현장 등)을 자제하여 주시고 충분히 수분섭취와 그늘 휴식 등 건강관리에 유의하시기 바랍니다. [광명시]",경기도 광명시 ,2025-08-03 10:57,,안전안내,217513,폭염,
"전국 대부분 폭염경보. 체감온도 35도 이상. 야외 활동 자제, 충분히 물 마시기, 그늘에서 휴식, 양산 착용 등 건강관리에 유의하세요. [행정안전부]","강원특별자치도 전체 ,경기도 전체 ,경상남도 전체 ,경상북도 전체 ,광주광역시 전체 ,대구광역시 전체 ,대전광역시 전체 ,부산광역시 전체 ,서울특별시 전체 ,울산광역시 전체 ,인천광역시 전체 ,전라남도 전체 ,전북특별자치도 전체 ,제주특별자치도 전체 ,충청남도 전체 ,충청북도 전체 ,세종특별자치시  ",2025-08-03 11:03,,안전안내,217522,폭염,
"오산시 폭염경보 지속 발효 중. 낮 시간대 야외활동을 자제하시고, 폭염안전수칙(물, 그늘, 휴식)을 준수하여 온열질환 예방 및 건강관리에 유의바랍니다. [오산시]",경기도 오산시 ,2025-08-03 11:06,,안전안내,217527,폭염,
"안전하고 즐거운 물놀이를 위한 안전수칙 준수바랍니다.
▲구명조끼 반드시 착용 ▲충분한 준비운동 ▲음주 후 수영금지 ▲ 어린이는 반드시 보호자 동반[가평군]",경기도 가평군 ,2025-08-03 12:15,,안전안내,217564,기타,
"금일 양주시 전역 폭염경보 발효중이니 가장 더운 낮 시간대인 오후 2시~5시 사이 작업시 폭염안전수칙(수분섭취, 휴식시간 등)을 철저히 지키시기 바람. [양주시]",경기도 양주시 ,2025-08-03 12:24,,안전안내,217568,폭염,
"가평군 전역 폭염경보 발령 중. 논, 밭 작업 및 야외 활동을 자제하시고, 충분히 물을 마시고 그늘에서 휴식을 취하는 등 건강관리에 유의하세요. [가평군]",경기도 가평군 ,2025-08-03 12:45,,안전안내,217572,폭염,
"폭염경보. 은평구 대조1구역 등 각종 공사장 근로자 휴식 및 중지 권유. 야외작업, 외출 자제, 자주 물마시기 등 온열질환에 유의하세요. [은평구]",서울특별시 은평구 ,2025-08-03 13:01,,안전안내,217580,폭염,
"폭염이 지속되고 있습니다. 야외활동 자제, 충분한 수분섭취, 무더위쉼터 이용, 실외근로자 폭염 안전수칙(물,그늘,휴식) 지키기 등 안전에 유의하세요.[안양시청]","경기도 안양시 만안구 ,경기도 안양시 동안구 ",2025-08-03 13:03,,안전안내,217583,폭염,
"폭염경보 지속 중. 물 충분히 마시기, 논밭작업자 및 옥외노동자 등 야외활동 자제, 폭염 안전수칙(물, 그늘, 휴식)지키기 등 건강에 유의바랍니다. [군포시]",경기도 군포시 ,2025-08-03 13:07,,안전안내,217585,폭염,
"현재 수원지역 무더위가 지속되고 있습니다. 온열 질환 예방을 위해 수분 섭취, 야외 활동과 외출 자제, 그늘에서 휴식 등 건강 관리에 유의하세요. [수원특례시]","경기도 수원시 장안구 ,경기도 수원시 권선구 ,경기도 수원시 팔달구 ,경기도 수원시 영통구 ",2025-08-03 13:24,,안전안내,217590,폭염,
"폭염이 지속되고 있습니다. 야외 활동을 자제, 충분한 수분 섭취, 그늘에서 휴식을 취하는 등 건강관리에 유의하세요. [광주시]",경기도 광주시 ,2025-08-03 13:41,,안전안내,217596,폭염,
"8월 초중순 심각한 폭염이 예상되오니 낮시간 야외 활동 자제, 안전수칙(물, 그늘, 휴식) 준수, 부모님께 안부전화 등 건강관리에 유의하세요. [의정부시]",경기도 의정부시 ,2025-08-03 13:41,,안전안내,217597,폭염,
"이천시 폭염경보 발효 중.  논, 밭, 건설현장 등 야외 작업 활동을 자제하여 주시기 바라며, 충분할 물 섭취, 그늘에서 휴식 등 건강관리에 유의하세요.[이천시]",경기도 이천시 ,2025-08-03 13:42,,안전안내,217598,폭염,
포천시 전역 어제 10:00 폭염경보 발효 중입니다. 한낮 외출 및 야외활동 자제하시고 규칙적으로 물을 자주 마시면서 건강관리 잘하시기 바랍니다. [포천시],경기도 포천시 ,2025-08-03 13:56,,안전안내,217604,폭염,
"여주시 전역 폭염경보 지속 발효 중. 논, 밭 작업 및 야외 활동을 자제하시고, 충분히 물을 마시고 그늘에서 휴식을 취하는 등 건강관리에 유의바랍니다. [여주시]",경기도 여주시 ,2025-08-03 13:57,,안전안내,217606,폭염,
"폭염경보 발효 중. 충분한 수분 섭취와 그늘에서 휴식 등 건강에 유의하시고, 특히 낮시간 야외작업은 자제하여 주시기 바랍니다.[시흥시청]",경기도 시흥시 ,2025-08-03 14:00,,안전안내,217607,폭염,
"폭염경보가 지속되고 있으니 낮시간 야외 활동 자제, 물마시기, 그늘에서 휴식취하기, 양산 사용 등 건강관리에 유의하여 주시기 바랍니다.[안산시청]",경기도 안산시 ,2025-08-03 14:09,,안전안내,217623,폭염,
"폭염경보 발효 중 ▲야외활동 자제 ▲야외 작업(논, 밭, 건설현장 등)자제 ▲폭염 예방(물, 그늘, 휴식)을 준수하여 안전관리에 유의하시기 바랍니다.[용인특례시]","경기도 용인시 처인구 ,경기도 용인시 기흥구 ,경기도 용인시 수지구 ",2025-08-03 14:14,,안전안내,217624,폭염,
"연천군(필승교) 수위 1m 이상 임진강 수위 상승 중. 하천변의 행락객, 야영객, 어민, 지역주민 등은 신속하게 안전한 장소로 대피하시기 바랍니다.[경기도청]","임진강 수계지역(경기도 연천군,파주시)  ,경기도 임진강 ",2025-08-03 14:18,,안전안내,217626,호우,
"평택시 폭염경보 발효 중. 논, 밭, 대형공사장 및 건설현장, 야외행사 등 야외 활동 자제, 충분한 물 섭취, 그늘에서 휴식 등 건강관리에 유의하세요.[평택시]",경기도 평택시 ,2025-08-03 14:21,,안전안내,217628,폭염,
"성남시 폭염경보 발효 중. 논, 밭, 건설현장 등 야외 활동 자제, 충분한 물 섭취, 그늘에서 휴식 등 건강관리에 유의하세요. [성남시]","경기도 성남시 수정구 ,경기도 성남시 중원구 ,경기도 성남시 분당구 ",2025-08-03 14:30,,안전안내,217631,폭염,
"현재 부천시 폭염특보 발효 중으로 야외활동 자제, 충분한 물 마시기, 온열질환 예방 등 건강관리에 유의하시기 바랍니다. [부천시청]","경기도 부천시 원미구 ,경기도 부천시 소사구 , 부천시 오정구 ",2025-08-03 14:30,,안전안내,217632,폭염,
"고양시 전역 폭염경보 발효중. 무더위 시간대(14~17시) 야외작업 자제, 폭염안전수칙(물,그늘,휴식)준수 등 건강에 유의하시기 바랍니다. [고양시청]","경기도 고양시 덕양구 ,경기도 고양시 일산동구 ,경기도 고양시 일산서구 ",2025-08-03 14:38,,안전안내,217633,폭염,
"폭염경보 발효 중 ▲야외활동 자제 ▲야외 작업(논, 밭, 건설현장 등)자제 ▲폭염 예방(물, 그늘, 휴식)을 준수하여 안전관리에 유의하시기 바랍니다.[동두천시]",경기도 동두천시 ,2025-08-03 14:40,,안전안내,217635,폭염,
"현재 서울지역 체감온도 34도 이상. 온열질환 예방을 위하여 물을 충분히 섭취, 외출 자제 및 어지럼증 등 이상 시 즉시 진료를 받으시기 바랍니다.[서울특별시청]",서울특별시 전체 ,2025-08-03 15:29,,안전안내,217643,폭염,
"여주시 폭염과 열대야로 무더위 지속(최고 체감온도 37℃ 이상). 그늘 휴식, 충분한 수분 섭취, 야외활동 자제 등 건강에 유의 바랍니다.[여주시]",경기도 여주시 ,2025-08-03 16:34,,안전안내,217658,폭염,
"관악구 주민인 권중찬씨(남,86세)를 찾습니다-165cm,55kg,백발머리,연두색반팔셔츠,남색칠부바지,검정운동화 vo.la/ZQGTwz /☎112 [서울경찰청]","서울특별시 관악구 ,서울특별시 동작구 ",2025-08-03 19:47,,안전안내,217662,기타,
"강북구 주민인 장봉주씨(남,84세)를 찾습니다-160cm,45kg,하늘색점퍼,검정긴바지,흰색모자,비닐우산,허리굽음
vo.la/kNDFe /☎112 [서울경찰청]",서울특별시 강북구 ,2025-08-04 8:45,,안전안내,217666,기타,
"광명시 폭염경보 발효 중. 낮시간 야외작업(논,밭,건설현장 등)을 자제하여 주시고 충분히 수분섭취와 그늘 휴식 등 건강관리에 유의하시기 바랍니다. [광명시청]",경기도 광명시 ,2025-08-04 9:50,,안전안내,217694,폭염,
"가평군 폭염경보 발효 중. 낮시간 야외활동(논밭, 건설현장 등)을 자제하여 주시고 충분한 물 섭취, 그늘에서 휴식 등 안전관리에 유의 바랍니다.[가평군]",경기도 가평군 ,2025-08-04 9:58,,안전안내,217697,폭염,
"금일 양주시 전역 폭염경보 발효중입니다. 낮 시간대인 오후 2시~5시 사이 작업시 폭염안전수칙(수분섭취, 휴식시간 등)을 철저히 지키시기 바랍니다. [양주시]",경기도 양주시 ,2025-08-04 10:09,,안전안내,217718,폭염,
"남양주시 폭염경보 발효중. 낮(12~17시) 동안 야외 작업은 자제하여 주시고, 야외활동시 충분한 물 섭취, 그늘 휴식 등 건강관리에 유의 바랍니다. [남양주시]",경기도 남양주시 ,2025-08-04 10:09,,안전안내,217720,폭염,
"경기도 전역 폭염경보 발효중. 낮 시간대에는 논과 밭, 공사장 등의 야외작업을 자제하고 충분한 휴식을 취해 주세요. 그리고 물도 자주 마셔주세요. [경기도청]",경기도 전체 ,2025-08-04 10:11,,안전안내,217724,폭염,
"폭염경보 발효중. 낮시간에는 야외활동을 자제하시고, 외출시에는 양산을 사용하시기 바랍니다. 충분한 수분섭취와 휴식을 취하시고 건강에 유의하세요[구리시청]",경기도 구리시 ,2025-08-04 10:12,,안전안내,217725,폭염,
여름철 물놀이 증가에 따라 관련 안전사고가 다발하고 있습니다. ▲구명조끼 착용▲음주 후 수영금지▲어린이는 보호자 동행 등 물놀이 안전수칙 준수바랍니다.[남양주시],경기도 남양주시 ,2025-08-04 10:12,,안전안내,217726,기타,
안전하고 즐거운 물놀이를 위한 안전수칙 준수바랍니다. ▲구명조끼 반드시 착용 ▲충분한 준비운동 ▲음주 후 수영금지 ▲ 어린이는 반드시 보호자 동반[가평군],경기도 가평군 ,2025-08-04 10:23,,안전안내,217740,기타,
"전국 대부분 폭염경보. 체감온도 35도 이상. 야외 활동 자제, 충분히 물 마시기, 그늘에서 휴식, 양산 착용 등건강관리에 유의하세요. [행정안전부]","강원특별자치도 전체 ,경기도 전체 ,경상남도 전체 ,경상북도 전체 ,광주광역시 전체 ,대구광역시 전체 ,대전광역시 전체 ,부산광역시 전체 ,서울특별시 전체 ,울산광역시 전체 ,인천광역시 전체 ,전라남도 전체 ,전북특별자치도 전체 ,제주특별자치도 전체 ,충청남도 전체 ,충청북도 전체 ,세종특별자치시  ",2025-08-04 10:58,,안전안내,217773,폭염,
"종로구 주민인 권양자씨(여,80세)를 찾습니다-154cm,54kg,검정반팔(흰색줄무늬),검정바지,검정신발,검정백팩
vo.la/qqiBc /☎112 [서울경찰청]","서울특별시 동대문구 ,서울특별시 종로구 ",2025-08-04 11:09,,안전안내,217782,기타,
현재 김포시 통진읍 옹정리 190-6 공장화재로 연기가 다량 발생하고 있으니 인근 주민분들께서는 안전에 유의하시기 바랍니다.[김포시],"경기도 김포시 통진읍,경기도 김포시 대곶면,경기도 김포시 월곶면",2025-08-04 12:23,,안전안내,217818,화재,
"의왕시 폭염경보 발효 중. 야외활동 자제, 안전수칙(물,그늘,휴식) 준수, 부모님께 안부 전화드리기 등 지속 전망되는 폭염 피해에 유의하시기 바랍니다.[의왕시청]",경기도 의왕시 ,2025-08-04 13:00,,안전안내,217828,폭염,
"폭염경보 발효중. 낮 시간 논밭, 실외작업 등 야외 활동자제, 폭염 안전수칙(물 섭취, 그늘휴식)준수 등 건강에 유의바랍니다.[군포시]",경기도 군포시 ,2025-08-04 13:04,,안전안내,217834,폭염,
"구로구 주민인 김정남씨(여,79세)를 찾습니다-145cm,51kg,회색줄무늬검정카라반팔,하늘색청치마,흰색신발 vo.la/JkbdZw / ☎112 [서울경찰청]",서울특별시 구로구 ,2025-08-04 13:16,,안전안내,217839,기타,
"소사구에서 배회중인 김정남씨(여,79세)를 찾습니다-145cm,회색줄무늬검정카라반팔,하늘색청치마,흰색신발 vo.la/JkbdZw / ☎112 [경기남부경찰청]","경기도 부천시 원미구 ,경기도 부천시 소사구 , 부천시 오정구 ",2025-08-04 13:20,,안전안내,217842,기타,
평택시 폭염경보 발효 중. 온열질환 예방을 위한 야외작업을 자제하여 주시고 충분한 수분을 섭취하시기 바랍니다.(031-8024-4951)[평택시],경기도 평택시 ,2025-08-04 13:30,,안전안내,217849,폭염,
"폭염경보가 지속되고 있으니 논밭, 건설현장 등 야외 작업 활동을 자제하시고, 충분한 물 섭취, 그늘에서 휴식 등 건강관리에 유의하여 주시기 바랍니다.[안산시청]","경기도 안산시 상록구 ,경기도 안산시 단원구 ",2025-08-04 13:43,,안전안내,217855,폭염,
"현재 폭염경보 발효중. 낮시간에는 가급적 야외활동을 자제하여 주시고, 논밭,야외작업 시에는 수분섭취,그늘휴식을 통해 건강관리에 유의하여 주시기 바랍니다[화성시]",경기도 화성시 ,2025-08-04 13:56,,안전안내,217860,폭염,
"폭염이 지속되고 있습니다. 야외활동 자제, 충분한 수분섭취, 무더위쉼터 이용, 실외근로자 폭염 안전수칙(물,그늘,휴식) 지키기 등 안전에 유의하세요.[안양시청]","경기도 안양시 만안구 ,경기도 안양시 동안구 ",2025-08-04 14:00,,안전안내,217862,폭염,
"폭염경보 발효 중. 충분한 수분 섭취와 그늘에서 휴식 등 건강에 유의하시고, 특히 낮시간 야외작업은 자제하여 주시기 바랍니다. [시흥시청]",경기도 시흥시 ,2025-08-04 14:10,,안전안내,217874,폭염,
"이천시 폭염경보 발효 중. 논, 밭, 건설현장 등 야외 작업자 활동 자제하여 주시기 바라며, 충분한 물 섭취, 그늘에서 휴식 등 건강 관리에 유의하세요.[이천시]",경기도 이천시 ,2025-08-04 14:30,,안전안내,217886,폭염,
"여주시 폭염경보 지속 중 ▲물놀이, 낚시 등 수상안전사고 각별히 유의 ▲폭염안전수칙(물,그늘,휴식)준수 ▲한낮 야외작업 자제 등 건강관리에 유의하세요. [여주시]",경기도 여주시 ,2025-08-04 14:30,,안전안내,217887,폭염,
"오산시 폭염경보 발효 중. 무더운 낮 시간 야외 작업(논밭, 건설현장 등)을 자제하시고, 충분한 휴식과 수분 섭취 등 건강관리에 유의하시기 바랍니다. [오산시]",경기도 오산시 ,2025-08-04 14:49,,안전안내,217899,폭염,
"현재 서울지역 체감온도 35도 이상. 온열질환 예방을 위하여 물을 충분히 섭취, 외출 자제 및 어지럼증 등 이상 시 즉시 진료를 받으시기 바랍니다.[서울특별시청]",서울특별시 전체 ,2025-08-04 15:57,,안전안내,217927,폭염,
"고양시에서 배회 중인 손정일씨(남,74세)를 찾습니다-165cm,90kg,걸음불편,연청색긴팔,검정바지,뿔테안경
vo.la/snNoT /☎112 [경기북부경찰청]","경기도 고양시 덕양구 ,경기도 고양시 일산동구 ,경기도 고양시 일산서구 ",2025-08-04 16:56,,안전안내,217951,기타,
"오늘 06:10 경기(포천) 호우주의보 발령. 하천 주변 산책로, 계곡, 급경사지, 농수로 등 위험 지역에는 가지 마시고, 하천 범람에 주의하세요. [행정안전부]",경기도 포천시 ,2025-08-05 6:15,,안전안내,217967,호우,
"폭염 및 열대야 지속 ▲야외활동(논, 밭, 야외작업장) 자제 ▲폭염안전수칙(물,그늘,바람,휴식) 준수 ▲노약자 안부 전화 등 건강 관리에 유의바랍니다.[여주시]",경기도 여주시 ,2025-08-05 9:33,,안전안내,217992,폭염,
"전국 장마 이후 온열질환 사상자 지속 증가, 시민분들께서는 낮시간대 농작업 절대금지 및 건설공사장 무더위 휴식시간제(14~17시) 철저히 운영바랍니다.[김포시청]",경기도 김포시 ,2025-08-05 9:37,,안전안내,217996,폭염,
"연일 폭염이 지속되고 있습니다. 낮시간 야외작업(논, 밭, 건설현장 등)을 자제하여 주시고 수분섭취와 그늘 휴식 등 건강관리에 유의하시기 바랍니다. [광명시청]",경기도 광명시 ,2025-08-05 9:59,,안전안내,218008,폭염,
남양주시 폭염경보 발효중. 야외 활동을 자제하시고 충분히 물을 마시고 그늘에서 휴식을 취하는 등 건강관리에 유의하세요. [남양주시],경기도 남양주시 ,2025-08-05 10:17,,안전안내,218036,폭염,
여름철 물놀이 증가에 따라 관련 안전사고가 발생하고 있습니다.▲구명조끼 착용▲음주 후 수영금지▲어린이는 보호자 동행 등 물놀이 안전수칙 준수바랍니다.[남양주시],경기도 남양주시 ,2025-08-05 10:21,,안전안내,218042,기타,
"안전하고 즐거운 물놀이를 위한 안전수칙 준수바랍니다.
▲구명조끼 반드시 착용 ▲충분한 준비운동 ▲음주 후 수영금지 ▲어린이는 반드시 보호자 동반 [가평군]",경기도 가평군 ,2025-08-05 10:33,,안전안내,218051,기타,
"폭염경보 발효 중. 농업인, 건설현장 근로자, 취약노인 등 폭염취약계층은 특히 낮시간대 충분한 물 섭취, 그늘 휴식 등 안전에 유의 하시기 바랍니다. [화성시]",경기도 화성시 ,2025-08-05 10:41,,안전안내,218056,폭염,
"양천구에서 배회중인 서정봉씨(남,83세)를 찾습니다-162cm,66kg,체크무늬남방,검정바지,장바구니캐리어소지 vo.la/SDsCo / ☎182 [서울경찰청]",서울특별시 양천구 ,2025-08-05 10:59,,안전안내,218065,기타,
"전국 대부분 폭염경보. 체감온도 35도 이상. 야외 활동 자제, 충분히 물 마시기, 그늘에서 휴식, 양산 착용 등 건강관리에 유의하세요. [행정안전부]","강원특별자치도 전체 ,경기도 전체 ,경상남도 전체 ,경상북도 전체 ,광주광역시 전체 ,대구광역시 전체 ,대전광역시 전체 ,부산광역시 전체 ,서울특별시 전체 ,울산광역시 전체 ,인천광역시 전체 ,전라남도 전체 ,전북특별자치도 전체 ,제주특별자치도 전체 ,충청남도 전체 ,충청북도 전체 ,세종특별자치시  ",2025-08-05 11:01,,안전안내,218068,폭염,
"원미구에서 배회중인 서정봉씨(남,83세)를 찾습니다-162cm,66kg,체크무늬남방,검정바지,장바구니캐리어 vo.la/SDsCo / ☎182 [경기남부경찰청]","경기도 부천시 원미구 ,경기도 부천시 소사구 , 부천시 오정구 ",2025-08-05 11:04,,안전안내,218071,기타,
"폭염경보발효중. 충분한 휴식과 수분섭취. 낮 시간에는 야외활동을 자제하시고, 외출시에는 양산을 이용하세요. 무더운 여름 건강관리에 각별히 유의하세요[구리시청]",경기도 구리시 ,2025-08-05 11:13,,안전안내,218081,폭염,
"금일 8월 5일 폭염경보 발효중. 안전수칙(물, 그늘, 휴식시간)을 준수하시고 외출 자제 및 어지럼증 등 이상시 진료를 받으시기 바랍니다. [양주시]",경기도 양주시 ,2025-08-05 11:32,,안전안내,218095,폭염,
"폭염경보 발효 중. 낮시간 야외활동을 자제하여 주시고, 충분한 수분 섭취 및 그늘에서 휴식 등 건강관리에 유의하여 주시기 바랍니다.[시흥시청]",경기도 시흥시 ,2025-08-05 11:35,,안전안내,218099,폭염,
"폭염경보가 지속되고 있으니 논밭, 건설현장 등 야외 작업 활동을 자제하시고, 충분한 물 섭취, 그늘에서 휴식 등 건강관리에 유의하여 주시기 바랍니다.[안산시청]","경기도 안산시 상록구 ,경기도 안산시 단원구 ",2025-08-05 11:45,,안전안내,218105,폭염,
"이천시 폭염경보 발효 중(체감온도35도 이상) 야외작업 자제하여 주시기 바라며, 충분한 물 섭취, 그늘에서 휴식, 양산 착용 등 건강 관리에 유의하세요.[이천시]",경기도 이천시 ,2025-08-05 12:16,,안전안내,218112,폭염,
"여주시 폭염 경보 발효 중 ▲논,밭일 등 야외 활동 자제 ▲충분한 그늘 휴식 ▲물놀이 시 충분한 준비운동 ▲음주 후 수영 금지 등 안전에 유의바랍니다.[여주시]",경기도 여주시 ,2025-08-05 13:51,,안전안내,218154,폭염,
"폭염경보가 지속되고 있으니 논밭, 하우스 등 야외 작업 활동을 자제하시고, 충분한 물 섭취, 그늘에서 휴식 등 건강관리에 유의하여 주시기 바랍니다. [시흥시청]",경기도 시흥시 ,2025-08-05 14:01,,안전안내,218162,폭염,
"폭염경보 발효 중(체감온도35도 이상) 야외작업 자제하여 주시기 바라며, 충분한 물 섭취, 그늘에서 휴식, 양산 착용 등 건강 관리에 유의하세요. [평택시]",경기도 평택시 ,2025-08-05 14:09,,안전안내,218168,폭염,
"도봉구 전역에 폭염 장기간 지속, 구민들께서는 온열질환 예방을 위해 물을 충분히 섭취하고 낮시간대 야외 작업 및 외출 자제 등 건강관리에 유의바랍니다[도봉구청]",서울특별시 도봉구 ,2025-08-05 14:38,,안전안내,218180,폭염,
"구로구에서 배회중인 서정봉씨(남,83세)를 찾습니다-162cm,66kg,체크무늬남방,검정바지,장바구니캐리어소지 vo.la/SDsCo / ☎182 [서울경찰청]",서울특별시 구로구 ,2025-08-05 15:23,,안전안내,218209,기타,
"오늘 17:05 호우주의보 발령. 하천 주변 산책로, 계곡, 급경사지, 농수로 등 위험 지역에는 가지 마시고, 하천 범람에 주의하세요. [행정안전부]","경기도 오산시 ,충청남도 당진시 ,충청남도 아산시 ,충청남도 예산군 ,경기도 용인시 처인구 ,경기도 용인시 기흥구 ,경기도 용인시 수지구 ",2025-08-05 17:09,,안전안내,218243,호우,
오산천 수위가 급격하게 상승함에 따라 오산천 산책로 및 징검다리를 통제하오니 오산천 산책로를 이용중이신 분들은 안전에 유의하시기 바랍니다. [오산시],경기도 오산시 ,2025-08-05 17:22,,안전안내,218249,호우,
"권선구에서 목격된 김민영씨(여,50세)를 찾습니다-170cm,카키색조끼,회색티,환자복바지,검정운동화,묶음머리 vo.la/GmiOw / ☎182 [경기남부경찰청]","경기도 수원시 장안구 ,경기도 수원시 권선구 ,경기도 수원시 팔달구 ,경기도 수원시 영통구 ",2025-08-05 17:35,,안전안내,218250,기타,
"오늘 17:50 누읍동 잠수교, 두곡교 지하통로의 도로를 통제 중이니 통행 차량은 우회 바랍니다.. [오산시]",경기도 오산시 ,2025-08-05 17:53,,안전안내,218254,호우,
"오늘 17:50 호우주의보 발령. 하천 주변 산책로, 계곡, 급경사지, 농수로 등 위험 지역에는 가지 마시고, 하천 범람에 주의하세요. [행정안전부]","경기도 평택시 ,충청북도 음성군 ,충청북도 진천군 ,충청북도 증평군 ",2025-08-05 17:56,,안전안내,218255,호우,
"관악구 주민인 박의순씨(남,68세)를 찾습니다-161cm,60kg,검정반팔,검정반바지,검정슬리퍼,이마넓음 vo.la/UOwqr / ☎112 [서울경찰청]","서울특별시 관악구 ,서울특별시 동작구 ",2025-08-05 18:09,,안전안내,218259,기타,
"오늘 19:10 호우주의보 발령. 하천 주변 산책로, 계곡, 급경사지, 농수로 등 위험 지역에는 가지 마시고, 하천 범람에 주의하세요. [행정안전부]","경기도 포천시 ,충청북도 제천시 ",2025-08-05 19:13,,안전안내,218281,호우,
"오늘 20:00 호우주의보 발령. 하천 주변 산책로, 계곡, 급경사지, 농수로 등 위험 지역에는 가지 마시고, 하천 범람에 주의하세요. [행정안전부]","경기도 양평군 ,경기도 여주시 ,충청북도 보은군 ",2025-08-05 20:03,,안전안내,218290,호우,
"구리시에서 실종된 유연성씨(남,79세)를 찾습니다-167cm,남색잠바,검정바지,검정나이키운동화,흰색손가방 vo.la/bTYiPZ / ☎112 [경기북부경찰청]",경기도 구리시 ,2025-08-05 20:04,,안전안내,218291,기타,
"오늘 20:20 호우경보. 하천 주변, 계곡, 급경사지, 농수로 등 위험 지역에는 가지 마시고, 대피 권고를 받으면 즉시 대피하세요. [행정안전부]","경기도 양평군 ,경기도 여주시 ",2025-08-05 20:21,,안전안내,218293,호우,
"20:39, 양평군 양동면 인근 50mm/h 이상 강한 비로 침수 등 우려(국민행동요령: cbs.kma.go.kr) Heavy rain [기상청]","경기도 양평군 양동면,경기도 양평군 지평면",2025-08-05 20:40,,긴급재난,218295,호우,
여주시 전역 호우경보 발효 중. 산사태 징후 발견 시 산사태취약지역 및 산림 인근에 주민은 주택에 머무르지 마시고 마을회관 등에 대피 바랍니다. [여주시],경기도 여주시 ,2025-08-05 20:47,,안전안내,218297,산사태,
"20:48, 양평군 용문면 인근 50mm/h 이상 강한 비로 침수 등 우려(국민행동요령: cbs.kma.go.kr) Heavy rain [기상청]","경기도 양평군 용문면,경기도 양평군 단월면",2025-08-05 20:49,,긴급재난,218298,호우,
"양평군 전역에 호우경보가 발효중입니다. 하천변, 계곡, 산사태 및 침수우려지역에서 즉시 대피하시기 바랍니다. [양평군]",경기도 양평군 ,2025-08-05 20:57,,안전안내,218300,호우,
"오늘 21:00경 낙뢰로 인한 북내면, 오학동, 세종대왕면 일부지역 정전발생하여 한전에서 복구 중이니, 교통통행 및 안전사고 등에 유의하시기 바랍니다. [여주시]",경기도 여주시 ,2025-08-05 21:08,,안전안내,218303,기타,
"양평, 여주 호우경보 발효중. 하천변·캠핑장·낚시터 등 행락객들은 즉시 대피하여 주시고, 하천변 출입로, 계곡 등은 접근 금지하시기 바랍니다.[경기도청]","경기도 양평군 ,경기도 여주시 ",2025-08-05 21:15,,안전안내,218304,호우,
"21:21, 여주시 북내면 인근 50mm/h 이상 강한 비로 침수 등 우려(국민행동요령: cbs.kma.go.kr) Heavy rain [기상청]","경기도 여주시 천송동,경기도 여주시 오학동,경기도 여주시 현암동,경기도 여주시 오금동,경기도 여주시 북내면",2025-08-05 21:22,,긴급재난,218305,호우,
"산사태주의보 발효 중, 강천면 및 북내면에 거주하고 계시는 주민께서는 산림 주변 접근금지 및 산사태 징후 발견 시 마을회관 등으로 대피하시기 바랍니다. [여주시]",경기도 여주시 ,2025-08-05 21:41,,안전안내,218310,산사태,
"산사태주의보 발령, 산림(계곡)주변 야외활동 금지,입산금지, 행락객 등 즉시 산림 밖으로 신속히 대피하여 주시기 바랍니다.[양평군]",경기도 양평군 ,2025-08-05 21:56,,안전안내,218311,산사태,
"집중호우로 인하여 인명 피해가 우려되오니 계곡, 하천변, 야영장 등의 행락객들은 즉시 안전한 장소로 대피하여 주시기 바랍니다.[양평군]",경기도 양평군 ,2025-08-05 22:25,,안전안내,218312,호우,
오늘 22시13분가평군 설악면 산사태주의보 발령. 산사태 위험이 있으니 산림주변 활동은 자제하시기 바랍니다. [가평군],경기도 가평군 ,2025-08-05 22:40,,안전안내,218313,호우,
"오늘 07:10 호우주의보 발령. 하천 주변 산책로, 계곡, 급경사지, 농수로 등 위험 지역에는 가지 마시고, 하천 범람에 주의하세요. [행정안전부]","강원특별자치도 철원군 ,경기도 포천시 ,충청남도 당진시 ,충청남도 예산군 ,충청남도 홍성군 ",2025-08-06 7:12,,안전안내,218314,호우,
"누읍동 잠수교, 두곡교 지하통로의 통제를 해제하여 차량의 정상 운행이 가능함을 알려드립니다. [오산시]",경기도 오산시 ,2025-08-06 7:31,,안전안내,218316,호우,
"영등포구에서 목격된 김성순씨(남,86세)를 찾습니다-172cm,50kg,지팡이,백발,검정모자,체크무늬티셔츠
vo.la/taUzP / ☎112 [서울경찰청]","서울특별시 양천구 ,서울특별시 영등포구 ",2025-08-06 8:18,,안전안내,218317,기타,
"오늘 08:20 경기(성남) 호우주의보 발령. 하천 주변 산책로, 계곡, 급경사지, 농수로 등 위험 지역에는 가지 마시고, 하천 범람에 주의하세요. [행정안전부]","경기도 성남시 수정구 ,경기도 성남시 중원구 ,경기도 성남시 분당구 ",2025-08-06 8:27,,안전안내,218318,호우,
"강서구 주민인 금중권씨(남,92세)를 찾습니다-168cm,55kg,파란줄무늬남방,검정바지,남색중절모자,빨간자전거
vo.la/fUMHMV/ ☎112 [서울경찰청]","서울특별시 강서구 ,서울특별시 양천구 ",2025-08-06 8:28,,안전안내,218319,기타,
"여름철 물놀이를 위한 안전수칙 준수바랍니다.
▲구명조끼 반드시 착용 ▲충분한 준비운동 ▲ 물놀이 금지(우천시, 음주후, 야간) ▲어린이는 보호자 동반 [가평군]",경기도 가평군 ,2025-08-06 8:41,,안전안내,218321,기타,
"오늘 08:50 경기(하남) 호우주의보 발령. 하천 주변 산책로, 계곡, 급경사지, 농수로 등 위험 지역에는 가지 마시고, 하천 범람에 주의하세요. [행정안전부]",경기도 하남시 ,2025-08-06 8:54,,안전안내,218323,호우,
"오산시 주민인 임순자씨(여,60세)를 찾습니다-161cm,55kg,흰색티셔츠,밤색원피스,꽃무늬모자착용
vo.la/VrbBFC / ☎182 [경기남부경찰청]",경기도 오산시 ,2025-08-06 9:19,,안전안내,218332,기타,
"화성시에서 목격된 임순자씨(여,60세)를 찾습니다-161cm,55kg,흰색티셔츠,밤색원피스,꽃무늬모자착용
vo.la/VrbBFC / ☎182 [경기남부경찰청]",경기도 화성시 ,2025-08-06 9:26,,안전안내,218334,기타,
8월 5일 발효된 산사태주의보가 해제되었음을 알려드리며. 지반이 약해져 추가 피해가 발생할 수 있어 경사지 및 산림 인근지역은 각별히 주의 바랍니다.[양평군],경기도 양평군 ,2025-08-06 9:42,,안전안내,218343,산사태,
"남양주시에서 배회중인 유연성씨(남,79세)를 찾습니다-167cm,55kg,남색반팔,검정바지,검정나이키운동화
vo.la/bTYiPZ / ☎182 [경기북부경찰청]",경기도 남양주시 ,2025-08-06 9:43,,안전안내,218345,기타,
남양주시 폭염경보 발효중. 야외 활동을 자제하시고 충분히 물을 마시고 그늘에서 휴식을 취하는 등 건강관리에 유의하세요. [남양주시],경기도 남양주시 ,2025-08-06 10:06,,안전안내,218375,폭염,
우리 시에 폭염경보가 발효중입니다. 기온이 높은 한낮에는 야외 활동을 자제해주시고 충분한 수분 섭취 및 휴식으로 건강 관리에 유의하시기 바랍니다.[광명시청],경기도 광명시 ,2025-08-06 10:20,,안전안내,218391,폭염,
"금일 양주시 전역 폭염경보 발효중입니다. 안전수칙(물, 그늘, 휴식시간)을 준수하시고 외출 자제 및 어지럼증 등 이상 시 진료를 받으시기 바랍니다. [양주시]",경기도 양주시 ,2025-08-06 10:21,,안전안내,218392,폭염,
여름철 물놀이 증가에 따라 관련 안전사고가 발생하고 있습니다.▲구명조끼 착용▲음주 후 수영금지▲어린이는 보호자 동행 등 물놀이 안전수칙 준수바랍니다.[남양주시],경기도 남양주시 ,2025-08-06 10:28,,안전안내,218398,기타,
"폭염경보 발효중. 충분한 휴식과 수분섭취. 낮 시간에는 야외활동을 자제하시고, 외출시에는 양산을 이용하세요. 무더운 여름 건강관리에 각별히 유의하세요[구리시청]",경기도 구리시 ,2025-08-06 10:59,,안전안내,218421,폭염,
"전국 대부분 폭염경보. 체감온도 35도 이상. 야외 활동 자제, 충분히 물 마시기, 그늘에서 휴식, 양산 착용 등 건강관리에 유의하세요. [행정안전부]","강원특별자치도 전체 ,경기도 전체 ,경상남도 전체 ,경상북도 전체 ,광주광역시 전체 ,대구광역시 전체 ,대전광역시 전체 ,부산광역시 전체 ,서울특별시 전체 ,울산광역시 전체 ,인천광역시 전체 ,전라남도 전체 ,전북특별자치도 전체 ,제주특별자치도 전체 ,충청남도 전체 ,충청북도 전체 ,세종특별자치시  ",2025-08-06 11:06,,안전안내,218434,폭염,
"폭염경보 발효 중. 낮시간 야외 활동을 자제하여 주시고, 충분한 수분 섭취 및 그늘에서 휴식 등 건강관리에 유의하시기 바랍니다.[시흥시청]",경기도 시흥시 ,2025-08-06 11:06,,안전안내,218435,폭염,
"김포지역 폭염관련 온열질환자 발생, 실내·실외 불문 탈진, 열사병 주의하시고 증상 발생 시 즉시 병원 방문 바랍니다. [김포시청]",경기도 김포시 ,2025-08-06 11:25,,안전안내,218451,폭염,
"폭염 및 무더위 지속. 계곡·하천 등에서 물놀이 시 구명조끼 착용, 음주 후 물놀이 금지, 위험지역에서 다슬기 채취금지 등 안전에 유의하시기 바랍니다. [여주시]",경기도 여주시 ,2025-08-06 11:41,,안전안내,218461,폭염,
"연일 폭염이 지속되고 있으니 온열질환 예방을 위해 충분한 물 섭취, 낮 시간대 야외 작업 및 외출 자제, 이웃의 안전확인 등 건강관리에 유의바랍니다.[중랑구청]",서울특별시 중랑구 ,2025-08-06 11:48,,안전안내,218464,폭염,
"폭염경보가 지속되고 있으니 논밭, 건설현장 등 야외 작업 활동을 자제하시고, 충분할 물 섭취, 그늘에서 휴식 등 건강관리에 유의하여 주시기 바랍니다.[안산시청]","경기도 안산시 상록구 ,경기도 안산시 단원구 ",2025-08-06 13:04,,안전안내,218472,폭염,
"의왕시 폭염경보 발효중. 폭염안전수칙(물,그늘,휴식)준수, 낮시간 야외활동(논,밭,작업장 등)자제, 가족·이웃 안부 묻기 등 건강관리에 유의바랍니다.[의왕시]",경기도 의왕시 ,2025-08-06 13:34,,안전안내,218498,폭염,
"현재 부천시 폭염특보 발효 중으로 야외활동 자제, 충분한 물 마시기, 온열질환 예방 등 건강관리에 유의하시기 바랍니다.[부천시청]","경기도 부천시 원미구 ,경기도 부천시 소사구 , 부천시 오정구 ",2025-08-06 14:02,,안전안내,218518,폭염,
"경기도 전역에 폭염경보가 발효 중. 논과 밭 공사장 등의 야외작업을 자제하고, 충분한 휴식을 취해 주세요 [경기도]",경기도 전체 ,2025-08-06 14:05,,안전안내,218523,폭염,
"폭염경보 발효중. 무더운 한낮에는 가급적 야외활동을 자제하여 주시고, 논밭,야외작업 시에는 수분섭취,그늘휴식을 통해 건강관리에 유의하여 주시기 바랍니다[화성시]",경기도 화성시 ,2025-08-06 14:16,,안전안내,218529,폭염,
"폭염경보 발효 중(체감온도35도 이상) 야외작업 자제하여 주시기 바라며, 충분한 물 섭취, 그늘에서 휴식, 양산 착용 등 건강 관리에 유의하시기 바랍니다[연천군]",경기도 연천군 ,2025-08-06 14:51,,안전안내,218537,폭염,
"폭염경보 발효 중. 논밭, 건설현장 등 야외 작업 활동을 자제하시고, 충분히 물 마시기, 그늘에서 휴식, 양산 사용 등 건강관리에 유의하세요.[시흥시청]",경기도 시흥시 ,2025-08-06 15:01,,안전안내,218542,폭염,
"영등포구 주민인 한창우씨(남,72세)를 찾습니다-175cm,72kg,분홍반팔티,검정반바지,갈색스니커즈,회색마스크
vo.la/DDBhog/ ☎112 [서울경찰청]",서울특별시 영등포구 ,2025-08-06 18:22,,안전안내,218567,기타,
"광명시 폭염경보 발효 중. 야외활동 자제 및 충분한 수분섭취와 그늘 휴식 등 안전수칙을 준수하여 주시고, 재확산 중인 코로나19도 유의하시기 바랍니다.[광명시청]",경기도 광명시 ,2025-08-07 9:01,,안전안내,218576,폭염,
"폭염경보 발효 중. 낮시간 야외활동을 자제하시고, 충분한 수분 섭취 및 그늘에서 휴식, 양산 사용 등 건강관리에 유의하시기 바랍니다. [시흥시청]",경기도 시흥시 ,2025-08-07 9:01,,안전안내,218577,폭염,
"폭염경보 발효중, 농촌 온열질환 사망자발생, 야외활동 자제 및 수심이 깊은 산간계곡에는 물놀이를 금지하시고 물놀이시에는 구명조끼를 착용하시기 바랍니다.[가평군]",경기도 가평군 ,2025-08-07 9:23,,안전안내,218593,폭염,
"현재 남양주시 전역 폭염경보 발효중. 야외 활동을 자제하세요, 충분히 물을 마시고 그늘에서 휴식을 취하는 등 건강관리에 유의하세요. [남양주시]",경기도 남양주시 ,2025-08-07 10:09,,안전안내,218635,폭염,
"안양시 주민인 김태봉씨(남,81세)를 찾습니다-155cm,40kg,주황색반팔티셔츠,검정바지,회색슬리퍼
vo.la/vBNoQu /☎182 [경기남부경찰청]","경기도 안양시 만안구 ,경기도 안양시 동안구 ",2025-08-07 10:25,,안전안내,218651,기타,
여름철 물놀이 증가에 따라 관련 안전사고가 발생하고 있습니다.▲구명조끼 착용▲음주 후 수영금지▲어린이는 보호자 동행 등 물놀이 안전수칙 준수바랍니다.[남양주시],경기도 남양주시 ,2025-08-07 10:34,,안전안내,218661,기타,
"전국 대부분 폭염경보. 체감온도 35도 이상. 야외 활동 자제, 충분히 물 마시기, 그늘에서 휴식, 양산 착용 등 건강관리에 유의하세요. [행정안전부]","강원특별자치도 전체 ,경기도 전체 ,경상남도 전체 ,경상북도 전체 ,광주광역시 전체 ,대구광역시 전체 ,대전광역시 전체 ,부산광역시 전체 ,서울특별시 전체 ,울산광역시 전체 ,인천광역시 전체 ,전라남도 전체 ,전북특별자치도 전체 ,제주특별자치도 전체 ,충청남도 전체 ,충청북도 전체 ,세종특별자치시  ",2025-08-07 11:01,,안전안내,218672,폭염,
"물놀이 안전수칙 준수▲구명조끼 반드시 착용 ▲충분한 준비운동 ▲ 물놀이 금지(우천시, 음주후, 야간) ▲어린이는 반드시 보호자 동반[가평군]",경기도 가평군 ,2025-08-07 11:21,,안전안내,218695,기타,
"오산시 폭염경보 발효 중. 야외 활동 및 작업을 자제하시고, 충분한 수분 섭취, 그늘에서 휴식을 취하는 등 온열질환 예방 및 건강관리에 유의 바랍니다. [오산시]",경기도 오산시 ,2025-08-07 11:34,,안전안내,218703,폭염,
"폭염과 습도 증가로 온열질환 발생이 우려 됩니다. 폭염 안전수칙(물, 그늘, 휴식) 준수 등 논밭 작업, 야외활동을 자제하시고 건강관리에 유의하세요. [의정부시]",경기도 의정부시 ,2025-08-07 11:34,,안전안내,218704,폭염,
폭염경보 지속 발효 중. ▲13~17시 야외활동 및 작업 자제 ▲충분한 수분 섭취 및 휴식 ▲나홀로 작업 금지 등 온열질환에 유의하시기 바랍니다. [화성시],경기도 화성시 ,2025-08-07 11:50,,안전안내,218710,폭염,
"현재 부천지역 폭염경보 발효 중. 야외활동 자제, 충분한 수분섭취, 그늘에서 휴식을 취하는 등 온열질환 예방을 위해 건강관리에 유의하세요. [부천시청]","경기도 부천시 원미구 ,경기도 부천시 소사구 , 부천시 오정구 ",2025-08-07 12:20,,안전안내,218714,폭염,
폭염경보발효중. 35℃이상 고온의 무더위가 지속되고 있습니다 충분한 휴식과 수분섭취 하시고 외출시에는 양산을 이용하세요 여름철 건강에 각별히 유의하세요[구리시청],경기도 구리시 ,2025-08-07 13:01,,안전안내,218719,폭염,
"관내 말라리아 확진자 발생. 발열, 오한, 두통, 설사 등 의심증상 발생 시 의료기관 방문. 야간활동 자제, 야외활동 시 모기기피제 사용 등 모기물림주의[포천시]",경기도 포천시 ,2025-08-07 13:04,,안전안내,218726,전염병,
"금일 양주시 전역 폭염경보 발효중입니다. 안전수칙(물, 그늘, 휴식시간)을 준수하시고 외출 자제 및 어지럼증 등 이상 시 진료를 받으시기 바랍니다. [양주시]",경기도 양주시 ,2025-08-07 13:30,,안전안내,218742,폭염,
"이천시 폭염경보 발효 중(체감온도35도 이상) 야외작업 자제하여 주시기 바라며, 충분한 물 섭취, 그늘에서 휴식, 양산 착용 등 건강 관리에 유의하세요.[이천시]",경기도 이천시 ,2025-08-07 13:45,,안전안내,218752,폭염,
"폭염경보 발효 중. 논밭, 건설현장 등 야외 작업 활동을 자제하시고, 충분히 물 마시기, 그늘에서 휴식 등 건강관리에 유의하세요. [시흥시청]",경기도 시흥시 ,2025-08-07 14:06,,안전안내,218764,폭염,
"연일 폭염경보 지속으로 온열질환자가 급증하고 있으니 야외활동 자제, 충분한 물 섭취, 무더위쉼터이용, 얼음팩을 통한 체온조절 등 건강관리에 유의하세요.[광진구청]",서울특별시 광진구 ,2025-08-07 14:13,,안전안내,218769,폭염,
"여주시 폭염 및 무더위 지속. 계곡·하천 등에서 물놀이 시 구명조끼 착용, 그늘에서 휴식, 충분한 물 섭취 등 안전에 유의하시기 바랍니다. [여주시]",경기도 여주시 ,2025-08-07 14:18,,안전안내,218775,폭염,
"폭염경보가 지속되고 있으니 논밭, 건설현장 등 야외 작업 활동을 자제하시고, 충분한 물 섭취, 그늘에서 휴식 등 건강관리에 유의하여 주시기 바랍니다.[안산시청]",경기도 안산시 ,2025-08-07 14:54,,안전안내,218787,폭염,
"김포시 주민인 박옥랑씨(여,61세)를 찾습니다-162cm,57kg,묶음머리,검정무늬상하의,검정슬리퍼,검정가방
vo.la/ottzD /☎182 [경기남부경찰청]",경기도 김포시 ,2025-08-07 15:56,,안전안내,218802,기타,
"오늘 07:40 호우주의보 발령. 하천 주변 산책로, 계곡, 급경사지, 농수로 등 위험 지역에는 가지 마시고, 하천 범람에 주의하세요. [행정안전부]","서울특별시 강남구 ,서울특별시 강동구 ,서울특별시 서초구 ,서울특별시 송파구 ",2025-08-08 7:41,,안전안내,218821,호우,
"덕양구에서 실종된 최기오씨(남,82세)를 찾습니다-165cm,노란색반바지,흰색티셔츠,검정운동화,곱슬머리 vo.la/mouVqD / ☎112 [경기북부경찰청]","경기도 고양시 덕양구 ,경기도 고양시 일산동구 ,경기도 고양시 일산서구 ",2025-08-08 8:14,,안전안내,218822,기타,
"오늘 08:10 서울(동남권) 호우경보. 하천 주변, 계곡, 급경사지, 농수로 등 위험 지역에는 가지 마시고, 대피 권고를 받으면 즉시 대피하세요. [행정안전부]","서울특별시 강남구 ,서울특별시 강동구 ,서울특별시 서초구 ,서울특별시 송파구 ",2025-08-08 8:18,,안전안내,218823,호우,
"현재 서울에 소낙성 비가 내리고 있으므로 하천, 산책로 등 출입을 자제 및 고압선, 맨홀 등 주변 접근 자제하여 주시기 바랍니다.[서울특별시청]","서울특별시 강남구 ,서울특별시 강동구 ,서울특별시 서초구 ,서울특별시 송파구 ",2025-08-08 8:31,,안전안내,218824,호우,
"현재 남양주시 전역 폭염경보 발효중. 야외 활동을 자제하세요, 충분히 물을 마시고 그늘에서 휴식을 취하는 등 건강관리에 유의하세요. [남양주시]",경기도 남양주시 ,2025-08-08 10:10,,안전안내,218879,폭염,
"폭염경보발효중. 고온의 무더위가 지속되고 있습니다 외출시 양산이용, 물마시기, 휴식하기 폭염대응 국민행동요령 준수하여 온열질환 예방하세요 [구리시청]",경기도 구리시 ,2025-08-08 10:24,,안전안내,218898,폭염,
여름철 물놀이 증가에 따라 관련 안전사고가 발생하고 있습니다.▲구명조끼 착용▲음주 후 수영금지▲어린이는 보호자 동행 등 물놀이 안전수칙 준수바랍니다.[남양주시],경기도 남양주시 ,2025-08-08 10:30,,안전안내,218903,기타,
"폭염경보 발효중. 건설현장, 논, 밭 등 낮 시간대 야외작업을 자제하여 주시고, 물마시기, 그늘에서 휴식 등으로 온열질환에 주의하여 주시기 바랍니다. [화성시]",경기도 화성시 ,2025-08-08 10:31,,안전안내,218905,폭염,
금일 양주시 전역 폭염경보 발효중입니다. 폭염에 취약한 어르신은 외출을 삼가주시고 혼자 사는 부모님께는 안부확인 문자나 전화를 해주시기 바랍니다. [양주시],경기도 양주시 ,2025-08-08 10:57,,안전안내,218914,폭염,
"전국 대부분 폭염경보. 체감온도 35도 이상. 야외 활동 자제, 충분히 물 마시기, 그늘에서 휴식, 양산 착용 등 건강관리에 유의하세요. [행정안전부]","강원특별자치도 전체 ,경기도 전체 ,경상남도 전체 ,경상북도 전체 ,광주광역시 전체 ,대구광역시 전체 ,대전광역시 전체 ,부산광역시 전체 ,서울특별시 전체 ,울산광역시 전체 ,인천광역시 전체 ,전라남도 전체 ,전북특별자치도 전체 ,제주특별자치도 전체 ,충청남도 전체 ,충청북도 전체 ,세종특별자치시  ",2025-08-08 11:05,,안전안내,218932,폭염,
"물놀이 안전수칙 준수▲구명조끼 반드시 착용 ▲충분한 준비운동 ▲ 물놀이 금지(우천시, 음주후, 야간) ▲어린이는 반드시 보호자 동반[가평군]",경기도 가평군 ,2025-08-08 11:25,,안전안내,218949,기타,
"현재 폭염경보가 발효 중입니다. 한낮 야외 활동(논, 밭, 작업 등)을 자제해주시고 충분한 수분 섭취 및 휴식으로 건강 관리에 유의하시기 바랍니다.[광명시청]",경기도 광명시 ,2025-08-08 11:26,,안전안내,218950,폭염,
"온도와 습도가 높아 폭염 피해 위험성이 높습니다. 폭염 안전수칙(물, 그늘, 휴식)준수, 부모님께 안부전화, 양산 착용 등 건강관리에 유의하세요. [의정부시]",경기도 의정부시 ,2025-08-08 11:29,,안전안내,218952,폭염,
"연일 폭염이 지속되고 있습니다. 낮 시간대 야외활동 및 작업 자제, 충분한 수분섭취와 휴식 취하기, 노약자 안전확인 등 건강관리에 유의바랍니다. [부천시청]","경기도 부천시 원미구 ,경기도 부천시 소사구 , 부천시 오정구 ",2025-08-08 12:25,,안전안내,218967,폭염,
"여주시 폭염경보 발효 중 ▲야외(논,밭) 활동 자제 ▲충분한 수분 섭취 및 양산 등 착용 ▲물놀이 시 안전수칙 준수 등 건간관리에 유의하시기 바랍니다.[여주시]",경기도 여주시 ,2025-08-08 13:03,,안전안내,218972,폭염,
"폭염경보가 지속되고 있으니 논밭, 건설현장 등 야외 작업 활동을 자제하시고, 충분한 물 섭취, 그늘에서 휴식 등 건강관리에 유의하여 주시기 바랍니다.[안산시청]","경기도 안산시 상록구 ,경기도 안산시 단원구 ",2025-08-08 14:20,,안전안내,219018,폭염,
"용인시 주민인 박찬준군(남,17세)을 찾습니다-167cm,50kg,노란색반팔상의,검정반바지,왼쪽볼에흉터 vo.la/xFodWo / ☎182 [경기남부경찰청]","경기도 용인시 처인구 ,경기도 용인시 기흥구 ,경기도 용인시 수지구 ",2025-08-08 14:50,,안전안내,219021,기타,
"광주시에서 배회중인 박찬준(남,17세)을 찾습니다-167cm,50kg,노란색반팔상의,검정반바지,왼쪽볼에흉터 vo.la/xFodWo / ☎182 [경기남부경찰청]",경기도 광주시 ,2025-08-08 14:53,,안전안내,219023,기타,
"안산시 주민인 서영주씨(여,45세)를 찾습니다-158cm,60kg,짧은머리,파랑반팔티,회색긴바지,검정슬리퍼 vo.la/AnfGN / ☎182 [경기남부경찰청]","경기도 안산시 상록구 ,경기도 안산시 단원구 ",2025-08-08 17:27,,안전안내,219048,기타,
"시흥시에서 목격된 서영주씨(여,45세)를 찾습니다-158cm,60kg,짧은머리,파랑반팔,회색긴바지,검정슬리퍼 vo.la/AnfGN / ☎182 [경기남부경찰청]",경기도 시흥시 ,2025-08-08 17:30,,안전안내,219049,기타,
"광명시 주민인 이종달씨(남,86세)를 찾습니다-167cm,이마넓음,흰자켓,분홍반팔,검정정장바지,갈색등산화 vo.la/FJehD / ☎112 [경기남부경찰청]",경기도 광명시 ,2025-08-08 18:52,,안전안내,219058,기타,
"부천시에서 목격된 이종달씨(남,86세)를 찾습니다-167cm,이마넓음,흰자켓,분홍반팔,검정정장바지,갈색등산화 vo.la/FJehD / ☎112 [경기남부경찰청]","경기도 부천시 원미구 ,경기도 부천시 소사구 , 부천시 오정구 ",2025-08-08 18:55,,안전안내,219060,기타,
"강서구 주민인 안숙희씨(여,84세)를 찾습니다-160cm,분홍외투,남색반팔,체크무늬바지,어두운신발,베이지색모자 vo.la/ubCryz / ☎112 [서울경찰청]",서울특별시 강서구 ,2025-08-08 19:50,,안전안내,219065,기타,
"폭염경보 발효중. 낮시간 이외에 새벽, 저녁시간에도 온열질환이 빈번하니 야외작업을 자제하고, 수분섭취, 그늘에서 휴식 등 건강관리에 유의바랍니다.[시흥시청]",경기도 시흥시 ,2025-08-09 9:00,,안전안내,219074,폭염,
"폭염경보 발효중입니다. 기온이 높은 한낮에는 야외활동(논,밭,공사장 등)을 자제하시고 충분한 수분 섭취 및 휴식으로 건강관리에 유의하시기 바랍니다. [남양주시]",경기도 남양주시 ,2025-08-09 9:57,,안전안내,219102,폭염,
"폭염경보발효중. 폭염대응국민행동요령 ▲무더운시간 외출.야외작업 자제 ▲외출시 모자.양산사용 ▲충분한 수분섭취, 그늘에서 휴식 ▲물놀이장 안전수칙준수[구리시청]",경기도 구리시 ,2025-08-09 10:01,,안전안내,219111,폭염,
"광명시 폭염경보 발효중. 낮시간 야외 작업 및 외출을 자제하시고, 폭염 안전수칙(물,그늘,휴식)을 준수하여 건강관리에 유의하시기 바랍니다.[광명시청]",경기도 광명시 ,2025-08-09 10:07,,안전안내,219122,폭염,
물놀이 사고 예방을 위해▲충분한 준비운동▲구명조끼 착용▲야간·음주 후 수영금지▲어린이는 반드시 보호자와 함께하기 등 안전수칙을 준수 바랍니다. [남양주시],경기도 남양주시 ,2025-08-09 10:21,,안전안내,219151,기타,
"금일 양주시 전역 폭염경보 발효중입니다. 낮 시간대인 오후 2시~5시 사이 작업시 폭염안전수칙(수분섭취, 휴식시간 등)을 철저히 지키시기 바랍니다. [양주시]",경기도 양주시 ,2025-08-09 10:23,,안전안내,219154,폭염,
"의왕시 폭염경보 발효 중. 논밭, 건설현장 등 야외 작업 활동을 자제하시고 충분한 물 섭취, 그늘에서 휴식 등 건강관리에 유의하시기 바랍니다.[의왕시]",경기도 의왕시 ,2025-08-09 10:27,,안전안내,219159,폭염,
"폭염이 지속 중입니다. 야외 활동 자제, 안전수칙(물,그늘,휴식)준수, 냉방물품(양산,쿨스카프 등)착용, 부모님께 안부전화 등 건강관리에 유의하세요. [의정부시]",경기도 의정부시 ,2025-08-09 10:31,,안전안내,219165,폭염,
"폭염으로 온열질환자 지속발생, 외출 및 야외작업(논밭, 공사장, 물류, 단순노무)자제, 폭염예방수칙(물, 그늘, 휴식)준수, 안전에 유의바랍니다. [화성시]",경기도 화성시 ,2025-08-09 10:42,,안전안내,219179,폭염,
"전국 대부분 폭염경보. 체감온도 35도 이상. 야외 활동 자제, 충분히 물 마시기, 그늘에서 휴식, 양산 착용 등 건강관리에 유의하세요. [행정안전부]","강원특별자치도 전체 ,경기도 전체 ,경상남도 전체 ,경상북도 전체 ,광주광역시 전체 ,대구광역시 전체 ,대전광역시 전체 ,부산광역시 전체 ,서울특별시 전체 ,울산광역시 전체 ,인천광역시 전체 ,전라남도 전체 ,전북특별자치도 전체 ,제주특별자치도 전체 ,충청남도 전체 ,충청북도 전체 ,세종특별자치시  ",2025-08-09 11:00,,안전안내,219195,폭염,
"폭염경보가 지속되고 있으니 논밭, 건설현장 등 야외 작업 활동을 자제하시고, 충분한 물 섭취, 그늘에서 휴식 등 건강관리에 유의하여 주시기 바랍니다.[안산시청]","경기도 안산시 상록구 ,경기도 안산시 단원구 ",2025-08-09 11:26,,안전안내,219225,폭염,
"폭염경보 발효 중. △야외 작업 자제, 물 자주 마시기, 외출시 양산쓰기 △물놀이 위험구역 접근 금지, 음주 후 수영금지 등 안전관리에 유의 바랍니다.[여주시]",경기도 여주시 ,2025-08-09 11:30,,안전안내,219228,폭염,
"연일 폭염이 지속되고 있습니다. 낮 시간대 야외활동 및 작업 자제, 충분한 수분섭취와 휴식 취하기, 노약자 안전확인 등 건강관리에 유의바랍니다. [부천시청]","경기도 부천시 원미구 ,경기도 부천시 소사구 , 부천시 오정구 ",2025-08-09 12:14,,안전안내,219236,폭염,
"물놀이 안전수칙 준수▲구명조끼 반드시 착용 ▲충분한 준비운동 ▲ 물놀이 금지(우천시, 음주후, 야간) ▲어린이는 반드시 보호자 동반[가평군]",경기도 가평군 ,2025-08-09 13:16,,안전안내,219258,기타,
"여름철 물놀이 안전사고 예방을 위해
구명조끼 착용 
충분한 준비운동
야간·음주 후 수영금지
어린이는 보호자 동반 등 
안전수칙을 준수하여 주십시오.[양평군]",경기도 양평군 ,2025-08-09 13:53,,안전안내,219283,기타,
"폭염경보 발효 중. 폭염 안전수칙(물, 그늘, 휴식) 준수, 무더위쉼터 이용(안전디딤돌 앱>안전시설>지역선택>시설:무더위쉼터) 등 건강에 유의바랍니다.[시흥시청]",경기도 시흥시 ,2025-08-09 14:00,,안전안내,219291,폭염,
"이천시 폭염경보 발효 중(체감온도35도 이상) 야외작업 자제하여 주시기 바라며, 충분한 물 섭취, 그늘에서 휴식, 양산 착용 등 건강 관리에 유의하세요.[이천시]",경기도 이천시 ,2025-08-09 14:07,,안전안내,219305,폭염,
"낮에는 폭염, 밤에는 열대야입니다. ▲장시간 야외활동(작업) 자제 ▲폭염예방 안전수칙(물,그늘,휴식)을 준수하여 밤·낮 건강관리에 유의하시기 바랍니다 [연천군]",경기도 연천군 ,2025-08-09 14:19,,안전안내,219313,폭염,
"용산구에서 배회중인 장영효씨(남,77세)를 찾습니다-174cm,63kg,이마넓음,와이셔츠넥타이,밝은자켓,검정바지
vo.la/nrxYzH/ ☎182 [서울경찰청]",서울특별시 용산구 ,2025-08-09 14:57,,안전안내,219329,기타,
"현재 강동구 폭염경보 발효중, 낮 시간대에는 가급적 야외 활동을 자제하여 주시고, 충분한 수분섭취 등 건강관리에 유의하시기 바랍니다.[강동구]",서울특별시 강동구 ,2025-08-09 17:00,,안전안내,219371,폭염,
"물놀이 안전수칙
- 구명조끼 착용
- 음주 후 물놀이 금지
- 일몰 후 물놀이 금지
 안전수칙을 준수하여 주십시오. [양평군]",경기도 양평군 ,2025-08-09 17:24,,안전안내,219378,기타,
"물놀이 안전수칙 준수
▲구명조끼 반드시 착용 ▲충분한 준비운동 ▲ 물놀이 금지(우천시, 음주후, 야간) ▲어린이는 반드시 보호자 동반[가평군]",경기도 가평군 ,2025-08-09 17:32,,안전안내,219381,기타,
오늘 19:17경 봉담읍 수기리 상가에서 화재발생으로 연기가 다량 발생중이니 인근 주민은 창문을 닫는 등 안전에 유의하여 주시기 바랍니다.[화성시],"경기도 화성시 안녕동,경기도 화성시 봉담읍,경기도 화성시 정남면",2025-08-09 19:32,,안전안내,219393,화재,
"구리시에서 실종된 이병찬씨(남,77세)를 찾습니다- 170cm,75kg,검정색조끼,회색반팔,남색바지,회색운동화 vo.la/HAgqF /☎112 [경기북부경찰청]",경기도 구리시 ,2025-08-09 20:05,,안전안내,219394,기타,
"오늘 19:17경 봉담읍 수기리 상가에서 화재발생으로 연기가 지속 발생 중, 인근 주민은 창문을 닫는 등 안전에 유의하여 주시기 바랍니다.[화성시]","경기도 화성시 안녕동,경기도 화성시 봉담읍,경기도 화성시 정남면",2025-08-09 20:05,,안전안내,219395,화재,
"폭염에 따른 물놀이 급증. 물놀이 안전용품 사용, 음주 후 물놀이 금지, 그늘에서 휴식하고 수분 섭취하기 등 안전에 유의바랍니다. [시흥시청]",경기도 시흥시 ,2025-08-10 9:00,,안전안내,219401,폭염,
"물놀이 안전수칙 준수
▲구명조끼 반드시 착용 ▲충분한 준비운동 ▲ 물놀이 금지(우천시, 음주후, 야간) ▲어린이는 반드시 보호자 동반[가평군]",경기도 가평군 ,2025-08-10 9:03,,안전안내,219404,기타,
"안산시 주민인 조청송씨(남,84세)를 찾습니다-160cm,55kg,남색긴팔,검정바지,검정구두,검정가방,캡모자
vo.la/csxBzq /☎112 [경기남부경찰청]","경기도 안산시 상록구 ,경기도 안산시 단원구 ",2025-08-10 9:11,,안전안내,219408,기타,
"물놀이 안전수칙 준수
- 구명조끼 착용
- 음주후 물놀이 하지 않기
- 일몰 후 물놀이 하지 않기
안전사고 예방을 위하여 안전수칙을 지켜주시기 바랍니다.[양평군]",경기도 양평군 ,2025-08-10 9:12,,안전안내,219411,기타,
"폭염경보 발효중. 농촌온열질환 사망자발생, 야외활동자제 및 수심이 깊은 산간계곡에서는 물놀이를 금지하시고 물놀이시에는 구명조끼를 착용하시기 바랍니다.[가평군]",경기도 가평군 ,2025-08-10 9:13,,안전안내,219412,폭염,
"광명시 폭염경보 발효 중. 낮시간 야외활동(작업,외출) 자제 및 폭염안전수칙(물,그늘,휴식)을 준수하시고 코로나19 등 건강관리에 유의바랍니다. [광명시청]",경기도 광명시 ,2025-08-10 9:19,,안전안내,219414,폭염,
"김포 전역 주말에도 체감온도 35도 이상으로 매우 무덥겠습니다. 노약자 외출자제, 작업자 휴식으로 온열질환 예방을 당부드립니다[김포시청]",경기도 김포시 ,2025-08-10 9:20,,안전안내,219415,폭염,
"중구 주민인 한대성씨(남,76세)를 찾습니다-156cm,65kg,짧은머리,남색반팔상의,카키색반바지,검정색슬리퍼
vo.la/KNFkdy /☎112 [서울경찰청]","서울특별시 서대문구 ,서울특별시 중구 ",2025-08-10 9:21,,안전안내,219416,기타,
금일 양주시 전 지역 폭염경보 발효중입니다. 야외 활동을 자제하시고 충분히 물을 마시고 그늘에서 휴식을 취하는 등 건강관리에 유의하세요. [양주시],경기도 양주시 ,2025-08-10 9:21,,안전안내,219417,폭염,
폭염경보 지속중 온열질환 발생위험이 높습니다.▲한낮 야외작업 자제▲충분한 수분섭취와 휴식하기▲가족·이웃의 안부확인 등 건강관리에 유의하시기 바랍니다. [남양주시],경기도 남양주시 ,2025-08-10 9:55,,안전안내,219432,폭염,
"폭염경보 발효중. 낮 시간에는 야외활동을 자제하시고, 외출시에는 양산을 사용하시기 바랍니다. 충분한 수분섭취와 휴식을 취하시고, 건강에 유의하세요. [구리시청]",경기도 구리시 ,2025-08-10 10:14,,안전안내,219468,폭염,
"주말간 무더운 날씨가 지속됩니다. 낮시간대 논밭,건설현장 등 야외활동을 자제하여 주시고 충분한 수분섭취, 휴식을 통해 건강관리에 유의하여 주시기 바랍니다[화성시]",경기도 화성시 ,2025-08-10 10:20,,안전안내,219479,폭염,
"물놀이 사고 예방을 위해 하천, 계곡 등 물놀이 시 ▲구명조끼 착용▲어린이는 보호자와 함께하기▲음주수영, 다이빙 금지 등 안전 수칙을 준수 바랍니다.[남양주시]",경기도 남양주시 ,2025-08-10 10:25,,안전안내,219487,기타,
주말간 무더운 날씨가 지속됩니다. 낮시간대 야외활동을 자제하여 주시고 충분한 수분섭취 및 휴식을 통해 건강관리에 각별히 유의하여 주시기 바랍니다. [연천군],경기도 연천군 ,2025-08-10 10:54,,안전안내,219519,폭염,
"주말간 무더운 날씨가 지속됩니다. 낮시간대 논밭,건설현장 등 야외활동 자제 및 충분한 수분섭취, 휴식을 통해 건강관리에 유의하여 주시기 바랍니다.[평택시]",경기도 평택시 ,2025-08-10 11:00,,안전안내,219526,폭염,
"이천시 폭염경보 발효 중(체감온도35도 이상) 야외작업 자제하여 주시기 바라며, 충분한 물 섭취, 그늘에서 휴식, 양산 착용 등 건강 관리에 유의하세요.[이천시]",경기도 이천시 ,2025-08-10 11:16,,안전안내,219553,폭염,
"주말간 무더운 날씨가 지속됩니다.△부모님께 안부전화 드리기△야외활동(논,밭,건설현장)자제△폭염안전수칙(물,그늘,휴식) 준수 등 건강관리에 유의하세요. [의왕시청]",경기도 의왕시 ,2025-08-10 11:23,,안전안내,219558,폭염,
"폭염경보 지속 발효 중. 야외활동 및 작업(논밭, 공사장 등)을 자제하시고, 폭염안전수칙(물, 그늘, 휴식)을 준수하여 건강관리에 유의하시기 바랍니다. [오산시]",경기도 오산시 ,2025-08-10 11:29,,안전안내,219562,폭염,
"여주시 전역 폭염경보 발효중 △그늘,휴식,수분섭취 필수 △야외·논·밭등 작업 및 활동 자제 △야외활동 중 어지럼증등 발생시 응급실로 내원하시기 바랍니다.[여주시]",경기도 여주시 ,2025-08-10 11:51,,안전안내,219574,폭염,
무더위와 물놀이 증가로 안전사고가 발생하고 있습니다. 온열질환예방 및 즐거운 물놀이/레저활동을 위해 안전수칙을 준수하기시 바랍니다. [남양주시],경기도 남양주시 ,2025-08-10 13:59,,안전안내,219630,기타,
"물놀이 안전수칙 준수
- 구명조끼 착용
- 음주 후 물놀이 하지않기
- 일몰 후 물놀이 하지않기
안전사고 예방을 위해 안전수칙을 지켜주시기 바랍니다.[양평군]",경기도 양평군 ,2025-08-10 14:01,,안전안내,219634,기타,
"지속되는 폭염으로 에어컨 사용 증가에 따른 화재 발생 가능성이 높으니 에어컨 단일전선 사용, 먼지 청소, 실외기실 환기 등 안전에 유의바랍니다. [시흥시청]",경기도 시흥시 ,2025-08-10 14:04,,안전안내,219641,폭염,
"폭염경보 지속 발효 중. 낮 시간대 야외활동 및 작업 자제, 충분한 물 마시기, 온열질환 예방 등 건강관리에 유의하시기 바랍니다. [부천시청]","경기도 부천시 원미구 ,경기도 부천시 소사구 , 부천시 오정구 ",2025-08-10 14:07,,안전안내,219647,폭염,
"양평군 전역 폭염경보 발효, 농경지 및 건설현장 야외작업 중지, 충분한 휴식과 수분 섭취, 주변 노약자분들께 안부전화 등 안전수칙을 준수하시기 바랍니다.[양평군]",경기도 양평군 ,2025-08-10 14:09,,안전안내,219650,폭염,
"고양시 전역 폭염경보 발효중. 무더위시간대(14~17시) 야외작업 자제, 폭염안전수칙(물,그늘,휴식)준수 등 건강관리에 유의하시기 바랍니다. [고양시청]","경기도 고양시 덕양구 ,경기도 고양시 일산동구 ,경기도 고양시 일산서구 ",2025-08-10 14:16,,안전안내,219662,폭염,
"물놀이 안전수칙 준수
▲구명조끼 반드시 착용 ▲충분한 준비운동 ▲ 물놀이 금지(우천시, 음주후, 야간) ▲어린이는 반드시 보호자 동반[가평군]",경기도 가평군 ,2025-08-10 14:41,,안전안내,219675,기타,
"포천시 폭염경보 발효중. 야외 활동은 자제하여 주시고, 야외활동시 충분한 물을 마시고, 그늘에서 휴식을 취하는 등 건강관리에 유의하시길 바랍니다. [포천시]",경기도 포천시 ,2025-08-10 14:52,,안전안내,219681,폭염,
"도봉구 주민인 이인임씨(여,94세)를 찾습니다-150cm,55kg,푸른남방,꽃무늬바지추정,허리굽고 지팡이소지
vo.la/RPQmRb /☎112 [서울경찰청]","서울특별시 강북구 ,서울특별시 도봉구 ",2025-08-10 18:17,,안전안내,219739,기타,
"광진구 주민인 한석년씨(여,75세)를 찾습니다-160cm,회색모자,하늘색상의,베이지바지,분홍스카프,안경,흰마스크
vo.la/YnVmsg /☎112 [서울경찰청]",서울특별시 광진구 ,2025-08-10 19:11,,안전안내,219742,기타,
북한이 대남 쓰레기풍선(추정) 다시 부양. 국민들께서는 낙하물에 주의하시고 풍선 발견 시 접근금지 및 군부대(1338)나 경찰에 신고해주시기 바랍니다. [경기도],경기도 전체 ,2025-08-10 20:02,,안전안내,219746,기타,
북한이 대남 쓰레기풍선(추정)을 또다시 부양하고 있습니다 시민들께서는 적재물 낙하에 유의하시고 서울 진입 시 재안내 드리겠습니다.[서울특별시청],서울특별시 전체 ,2025-08-10 20:22,,안전안내,219747,기타,
"폭염경보가 지속되고 있으니 야외활동 자제, 충분한 물 섭취, 그늘에서 휴식, 물놀이 안전수칙   
 준수, 에어컨 화재 예방 등 안전에 유의바랍니다.[시흥시청]",경기도 시흥시 ,2025-08-11 9:01,,안전안내,219755,폭염,
"광명시 전역 폭염경보 지속중, 낮시간대 야외활동을 자제하여 주시고 충분한 휴식과 수분 섭취, 가족·이웃의 안부확인 등 건강관리에 유의하시기 바랍니다.[광명시청]",경기도 광명시 ,2025-08-11 9:05,,안전안내,219757,폭염,
"폭염경보 발효중. 농촌온열질환 사망자발생, 야외활동자제 및 수심이 깊은 산간계곡에서는 물놀이를 금지하시고 물놀이시에는 구명조끼를 착용하시기 바랍니다.[가평군]",경기도 가평군 ,2025-08-11 9:11,,안전안내,219763,폭염,
"- 구명조끼 착용
 - 음주 후 물놀이 하지 않기
 - 일몰 후 물놀이 하지 않기 
   안전사고 예방을 위하여 안전수칙을 지켜주시기 바랍니다.[양평군]",경기도 양평군 ,2025-08-11 9:13,,안전안내,219765,기타,
폭염경보 지속중 온열질환 발생위험이 높습니다.▲한낮 야외작업 자제▲충분한 수분섭취와 휴식하기▲가족·이웃의 안부확인 등 건강관리에 유의하시기 바랍니다. [남양주시],경기도 남양주시 ,2025-08-11 10:19,,안전안내,219830,폭염,
"폭염경보 발효중. 충분한 휴식과 수분섭취. 낮 시간에는 야외활동을 자제하시고, 외출시에는 양산을 이용하세요. 무더운 여름 건강관리에 각별히 유의하세요[구리시청]",경기도 구리시 ,2025-08-11 10:23,,안전안내,219837,폭염,
여름철 물놀이 증가에 따라 관련 안전사고가 발생하고 있습니다.▲구명조끼 착용▲음주 후 수영금지▲어린이는 보호자 동행 등 물놀이 안전수칙 준수바랍니다.[남양주시],경기도 남양주시 ,2025-08-11 10:25,,안전안내,219841,기타,
"폭염경보가 지속되고 있으니 논밭, 건설현장 등 야외 작업 활동을 자제하시고, 충분한 물 섭취, 그늘에서 휴식 등 건강관리에 유의하여 주시기 바랍니다.[안산시청]",경기도 안산시 ,2025-08-11 10:30,,안전안내,219849,폭염,
김포지역 공장과 주택의 화재빈도가 매우 높으니 수시로 시설점검을 해주시고 전기자동차 과충전이 안되도록 주의바랍니다. [김포시청],경기도 김포시 ,2025-08-11 10:35,,안전안내,219854,화재,
"폭염경보가 지속되고 있으니 야외작업(논밭, 건설현장 등) 자제 및 충분한 수분 섭취를 통해 건강관리에 유의하시기 바랍니다[화성시]",경기도 화성시 ,2025-08-11 10:49,,안전안내,219865,폭염,
"의왕시 폭염경보 발효중. △부모님께 안부전화 드리기 △야외활동(논,밭,건설현장)자제 △폭염안전수칙(물,그늘,휴식) 준수 등 건강관리에 유의하세요. [의왕시청]",경기도 의왕시 ,2025-08-11 11:04,,안전안내,219882,폭염,
"이천시 폭염경보 발효 중(체감온도35도 이상) 야외작업 자제하여 주시기 바라며, 충분한 물 섭취, 그늘에서 휴식, 양산 착용 등 건강 관리에 유의하세요.[이천시]",경기도 이천시 ,2025-08-11 11:59,,안전안내,219917,폭염,
"금일 양주시 전역 폭염경보 발효중입니다. 안전수칙(물, 그늘, 휴식시간)을 준수하시고 외출 자제 및 어지럼증 등 이상 시 진료를 받으시기 바랍니다. [양주시]",경기도 양주시 ,2025-08-11 13:26,,안전안내,219955,폭염,
"물놀이 안전수칙 준수
- 구명조끼 착용
- 음주 후 물놀이 하지않기
- 일몰 후 물놀이 하지않기
안전사고 예방을 위해 안전수칙을 지켜주시기 바랍니다.[양평군]",경기도 양평군 ,2025-08-11 13:29,,안전안내,219957,기타,
"여주시 폭염경보 발효 중. 오후시간(14~17시)공사,농업현장,비닐하우스 작업은 최대한 자제, 폭염안전수칙(물,그늘,휴식) 준수로 안전에 유의바랍니다.[여주시]",경기도 여주시 ,2025-08-11 13:37,,안전안내,219963,폭염,
"폭염경보 발효 중. 야외작업(논밭, 건설현장 등) 자제, 수분섭취와 그늘에서 휴식 등 건강관리에 유의바랍니다.[시흥시청]",경기도 시흥시 ,2025-08-11 14:03,,안전안내,219987,폭염,
"양평군 전역 폭염경보 발효, 농경지 및 건설현장 야외작업 중지, 충분한 휴식과 수분 섭취, 주변 노약자분들꼐 안부전화 등 안전수칙을 준수하시기 바랍니다.[양평군]",경기도 양평군 ,2025-08-11 14:19,,안전안내,220006,폭염,
"폭염이 지속되고 있으니, 야외활동을 자제하시고, 충분한 수분 섭취하기, 그늘에서 휴식 취하기, 외출 시 양산 이용 등 건강관리에 유의하세요. [부천시청]","경기도 부천시 원미구 ,경기도 부천시 소사구 , 부천시 오정구 ",2025-08-11 14:22,,안전안내,220008,폭염,
여름철 물놀이 증가에 따라 관련 안전사고가 발생하고 있습니다.▲구명조끼 착용▲음주 후 수영금지▲어린이는 보호자 동행 등 물놀이 안전수칙 준수바랍니다.[남양주시],경기도 남양주시 ,2025-08-11 14:53,,안전안내,220022,기타,
"물놀이 안전수칙 준수 ▲구명조끼 반드시 착용 ▲충분한 준비운동 ▲ 물놀이 금지(우천시, 음주후, 야간) ▲어린이는 반드시 보호자 동반[가평군]",경기도 가평군 ,2025-08-11 15:01,,안전안내,220029,기타,
"금일도 무더운 폭염이 지속. 부모님께 안부전화, 야외활동 자제 및 물 마심, 휴식 등 안전 수칙 준수로 건강관리에 유의해 주세요.[서울특별시청]",서울특별시 전체 ,2025-08-11 15:12,,안전안내,220044,폭염,
"성동구에서 목격된 전재혁씨(남,25세)를 찾습니다-170cm,50kg,흰색반팔티셔츠,긴청바지 vo.la/TWZTTk / ☎112 [서울경찰청]",서울특별시 성동구 ,2025-08-11 18:49,,안전안내,220082,기타,
"폭염경보 발효중. 농촌온열질환 사망자발생, 야외활동자제 및 수심이 깊은 산간계곡에서는 물놀이를 금지하시고 물놀이시에는 구명조끼를 착용하시기 바랍니다.[가평군]",경기도 가평군 ,2025-08-12 8:53,,안전안내,220090,폭염,
"폭염경보 발효 중. 충분한 수분 섭취, 그늘에서 휴식, 야외작업(논밭, 건설현장 등) 자제, 양산착용 등 건강관리에 유의바랍니다.[시흥시청]",경기도 시흥시 ,2025-08-12 9:00,,안전안내,220093,폭염,
남양주시 폭염경보 발효중. 야외 활동을 자제하시고 충분히 물을 마시고 그늘에서 휴식을 취하는 등 건강관리에 유의하세요. [남양주시],경기도 남양주시 ,2025-08-12 10:04,,안전안내,220128,폭염,
"폭염경보 지속 발효중 ▲논·밭,건설현장 등 야외활동 및 외출 자제 ▲그늘 휴식 ▲충분한 수분 섭취 등 폭염안전수칙을 준수하여 건강관리에 유의하세요. [광명시청]",경기도 광명시 ,2025-08-12 10:05,,안전안내,220130,폭염,
여름철 물놀이 증가에 따라 관련 안전사고가 발생하고 있습니다.▲구명조끼 착용▲음주 후 수영금지▲어린이는 보호자 동행 등 물놀이 안전수칙 준수바랍니다.[남양주시],경기도 남양주시 ,2025-08-12 10:31,,안전안내,220159,기타,
"화성시 온열질환자 지속 발생 중. 논밭, 건설현장 등 야외 작업 활동 자제, 충분한 물 섭취, 그늘에서 휴식 등 건강관리에 유의하여 주시기 바랍니다. [화성시]",경기도 화성시 ,2025-08-12 10:36,,안전안내,220163,폭염,
"물놀이 안전수칙 준수
▲구명조끼 반드시 착용 ▲충분한 준비운동 ▲ 물놀이 금지(우천시, 음주후, 야간) ▲어린이는 반드시 보호자 동반[가평군]",경기도 가평군 ,2025-08-12 11:16,,안전안내,220188,기타,
"고양시 전역 폭염경보 발효 중. 무더위시간대(14~17시) 야외 작업 자제, 폭염안전수칙(물,그늘,휴식)준수 등 건강관리에 유의하시기 바랍니다. [고양시청]","경기도 고양시 덕양구 ,경기도 고양시 일산동구 ,경기도 고양시 일산서구 ",2025-08-12 11:19,,안전안내,220192,폭염,
"금일 양주시 전역 폭염경보 발효중이니 가장 더운 낮 시간대인 오후2시~오후4시 사이에는 작업 중 폭염안전수칙(수분섭취, 휴식시간) 등을 지키시기 바람. [양주시]",경기도 양주시 ,2025-08-12 12:08,,안전안내,220207,폭염,
"폭염경보 지속 발효중▲나홀로 야외작업 자제▲부모님 안부묻기▲외출 시 양산쓰기▲그늘,휴식,충분한 수분섭취 등 폭염안전수칙을 준수하여 건강관리에 유의하세요.[여주시]",경기도 여주시 ,2025-08-12 13:12,,안전안내,220218,폭염,
"이천시 폭염경보 발효 중(체감온도35도 이상) 야외작업 자제하여 주시기 바라며, 충분한 물 섭취, 그늘에서 휴식, 양산 착용 등 건강 관리에 유의하세요.[이천시]",경기도 이천시 ,2025-08-12 13:26,,안전안내,220228,폭염,
"오산시 폭염경보 발효 중. 무더운 날씨가 지속되고 있으니 야외 활동을 자제하시고, 충분한 수분 섭취 및 휴식 등 건강관리에 유의하여 주시기 바랍니다. [오산시]",경기도 오산시 ,2025-08-12 13:34,,안전안내,220231,폭염,
"폭염경보 발효 중. 최고체감온도 34도 예상. 야외활동 자제, 무더위쉼터 및 그늘에서 휴식, 충분한 물 섭취, 양산 사용 등 건강관리에 유의바랍니다.[시흥시청]",경기도 시흥시 ,2025-08-12 14:09,,안전안내,220260,폭염,
"물놀이 안전수칙 준수
- 구명조끼 착용
- 음주 후 물놀이 하지않기
- 일몰 후 물놀이 하지않기
안전사고 예방을 위해 안전수칙을 지켜주시기 바랍니다.[양평군]",경기도 양평군 ,2025-08-12 14:45,,안전안내,220279,기타,
"종로구 주민인 김진수씨(남,72세)를 찾습니다-162cm,65kg,검정반팔,검정반바지,노란모자(챙은 회색)
vo.la/HLnAOg / ☎182 [서울경찰청]","서울특별시 동대문구 ,서울특별시 종로구 ",2025-08-12 15:03,,안전안내,220290,기타,
"폭염경보가 지속되고 있으니 논밭, 건설현장 등 야외 작업 활동을 자제하시고, 충분한 물 섭취, 그늘에서 휴식 등 건강관리에 유의하여 주시기 바랍니다.[안산시청]","경기도 안산시 상록구 ,경기도 안산시 단원구 ",2025-08-12 15:19,,안전안내,220295,폭염,
"안양시 주민인 김순주씨(여,43세)를 찾습니다-150cm,43kg,연두색티,카키색반바지,빨간운동화,크로스백
vo.la/nGiVDQ / ☎182 [경기남부경찰청]","경기도 안양시 만안구 ,경기도 안양시 동안구 ",2025-08-12 15:38,,안전안내,220298,기타,
"금천구에서 배회중인 김순주씨(여,43세)를 찾습니다-150cm,43kg,연두색티,카키색반바지,빨간운동화,크로스백
vo.la/nGiVDQ/ ☎182 [서울경찰청]",서울특별시 금천구 ,2025-08-12 15:41,,안전안내,220299,기타,
"강동구에서 배회 중인 김진수씨(남,72세)를 찾습니다-162cm,65kg,검정반팔,검정바지,노란모자(챙은회색) vo.la/HLnAOg / ☎112 [서울경찰청]",서울특별시 강동구 ,2025-08-13 8:25,,안전안내,220307,기타,
"광명시 폭염경보 발효 중. 낮시간 야외작업 자제, 수분섭취, 그늘 휴식 등 폭염안전수칙을 준수해주시고, 재확산되는 코로나19도 유의해주시기 바랍니다. [광명시청]",경기도 광명시 ,2025-08-13 9:01,,안전안내,220311,폭염,
"폭염경보 발효 중. 체감온도 34도 이상. 야외작업(논밭, 건설현장 등) 자제, 수분 섭취, 그늘에서 휴식, 에어컨 화재예방 등 안전에 유의 바랍니다.[시흥시청]",경기도 시흥시 ,2025-08-13 9:38,,안전안내,220324,폭염,
"성남시 주민인 민병천씨(남,77세)를 찾습니다-168cm,60kg,자주색반팔,파란색체크무늬반바지,크록스슬리퍼
vo.la/SdsyvO /☎182 [경기남부경찰청]","경기도 성남시 수정구 ,경기도 성남시 중원구 ,경기도 성남시 분당구 ",2025-08-13 9:41,,안전안내,220327,기타,
"화성시 주민인 김미선씨(여,53세)를 찾습니다-158cm,70kg,흰색모자,자주색반팔,검정바지,자주색카트
vo.la/YNBTR /☎182 [경기남부경찰청]",경기도 화성시 ,2025-08-13 9:51,,안전안내,220335,기타,
"김포지역 체감온도 35도가 넘는 폭염이 계속되니, 무더위 시간대(14~17시) 10분 이상 규칙적인 휴식과 수분섭취로 온열질환 피해 없도록 주의하세요.[김포시청]",경기도 김포시 ,2025-08-13 9:52,,안전안내,220337,폭염,
폭염경보 지속중 온열질환 발생위험이 높습니다.▲한낮 야외작업 자제▲충분한 수분섭취와 휴식하기▲가족·이웃의 안부확인 등 건강관리에 유의하시기 바랍니다. [남양주시],경기도 남양주시 ,2025-08-13 10:03,,안전안내,220348,폭염,
"양평군 전역 폭염경보 발효, 농경지 및 건설현장 야외작업 자제, 충분한 휴식 및 수분 섭취, 주변 노약자분들께 안부전화 등 안전수칙을 준수 바랍니다.[양평군]",경기도 양평군 ,2025-08-13 10:08,,안전안내,220358,폭염,
"폭염경보발효중. 충분한 휴식과 수분섭취. 낮 시간에는 야외활동을 자제하시고, 외출시에는 양산을 이용하세요. 무더운 여름 건강관리에 각별히 유의하세요[구리시청]",경기도 구리시 ,2025-08-13 10:14,,안전안내,220369,폭염,
"폭염경보가 지속되고 있으니 논밭, 건설현장 등 야외 작업 활동을 자제하시고, 충분한 물 섭취, 그늘에서 휴식 등 건강관리에 유의하여 주시기 바랍니다.[안산시청]","경기도 안산시 상록구 ,경기도 안산시 단원구 ",2025-08-13 10:24,,안전안내,220380,폭염,
"물놀이 사고 예방을 위해 하천, 계곡 등 물놀이 시▲구명조끼 착용▲어린이는 보호자와 함께하기▲음주수영, 다이빙 금지 등 안전 수칙을 준수 바랍니다. [남양주시]",경기도 남양주시 ,2025-08-13 10:35,,안전안내,220390,기타,
"의정부시 주민인 정영희씨(여,85세)를 찾습니다-155cm,55kg,분홍상의,연두색바지,검정슬리퍼,보라색가방
vo.la/azdXaN /☎182 [경기북부경찰청]",경기도 의정부시 ,2025-08-13 10:39,,안전안내,220392,기타,
"물놀이 안전수칙 준수
▲구명조끼 반드시 착용 ▲충분한 준비운동 ▲ 물놀이 금지(우천시, 음주후, 야간) ▲어린이는 반드시 보호자 동반[가평군]",경기도 가평군 ,2025-08-13 11:06,,안전안내,220419,기타,
"금일 8월 5일 폭염경보 발효중. 안전수칙(물, 그늘, 휴식시간)을 준수하시고 외출 자제 및 어지럼증 등 이상시 진료를 받으시기 바랍니다. [양주시]",경기도 양주시 ,2025-08-13 11:26,,안전안내,220435,폭염,
"중랑구 주민인 홍태유씨(여,71세)를 찾습니다-180cm,60kg,분홍반팔티,검정조끼,검정바지,검정신발,지팡이
vo.la/AxEaZZ /☎182 [서울경찰청]","서울특별시 노원구 ,서울특별시 중랑구 ",2025-08-13 12:04,,안전안내,220444,기타,
"은평구 주민인 김승순씨(남,84세)를 찾습니다-165cm,50kg,빨강조끼,체크긴팔셔츠,검정모자,허스키목소리
vo.la/gONVpd /☎182 [서울경찰청]",서울특별시 은평구 ,2025-08-13 12:24,,안전안내,220447,기타,
"관악구에서 목격된 김승순씨(남,84세)를 찾습니다-165cm,50kg,빨강조끼,체크긴팔셔츠,검정모자,허스키목소리
vo.la/gONVpd /☎182 [서울경찰청]",서울특별시 관악구 ,2025-08-13 12:25,,안전안내,220448,기타,
"폭염과 열대야가 지속중입니다. 야외활동 자제, 안전수칙(물, 그늘, 휴식) 준수, 부모님께 안부전화, 양산착용 등 건강관리에 유의하세요. [의정부시]",경기도 의정부시 ,2025-08-13 12:56,,안전안내,220449,폭염,
"폭염경보 발효중 ▲논,밭 작업 등 야외활동 자제 ▲폭염안전수칙(물,그늘,휴식) 준수 ▲양산, 모자 사용으로 햇볕 노출 최소화 등 건강에 유의 바랍니다. [여주시]",경기도 여주시 ,2025-08-13 13:02,,안전안내,220455,폭염,
"의왕시 폭염경보 지속 중 ▲논, 밭, 건설현장 등 야외활동 자제 ▲폭염안전수칙(물,그늘,휴식) 준수 ▲외출 시 양산사용 등 온열질환에 유의바랍니다. [의왕시]",경기도 의왕시 ,2025-08-13 13:12,,안전안내,220466,폭염,
"여름철 물놀이 안전사고 예방을 위해 
구명조끼 착용
충분한 준비운동
야간 또는 음주 후 입수 금지
어린이는 보호자 동반 등
안전수칙을 준수하여 주십시오.[양평군]",경기도 양평군 ,2025-08-13 13:20,,안전안내,220470,기타,
"이천시 폭염경보 발효 중(체감온도35도 이상) 야외작업 자제하여 주시기 바라며, 충분한 물 섭취, 그늘에서 휴식, 양산 착용 등 건강 관리에 유의하세요.[이천시]",경기도 이천시 ,2025-08-13 13:24,,안전안내,220476,폭염,
"14일째 폭염경보 발효 중 ▲낮 시간(12시~오후5시) 야외작업 자제 ▲폭염 안전수칙 준수(물, 그늘 휴식) 등 건강관리에 유의바랍니다. [화성시]",경기도 화성시 ,2025-08-13 14:01,,안전안내,220500,폭염,
"낮에는 폭염, 밤에는 열대야 지속 중. 외출 및 야외작업 자제, 충분한 물 섭취와 그늘에서 휴식, 양산 사용 등 건강에 유의하시기 바랍니다. [시흥시청]",경기도 시흥시 ,2025-08-13 14:04,,안전안내,220504,폭염,
"오산시에서 배회중인 김가은(여, 16세)을 찾습니다- 162cm,검정반팔티,검정긴바지,검정크록스신발,검정가방 vo.la/WJSyAm /☎182 [경기남부경찰청]",경기도 오산시 ,2025-08-13 14:08,,안전안내,220508,기타,
"성남시 주민인 박상순씨(남,78세)를 찾습니다-165cm,70kg,빨간(노랑)무늬반팔티,검정바지,흰색실내화
vo.la/uFBet /☎182 [경기남부경찰청]","경기도 성남시 수정구 ,경기도 성남시 중원구 ,경기도 성남시 분당구 ",2025-08-13 14:17,,안전안내,220512,기타,
"폭염경보 발효 중. 무더운 날씨가 지속되고 있으니 야외 활동을 자제하시고, 충분한 수분 섭취 및 휴식 등 건강관리에 유의하여 주시기 바랍니다.[평택시]",경기도 평택시 ,2025-08-13 14:25,,안전안내,220518,폭염,
"평택시에서 배회 중인 김가은(여,16세)을 찾습니다- 162cm,검정반팔티,검정긴바지,검정크록스신발,검정가방 vo.la/WJSyAm /☎182 [경기남부경찰청]",경기도 평택시 ,2025-08-13 14:46,,안전안내,220525,기타,
"영등포구에서 목격된 유승환씨(남,58세)를 찾습니다-173cm,70kg,흰색긴팔티셔츠,회색바지,검정슬리퍼
vo.la/MMZuzS /☎182 [서울경찰청]",서울특별시 영등포구 ,2025-08-13 15:34,,안전안내,220543,기타,
"수원시에서 배회중인 이수빈씨(여,22세)를 찾습니다-166cm,59kg,체크셔츠,검정긴바지,흰색크록스 vo.la/RyDasG / ☎182 [경기남부경찰청]","경기도 수원시 장안구 ,경기도 수원시 권선구 ,경기도 수원시 팔달구 ,경기도 수원시 영통구 ",2025-08-13 16:42,,안전안내,220548,기타,
"현재 김포시 통진읍 옹정리 325-13 인근 화재로 연기가 다량 발생하고 있으니, 인근 주민분들께서는 안전에 유의하시기 바랍니다.[김포시청]",경기도 김포시 통진읍,2025-08-13 23:11,,안전안내,220554,화재,
"연일 폭염이 지속되고 있습니다. 낮시간 야외작업(논, 밭, 건설현장 등)을 자제하여 주시고 수분섭취와 그늘 휴식 등 건강관리에 유의하시기 바랍니다. [광명시청]",경기도 광명시 ,2025-08-14 9:00,,안전안내,220559,폭염,
"폭염경보 발효 중. 외출 및 야외작업 자제, 충분한 물 섭취, 규칙적인 휴식, 양산 사용, 무더위쉼터 이용 등 건강관리에 유의하시기 바랍니다. [시흥시청]",경기도 시흥시 ,2025-08-14 9:05,,안전안내,220565,폭염,
"폭염경보 발효중. 농촌온열질환 사망자발생, 야외활동자제 및 수심이 깊은 산간계곡에서는 물놀이를 금지하시고 물놀이시에는 구명조끼를 착용하시기 바랍니다.[가평군]",경기도 가평군 ,2025-08-14 9:09,,안전안내,220566,폭염,
"고양시 전역 폭염경보 발효중. 무더위시간대(14~17시) 야외 작업 자제, 폭염안전수칙(물,그늘,휴식)준수 등 건강관리에 유의하시기 바랍니다.[고양시청]","경기도 고양시 덕양구 ,경기도 고양시 일산동구 ,경기도 고양시 일산서구 ",2025-08-14 9:12,,안전안내,220570,폭염,
남양주시 폭염경보 발효중. 야외 활동을 자제하시고 충분히 물을 마시고 그늘에서 휴식을 취하는 등 건강관리에 유의하세요. [남양주시],경기도 남양주시 ,2025-08-14 10:01,,안전안내,220600,폭염,
"폭염경보 발효 중. 전국적으로 온열질환이 증가하고 있습니다. ▲폭염3대수칙(물,그늘,휴식) 준수 ▲무더운시간(12~17시) 야외작업 자제 바랍니다. [여주시]",경기도 여주시 ,2025-08-14 10:12,,안전안내,220620,폭염,
여름철 물놀이 증가에 따라 관련 안전사고가 발생하고 있습니다.▲구명조끼 착용▲음주 후 수영금지▲어린이는 보호자 동행 등 물놀이 안전수칙 준수바랍니다.[남양주시],경기도 남양주시 ,2025-08-14 10:30,,안전안내,220632,기타,
"폭염경보가 지속되고 있으니 논밭, 건설현장 등 야외 작업 활동을 자제하시고, 충분한 물 섭취, 그늘에서 휴식 등 건강관리에 유의하여 주시기 바랍니다.[안산시청]","경기도 안산시 상록구 ,경기도 안산시 단원구 ",2025-08-14 10:40,,안전안내,220644,폭염,
"의왕시 폭염경보 발효 중. 외출 및 야외작업(논, 밭, 건설현장 등)자제, 폭염안전수칙(물, 그늘, 휴식) 준수 등 안전관리에 유의 바랍니다.[의왕시]",경기도 의왕시 ,2025-08-14 10:43,,안전안내,220645,폭염,
"수원시에서 배회중인 우윤하씨(남,81세)를 찾습니다-170cm,60kg,흰색계열티셔츠,남색바지,검정신발 vo.la/NxtYkb / ☎182 [경기남부경찰청]","경기도 수원시 장안구 ,경기도 수원시 권선구 ,경기도 수원시 팔달구 ,경기도 수원시 영통구 ",2025-08-14 10:58,,안전안내,220656,기타,
폭염경보발효중. 고온의 무더위 지속 ▲야외활동자제 ▲외출시 양산이용 ▲충분한 휴식과 수분섭취 ▲폭염대응 국민행동요령 준수하여 온열질환 예방 [구리시청],경기도 구리시 ,2025-08-14 11:02,,안전안내,220663,폭염,
"연일 폭염이 지속되고 있습니다. 낮시간 야외작업(논, 밭, 건설현장 등)을 자제하여 주시고, 수분섭취와 그늘 휴식 등 건강관리에 유의하시기 바랍니다 [화성시]",경기도 화성시 ,2025-08-14 11:08,,안전안내,220672,폭염,
"양평군 전역 폭염경보 발효, 농경지 및 건설현장 야외작업 자제, 충분한 휴식 및 수분 섭취, 주변 노약자분들께 안부전화 등 안전수칙을 준수 바랍니다.[양평군]",경기도 양평군 ,2025-08-14 11:15,,안전안내,220675,폭염,
"금일 양주시 전역 폭염경보 발효중입니다. 안전수칙(물, 그늘, 휴식시간)을 준수하시고 외출 자제 및 어지럼증 등 이상 시 진료를 받으시기 바랍니다. [양주시]",경기도 양주시 ,2025-08-14 11:34,,안전안내,220686,폭염,
"물놀이 안전수칙 준수
▲구명조끼 반드시 착용 ▲충분한 준비운동 ▲ 물놀이 금지(우천시, 음주후, 야간) ▲어린이는 반드시 보호자 동반[가평군]",경기도 가평군 ,2025-08-14 11:36,,안전안내,220687,기타,
"야외활동(야외작업, 논밭작업 등) 자제, 안전수칙(물, 그늘, 휴식) 준수, 냉방물품(양산, 선풍기 등) 사용 등 폭염 대비 건강관리에 유의하세요. [의정부시]",경기도 의정부시 ,2025-08-14 11:38,,안전안내,220690,폭염,
"폭염경보 발효 중. 햇볕이 강한 낮 시간대 야외활동 자제, 충분한 수분섭취, 그늘에서 휴식을 취하는 등 온열질환이 발생하지 않도록 건강에 유의하세요. [부천시청]","경기도 부천시 원미구 ,경기도 부천시 소사구 , 부천시 오정구 ",2025-08-14 12:30,,안전안내,220698,폭염,
오늘 14~16시경 국군의 날 행사 관련 비행(훈련)으로 비행음이 발생될 수 있음을 알려드립니다.[서울특별시청],서울특별시 전체 ,2025-08-14 13:06,,안전안내,220702,기타,
"폭염경보 발효 중. 햇볕이 강한 낮 시간대 야외활동 자제, 충분한 수분섭취, 그늘에서 휴식을 취하는 등 온열질환이 발생하지 않도록 건강에 유의하세요.[평택시]",경기도 평택시 ,2025-08-14 13:07,,안전안내,220704,폭염,
"폭염경보 발효 중 ▲야외활동 자제 ▲야외 작업(논, 밭, 건설현장 등)자제 ▲폭염 예방(물, 그늘, 휴식)을 준수하여 안전관리에 유의하시기 바랍니다.[동두천시]",경기도 동두천시 ,2025-08-14 13:11,,안전안내,220712,폭염,
"폭염이 지속되고 있습니다. 낮시간 야외작업(논, 밭, 건설현장 등)을 자제하여 주시고, 수분섭취와 쉼터 및 그늘 휴식 등 건강관리에 유의하시기 바랍니다.[연천군]",경기도 연천군 ,2025-08-14 13:22,,안전안내,220718,폭염,
"폭염경보 지속 발효 중. 야외 활동 및 작업(논밭, 공사장 등)을 자제하시고, 외출시 양산 이용, 충분한 수분 섭취 등 건강관리에 유의하시기 바랍니다. [오산시]",경기도 오산시 ,2025-08-14 13:27,,안전안내,220720,폭염,
"여름철 물놀이 안전사고 예방을 위해 
구명조끼 착용
충분한 준비운동
야간 또는 음주 후 입수 금지
어린이는 보호자 동반 등
안전수칙을 준수하여 주십시오.[양평]",경기도 양평군 ,2025-08-14 13:27,,안전안내,220721,기타,
"체감온도 34도 이상, 폭염경보 지속 중. 야외작업(논밭, 건설현장 등) 자제, 물 섭취, 그늘에서 휴식, 에어컨 화재 예방 등 안전에 유의바랍니다.[시흥시청]",경기도 시흥시 ,2025-08-14 14:00,,안전안내,220744,폭염,
"폭염경보 발효 중 ▲논·밭, 건설현장 등 야외작업ㆍ활동 자제 ▲폭염 안전수칙(물,그늘,휴식) 준수 ▲물놀이 시 구명조끼 착용등 안전에 유의바랍니다. [여주시]",경기도 여주시 ,2025-08-14 14:04,,안전안내,220751,폭염,
"오늘도 무더운 폭염이 지속. 부모님께 안부전화, 야외활동 자제, 충분한 물 섭취와 휴식으로 온열질환 예방을 위한 건강관리에 유의하시기 바랍니다.[서울특별시청]",서울특별시 전체 ,2025-08-14 14:15,,안전안내,220763,폭염,
"금일 김포지역 체감온도 최고 37.4도. 어르신 농작업 절대금지, 작업자 무더위 휴식시간제(14~17시) 준수하여 온열질환 발생에 각별히 주의바랍니다.[김포시청]",경기도 김포시 ,2025-08-14 14:16,,안전안내,220765,폭염,
포천시 전역 폭염경보 발효 중입니다. 한낮 외출 및 야외활동 자제하시고 규칙적으로 물을 자주 마시면서 건강관리 잘하시기 바랍니다.[포천시],경기도 포천시 ,2025-08-14 14:33,,안전안내,220771,폭염,
오늘 14:30경 김포시 운양지하차도(운양동 1245-1) 인근 강화 방면 대형 교통사고 발생. 통행이 매우 어려우니 우회 및 안전운전 바랍니다. [김포시청],"경기도 김포시 북변동,경기도 김포시 걸포동,경기도 김포시 운양동,경기도 김포시 감정동,경기도 김포시 사우동,경기도 김포시 풍무동,경기도 김포시 마산동,경기도 김포시 고촌읍",2025-08-14 16:04,,안전안내,220786,교통사고,
"오늘 16:45 경기(양주) 호우주의보 발령. 하천 주변 산책로, 계곡, 급경사지, 농수로 등 위험 지역에는 가지 마시고, 하천 범람에 주의하세요. [행정안전부]",경기도 양주시 ,2025-08-14 16:47,,안전안내,220790,호우,
"오늘 16:50 호우주의보 발령. 하천 주변 산책로, 계곡, 급경사지, 농수로 등 위험 지역에는 가지 마시고, 하천 범람에 주의하세요. [행정안전부]","서울특별시 강서구 ,서울특별시 관악구 ,서울특별시 구로구 ,서울특별시 금천구 ,서울특별시 동작구 ,서울특별시 양천구 ,서울특별시 영등포구 ",2025-08-14 16:53,,안전안내,220791,호우,
"금일 16:45 양주시 전역 호우주의보 발령. 하천 주변 산책로, 계곡, 급경사지, 농수로 등 위험 지역에는 가지 마시고, 하천 범람에 주의하세요. [양주시]",경기도 양주시 ,2025-08-14 16:56,,안전안내,220792,호우,
"오늘 17:50 경기(고양) 호우주의보 발령. 하천 주변 산책로, 계곡, 급경사지, 농수로 등 위험 지역에는 가지 마시고, 하천 범람에 주의하세요. [행정안전부]","경기도 고양시 덕양구 ,경기도 고양시 일산동구 ,경기도 고양시 일산서구 ",2025-08-14 17:54,,안전안내,220795,호우,
"오늘 18:00 경기(김포) 호우주의보 발령. 하천 주변 산책로, 계곡, 급경사지, 농수로 등 위험 지역에는 가지 마시고, 하천 범람에 주의하세요. [행정안전부]",경기도 김포시 ,2025-08-14 18:05,,안전안내,220796,호우,
"김포지역 국지성 호우로 강한 비가 내리는 곳이 있고 호우주의보 발효. 하천변산책로, 야영장, 침수우려지역 접근금지 등 안전에 유의하시기 바랍니다. [김포시청]",경기도 김포시 ,2025-08-14 18:15,,안전안내,220797,호우,
"폭염경보가 지속되어 온열질환 발생 우려가 높으니 외출 및 야외작업 자제, 물 섭취, 그늘에서 휴식 등 건강관리에 유의하시기 바랍니다.[시흥시청]",경기도 시흥시 ,2025-08-15 9:00,,안전안내,220808,폭염,
"여름철 물놀이 안전사고 예방을 위해
구명조끼 착용 
충분한 준비운동
야간·음주 후 수영금지
어린이는 보호자 동반 등 
안전수칙을 준수하여 주십시오[양평군]",경기도 양평군 ,2025-08-15 9:03,,안전안내,220809,기타,
"폭염과 열대야가 지속중입니다. 야외활동 자제, 폭염안전수칙(물,그늘,휴식)준수, 부모님께 안부전화, 양산착용 등 건강관리에 유의하여 주시기 바랍니다. [광명시청]",경기도 광명시 ,2025-08-15 9:11,,안전안내,220815,폭염,
"폭염경보 발효 중. ▲무더운 시간 실외 작업, 영농작업, 나홀로 작업 자제 ▲충분히 물 마시기 ▲그늘 휴식 ▲양산 착용 등 건강 관리에 유의바랍니다.[가평군]",경기도 가평군 ,2025-08-15 10:05,,안전안내,220849,폭염,
"폭염이 지속되어 온열질환 위험이 매우 높으니 야외활동과 야외작업(논밭, 건설현장 등)을 자제하시고 그늘, 휴식, 수분섭취 등 건강관리에 유의바랍니다. [화성시]",경기도 화성시 ,2025-08-15 10:06,,안전안내,220852,폭염,
"남양주시 폭염경보 발효중입니다. 충분한 물 섭취 등 건강관리에 유의하시고, 물놀이 시 구명조끼 착용, 어린이는 보호자 동행 등 안전수칙 준수바랍니다.[남양주시]",경기도 남양주시 ,2025-08-15 10:08,,안전안내,220855,기타,
"용인시 주민인 황현규씨(남,48세)를 찾습니다-165cm,50kg,회색반팔카라티,검정추리닝긴바지,검정안경
vo.la/hOBBuY / ☎112 [경기남부경찰청]","경기도 용인시 처인구 ,경기도 용인시 기흥구 ,경기도 용인시 수지구 ",2025-08-15 10:11,,안전안내,220862,기타,
"성남시에서 목격된 황현규씨(남,48세)를 찾습니다-165cm,50kg,회색반팔카라티,검정추리닝바지,검정안경
vo.la/hOBBuY / ☎112 [경기남부경찰청]","경기도 성남시 수정구 ,경기도 성남시 중원구 ,경기도 성남시 분당구 ",2025-08-15 10:15,,안전안내,220871,기타,
"물놀이 안전수칙 준수 ▲구명조끼 반드시 착용 ▲충분한 준비운동 ▲물놀이 금지(우천시, 음주후, 야간) ▲어린이는 반드시 보호자 동반[가평군]",경기도 가평군 ,2025-08-15 10:19,,안전안내,220875,기타,
"화성시 주민인 이광윤씨(남,51세)를 찾습니다-180cm,75kg,검정티셔츠,회색긴바지,검정백팩착용
vo.la/BrdPff / ☎112 [경기남부경찰청]",경기도 화성시 ,2025-08-15 10:25,,안전안내,220878,기타,
"오산시에서 최종 목격된 이광윤씨(남,51세)를 찾습니다-180cm,75kg,검정티셔츠,회색긴바지,검정백팩
vo.la/BrdPff / ☎112 [경기남부경찰청]",경기도 오산시 ,2025-08-15 10:29,,안전안내,220881,기타,
"폭염경보 발효중. 야외 활동을 자제하세요, 충분히 물을 마시고 그늘에서 휴식을 취하는 등 건강 관리에 유의하세요. [구리시청]",경기도 구리시 ,2025-08-15 10:33,,안전안내,220889,폭염,
"폭염이 지속되어 온열질환 위험이 매우 높으니 야외활동과 야외작업(논밭, 건설현장 등)을 자제하시고 그늘, 휴식, 수분섭취 등 건강관리에 유의바랍니다. [의왕시]",경기도 의왕시 ,2025-08-15 10:34,,안전안내,220890,폭염,
"이천시 폭염경보 발효 중(체감온도35도 이상) 야외작업 자제하여 주시기 바라며, 충분한 물 섭취, 그늘에서 휴식, 양산 착용 등 건강 관리에 유의하세요.[이천시]",경기도 이천시 ,2025-08-15 11:01,,안전안내,220911,폭염,
"양평군 전역 폭염경보 발효, 농경지 및 건설현장 야외작업 자제, 충분한 휴식 및 수분 섭취, 주변 노약자분들께 안부전화 등 안전수칙을 준수 바랍니다.[양평군]",경기도 양평군 ,2025-08-15 11:02,,안전안내,220912,폭염,
"체감온도 35도를 넘는 폭염이 이어지면서 인명피해가 발생하고 있습니다. 외출 자제하기, 시원한 환경 유지하기, 충분한 물 마시기 꼭 실천해 주세요.[안양시청]","경기도 안양시 만안구 ,경기도 안양시 동안구 ",2025-08-15 11:09,,안전안내,220921,폭염,
"폭염경보 발효 중. 낮 시간대 야외작업(논,밭,공사현장 등) 및 야외활동 자제. 폭염 안전수칙(물,그늘,휴식)준수 등 건강관리에 유의바랍니다. [군포시]",경기도 군포시 ,2025-08-15 12:01,,안전안내,220945,폭염,
"오늘 양주시 전역 폭염경보 지속중입니다. 낮 시간대인 오후 2시~5시 사이 작업시 폭염안전수칙(수분섭취, 휴식시간 등)을 철저히 지키시기 바랍니다. [양주시]",경기도 양주시 ,2025-08-15 12:29,,안전안내,220956,폭염,
"고양시 주민인 이훈희씨(남,87세)를 찾습니다-161cm,66kg,반백대머리,회색체크셔츠,회색바지,검정구두
vo.la/cYWktH / ☎112 [경기북부경찰청]","경기도 고양시 덕양구 ,경기도 고양시 일산동구 ,경기도 고양시 일산서구 ",2025-08-15 12:46,,안전안내,220960,기타,
여름철 물놀이 증가에 따라 관련 안전사고가 발생하고 있습니다.▲구명조끼 착용▲음주 후 수영금지▲어린이는 보호자 동행 등 물놀이 안전수칙 준수바랍니다.[남양주시],경기도 남양주시 ,2025-08-15 13:00,,안전안내,220967,기타,
"여름철 물놀이 안전사고 예방을 위해
구명조끼 착용 
충분한 준비운동
야간·음주 후 수영금지
어린이는 보호자 동반 등 
안전수칙을 준수하여 주십시오.[양평군]",경기도 양평군 ,2025-08-15 13:01,,안전안내,220968,기타,
"계속되는 폭염으로 온열질환 위험이 매우 높으니 논,밭 작업 등 야외 활동을 자제하시고, 충분한 물 섭취, 휴식 등 건강관리에 유의하시기 바랍니다. [여주시]",경기도 여주시 ,2025-08-15 13:44,,안전안내,220995,폭염,
"폭염경보 발효 중. 규칙적인 물 섭취, 그늘에서 휴식, 야외작업 자제, 외출 시 양산 이용, 주변 노약자분들께 안부 전화 등 건강관리에 유의 바랍니다.[시흥시청]",경기도 시흥시 ,2025-08-15 14:03,,안전안내,221013,폭염,
"폭염경보 발효 중. 햇볕이 강한 낮 시간대 야외활동 자제, 충분한 수분섭취, 그늘에서 휴식을 취하는 등 온열질환이 발생하지 않도록 건강에 유의하세요. [부천시청]","경기도 부천시 원미구 ,경기도 부천시 소사구 , 부천시 오정구 ",2025-08-15 14:28,,안전안내,221029,폭염,
"폭염경보가 지속되고 있으니 논밭, 건설현장 등 야외 작업 활동을 자제하시고, 충분한 물 섭취, 그늘에서 휴식 등 건강관리에 유의하여 주시기 바랍니다.[안산시청]",경기도 안산시 ,2025-08-15 15:27,,안전안내,221050,폭염,
"폭염경보 발효 중. 햇볕이 강한 낮 시간대 야외활동 자제, 충분한 수분섭취, 그늘에서 휴식을 취하는 등 온열질환이 발생하지 않도록 건강에 유의하세요.[평택시]",경기도 평택시 ,2025-08-15 15:45,,안전안내,221057,폭염,
"물놀이 안전수칙 준수
▲구명조끼 반드시 착용 ▲충분한 준비운동 ▲ 물놀이 금지(우천시, 음주후, 야간) ▲어린이는 반드시 보호자 동반[가평군]",경기도 가평군 ,2025-08-15 16:11,,안전안내,221061,기타,
"안산시에서 배회중인 정기호씨(남,56세)를찾습니다-165cm,55kg,상하의 경희재활요양병원환자복,검정슬리퍼 vo.la/kQsHZU /☎112 [경기남부경찰청]","경기도 안산시 상록구 ,경기도 안산시 단원구 ",2025-08-15 20:02,,안전안내,221073,기타,
"폭염경보 발효 중. 햇볕이 강한 낮 시간대 야외활동 자제, 충분한 수분섭취, 그늘에서 휴식을 취하는 등 온열질환이 발생하지 않도록 건강에 유의하세요. [부천시청]","경기도 부천시 원미구 ,경기도 부천시 소사구 , 부천시 오정구 ",2025-08-16 9:05,,안전안내,221080,폭염,
"폭염경보 발효중. 농촌온열질환 사망자발생, 야외활동자제 및 수심이 깊은 산간계곡에서는 물놀이를 금지하시고 물놀이시에는 구명조끼를 착용하시기 바랍니다.[가평군]",경기도 가평군 ,2025-08-16 9:05,,안전안내,221081,폭염,
"폭염과 열대야가 지속중입니다. 야외활동 자제, 폭염안전수칙(물,그늘,휴식)준수, 부모님께 안부전화, 양산착용 등 건강관리에 유의하여 주시기 바랍니다. [광명시청]",경기도 광명시 ,2025-08-16 9:15,,안전안내,221086,폭염,
"하남시 주민인 박주형씨(여,31세)를 찾습니다-164cm,검정긴머리,꽃무늬나시,베이지반바지,검정슬리퍼
vo.la/vSvKCD /☎182 [경기남부경찰청]",경기도 하남시 ,2025-08-16 9:21,,안전안내,221088,기타,
"안산시 주민인 최중일씨(남,34세)를 찾습니다-177cm,56kg,검정반팔,가로줄무늬바지,검정신발
vo.la/FKwZg /☎182 [경기남부경찰청]","경기도 안산시 상록구 ,경기도 안산시 단원구 ",2025-08-16 9:29,,안전안내,221091,기타,
"수원시에서 배회 중인 이인예씨(여,73세)를 찾습니다-160cm,50kg,착의불상,말투가다소어눌함
vo.la/mdnDQU /☎182 [경기남부경찰청]","경기도 수원시 장안구 ,경기도 수원시 권선구 ,경기도 수원시 팔달구 ,경기도 수원시 영통구 ",2025-08-16 9:45,,안전안내,221101,기타,
"폭염경보 발효 중. 외출 및 야외작업 자제, 충분한 물 섭취, 그늘에서 휴식, 양산 사용, 무더위 쉼터 이용 등 건강관리에 유의하시기 바랍니다. [시흥시청]",경기도 시흥시 ,2025-08-16 9:55,,안전안내,221109,폭염,
"여름철 물놀이 안전사고 예방을 위해 
구명조끼 착용, 충분한 준비운동, 야간·음주 후 수영금지, 어린이는 보호자 동반 등 
안전수칙을 준수하여 주십시오.[양평군]",경기도 양평군 ,2025-08-16 10:04,,안전안내,221125,기타,
"화성시 주민인 나승용씨(남,89세)를 찾습니다-160cm,65kg,붉은색반팔티셔츠,검정긴바지,회색모자
vo.la/bebvrL /☎182 [경기남부경찰청]",경기도 화성시 ,2025-08-16 10:13,,안전안내,221137,기타,
"폭염경보가 지속되고 있으니 논, 밭, 공사현장 등 야외 작업을 자제하시고, 충분한 물 섭취, 그늘에서 휴식 등 건강관리에 유의하여 주시기 바랍니다. [화성시]",경기도 화성시 ,2025-08-16 10:29,,안전안내,221150,폭염,
"남양주시 폭염경보 발효중입니다. 충분한 물 섭취 등 건강관리에 유의하시고, 물놀이 시 구명조끼 착용, 어린이는 보호자 동행 등 안전수칙 준수바랍니다.[남양주시]",경기도 남양주시 ,2025-08-16 10:30,,안전안내,221151,폭염,
"폭염경보 발효중. 야외 활동을 자제하세요, 충분히 물을 마시고 그늘에서 휴식을 취하는 등 건강 관리에 유의하세요. [구리시청]",경기도 구리시 ,2025-08-16 10:55,,안전안내,221160,폭염,
"폭염이 심각합니다. 야외 활동(야외작업, 논밭작업, 등산 등) 자제, 안전수칙(물, 그늘, 휴식) 준수, 부모님께 안부전화 등 건강관리에 유의하세요. [의정부시]",경기도 의정부시 ,2025-08-16 11:02,,안전안내,221170,폭염,
"여주시 폭염경보 발효중, 충분한 수분 섭취, 그늘 휴식, 야외활동 자제, 물놀이 시 반드시 구명조끼 착용, 음주수영 금지 등 건강관리에 유의 바랍니다. [여주시]",경기도 여주시 ,2025-08-16 11:04,,안전안내,221173,폭염,
"<8. 16. 폭염특보시 행동요령>
△ 규칙적으로 수분섭취  
△ 오후2시~5시사이 작업자제 
△ 어지럼증 증상시 즉시 병원진료
△ 부모님께 안부전화 [양주시]",경기도 양주시 ,2025-08-16 11:05,,안전안내,221176,폭염,
"폭염경보가 지속되고 있으니 논밭, 건설현장 등 야외 작업 활동을 자제하시고, 충분한 물 섭취, 그늘에서 휴식 등 건강관리에 유의하여 주시기 바랍니다.[안산시청]","경기도 안산시 상록구 ,경기도 안산시 단원구 ",2025-08-16 11:10,,안전안내,221182,폭염,
"안산시에서 목격된 고영민씨(남,23세)를 찾습니다-175cm,80kg,검정긴팔상의,주황색티셔츠,남색긴바지
vo.la/uUZniK /☎182 [경기남부경찰청]","경기도 안산시 상록구 ,경기도 안산시 단원구 ",2025-08-16 11:21,,안전안내,221186,기타,
"금일 강동구 전역에 무더운 날씨가 지속될 예정이오니, 낮 시간대에는 가급적 야외활동을 자제하여 주시고 충분한 수분섭취 등 건강관리에 유의하시기 바랍니다.[강동구]",서울특별시 강동구 ,2025-08-16 11:22,,안전안내,221187,폭염,
"물놀이 안전수칙 준수
▲구명조끼 반드시 착용 ▲충분한 준비운동 ▲ 물놀이 금지(우천시, 음주후, 야간) ▲어린이는 반드시 보호자 동반[가평군]",경기도 가평군 ,2025-08-16 11:36,,안전안내,221198,기타,
"포천시 폭염경보 발령중. 야외 활동은 자제하여 주시고, 야외활동시 충분히 물을 마시고, 그늘에서 휴식을 취하는 등 건강관리에 유의하시길 바랍니다. [포천시]",경기도 포천시 ,2025-08-16 11:44,,안전안내,221199,폭염,
"폭염경보 발효 중 ▲야외활동 자제 ▲야외 작업(논, 밭, 건설현장 등)자제 ▲폭염 예방(물, 그늘, 휴식)을 준수하여 안전관리에 유의하시기 바랍니다.[동두천시]",경기도 동두천시 ,2025-08-16 12:27,,안전안내,221202,폭염,
"양평군 전역 폭염경보 발효, 농경지 및 건설현장 야외작업 자제, 충분한 휴식 및 수분 섭취, 주변 노약자분들께 안부전화 등 안전수칙을 준수 바랍니다.[양평군]",경기도 양평군 ,2025-08-16 13:10,,안전안내,221224,폭염,
"폭염 열대야가 지속되고 있습니다. 야외작업 자제, 충분한 휴식과 수분 섭취, 주변 노약자분들께 안부전화 등 건강관리에 유의 바랍니다. [시흥시청]",경기도 시흥시 ,2025-08-16 14:00,,안전안내,221253,폭염,
"폭염경보 발효중. 야외작업(논밭, 건설현장 등)을 자제하시고, 충분한 수분 섭취 및 휴식, 주변 노약자분들께 안부전화 등 건강관리에 유의하시기 바랍니다.[오산시]",경기도 오산시 ,2025-08-16 14:13,,안전안내,221265,폭염,
"폭염경보 발효 중▲논·밭·건설현장 야외활동 자제▲이웃간 안부확인▲무더위쉼터 이용▲폭염 안전수칙(물, 그늘, 휴식)준수▲물놀이 안전사고에 유의바랍니다. [여주시]",경기도 여주시 ,2025-08-16 14:14,,안전안내,221267,폭염,
"동두천시 주민인 이영석씨(남,77세)를 찾습니다-170cm,68kg,백발,흰색회색반팔,남색바지,슬리퍼,굽은등
vo.la/eXEsKg /☎182 [경기북부경찰청]",경기도 동두천시 ,2025-08-16 14:54,,안전안내,221284,기타,
"물놀이 안전수칙 준수
▲구명조끼 반드시 착용 ▲충분한 준비운동 ▲ 물놀이 금지(우천시, 음주후, 야간) ▲어린이는 반드시 보호자 동반[가평군]",경기도 가평군 ,2025-08-16 14:58,,안전안내,221285,기타,
"낮에는 폭염, 밤에는 열대야가 지속되고 있습니다. 야외작업 자제, 충분한 휴식과 수분 섭취, 주변 노약자분들께 안부전화 등 건강관리에 유의 바랍니다. [연천군]",경기도 연천군 ,2025-08-16 15:00,,안전안내,221288,폭염,
"여름철 물놀이 안전사고 예방을 위해 구명조끼 착용, 충분한 준비운동, 야간·음주 후 수영금지, 어린이는 보호자 동반 등 안전수칙을 준수하여 주십시오.[양평군]",경기도 양평군 ,2025-08-16 15:26,,안전안내,221300,기타,
"금천구 주민인 최애자씨(여,78세)를 찾습니다-158cm,60kg,옥색티,회색바지,검정운동화,투명우산,파랑가방
vo.la/UWgkUK /☎182 [서울경찰청]","서울특별시 관악구 ,서울특별시 금천구 ",2025-08-16 16:18,,안전안내,221314,기타,
"오늘 18:15 경기(김포) 호우주의보 발령. 하천 주변 산책로, 계곡, 급경사지, 농수로 등 위험 지역에는 가지 마시고, 하천 범람에 주의하세요. [행정안전부]",경기도 김포시 ,2025-08-16 18:18,,안전안내,221326,호우,
"마포구 주민인 김재민씨(남,71세)를 찾습니다-173cm,53kg,남색카라반팔티,검정긴바지,검정운동화,등이굽음
vo.la/zsDTqv /☎112 [서울경찰청]","서울특별시 마포구 ,서울특별시 서대문구 ",2025-08-16 19:40,,안전안내,221328,기타,
폭염에 따른 물놀이 급증. △물놀이 안전용품 사용 △깊은 곳 가지 않기 △어린이는 보호장 동반 △음주 후 물놀이 금지 등 안전관리에 유의 바랍니다.[시흥시청],경기도 시흥시 ,2025-08-17 9:01,,안전안내,221331,폭염,
"폭염경보 발효중, 농촌 온열질환 사망자발생, 야외활동 자제 및 수심이 깊은 산간계곡에는 물놀이를 금지하시고 물놀이 시에는 구명조끼를 착용하시기 바랍니다.[가평군]",경기도 가평군 ,2025-08-17 9:03,,안전안내,221333,폭염,
"여름철 물놀이 안전사고 예방을 위해
구명조끼 착용 
충분한 준비운동
야간·음주 후 수영금지
어린이는 보호자 동반 등 
안전수칙을 준수하여 주십시오.[양평군]",경기도 양평군 ,2025-08-17 9:12,,안전안내,221336,기타,
"낮에는 폭염, 밤에는 열대야입니다. 장시간 야외활동(작업) 자제 및 폭염예방 안전수칙(물,그늘,휴식)을 준수하여 밤낮 건강관리에 각별히 유의바랍니다. [광명시청]",경기도 광명시 ,2025-08-17 9:19,,안전안내,221338,폭염,
"중구에서 배회중인 이훈희씨(남,87세)를 찾습니다-161cm,66kg,반백대머리,회색체크셔츠,회색바지,검정신발 vo.la/cYWktH / ☎112 [서울경찰청]",서울특별시 중구 ,2025-08-17 9:30,,안전안내,221342,기타,
"폭염경보가 지속되고 있으니 논밭, 건설현장 등 야외 작업 활동을 자제하시고, 충분한 물 섭취, 그늘에서 휴식 등 건강관리에 유의하여 주시기 바랍니다.[안산시청]","경기도 안산시 상록구 ,경기도 안산시 단원구 ",2025-08-17 9:58,,안전안내,221360,폭염,
"남양주시 폭염경보 발효중입니다. 충분한 물 섭취 등 건강관리에 유의하시고, 물놀이 시 구명조끼 착용, 어린이는 보호자 동행 등 안전수칙 준수바랍니다.[남양주시]",경기도 남양주시 ,2025-08-17 10:19,,안전안내,221401,폭염,
"코로나19 예방 위해 ▲손씻기 기침예절 실천, ▲마스크착용(호흡기 증상시, 의료기관·요양시설 출입시, 밀폐·밀집된 실내에서), ▲2시간에 10분 환기[질병관리청]","강원특별자치도 전체 ,경기도 전체 ,경상남도 전체 ,경상북도 전체 ,광주광역시 전체 ,대구광역시 전체 ,대전광역시 전체 ,부산광역시 전체 ,서울특별시 전체 ,울산광역시 전체 ,인천광역시 전체 ,전라남도 전체 ,전북특별자치도 전체 ,제주특별자치도 전체 ,충청남도 전체 ,충청북도 전체 ,세종특별자치시  ",2025-08-17 10:33,,안전안내,221410,전염병,
"폭염경보발효중. 충분한 휴식과 수분섭취. 낮 시간에는 야외활동을 자제하시고, 외출시에는 양산을 이용하세요. 무더운 여름 건강관리에 각별히 유의하세요[구리시청]",경기도 구리시 ,2025-08-17 10:35,,안전안내,221412,폭염,
"폭염주의보 발효중, 충분한 수분섭취, 한낮(12~17시) 농작업 및 공사작업 등 자제, 외출 시 양산쓰기 등 건강관리에 유의하시기 바랍니다. [화성시]",경기도 화성시 ,2025-08-17 10:42,,안전안내,221415,폭염,
"폭염경보가 지속되고 있으니 논밭, 건설현장 등 야외 작업 활동을 자제하시고, 충분한 물 섭취, 그늘에서 휴식 등 건강관리에 유의하여 주시기 바랍니다. [평택시]",경기도 평택시 ,2025-08-17 11:11,,안전안내,221437,폭염,
"양평군 전역 폭염경보 발효, 농경지 및 건설현장 야외작업 자제, 충분한 휴식 및 수분 섭취, 주변 노약자분들께 안부전화 등 안전수칙을 준수 바랍니다.[양평군]",경기도 양평군 ,2025-08-17 11:16,,안전안내,221440,폭염,
"물놀이 안전수칙 준수
▲구명조끼 반드시 착용 ▲충분한 준비운동 ▲ 물놀이 금지(우천시, 음주후, 야간) ▲어린이는 반드시 보호자 동반[가평군]",경기도 가평군 ,2025-08-17 11:28,,안전안내,221448,기타,
"이천시 폭염경보 발효 중(체감온도35도 이상) 야외작업 자제하여 주시기 바라며, 충분한 물 섭취, 그늘에서 휴식, 양산 착용 등 건강 관리에 유의하세요.[이천시]",경기도 이천시 ,2025-08-17 11:29,,안전안내,221449,폭염,
"연일 폭염이 지속되고 있습니다. 낮 시간대 야외활동 및 작업 자제, 충분한 수분섭취와 휴식 취하기, 노약자 안전확인 등 건강관리에 유의바랍니다. [부천시청]","경기도 부천시 원미구 ,경기도 부천시 소사구 , 부천시 오정구 ",2025-08-17 11:30,,안전안내,221450,폭염,
"폭염경보 지속 발효중. 야외 작업(논밭, 건설현장 등) 및 외출을 자제하시고, 폭염안전수칙(물, 그늘, 휴식) 준수 등 건강관리에 유의하시기 바랍니다. [오산시]",경기도 오산시 ,2025-08-17 12:00,,안전안내,221463,폭염,
"파주시 주민인 박금자씨(여,44세)를 찾습니다-163cm,90kg,핑크색원피스,안경착용,슬리퍼,핸드백소지
vo.la/GXzbTR /☎112 [경기북부경찰청]",경기도 파주시 ,2025-08-17 13:01,,안전안내,221480,기타,
"폭염이 지속되어 온열질환 위험이 매우 높으니 야외활동과 야외작업(논밭, 건설현장 등)을 자제하시고 그늘, 휴식, 수분섭취 등 건강관리에 유의바랍니다. [의왕시]",경기도 의왕시 ,2025-08-17 13:02,,안전안내,221483,폭염,
여름철 물놀이 증가에 따라 관련 안전사고가 다발하고 있습니다. ▲구명조끼 착용▲음주 후 수영금지▲어린이는 보호자 동행 등 물놀이 안전수칙 준수바랍니다.[남양주],경기도 남양주시 ,2025-08-17 13:02,,안전안내,221484,기타,
"여주시 폭염경보 지속 중. 충분한 수분 섭취와 휴식, 낮 시간 야외활동 자제, 외출 시에는 양산 이용 등 무더운 여름 건강관리에 각별히 유의 바랍니다. [여주시]",경기도 여주시 ,2025-08-17 13:27,,안전안내,221504,폭염,
"여름철 물놀이 안전사고 예방을 위해
구명조끼 착용 
충분한 준비운동
야간·음주 후 수영금지
어린이는 보호자 동반 등 
안전수칙을 준수하여 주십시오.[양평군]",경기도 양평군 ,2025-08-17 13:35,,안전안내,221507,기타,
"폭염경보 발효 중 ▲야외활동 자제 ▲야외 작업(논, 밭, 건설현장 등)자제 ▲폭염 예방(물, 그늘, 휴식)을 준수하여 안전관리에 유의하시기 바랍니다.[동두천시]",경기도 동두천시 ,2025-08-17 13:42,,안전안내,221511,폭염,
"<8.17. 폭염특보시 행동요령>
△ 규칙적으로 수분 섭취  
△ 오후2시~5시사이 작업 자제 
△ 어지럼증 증상시 즉시 병원진료
△ 부모님께 안부전화 [양주시]",경기도 양주시 ,2025-08-17 13:44,,안전안내,221515,폭염,
"포천시 폭염경보 발효 중. 야외활동은 자제하여 주시고, 야외활동 시 충분히 물을 마시고, 그늘에서 휴식을 취하는 등 건강관리에 유의하시기 바랍니다.[포천시]",경기도 포천시 ,2025-08-17 13:55,,안전안내,221527,폭염,
"폭염경보 지속 중. △영농작업 등 야외작업 및 외출자제 △폭염 안전수칙(물, 그늘, 휴식) 준수 △부모님께 안부전화 등 안전관리에 유의 바랍니다.[시흥시청]",경기도 시흥시 ,2025-08-17 14:00,,안전안내,221532,폭염,
"물놀이 안전수칙 준수 ▲구명조끼 반드시 착용 ▲충분한 준비운동 ▲ 물놀이 금지(우천시, 음주후, 야간) ▲어린이는 반드시 보호자 동반[가평군]",경기도 가평군 ,2025-08-17 15:00,,안전안내,221573,기타,
"폭염 장기화에 따른 건강관리를 위해 야외활동 자제, 충분한 물 섭취 및 휴식, 건강 이상이 있을 경우 의료기관의 진료를 받으시기 바랍니다.[서울특별시청]",서울특별시 전체 ,2025-08-17 15:08,,안전안내,221582,기타,
지속되는 폭염으로 에어컨 사용 증가에 따른 화재 가능성이 높으니 △에어컨 단일전선 사용△먼지 청소 △실외기실 환기 등 안전관리에 유의 바랍니다.[시흥시청],경기도 시흥시 ,2025-08-18 9:00,,안전안내,221619,폭염,
"여름철 물놀이 안전사고 예방을 위해
구명조끼 착용 
충분한 준비운동
야간·음주 후 수영금지
어린이는 보호자 동반 등 
안전수칙을 준수하여 주십시오.[양평군]",경기도 양평군 ,2025-08-18 9:01,,안전안내,221622,기타,
"폭염경보 발효중. 폭염안전수칙(물,그늘,휴식) 준수. 낮 야외활동 및 (1인)작업 자제, 부모님께 안부전화 등 건강관리에 유의하시기 바랍니다.[광명시청]",경기도 광명시 ,2025-08-18 9:02,,안전안내,221623,폭염,
현재 폭염경보 발효 중. 낮 시간 야외활동 및 장시간 농작업과 나홀로 작업을 자제하시고 충분한 물 섭취 등 건강관리에 유의하시기 바랍니다.[가평군],경기도 가평군 ,2025-08-18 9:20,,안전안내,221628,폭염,
"송파구 주민인 김세진씨(남,20세)를 찾습니다- 170cm,100kg,베이지색반팔티,검정색흰색무늬반바지,검정신발 vo.la/AatXst /☎112 [서울경찰청]",서울특별시 송파구 ,2025-08-18 9:25,,안전안내,221631,기타,
"타시군 야간행사에서 온열질환자 다수 발생. 야외 활동 자제, 안전수칙(물, 그늘, 휴식) 준수, 냉방물품 사용 등 건강관리에 유의하세요. [의정부시]",경기도 의정부시 ,2025-08-18 10:00,,안전안내,221654,폭염,
"남양주시 폭염경보 발효중입니다. 충분한 물 섭취 등 건강관리에 유의하시고, 물놀이 시 구명조끼 착용, 어린이는 보호자 동행 등 안전수칙 준수바랍니다.[남양주시]",경기도 남양주시 ,2025-08-18 10:06,,안전안내,221667,폭염,
"종로구 주민인 김동욱씨(남, 48세)를 찾습니다- 168cm,70kg,회색반팔,얼룩무늬반바지,신발미착용,검정양말 vo.la/QRSPPT /☎112 [서울경찰청]","서울특별시 종로구 ,서울특별시 중구 ",2025-08-18 10:38,,안전안내,221696,기타,
"폭염경보 발효중. ▲가급적 외출 자제 ▲야외작업(논밭, 공사장 등)자제 ▲충분한 수분섭취 ▲냉방 가능한 실내에서 충분한 휴식등 건강에 유의하세요 [구리시청]",경기도 구리시 ,2025-08-18 10:40,,안전안내,221698,폭염,
"김포지역 연일 체감온도 35도 이상으로 매우 무더워 온열질환 발생 가능성이 높습니다. 실내외 작업 금지, 물 마시기 등으로 건강조심 바랍니다.[김포시청]",경기도 김포시 ,2025-08-18 10:42,,안전안내,221700,폭염,
"오늘도 무더운 폭염이 지속, 부모님께 안부전화, 야외활동 자제, 충분한 물 섭취와 휴식으로 온열질환 예방을 위한 건강관리에 유의하시기 바랍니다. [부천시청]","경기도 부천시 원미구 ,경기도 부천시 소사구 , 부천시 오정구 ",2025-08-18 11:04,,안전안내,221721,폭염,
"폭염경보 발효 중. 햇볕이 강한 낮 시간대 야외활동 자제, 충분한 수분섭취, 그늘에서 휴식을 취하는 등 온열질환이 발생하지 않도록 건강에 유의하세요.[평택시]",경기도 평택시 ,2025-08-18 11:05,,안전안내,221722,폭염,
"물놀이 안전수칙 준수
▲구명조끼 반드시 착용 ▲충분한 준비운동 ▲ 물놀이 금지(우천시, 음주후, 야간) ▲어린이는 반드시 보호자 동반[가평군]",경기도 가평군 ,2025-08-18 11:15,,안전안내,221730,기타,
"폭염경보가 지속되고 있으니 논밭, 건설현장 등 야외 작업 활동을 자제하시고, 충분한 물 섭취, 그늘에서 휴식 등 건강관리에 유의하여 주시기 바랍니다.[안산시청]","경기도 안산시 상록구 ,경기도 안산시 단원구 ",2025-08-18 11:21,,안전안내,221735,폭염,
"폭염경보 발효 중. 논밭, 건설현장 등 야외활동 자제 및 충분한 물 섭취, 그늘에서 휴식을 취하여 건강관리에 유의하여 주시기 바랍니다.[화성시]",경기도 화성시 ,2025-08-18 11:42,,안전안내,221743,폭염,
"오늘도 폭염이 지속되어 야외활동 자제, 부득이 야외활동 시 충분한 물 섭취와 휴식 등으로 온열질환을 예방하시기 바랍니다.[서울특별시청]",서울특별시 전체 ,2025-08-18 12:19,,안전안내,221756,폭염,
"오산시 폭염경보 발효 중. 야외 활동을 자제하시고, 충분한 수분 섭취, 그늘에서 휴식을 취하는 등 온열질환 예방 및 건강관리에 유의하시기 바랍니다. [오산시]",경기도 오산시 ,2025-08-18 12:23,,안전안내,221758,폭염,
"<8.18. 폭염특보시 행동요령>
△ 규칙적으로 수분 섭취  
△ 오후2시~5시사이 작업 자제 
△ 어지럼증 증상시 즉시 병원진료
△ 부모님께 안부전화 [양주시]",경기도 양주시 ,2025-08-18 12:37,,안전안내,221764,폭염,
"포천시 폭염경보 발효중입니다. 농업 및 야외 활동 시 그늘 휴식, 충분한 물 마시기, 노약자 외출자제 등 피해에 적극 유의하시기 바랍니다.[포천시]",경기도 포천시 ,2025-08-18 12:55,,안전안내,221769,폭염,
여름철 물놀이 증가에 따라 관련 안전사고가 다발하고 있습니다. ▲구명조끼 착용▲음주 후 수영금지▲어린이는 보호자 동행 등 물놀이 안전수칙 준수바랍니다.[남양주],경기도 남양주시 ,2025-08-18 12:59,,안전안내,221770,기타,
"이천시 폭염경보 발효 중(체감온도35도 이상) 야외작업 자제하여 주시기 바라며, 충분한 물 섭취, 그늘에서 휴식, 양산 착용 등 건강 관리에 유의하세요.[이천시]",경기도 이천시 ,2025-08-18 13:03,,안전안내,221776,폭염,
"폭염이 지속되어 온열질환 위험이 매우 높으니 야외활동과 야외작업(논밭, 건설현장 등)을 자제하시고 그늘, 휴식, 수분섭취 등 건강관리에 유의바랍니다. [의왕시]",경기도 의왕시 ,2025-08-18 13:04,,안전안내,221778,폭염,
"양평군 전역 폭염경보 발효, 농경지 및 건설현장 야외작업 자제, 충분한 휴식 및 수분 섭취, 주변 노약자분들께 안부전화 등 안전수칙을 준수 바랍니다.[양평군]",경기도 양평군 ,2025-08-18 13:06,,안전안내,221783,폭염,
"여름철 물놀이를 위한 안전수칙 준수 바랍니다.▲구명조끼 반드시 착용 ▲충분한 준비운동 ▲물놀이 금지(우천시, 음주 후, 야간) ▲어린이는 보호자 동반.[포천시]",경기도 포천시 ,2025-08-18 13:20,,안전안내,221793,교통,
"여주시 폭염 지속중, 외출 및 야외작업(논밭, 공사장, 물류, 단순노무 등) 자제, 폭염안전수칙(물,그늘,휴식) 준수, 안전 유의바랍니다.[여주시]",경기도 여주시 ,2025-08-18 13:39,,안전안내,221802,폭염,
"폭염으로 야외 체육활동 온열환자가 발생하고 있습니다. 달리기, 자전거 타기 등 야외활동을 자제해 주세요. [안양시청]","경기도 안양시 만안구 ,경기도 안양시 동안구 ",2025-08-18 13:42,,안전안내,221803,폭염,
"여름철 물놀이 안전사고 예방을 위해
구명조끼 착용, 충분한 준비운동, 야간·음주 후 수영금지,
어린이는 보호자 동반 등 안전수칙을 준수하여 주십시오.[양평군]",경기도 양평군 ,2025-08-18 13:54,,안전안내,221811,기타,
폭염경보 지속. 최고기온 35도 이상. △외출 자제 △수분 섭취 △그늘에서 휴식 △영농작업 자제 △부모님께 안부전화 등 건강 유의 바랍니다.[시흥시청],경기도 시흥시 ,2025-08-18 14:00,,안전안내,221818,폭염,
"은평구 주민인 고창준씨(남,86세)를 찾습니다-165cm,65kg,백발,거동불편,걸음느림,회색긴팔,검정긴바지
vo.la/QqcnyR / ☎112 [서울경찰청]",서울특별시 은평구 ,2025-08-18 14:43,,안전안내,221845,기타,
"물놀이 안전수칙 준수
▲구명조끼 반드시 착용 ▲충분한 준비운동 ▲ 물놀이 금지(우천시, 음주후, 야간) ▲어린이는 반드시 보호자 동반[가평군]",경기도 가평군 ,2025-08-18 15:41,,안전안내,221866,기타,
"고양시에서 실종된 정혜덕씨(남,82세)를 찾습니다-167cm,90kg,파란색반팔티,남색칠부바지,검정신발
vo.la/BagMdi / ☎112 [경기북부경찰청]","경기도 고양시 덕양구 ,경기도 고양시 일산동구 ,경기도 고양시 일산서구 ",2025-08-18 16:53,,안전안내,221877,기타,
"강동구에서 목격된 김세진씨(남,20세)를 찾습니다-170cm,100kg,베이지색반팔,검정색흰색무늬반바지,검정신발
vo.la/AatXst /☎112 [서울경찰청]",서울특별시 강동구 ,2025-08-18 17:08,,안전안내,221880,기타,
"강북구 주민인 남궁옥순씨(여,84세)를 찾습니다-159cm,50kg,파란색긴팔,회색긴바지,검정신발,분홍색모자
vo.la/KrtUJs / ☎112 [서울경찰청]",서울특별시 강북구 ,2025-08-18 18:56,,안전안내,221883,기타,
"송파구 주민인 김부옥씨(남,71세)를 찾습니다-162cm,백색머리,흰색체크남방,파란반바지,나이키검정캡모자,안경
vo.la/yuVpsQ / ☎112 [서울경찰청]",서울특별시 송파구 ,2025-08-18 19:07,,안전안내,221884,기타,
"오늘 16:38경 경부고속선 동대구~경주역간 KTX궤도이탈확인, 열차운행 조정 또는 지연예상되니, 운행 상황 확인 후 열차를 이용하시기 바랍니다. [한국철도공사]","강원특별자치도 전체 ,경기도 전체 ,경상남도 전체 ,경상북도 전체 ,광주광역시 전체 ,대구광역시 전체 ,대전광역시 전체 ,부산광역시 전체 ,서울특별시 전체 ,울산광역시 전체 ,인천광역시 전체 ,전라남도 전체 ,전북특별자치도 전체 ,충청남도 전체 ,충청북도 전체 ,세종특별자치시  ",2025-08-18 19:55,,안전안내,221886,교통사고,
"양천구에서 실종된 홍정애씨(여,81세)를 찾습니다-164cm,55kg,베이지색모자,연분홍색반팔티,베이지색반바지
vo.la/FsRXrn /☎182 [서울경찰청]","서울특별시 강서구 ,서울특별시 양천구 ",2025-08-19 9:28,,안전안내,221895,기타,
"남양주시 폭염경보 발효중입니다. 충분한 물 섭취 등 건강관리에 유의하시고, 물놀이 시 구명조끼 착용, 어린이는 보호자 동행 등 안전수칙 준수바랍니다. [남양주시]",경기도 남양주시 ,2025-08-19 9:56,,안전안내,221902,폭염,
"마포구 주민인 김추실씨(여,77세)를 찾습니다-140cm,40kg,파란색긴팔셔츠,검정색긴면바지,흰운동화
vo.la/YcpTo /☎182 [서울경찰청]","서울특별시 마포구 ,서울특별시 서대문구 ",2025-08-19 10:01,,안전안내,221907,기타,
"폭염경보 연일발효중. 농촌온열질환 사망자발생, 야외활동자제 및 수심이 깊은 산간계곡에서는 물놀이를 금지하시고 물놀이시에는 구명조끼를 착용하시기 바랍니다.[가평군]",경기도 가평군 ,2025-08-19 10:05,,안전안내,221913,폭염,
"포천시 폭염경보 발효중. 야외 활동 자제, 충분히 물 마시기, 그늘에서 휴식, 양산 착용 등 건강관리에 유의하세요. [포천시]",경기도 포천시 ,2025-08-19 10:18,,안전안내,221922,폭염,
"폭염경보발효중. 충분한 휴식과 수분섭취. 낮 시간에는 야외활동을 자제하시고, 외출시에는 양산을 이용하세요. 무더운 여름 건강관리에 각별히 유의하세요[구리시청]",경기도 구리시 ,2025-08-19 10:34,,안전안내,221930,폭염,
"광명시 폭염경보 발효중. 낮시간 야외 작업 및 외출을 자제하시고, 폭염 안전수칙(물,그늘,휴식)을 준수하여 건강관리에 유의하시기 바랍니다.[광명시청]",경기도 광명시 ,2025-08-19 10:35,,안전안내,221931,폭염,
"이천시에서 실종된 이재준씨(남,36세)를 찾습니다-180cm,80kg,검정반팔,검정반바지,검정삼선슬리퍼
vo.la/iuuiGZ /☎182 [경기남부경찰청]",경기도 이천시 ,2025-08-19 11:01,,안전안내,221939,기타,
"용인시에서 배회 중인 이재준씨(남,36세)를 찾습니다-180cm,80kg,검정반팔,검정반바지,검정삼선슬리퍼
vo.la/iuuiGZ /☎182 [경기남부경찰청]","경기도 용인시 처인구 ,경기도 용인시 기흥구 ,경기도 용인시 수지구 ",2025-08-19 11:02,,안전안내,221940,기타,
"폭염경보 발효 중 ▲한낮 야외작업 자제(논, 밭 ,건설현장 등) ▲물놀이 안전수칙 준수▲폭염 안전수칙(물, 그늘, 휴식) 준수▲온열질환에 유의바랍니다. [여주시]",경기도 여주시 ,2025-08-19 11:05,,안전안내,221943,폭염,
"<8.19. 폭염특보시 행동요령>
△ 규칙적으로 수분섭취  
△ 오후2시~5시사이 작업 자제 
△ 어지럼증 증상시 즉시 병원진료
△ 부모님께 안부전화 [양주시]",경기도 양주시 ,2025-08-19 11:06,,안전안내,221945,폭염,
"폭염경보 발효 중. 햇볕이 강한 낮 시간대 야외활동 자제, 충분한 수분섭취, 그늘에서 휴식을 취하는 등 온열질환이 발생하지 않도록 건강에 유의하세요. [부천시청]","경기도 부천시 원미구 ,경기도 부천시 소사구 , 부천시 오정구 ",2025-08-19 11:17,,안전안내,221950,폭염,
"폭염경보가 지속되고 있으니 논밭, 건설현장 등 야외 작업 활동을 자제하시고, 충분한 물 섭취, 그늘에서 휴식 등 건강관리에 유의하여 주시기 바랍니다.[안산시청]",경기도 안산시 ,2025-08-19 11:30,,안전안내,221953,폭염,
"폭염 장기화에 따라 온열질환 발생위험이 매우 높으니 논밭, 건설현장 등 야외작업 자제, 충분한 휴식 취하기, 물 자주 마시기 등 안전에 유의바랍니다. [화성시]",경기도 화성시 ,2025-08-19 12:36,,안전안내,221957,폭염,
"폭염경보 발효 중 △외출 및 야외작업(논밭,건설현장 등) 자제△폭염 안전수칙(물,그늘,휴식) 준수△주변 노약자분들께 안부전화 등 건강에 유의 바랍니다.[시흥시청]",경기도 시흥시 ,2025-08-19 12:37,,안전안내,221958,폭염,
"의왕시 폭염경보 발효 중. 논·밭, 건설현장 등 야외작업 자제, 폭염안전 수칙(물,그늘,휴식)준수 등 건강관리에 유의하시기 바랍니다. [의왕시]",경기도 의왕시 ,2025-08-19 13:12,,안전안내,221967,폭염,
"폭염경보가 지속되고 있으니 논밭, 건설현장 등 야외 작업 활동을 자제하시고, 충분한 물 섭취, 그늘에서 휴식 등 건강관리에 유의하여 주시기 바랍니다. [평택시]",경기도 평택시 ,2025-08-19 13:23,,안전안내,221970,폭염,
"고양시에서 목격된 조상준씨(남,73세)를 찾습니다-165cm,50kg,검정모자,회색반팔티,검정바지,검정샌들 vo.la/zaSMso /☎182 [경기북부경찰청]","경기도 고양시 덕양구 ,경기도 고양시 일산동구 ,경기도 고양시 일산서구 ",2025-08-19 13:41,,안전안내,221977,기타,
"이천시주민인 전창복씨(남,63세)를찾습니다-158cm,검정오토바이,흰반팔티,남색조끼,검정긴바지,검정모자,장화 vo.la/gLkJpD /☎182 [경기남부경찰청]",경기도 이천시 ,2025-08-19 14:01,,안전안내,221990,기타,
"관악구에서 배회중인 권혁종씨(남,75세)를 찾습니다-168cm,60kg,회색반팔티,칠부청바지,삼선슬리퍼,검정양말
vo.la/sPrMRo /☎182 [서울경찰청]",서울특별시 관악구 ,2025-08-19 14:14,,안전안내,222000,기타,
"광진구에서 목격된 권혁종씨(남,75세)를 찾습니다-168cm,60kg,회색반팔티,칠부청바지,삼선슬리퍼,검정양말
vo.la/sPrMRo /☎182 [서울경찰청]",서울특별시 광진구 ,2025-08-19 14:15,,안전안내,222001,기타,
"폭염경보 발효 중 ▲야외활동 자제 ▲야외 작업(논, 밭, 건설현장 등)자제 ▲폭염 예방(물, 그늘, 휴식)을 준수하여 안전관리에 유의하시기 바랍니다.[동두천시]",경기도 동두천시 ,2025-08-19 14:32,,안전안내,222006,폭염,
"오산시 주민인 정찬수씨(남,52세)를 찾습니다-174cm,90kg,검정스파이터반팔티,검정반바지,흰운동화
vo.la/uywkUa /☎182 [경기남부경찰청]",경기도 오산시 ,2025-08-19 15:52,,안전안내,222016,기타,
"관악구 주민인 이재훈씨(남,77세)를 찾습니다-170cm,파랑긴팔점퍼,남색바지,회색슬리퍼,검정가방,벙거지모자 vo.la/xbnnKq / ☎182 [서울경찰청]","서울특별시 관악구 ,서울특별시 동작구 ",2025-08-19 16:32,,안전안내,222019,기타,
"안산시에서 실종된 강선구씨(남,69세)를 찾습니다-170cm,50kg,검정모자,흰색반팔티,회색계열바지
vo.la/gHWGDe /☎182 [경기남부경찰청]","경기도 안산시 상록구 ,경기도 안산시 단원구 ",2025-08-19 17:10,,안전안내,222021,기타,
"금천구 주민인 조윤형씨(남,76세)를 찾습니다-160cm,파랑남방,검정바지,파랑신발,검정모자,검정크로스백,안경
vo.la/EtZwcR /☎112 [서울경찰청]",서울특별시 금천구 ,2025-08-19 18:58,,안전안내,222024,기타,
"중구에서 목격된 조윤형씨(남,76세)를 찾습니다-160cm,파랑남방,검정바지,파랑신발,검정모자,검정크로스백,안경
vo.la/EtZwcR /☎112 [서울경찰청]",서울특별시 중구 ,2025-08-19 18:58,,안전안내,222025,기타,
오늘 22:49 대곶면 상마리 169 공장에서 화재 발생. 인근 주민은 안전사고에 유의하시기 바랍니다. [김포시],경기도 김포시 대곶면,2025-08-19 23:24,,안전안내,222027,화재,
오늘 22:49 대곶면 상마리 169번지 공장 화재 발생. 공장 인근 주민 및 공장 관계자는 대피하세요. [김포시],경기도 김포시 대곶면,2025-08-19 23:35,,안전안내,222028,화재,
"2024-08-20 03:24 일산동구 식사동 277 화재 사고 발생. 인근 주민은 안전한 곳으로 대피하시고, 차량은 우회하세요. [고양시청]","경기도 고양시 덕양구 ,경기도 고양시 일산동구 ,경기도 고양시 일산서구 ",2025-08-20 5:20,,안전안내,222030,화재,
"광명시 전역 폭염경보 지속 중, 낮시간대 야외활동을 자제하여 주시고 충분한 휴식과 수분 섭취, 가족·이웃의 안부확인 등 건강관리에 유의하시기 바랍니다.[광명시청]",경기도 광명시 ,2025-08-20 9:09,,안전안내,222058,폭염,
폭염경보 지속 발효 중 △논밭 등 야외작업 자제 △충분한 수분 섭취 △그늘에서 휴식 △부모님께 안부전화 드리기 등 건강관리에 유의 바랍니다.[시흥시청],경기도 시흥시 ,2025-08-20 9:23,,안전안내,222061,폭염,
"군포시에서 목격된 김순옥씨(여,66세)를 찾습니다-150cm,흰줄무늬회색반팔,청색긴바지,흰운동화,안경착용 vo.la/jDWjAf / ☎182 [경기남부경찰청]",경기도 군포시 ,2025-08-20 9:28,,안전안내,222064,기타,
"남양주시 폭염경보 발효중입니다. 충분한 물 섭취 등 건강관리에 유의하시고, 물놀이 시 구명조끼 착용, 어린이는 보호자 동행 등 안전수칙 준수바랍니다. [남양주시]",경기도 남양주시 ,2025-08-20 9:57,,안전안내,222072,폭염,
"무더위와 열대야가 심각합니다. 야외활동 자제, 안전수칙(물,그늘,휴식) 준수, 냉방물품(양산, 선풍기 등) 사용 등 야간에도 건강관리에 유의하세요. [의정부시]",경기도 의정부시 ,2025-08-20 10:01,,안전안내,222077,폭염,
"폭염경보 발효중. ▲가급적 외출 자제 ▲야외작업(논밭, 공사장 등)자제 ▲충분한 수분섭취 ▲냉방 가능한 실내에서 충분한 휴식등 건강에 유의하세요 [구리시청]",경기도 구리시 ,2025-08-20 10:09,,안전안내,222085,폭염,
"고양시 전역 폭염경보 지속 중. 낮 시간대 야외활동을 자제하여 주시고 충분한 휴식과 수분 섭취, 가족과 이웃의 안부확인 등 건강관리에 유의하세요. [고양시청]","경기도 고양시 덕양구 ,경기도 고양시 일산동구 ,경기도 고양시 일산서구 ",2025-08-20 10:36,,안전안내,222093,폭염,
"폭염경보 발효중. ▲가급적 외출 자제 ▲야외작업(논밭, 공사장 등)자제 ▲충분한 수분섭취 ▲냉방 가능한 실내에서 충분한 휴식 등 건강에 유의하세요. [화성시]",경기도 화성시 ,2025-08-20 10:53,,안전안내,222096,폭염,
"폭염경보가 지속되고 있으니 논밭, 건설현장 등 야외 작업 활동을 자제하시고, 충분한 물 섭취, 그늘에서 휴식 등 건강관리에 유의하여 주시기 바랍니다.[안산시청]","경기도 안산시 상록구 ,경기도 안산시 단원구 ",2025-08-20 10:57,,안전안내,222098,폭염,
"폭염경보 지속 발효중 ▲가급적 외출 자제 ▲야외작업(논밭, 공사장 등)자제 ▲충분한 수분섭취 ▲냉방 가능한 실내에서 충분한 휴식 등 건강에 유의하세요. [여주시]",경기도 여주시 ,2025-08-20 11:00,,안전안내,222101,폭염,
"폭염경보 지속 발효 중. 야외활동 및 작업(논밭, 공사장 등)을 자제하시고, 폭염안전수칙(물, 그늘, 휴식)을 준수하여 건강관리에 유의하시기 바랍니다. [오산시]",경기도 오산시 ,2025-08-20 11:28,,안전안내,222118,폭염,
"연일 무더위가 지속되고 있습니다. 야외활동을 자제하시고 폭염안전수칙(물, 그늘, 휴식)을 준수하여 온열질환이 발생하지 않도록 건강관리에 유의하세요. [부천시청]","경기도 부천시 원미구 ,경기도 부천시 소사구 , 부천시 오정구 ",2025-08-20 11:30,,안전안내,222119,폭염,
"<8.20. 폭염특보시 행동요령>
△ 규칙적으로 수분섭취  
△ 오후2시~5시사이 작업 자제 
△ 어지럼증 증상시 즉시 병원진료
△ 부모님께 안부전화 [양주시]",경기도 양주시 ,2025-08-20 12:27,,안전안내,222126,폭염,
"이천시 폭염경보 발효 중(체감온도35도 이상) 야외작업 자제하여 주시기 바라며, 충분한 물 섭취, 그늘에서 휴식, 양산 착용 등 건강 관리에 유의하세요.[이천시]",경기도 이천시 ,2025-08-20 13:04,,안전안내,222134,폭염,
"김포시 현재 폭염경보 발효 중. 야외 활동 시 그늘 휴식, 충분한 물 마시기. 주변 노약자분들께 안부 확인 등 안전 관리에 유의 바랍니다.[김포시]",경기도 김포시 ,2025-08-20 13:42,,안전안내,222148,폭염,
"폭염경보 지속 중. △무더위 시간대(14~17시) 야외작업 자제 △폭염안전수칙(물, 그늘, 휴식) 준수 △나홀로 작업금지 등 건강관리에 유의바랍니다.[여주시]",경기도 여주시 ,2025-08-20 13:54,,안전안내,222154,폭염,
"민방위훈련(8월 22일 14시) 시 가까운 민방위대피소나 지하로 대피하시기 바랍니다.【대피소 찾기】네이버,카카오맵,티맵,안전디딤돌앱,서울안전누리 활용[서울특별시]",서울특별시 전체 ,2025-08-20 14:00,,안전안내,222157,기타,
"폭염, 열대야 지속으로 온열질환 우려. △외출 및 야외작업 자제 △무더위쉼터 이용 △폭염안전수칙(물, 그늘, 휴식) 준수 등 건강에 유의 바랍니다.[시흥시청]",경기도 시흥시 ,2025-08-20 14:01,,안전안내,222159,폭염,
태풍 종다리 영향으로 많은 비가 예상되니 긴급재난문자와 마을방송 등에 귀 기울여 주시고 야외활동 자제와 유사시 지정된 대피소로 대피하여 주시기 바랍니다.[산림청],"강원특별자치도 전체 ,경기도 전체 ,경상남도 전체 ,경상북도 전체 ,광주광역시 전체 ,대구광역시 전체 ,대전광역시 전체 ,부산광역시 전체 ,서울특별시 전체 ,울산광역시 전체 ,인천광역시 전체 ,전라남도 전체 ,전북특별자치도 전체 ,제주특별자치도 전체 ,충청남도 전체 ,충청북도 전체 ,세종특별자치시  ",2025-08-20 15:14,,안전안내,222177,산사태,
"양주시 주민인 손광인씨(남,34세)를 찾습니다-163cm,52kg,검정뿔테안경,녹색반팔티,베이지색반바지 vo.la/kxsrBt / ☎182 [경기북부경찰청]",경기도 양주시 ,2025-08-20 15:28,,안전안내,222182,기타,
"의정부시에서 목격된 손광인씨(남,34세)를 찾습니다-163cm,52kg,검정뿔테안경,녹색반팔티,베이지색반바지 vo.la/kxsrBt / ☎182 [경기북부경찰청]",경기도 의정부시 ,2025-08-20 15:29,,안전안내,222183,기타,
"코로나19 예방 위해 ▲손씻기 기침예절 실천, ▲마스크착용(호흡기 증상시, 의료기관·요양시설 출입시, 밀폐·밀집된 실내에서), ▲2시간에 10분 환기[질병관리청]","강원특별자치도 전체 ,경기도 전체 ,경상남도 전체 ,경상북도 전체 ,광주광역시 전체 ,대구광역시 전체 ,대전광역시 전체 ,부산광역시 전체 ,서울특별시 전체 ,울산광역시 전체 ,인천광역시 전체 ,전라남도 전체 ,전북특별자치도 전체 ,제주특별자치도 전체 ,충청남도 전체 ,충청북도 전체 ,세종특별자치시  ",2025-08-20 16:39,,안전안내,222195,전염병,
"관악구 주민인 오태경씨(남,36세)를 찾습니다-185cm,80kg,회색반팔티,회색반바지,검정슬리퍼 vo.la/BtiAAz / ☎182 [서울경찰청]","서울특별시 관악구 ,서울특별시 동작구 ",2025-08-20 17:18,,안전안내,222201,기타,
금일 밤부터 태풍의 영향으로 광주시 전역에 많은 비가 내릴 예정으로 산림 인접 주민들은 유사시 인근 대피소로 대피하시기 바랍니다. [광주시],경기도 광주시 ,2025-08-20 18:22,,안전안내,222215,산사태,
"제9호 태풍 종다리의 북상함에 따라 강풍에 영향을 받는 옥외간판 관리 및 입간판, 에어라이트, 배너, 현수막 등은 내부로 이동 조치하시기 바랍니다. [광주시]",경기도 광주시 ,2025-08-20 18:28,,안전안내,222216,태풍,
"강북구 주민인 맹정희씨(여,70세)를 찾습니다-150cm,밝은색티,검정바지,바지뒤엉덩이에손을넣고다니는버릇 vo.la/jhDVea / ☎112 [서울경찰청]",서울특별시 강북구 ,2025-08-20 19:17,,안전안내,222223,기타,
"노원구 주민인 김순자씨(여,75세)를 찾습니다-160cm,56kg,노랑계통카라반팔,검정긴바지,샌들,분홍계통모자 vo.la/yZyiky / ☎112 [서울경찰청]","서울특별시 노원구 ,서울특별시 성북구 ",2025-08-20 19:27,,안전안내,222225,기타,
"오늘 3:55경 김포시 대곶면 대능리 349번지 화재발생. 인근 주민은 안전한 장소로 대피바라며, 차량은 주변도로를 우회하여 주시기 바랍니다. [김포시청]",경기도 김포시 대곶면,2025-08-21 4:49,,안전안내,222239,화재,
"오늘 05:30 호우경보. 하천 주변, 계곡, 급경사지, 농수로 등 위험 지역에는 가지 마시고, 대피 권고를 받으면 즉시 대피하세요. [행정안전부]","경기도 평택시 ,경기도 화성시 ",2025-08-21 5:35,,안전안내,222244,호우,
오늘 03:55경 대곶면 대능리 349번지(대능 4리 버스정류장 앞)화재발생. 차량은 건물 주변 도로를 우회하여 주시기 바랍니다. [김포시청],경기도 김포시 ,2025-08-21 5:45,,안전안내,222245,화재,
"금일 05:30 김포시 호우주의보 발효중 ▲하천변,저지대 등 위헙지역 출입금지 ▲위험징후 시 즉시대피 ▲외출자제 등 안전에 유의하시기 바랍니다.[김포시]",경기도 김포시 ,2025-08-21 5:55,,안전안내,222247,호우,
"제9호 태풍 종다리의 북상함에 따라 강풍에 영향을 받는 옥외간판 관리 및 입간판, 에어라이트, 배너, 현수막 등은 내부로 이동 조치하시기 바랍니다. [광주시]",경기도 광주시 ,2025-08-21 5:58,,안전안내,222249,태풍,
"오늘 06:00 호우주의보 발령. 하천 주변 산책로, 계곡, 급경사지, 농수로 등 위험 지역에는 가지 마시고, 하천 범람에 주의하세요. [행정안전부]","경기도 구리시 ,경기도 남양주시 ,경기도 동두천시 ,경기도 양주시 ,경기도 의정부시 ,경기도 파주시 ,경기도 하남시 ",2025-08-21 6:02,,안전안내,222251,호우,
"금일 아침에 갑작스러운 많은 비가 예보되오니, 출근길 운전 및 보행에 유의바라며, 하천변 및 지하도 등 위험지역 출입을 삼가주시기 바랍니다. [광명시청]",경기도 광명시 ,2025-08-21 6:31,,안전안내,222254,호우,
"군포시 호우주의보 발효중. 하천변 차량대피, 산책로, 계곡, 급경사지, 농수로 등 위험 지역에는 가지 마시고, 하천 범람에 주의하세요. [군포시]",경기도 군포시 ,2025-08-21 6:38,,안전안내,222256,호우,
"수원지역 호우주의보 발효중 ▲하천변,저지대 등 위험지역 출입금지 ▲위험징후 시 즉시대피 ▲외출자제 등 안전에 유의하시기 바랍니다. [수원특례시]","경기도 수원시 장안구 ,경기도 수원시 권선구 ,경기도 수원시 팔달구 ,경기도 수원시 영통구 ",2025-08-21 6:39,,안전안내,222257,호우,
"화성시 호우경보 발효중, 하천변 산책로, 산사태 및 침수우려지역, 급경사지 등 위험지역 접근 금지 및 안전에 유의하여 주시기 바랍니다[화성시]",경기도 화성시 ,2025-08-21 6:49,,안전안내,222258,호우,
"시흥시 호우주의보, 강풍주의보 발효 중 하천변 산책로, 해안가 등 위험지역 출입을 금지하여 주시고, 위험징후 발생 시 즉시 대피하시기 바랍니다. [시흥시]",경기도 시흥시 ,2025-08-21 6:50,,안전안내,222259,태풍,
오늘 05:30 부천지역 호우주의보 발효. 강풍을 동반한 호우가 예상되오니 간판 등 옥외 시설물 고정 및 낙하물 안전사고에 대비하여 주시기 바랍니다. [부천시청],"경기도 부천시 원미구 ,경기도 부천시 소사구 , 부천시 오정구 ",2025-08-21 7:00,,안전안내,222261,호우,
"출근시간 중 도내 많은 비가 예상됩니다. 가급적 대중교통을 이용하시고, 산사태·급경사지·하천변·배수로 등 위험지역은 접근을 금지해 주시기 바랍니다.[경기도청]",경기도 전체 ,2025-08-21 7:00,,안전안내,222262,호우,
"안산시 호우, 강풍주의보 발효, 지하차도, 하천, 해안가 등 위험시설 출입을 금지하여 주시고 낙하물 안전사고에 유의하여 주시기 바랍니다.[안산시청]",경기도 안산시 ,2025-08-21 7:01,,안전안내,222263,호우,
"오늘 07:00 호우주의보 발령. 하천 주변 산책로, 계곡, 급경사지, 농수로 등 위험 지역에는 가지 마시고, 하천 범람에 주의하세요. [행정안전부]","경기도 연천군 ,경기도 포천시 ",2025-08-21 7:02,,안전안내,222264,호우,
"광주시 호우주의보 발효 중 ▲하천변, 저지대 등 위험지역 출입 금지 ▲위험 징후 시 즉시 대피 ▲외출 자제 등 안전에 유의하시기 바랍니다. [광주시]",경기도 광주시 ,2025-08-21 7:04,,안전안내,222265,태풍,
"오늘 07:00 호우경보. 하천 주변, 계곡, 급경사지, 농수로 등 위험 지역에는 가지 마시고, 대피 권고를 받으면 즉시 대피하세요. [행정안전부]","경기도 김포시 ,인천광역시 강화군 ",2025-08-21 7:04,,안전안내,222266,호우,
"안양시 호우주의보 발효. 출근길 불편 예상 되오니 대중교통 이용하기, 하상도로 및 하천 산책로, 세월교 우회 등 협조 바랍니다.[안양시청]","경기도 안양시 만안구 ,경기도 안양시 동안구 ",2025-08-21 7:06,,안전안내,222267,호우,
"집중호우에 따라 중랑천, 묵동천 및 산사태위험 지역은 피하고 출근시간 많은 비 예상되오니 안전에 유의바랍니다. https://url.kr/53rzj3 [중랑구청]",서울특별시 중랑구 ,2025-08-21 7:12,,안전안내,222268,호우,
오늘 06:00 양주시전역 호우주의보 발효. 강풍을 동반한 집중호우가 예상되오니 급경사지 및 낙하물 안전사고와 하천범람에 대비하여 주시기 바랍니다. [양주시],경기도 양주시 ,2025-08-21 7:13,,안전안내,222269,호우,
"07:15, 김포시 대곶면 인근 50mm/h 이상 강한 비로 침수 등 우려(국민행동요령: cbs.kma.go.kr) Heavy rain [기상청]","인천광역시 강화군 불은면,인천광역시 강화군 길상면,경기도 김포시 통진읍,경기도 김포시 대곶면,경기도 김포시 월곶면",2025-08-21 7:17,,긴급재난,222270,호우,
"의정부시 호우주의보 발효중, 하천변 산책로, 산사태 및 침수우려지역, 급경사지 등 위험지역 접근 금지 및 안전에 유의하여 주시기 바랍니다.[의정부시]",경기도 의정부시 ,2025-08-21 7:25,,안전안내,222272,호우,
"금일 06:00 강풍을 동반한 호우로 인해 호우주의보 발효 중, 낙하물 사고 및 하천범람, 산사태 발생 등 위험이 있으니 안전에 유의하시기 바랍니다.[동두천시]",경기도 동두천시 ,2025-08-21 7:32,,안전안내,222274,호우,
"김포지역 시간당 50mm가 넘는 폭우가 내리는 곳이 있으니, 저지대 침수 위험지역 거주자께서는 안전한 장소로 대피하시고 교통안전에 유의 바랍니다. [김포시청]",경기도 김포시 ,2025-08-21 7:55,,긴급재난,222275,호우,
"금일 07:00 포천지역 호우주의보 발령. 하천 주변 산책로, 계곡, 급경사지, 농수로 등 위험 지역에는 가지 마시고, 하천 범람에 주의하세요.[포천시]",경기도 포천시 ,2025-08-21 8:03,,안전안내,222276,호우,
"중랑구 주민인 장덕소씨(남,77세)를찾습니다-162cm,검정모자,흰반팔티(어깨삼선),검정반바지,검정운동화,마스크 vo.la/oviztT /☎112 [서울경찰청]",서울특별시 중랑구 ,2025-08-21 8:05,,안전안내,222277,기타,
금일 07:11경  관악구 신림역 일대 신림교 ~ 봉림교 일정전사고 발생되어 복구중이니 안전에 유의하시기 바랍니다.[관악구청],서울특별시 관악구 ,2025-08-21 8:17,,안전안내,222278,정전,
"오늘 08:40 경기(파주) 호우경보. 하천 주변, 계곡, 급경사지, 농수로 등 위험 지역에는 가지 마시고, 대피 권고를 받으면 즉시 대피하세요. [행정안전부]",경기도 파주시 ,2025-08-21 8:41,,안전안내,222280,호우,
"오늘 10:05 호우경보. 하천 주변, 계곡, 급경사지, 농수로 등 위험 지역에는 가지 마시고, 대피 권고를 받으면 즉시 대피하세요. [행정안전부]","경기도 동두천시 ,경기도 연천군 ",2025-08-21 10:07,,안전안내,222301,호우,
"오늘 10:15 호우경보. 하천 주변, 계곡, 급경사지, 농수로 등 위험 지역에는 가지 마시고, 대피 권고를 받으면 즉시 대피하세요. [행정안전부]","경기도 양주시 ,경기도 포천시 ",2025-08-21 10:16,,안전안내,222303,호우,
"오늘 10시30분 파주시 적성면, 장단면 산사태주의보 발령. 산림주변 입산금지 및 야외활동 자제. 안전에 유의하시기 바랍니다.[파주시]","경기도 파주시 적성면,경기도 파주시 장단면",2025-08-21 10:46,,안전안내,222308,산사태,
오늘 연천군 지역에 많은 비로 산사태 주의보 발령. 산림 주변 야외활동 자제와 입산금지 등 안전에 유의하시기 바랍니다. [연천군],경기도 연천군 ,2025-08-21 11:03,,안전안내,222313,산사태,
"금일11시부로 산사태 주의보(봉양동,회암동,율정동,옥정동,고암동,은현면)가 발령되었으니 주민대피명령 시 즉시 대피 할수있도록 준비하시기 바랍니다.[양주시 산림과]",경기도 양주시 ,2025-08-21 11:03,,안전안내,222314,산사태,
오늘 10:59 향남읍 화리현리 183 공장화재 발생. 인근주민들은 창문을 닫는 등 안전에 유의해주시기 바랍니다.[화성시],경기도 화성시 향남읍,2025-08-21 11:15,,안전안내,222317,화재,
"오늘 동두천시 전역에 많은 비로 산사태 주의보 발령, 산림주변 야외활동 자제와 입산금지 등 안전에 유의하시기 바랍니다.[동두천시]",경기도 동두천시 ,2025-08-21 11:36,,안전안내,222320,산사태,
금일 비가 예보되어 있지만 여전히 체감온도가 높습니다. 한낮 작업 시 충분한 물과 휴식을 취해 건강관리에 유의하시기 바랍니다. [화성시],경기도 화성시 ,2025-08-21 11:44,,안전안내,222321,폭염,
"연천군(필승교) 수위 1m 이상 임진강 수위 상승 중. 하천변의 행락객, 야영객, 어민, 지역주민 등은 신속하게 안전한 장소로 대피하시기 바랍니다.[경기도청]","임진강 수계지역(경기도 연천군,파주시)  ,경기도 임진강 ",2025-08-21 12:19,,안전안내,222323,호우,
김포지역 공장화재가 연이어 발생하여 인명 및 재산피해가 매우 심각합니다. 세심한 관심과 사전점검 등 화재 예방을 위해 각별히 신경 써 주시기 바랍니다.[김포시청],경기도 김포시 ,2025-08-21 13:09,,안전안내,222330,화재,
폭염주의보 발효. 비온 뒤 높은 습도로 무더위가 이어질 전망입니다. 장시간 야외 작업을 자제하고 시원한 곳에서 자주 휴식을 취하며 건강에 유의바랍니다. [여주시],경기도 여주시 ,2025-08-21 13:38,,안전안내,222338,폭염,
"내일(22일) 14시 민방위훈련 실시, 전 국민 대피 및 일부 구간 차량통제(Civil Defense Drill, August 22, 2 PM)[행정안전부]","강원특별자치도 전체 ,경기도 전체 ,대전광역시 전체 ,서울특별시 전체 ,인천광역시 전체 ,충청남도 공주시 ,충청남도 당진시 ,충청남도 보령시 ,충청남도 서산시 ,충청남도 아산시 ,충청남도 예산군 ,충청남도 청양군 ,충청남도 태안군 ,충청남도 홍성군 ,충청북도 괴산군 ,충청북도 단양군 ,충청북도 보은군 ,충청북도 음성군 ,충청북도 제천시 ,충청북도 진천군 ,충청북도 충주시 ,충청남도 계룡시 ,충청북도 증평군 ,세종특별자치시  ,충청북도 청주시 상당구 ,충청북도 청주시 서원구 ,충청북도 청주시 흥덕구 ,충청남도 천안시 동남구 ,충청남도 천안시 서북구 ,충청북도 청주시 청원구 ",2025-08-21 14:02,,안전안내,222351,기타,
8월22일(목) 14시부터 20분간 민방위훈련 실시. 전 국민 대피 및 일부 구간 차량통제. 전투기 운용으로 인한 소음주의 [의정부시],경기도 의정부시 ,2025-08-21 16:09,,안전안내,222372,기타,
8월22일(목) 14시부터 20분간 민방위훈련 실시. 전 국민 대피 및 일부 구간 차량통제. 전투기 운용으로 인한 소음주의 [구리시],경기도 구리시 ,2025-08-21 16:19,,안전안내,222375,기타,
"8월 22일 14시, 민방위 훈련으로 20분간 전투기 비행 예정 Fighter jet drill for 20min from 2 Pm, August 22[오산시]",경기도 오산시 ,2025-08-21 17:15,,안전안내,222378,기타,
8.22.(목) 14시부터 20분간 민방위훈련 실시 ▲전 군민 대피 및 가평읍 일부구간 차량통제(14:00~14:05) ▲전투기 운용으로 인한 소음주의 [가평군],경기도 가평군 ,2025-08-21 17:19,,안전안내,222379,기타,
"폭염주의보 발효 중. 높은 습도로 당분간 폭염이 지속될 전망입니다. △논, 밭 등 야외활동 자제 △폭염행동요령(그늘휴식 등)준수로 안전에 유의바랍니다.[여주시]",경기도 여주시 ,2025-08-21 18:01,,안전안내,222385,폭염,
"양평군전역 폭염주의보 발효, 비 온 뒤 무덥고 습한 날씨가 예상되오니 폭염대비 3대 수칙(물,그늘,휴식)준수 및 건강관리에 유의하여 주시기 바랍니다.[양평군]",경기도 양평군 ,2025-08-21 18:07,,안전안내,222386,폭염,
"고양시 주민인 안진선씨(남, 29세)를 찾습니다 - 170cm,65kg,검정반팔티,환자복하의,검정슬리퍼 vo.la/lEKTdd /☎112 [경기북부경찰청]","경기도 고양시 덕양구 ,경기도 고양시 일산동구 ,경기도 고양시 일산서구 ",2025-08-21 18:14,,안전안내,222388,기타,
"오늘 20:05 경기(파주) 호우주의보 발령. 하천 주변 산책로, 계곡, 급경사지, 농수로 등 위험 지역에는 가지 마시고, 하천 범람에 주의하세요. [행정안전부]",경기도 파주시 ,2025-08-21 20:11,,안전안내,222389,호우,
"오늘 04:30 임진강 연천군(임진교)지점 홍수주의보. 피해에 대비 바랍니다. 내 위치, 침수우려지역 확인 vo.la/XlfnMU [한강홍수통제소]",경기도 연천군 ,2025-08-22 4:32,,안전안내,222390,홍수,
"오늘(22일) 14시 민방위훈련 실시, 전 국민 대피 및 일부 구간 차량통제 (Civil Defense Drill, August 22, 2 PM)[행정안전부]","강원특별자치도 전체 ,경기도 전체 ,대전광역시 전체 ,서울특별시 전체 ,인천광역시 전체 ,충청남도 공주시 ,충청남도 당진시 ,충청남도 보령시 ,충청남도 서산시 ,충청남도 아산시 ,충청남도 예산군 ,충청남도 청양군 ,충청남도 태안군 ,충청남도 홍성군 ,충청북도 괴산군 ,충청북도 단양군 ,충청북도 보은군 ,충청북도 음성군 ,충청북도 제천시 ,충청북도 진천군 ,충청북도 충주시 ,충청남도 계룡시 ,충청북도 증평군 ,세종특별자치시  ,충청북도 청주시 상당구 ,충청북도 청주시 서원구 ,충청북도 청주시 흥덕구 ,충청남도 천안시 동남구 ,충청남도 천안시 서북구 ,충청북도 청주시 청원구 ",2025-08-22 10:00,,안전안내,222409,민방공,
"더운 시간대(오후 2시~5시) 야외활동 및 실외 작업 자제, 물 자주 마시기(술 또는 카페인 음료 자제), 고령 부모님께 안부 전화하기[동두천시]",경기도 동두천시 ,2025-08-22 10:01,,안전안내,222412,폭염,
"수원시 주민인 고윤현씨(남,43세)를 찾습니다-180cm,90kg,밀리터리 국방색티셔츠,남색바지,회색슬리퍼
vo.la/QEWhws /☎182 [경기남부경찰청]","경기도 수원시 장안구 ,경기도 수원시 권선구 ,경기도 수원시 팔달구 ,경기도 수원시 영통구 ",2025-08-22 10:09,,안전안내,222417,기타,
"오늘 14시부터 20분간 민방위훈련 실시, 심곡고가~부천남부역/포도마을~아트센터삼거리/지역난방공사~아트벙커사거리 5분간 차량통제 우회 바랍니다.[부천시청]","경기도 부천시 원미구 ,경기도 부천시 소사구 , 부천시 오정구 ",2025-08-22 11:00,,안전안내,222426,기타,
"금일 14시 민방위 훈련으로 약 5분간 일부도로 통제예정(어울림누리앞사거리, 일산동부경찰서~강선마을사거리)[고양시청]","경기도 고양시 덕양구 ,경기도 고양시 일산동구 ,경기도 고양시 일산서구 ",2025-08-22 11:02,,안전안내,222429,기타,
"오늘14시부터 20분간 민방위훈련실시. 시민은 지하로대피, 차량은 세종대로사거리~숭례문, 구파발사거리~박석고개, 도봉산역~도봉역구간 5분간 통제됩니다.[서울시청]",서울특별시 전체 ,2025-08-22 12:00,,안전안내,222447,기타,
"오늘(22일) 14시부터 20분간 민방위훈련 실시, 전 국민 대피 및 일부 구간 차량통제 하오니 협조바랍니다. [시흥시청]",경기도 시흥시 ,2025-08-22 12:58,,안전안내,222454,민방공,
"관내 폭염특보 발효중으로 충분한 수분 보충, 무더위쉼터 이용, 폭염 안전수칙(물, 그늘, 휴식) 준수, 한낮 야외작업 자제 등 안전에 유의 바랍니다.[여주시]",경기도 여주시 ,2025-08-22 12:59,,안전안내,222457,폭염,
"금일 민방위훈련으로 14:00~14:05까지 5분간 안산문화광장도로 양방향 차량운행이 전면통제 되오니, 시민 여러분의 많은 협조와 양해 부탁드립니다.[안산시청]",경기도 안산시 ,2025-08-22 13:05,,안전안내,222463,교통,
오늘(22일) 14시부터 5분간 전국 민방위 훈련 실시로 일부구간(능곡 동원로얄듀크 삼거리) 차량 이동 통제하오니 우회하여 훈련에 협조바랍니다. [시흥시청],"경기도 시흥시 능곡동,경기도 시흥시 하중동,경기도 시흥시 하상동,경기도 시흥시 광석동,경기도 시흥시 군자동,경기도 시흥시 장현동,경기도 시흥시 장곡동",2025-08-22 13:28,,안전안내,222468,민방공,
8.22.(목) 14시부터 20분간 민방위훈련 실시 ▲전 군민 대피 및 가평읍 일부구간 차량통제(14:00~14:05) ▲전투기 운용으로 인한 소음주의 [가평군],경기도 가평군 ,2025-08-22 13:51,,안전안내,222479,기타,
"14:00 훈련 공습경보 발령. 가까운 대피소나 지하시설로 대피하시고, 통제구간의 운행차량은 도로 오른쪽에 정차 후 라디오를 청취하시기 바랍니다.[행정안전부]","강원특별자치도 전체 ,경기도 전체 ,대전광역시 전체 ,서울특별시 전체 ,인천광역시 전체 ,충청남도 공주시 ,충청남도 당진시 ,충청남도 보령시 ,충청남도 서산시 ,충청남도 아산시 ,충청남도 예산군 ,충청남도 청양군 ,충청남도 태안군 ,충청남도 홍성군 ,충청북도 괴산군 ,충청북도 단양군 ,충청북도 보은군 ,충청북도 음성군 ,충청북도 제천시 ,충청북도 진천군 ,충청북도 충주시 ,충청남도 계룡시 ,충청북도 증평군 ,세종특별자치시  ,충청북도 청주시 상당구 ,충청북도 청주시 서원구 ,충청북도 청주시 흥덕구 ,충청남도 천안시 동남구 ,충청남도 천안시 서북구 ,충청북도 청주시 청원구 ",2025-08-22 14:00,,안전안내,222485,민방공,
14:15 훈련 경계경보 발령. 현 시간부로 국민 여러분께서는 이동이 가능함을 알려드립니다.[행정안전부],"강원특별자치도 전체 ,경기도 전체 ,대전광역시 전체 ,서울특별시 전체 ,인천광역시 전체 ,충청남도 공주시 ,충청남도 당진시 ,충청남도 보령시 ,충청남도 서산시 ,충청남도 아산시 ,충청남도 예산군 ,충청남도 청양군 ,충청남도 태안군 ,충청남도 홍성군 ,충청북도 괴산군 ,충청북도 단양군 ,충청북도 보은군 ,충청북도 음성군 ,충청북도 제천시 ,충청북도 진천군 ,충청북도 충주시 ,충청남도 계룡시 ,충청북도 증평군 ,세종특별자치시  ,충청북도 청주시 상당구 ,충청북도 청주시 서원구 ,충청북도 청주시 흥덕구 ,충청남도 천안시 동남구 ,충청남도 천안시 서북구 ,충청북도 청주시 청원구 ",2025-08-22 14:15,,안전안내,222490,민방공,
14:20 훈련경보 해제. 국민 여러분께서는 일상으로 돌아가시기 바랍니다.[행정안전부],"강원특별자치도 전체 ,경기도 전체 ,대전광역시 전체 ,서울특별시 전체 ,인천광역시 전체 ,충청남도 공주시 ,충청남도 당진시 ,충청남도 보령시 ,충청남도 서산시 ,충청남도 아산시 ,충청남도 예산군 ,충청남도 청양군 ,충청남도 태안군 ,충청남도 홍성군 ,충청북도 괴산군 ,충청북도 단양군 ,충청북도 보은군 ,충청북도 음성군 ,충청북도 제천시 ,충청북도 진천군 ,충청북도 충주시 ,충청남도 계룡시 ,충청북도 증평군 ,세종특별자치시  ,충청북도 청주시 상당구 ,충청북도 청주시 서원구 ,충청북도 청주시 흥덕구 ,충청남도 천안시 동남구 ,충청남도 천안시 서북구 ,충청북도 청주시 청원구 ",2025-08-22 14:20,,안전안내,222492,민방공,
"부천시 주민인 김춘자씨(여,81세)를 찾습니다-150cm,남색줄무늬남방,분홍색바지,흰색운동화,백발짧은머리
vo.la/hATeek /☎182 [경기남부경찰청]","경기도 부천시 원미구 ,경기도 부천시 소사구 , 부천시 오정구 ",2025-08-22 15:01,,안전안내,222503,기타,
진건읍 용정리 288-2 인근 민간 유기견보호소 화재로 유기견 탈출 발생. 현장 조치중이며 인근 주민께서는 안전에 유의해 주시기 바랍니다.[남양주시],경기도 남양주시 진건읍,2025-08-22 16:06,,안전안내,222511,기타,
금일 15시경 진건읍 용정리 288-2 화재로 인한 유기견 탈출 발생. 유기견 포획중이며 인근 지역 출입을 자제하여 주시기 바랍니다.[남양주시],경기도 남양주시 진건읍,2025-08-22 18:15,,안전안내,222515,기타,
"광명시에서 배회중인 하기순씨(여,77세)를 찾습니다-160cm,48kg,마른체형,붉은색상의,녹색치마,샌들착용 vo.la/sZImw / ☎182 [경기남부경찰청]",경기도 광명시 ,2025-08-23 9:34,,안전안내,222529,기타,
"구로구에서 배회중인 하기순씨(여,77세)를 찾습니다-160cm,48kg,마른체형,붉은색상의,녹색치마,샌들착용 vo.la/sZImw / ☎182 [서울경찰청]",서울특별시 구로구 ,2025-08-23 9:36,,안전안내,222530,기타,
"종로구 주민인 김정호씨(남,64세)를 찾습니다-170cm,마른체형,노숙자풍,잘걷지못함 vo.la/ULinUW / ☎182 [서울경찰청]","서울특별시 서대문구 ,서울특별시 종로구 ",2025-08-23 9:47,,안전안내,222531,기타,
폭염주의보 발효 중. ▲외출 및 야외작업(논밭작업 등) 자제 ▲수분 섭취 ▲그늘에서 휴식 ▲부모님께 안부전화 등 안전관리에 유의 바랍니다.[시흥시청],경기도 시흥시 ,2025-08-23 9:50,,안전안내,222532,폭염,
오늘 10:00 폭염경보. 야외 활동을 자제하세요. 충분히 물을 마시고 그늘에서 휴식을 취하는 등 건강관리에 유의하세요. [행정안전부],"강원특별자치도 홍천군 ,경기도 안성시 ,경기도 여주시 ,경상남도 사천시 ,경상북도 봉화군 ,경상북도 영양군 ,경상북도 울진군 ,경기도 용인시 처인구 ,경기도 용인시 기흥구 ,경기도 용인시 수지구 ",2025-08-23 10:01,,안전안내,222536,폭염,
"폭염주의보가 지속되고 있으니 논밭, 건설현장 등 야외 작업 활동을 자제하시고, 충분한 물 섭취, 그늘에서 휴식 등 건강관리에 유의하여 주시기 바랍니다.[안산시청]","경기도 안산시 상록구 ,경기도 안산시 단원구 ",2025-08-23 10:27,,안전안내,222550,폭염,
"화성시 체감온도 33도 이상. 야외 활동(논,밭,공사장 등)자제, 충분한 수분섭취, 휴식 등 안전수칙 준수 바라며 건강관리에 유의하시기 바랍니다. [화성시]",경기도 화성시 ,2025-08-23 10:29,,안전안내,222551,폭염,
"여주시 폭염경보 발효. 낮시간 야외작업(논, 밭, 건설현장 등)을 자제하여 주시고, 수분섭취와 그늘 휴식 등 건강관리에 유의하시기 바랍니다. [여주시]",경기도 여주시 ,2025-08-23 10:34,,안전안내,222552,폭염,
"구리시 주민인 임득수씨(남,74세)를 찾습니다-162cm,회색나이키반팔티,검정7부바지,갈색샌들,검정야구모자 vo.la/thPENT / ☎182 [경기북부경찰청]",경기도 구리시 ,2025-08-23 10:35,,안전안내,222554,기타,
"연일 폭염이 지속되고 있습니다. 낮시간 야외작업(논, 밭, 건설현장 등)을 자제하여 주시고 수분섭취와 그늘 휴식 등 건강관리에 유의하시기 바랍니다.[광명시청]",경기도 광명시 ,2025-08-23 10:40,,안전안내,222556,폭염,
"남양주시에서 목격된 임득수씨(남,74세)를 찾습니다-162cm,회색나이키반팔,검정바지,갈색샌들,검정야구모자 vo.la/thPENT / ☎182 [경기북부경찰청]",경기도 남양주시 ,2025-08-23 10:40,,안전안내,222557,기타,
"금일 강동구 전역 무더운 날씨 지속중 △낮 시간대 논, 밭, 건설현장 등 야외활동 자제 △안전수칙(물,그늘,휴식) 준수 등 건강관리에 유의바랍니다.[강동구]",서울특별시 강동구 ,2025-08-23 13:40,,안전안내,222596,폭염,
"송파구 주민인 이충웅씨(남,86세)를 찾습니다-160cm,65kg,백발,파란색베레모,남색반팔,검정운동화
vo.la/pQCCgv / ☎182 [서울경찰청]",서울특별시 송파구 ,2025-08-23 13:50,,안전안내,222599,기타,
"폭염과 열대야가 지속되어 온열질환 우려. ▲야외활동 자제 ▲무더위 쉼터 이용 ▲폭염안전수칙(물, 그늘, 휴식) 준수 등 건강에 유의바랍니다.[시흥시청]",경기도 시흥시 ,2025-08-23 14:00,,안전안내,222603,폭염,
폭염경보 발효 중. △나홀로 작업금지 △무더위 시간대(14~17시) 야외활동 자제 △충분한 수분 섭취 △외출시 양산쓰기 등 건강관리에 유의바랍니다.[여주시],경기도 여주시 ,2025-08-23 14:39,,안전안내,222615,폭염,
"부천시에서 목격된 이영분씨(여,87세)를 찾습니다-150cm,호피무늬겨울모자,베이지색긴팔,검정계열바지와구두 vo.la/EvgEmZ / ☎182 [경기남부경찰청]","경기도 부천시 원미구 ,경기도 부천시 소사구 , 부천시 오정구 ",2025-08-23 15:02,,안전안내,222620,기타,
"노원구 주민인 이종민씨(남,80세)를 찾습니다-163cm,67kg,반팔남방,검정색반바지,흰색운동화착용 vo.la/uacuGt / ☎182 [서울경찰청]",서울특별시 노원구 ,2025-08-23 17:24,,안전안내,222629,기타,
"수원시 주민인 최수근씨(남,82세)를 찾습니다-167cm,파랑반팔,조끼,검정긴바지,검정신발,비닐봉지우산소지 vo.la/DmvyjB / ☎112 [경기남부경찰청]","경기도 수원시 장안구 ,경기도 수원시 권선구 ,경기도 수원시 팔달구 ,경기도 수원시 영통구 ",2025-08-23 19:06,,안전안내,222631,기타,
"중구에서 배회중인 최영극씨(남, 81세)를찾습니다- 162cm,62kg,파란색계열자켓,분홍셔츠,청색정장바지,구두 vo.la/xuQeRm /☎112 [서울경찰청]",서울특별시 중구 ,2025-08-24 7:58,,안전안내,222632,기타,
폭염주의보 발효 중. ▲물놀이 시 안전수칙 준수 ▲수분 섭취 ▲그늘에서 휴식 ▲야외활동 자제 등 건강관리에 유의바랍니다.[시흥시청],경기도 시흥시 ,2025-08-24 9:00,,안전안내,222635,폭염,
"폭염과 열대야가 지속중입니다. 충분한 수분 섭취와 휴식, 낮시간 야외활동 자제, 외출시 양산 이용 등 무더운 여름 건강관리에 각별히 유의바랍니다. [광명시청]",경기도 광명시 ,2025-08-24 9:26,,안전안내,222639,폭염,
"폭염주의보 발효 중. 무더위가 심한 한낮 논밭, 건설현장 등 야외작업 자제, 충분한 물 섭취 및 그늘에서 휴식 등 건강관리에 유의하세요. [화성시]",경기도 화성시 ,2025-08-24 9:48,,안전안내,222641,폭염,
오늘 10:00 폭염경보. 야외 활동을 자제하세요. 충분히 물을 마시고 그늘에서 휴식을 취하는 등 건강관리에 유의하세요. [행정안전부],"경기도 하남시 ,서울특별시 강남구 ,서울특별시 강동구 ,서울특별시 강북구 ,서울특별시 광진구 ,서울특별시 노원구 ,서울특별시 도봉구 ,서울특별시 동대문구 ,서울특별시 서초구 ,서울특별시 성동구 ,서울특별시 성북구 ,서울특별시 송파구 ,서울특별시 중랑구 ",2025-08-24 9:59,,안전안내,222647,폭염,
"폭염특보 연일발효중. 농촌온열질환 사망자발생, 야외활동자제 및 수심이 깊은 산간계곡에서는 물놀이를 금지하시고 물놀이시에는 구명조끼를 착용하시기 바랍니다.[가평군]",경기도 가평군 ,2025-08-24 10:30,,안전안내,222657,폭염,
"폭염이 지속되어 온열질환 발생위험이 높습니다. △논,밭,건설현장 등 야외활동자제 △폭염 안전수칙(물, 그늘, 휴식) 준수 등 건강관리에 유의바랍니다. [의왕시]",경기도 의왕시 ,2025-08-24 11:17,,안전안내,222669,폭염,
"폭염주의보 발효중. ▲가급적 외출 자제 ▲야외작업(논밭, 공사장 등)자제 ▲충분한 수분섭취 ▲냉방 가능한 실내에서 충분한 휴식등 건강에 유의하세요 [구리시청]",경기도 구리시 ,2025-08-24 11:43,,안전안내,222673,폭염,
"폭염경보 발효중입니다. 오후시간(14~17시)공사,농업현장,비닐하우스 작업은 최대한 자제, 폭염안전수칙(물,그늘,휴식)준수로 철저한 건강관리 바랍니다.[여주시]",경기도 여주시 ,2025-08-24 13:20,,안전안내,222692,폭염,
오늘 13:29 오산시 누읍동 45-1 공장화재 발생. 인근 주민들은 창문을 닫는 등 안전에 유의하여 주시기 바랍니다. [오산시],경기도 오산시 ,2025-08-24 13:59,,안전안내,222703,화재,
"폭염주의보 지속. ▲외출 및 야외작업 자제 ▲폭염안전수칙(물, 그늘, 휴식) 준수 ▲폭염예방물품 사용 ▲부모님께 안부전화 등 건강 유의 바랍니다.[시흥시청]",경기도 시흥시 ,2025-08-24 14:00,,안전안내,222708,폭염,
"서초구 주민인 남긍우씨(남,83세)를 찾습니다-178cm,검정가로줄흰카라티,검정반바지,꽃무늬가방,흰색강아지
vo.la/VAJpkf / ☎112 [서울경찰청]",서울특별시 서초구 ,2025-08-24 14:45,,안전안내,222721,기타,
"은평구에서 최종 목격된 유점학씨(남,75세)를 찾습니다-157cm,60kg,남색반팔티셔츠,검정바지,슬리퍼
vo.la/uxDYrd / ☎112 [서울경찰청]",서울특별시 은평구 ,2025-08-24 17:07,,안전안내,222732,기타,
"송파구 주민인 송병주씨(남,54세)를 찾습니다-170cm,80kg,파란나뭇잎무늬남방,검정바지,연두색슬리퍼,안경
vo.la/wUJycy / ☎112 [서울경찰청]",서울특별시 송파구 ,2025-08-24 17:57,,안전안내,222738,기타,
"용인시에서 실종된 허순희씨(여,84세)를 찾습니다-150cm,노란반팔,검정칠부바지,베이지색체크모자,백팩
vo.la/nMJgBf / ☎112 [경기남부경찰청]","경기도 용인시 처인구 ,경기도 용인시 기흥구 ,경기도 용인시 수지구 ",2025-08-24 19:56,,안전안내,222741,기타,
"광진구에서 배회중인 송병주씨(남,54세)를 찾습니다-170cm,80kg,파란나뭇잎남방,검정바지,연두색슬리퍼,안경 vo.la/wUJycy /☎112 [서울경찰청]",서울특별시 광진구 ,2025-08-25 8:10,,안전안내,222743,기타,
"고온다습한 날씨로 온열질환이 우려되오니 안전에 유의바랍니다. ▲폭염안전수칙(물, 그늘, 휴식) 준수 ▲외출 및 야외작업 자제 ▲주변 노약자에게 안부전화[시흥시청]",경기도 시흥시 ,2025-08-25 8:59,,안전안내,222744,폭염,
"폭염주의보 지속 중. 무더위가 심한 낮 시간대 농작업 및 현장 근로 자제, 충분한 물 섭취 및 휴식 등 건강관리에 유의하여 주시기 바랍니다. [화성시]",경기도 화성시 ,2025-08-25 9:48,,안전안내,222754,폭염,
"폭염과 열대야가 지속중입니다. 충분한 수분 섭취와 휴식, 낮시간 야외활동 자제, 외출시 양산 이용 등 무더운 여름 건강관리에 각별히 유의바랍니다. [광명시청]",경기도 광명시 ,2025-08-25 9:59,,안전안내,222763,폭염,
"폭염이 지속중입니다. 야외 활동 자제(논밭작업, 등산 등), 안전수칙(물, 그늘, 휴식) 준수, 부모님께 안부전화 등 건강관리에 유의하세요. [의정부시]",경기도 의정부시 ,2025-08-25 10:01,,안전안내,222766,폭염,
"폭염주의보 발효 중. 충분한 수분 섭취와 휴식, 야외활동 및 작업 자제, 외출 시 양산 이용 등 온열질환 예방 및 건강관리에 유의하여 주시기 바랍니다. [오산시]",경기도 오산시 ,2025-08-25 11:16,,안전안내,222789,폭염,
"폭염이 지속되어 온열질환 발생위험이 높습니다. △논,밭,건설현장 등 야외활동자제 △폭염 안전수칙(물, 그늘, 휴식) 준수 등 건강관리에 유의바랍니다. [의왕시]",경기도 의왕시 ,2025-08-25 12:00,,안전안내,222794,기타,
"폭염경보 발효 중. 낮시간 동안 영농 작업 등 실외 활동 자제, 충분한 물 섭취 및 그늘에서 휴식을 취하는 등 건강관리에 유의하시길 바랍니다. [여주시]",경기도 여주시 ,2025-08-25 12:13,,안전안내,222795,폭염,
"포천시 폭염주의보 발효중. 야외 활동 자제, 충분히 물 마시기, 그늘에서 휴식, 양산 착용 등 건강관리에 유의하세요. [포천시]",경기도 포천시 ,2025-08-25 12:25,,안전안내,222796,폭염,
"영등포구에서 배회중인 조현준씨(남,50세)를 찾습니다-173cm,75kg,검정반팔,검정긴바지,검정신발 vo.la/qyngxB / ☎112 [서울경찰청]",서울특별시 영등포구 ,2025-08-25 12:54,,안전안내,222805,기타,
"폭염, 열대야 지속으로 온열질환 우려. 현기증, 메스꺼움 등 온열질환 증상 발생 시 시원한 장소로 이동, 응급기관 신고 등 온열질환에 유의 바랍니다.[시흥시청]",경기도 시흥시 ,2025-08-25 13:59,,안전안내,222828,폭염,
"성남시 주민인 김동수씨(남,85세)를 찾습니다-155cm,분홍밤색7부셔츠,트렁크속옷,흰색단화,흰모자,지팡이
vo.la/yXiWEf /☎112 [경기남부경찰청]","경기도 성남시 수정구 ,경기도 성남시 중원구 ,경기도 성남시 분당구 ",2025-08-25 15:38,,안전안내,222847,기타,
"영등포구 주민인 정희성씨(남,81세)를 찾습니다-175cm,70kg,반백대머리,흰색반팔티셔츠,회색정장바지
vo.la/GtxvEp /☎112 [서울경찰청]",서울특별시 영등포구 ,2025-08-25 17:23,,안전안내,222852,기타,
"종로구에서 목격된 정희성씨(남,81세)를 찾습니다-175cm,70kg,반백대머리,흰색반팔티셔츠,회색정장바지
vo.la/GtxvEp /☎112 [서울경찰청]",서울특별시 종로구 ,2025-08-25 17:23,,안전안내,222853,기타,
"성남시 주민인 김정복씨(여,65세)를 찾습니다-153cm,55kg,얼룩무늬반팔티,검정조끼,검정바지,검정비닐백
vo.la/EiOpSA /☎112 [경기남부경찰청]","경기도 성남시 수정구 ,경기도 성남시 중원구 ,경기도 성남시 분당구 ",2025-08-25 19:04,,안전안내,222854,기타,
"고양시 주민인 이영하씨(남,91세)를 찾습니다-175cm,60kg,백발스포츠머리,흰색런닝,검정운동화
vo.la/BAxexH /☎112 [경기북부경찰청]","경기도 고양시 덕양구 ,경기도 고양시 일산동구 ,경기도 고양시 일산서구 ",2025-08-25 20:39,,안전안내,222855,기타,
"연천군(필승교) 수위 1m 이상 임진강 수위 상승 중. 하천변의 행락객, 야영객, 어민, 지역주민 등은 신속하게 안전한 장소로 대피하시기 바랍니다.[경기도청]","임진강 수계지역(경기도 연천군,파주시)  ,경기도 임진강 ",2025-08-25 21:19,,안전안내,222856,기타,
"금천구에서 실종된 최영선씨(남,77세)를 찾습니다-173cm,70kg,흰색민소매,검정반바지,검정슬리퍼 vo.la/qniXik / ☎182 [서울경찰청]","서울특별시 관악구 ,서울특별시 금천구 ",2025-08-26 9:55,,안전안내,222863,기타,
"폭염주의보 발효중, 낮시간대 야외작업을 자제하시고 충분히 물을 마시는등 건강관리에 유의하시기 바라며, 물놀이시 안전사고 예방수칙을 준수하시기 바랍니다. [화성시]",경기도 화성시 ,2025-08-26 10:19,,안전안내,222871,폭염,
"폭염경보 발효중 ▲외부활동 자제▲야외작업(논밭, 공사장 등)자제▲충분한 수분 섭취▲무더위쉼터 이용 등 충분한휴식을 통해 온열질환을 예방하시기 바랍니다. [여주시]",경기도 여주시 ,2025-08-26 11:19,,안전안내,222881,폭염,
"안산시 주민인 최종무씨(남,81세)를 찾습니다-160cm,백발머리,회색계열반팔,검정계열7부바지,파랑슬리퍼 vo.la/dAdnyD / ☎182 [경기남부경찰청]","경기도 안산시 상록구 ,경기도 안산시 단원구 ",2025-08-26 11:44,,안전안내,222883,기타,
"수원시 주민인 강순자씨(여,52세)를 찾습니다-150cm,41kg,흰색벙거지모자,보라색반팔티,청바지 착용 vo.la/LfvQog / ☎182 [경기남부경찰청]","경기도 수원시 장안구 ,경기도 수원시 권선구 ,경기도 수원시 팔달구 ,경기도 수원시 영통구 ",2025-08-26 16:54,,안전안내,222929,기타,
국군의 날 행사 준비 관련 비행(훈련)으로 8.27.~8.29.(3일간) 09:00~12:00시경 비행음이 발생될 수 있음을 알려드립니다.[서울특별시청],"서울특별시 강남구 ,서울특별시 강동구 ,서울특별시 송파구 ",2025-08-27 9:00,,안전안내,222939,기타,
"전국적으로 주택, 공장, 호텔 등 화재로 인한 인명 및 재산피해가 발생하고 있으니 대피로 등 소방시설 정기적 점검으로 화재예방 조치를 당부드립니다. [김포시청]",경기도 김포시 ,2025-08-27 10:53,,안전안내,222955,화재,
"오늘 13:23경 봉담읍 상기리 고물상에서 화재발생으로 연기가 지속 발생 중, 인근 주민은 창문을 닫는 등 안전에 유의하여 주시기 바랍니다.[화성시]","경기도 화성시 기안동,경기도 화성시 안녕동,경기도 화성시 봉담읍,경기도 화성시 향남읍,경기도 화성시 매송면,경기도 화성시 비봉면,경기도 화성시 정남면",2025-08-27 13:50,,안전안내,222975,화재,
"강북구 주민인 양금섭씨(남,64세)를 찾습니다-155cm,55kg,검정줄무늬반팔,주황색반바지,검정크록스
vo.la/QtZLMJ / ☎182 [서울경찰청]",서울특별시 강북구 ,2025-08-27 14:07,,안전안내,222982,기타,
"안양시 주민인 이장순씨(여,65세)를찾습니다-161cm,상의(주황,노랑,파랑,흰색줄무늬),검정반바지,흰운동화 vo.la/DVJycN /☎182 [경기남부경찰청]","경기도 안양시 만안구 ,경기도 안양시 동안구 ",2025-08-27 15:31,,안전안내,222993,기타,
"포천시에서 실종된 최진철씨(남,69세)를 찾습니다-170cm,검정반팔,검정긴바지,우측두개골함몰,뒤뚱거리는걸음 vo.la/AbkNRk /☎182 [경기북부경찰청]",경기도 포천시 ,2025-08-27 15:43,,안전안내,222994,기타,
"경찰은 동대문구 주민인 이재구씨(남, 62세)를 찾습니다- 170cm,65kg,검정긴팔잠바,청바지,검정운동화 vo.la/DfKKPR /☎182 [서울경찰청]","서울특별시 동대문구 ,서울특별시 중랑구 ",2025-08-27 17:23,,안전안내,222998,기타,
"영등포구 주민인 김우순씨(여, 77세)를 찾습니다- 165cm,60kg,연두색꽃무늬블라우스,베이지색바지,회색샌들 vo.la/HuTPUG /☎182 [서울경찰청]",서울특별시 영등포구 ,2025-08-27 17:51,,안전안내,222999,기타,
"의정부시 주민인 박현옥씨(여,63세)를 찾습니다-163cm,30kg,노란모자,연두색긴팔,검정바지,손가방
vo.la/WzTcKr /☎182 [경기북부경찰청]",경기도 의정부시 ,2025-08-28 9:02,,안전안내,223011,기타,
"도봉구에서 배회 중인 박현옥씨(여,63세)를 찾습니다-163cm,30kg,노란모자,연두색긴팔,검정바지,손가방
vo.la/WzTcKr /☎182 [서울경찰청]",서울특별시 도봉구 ,2025-08-28 9:03,,안전안내,223012,기타,
오늘 10:18경 화도읍 마석가구공단입구교차로(화도읍 방향) 상 차량 화재 발생으로 교통혼잡이 발생하였으니 우회 혹은 통행에 주의하여주시기 바랍니다. [남양주시],"경기도 남양주시 호평동,경기도 남양주시 평내동,경기도 남양주시 금곡동,경기도 남양주시 화도읍",2025-08-28 10:36,,안전안내,223021,교통사고,
오늘 12:16경 매화동 845-3번지 화재 발생. 연기 확산 우려로 인해 주민들은 창문을 닫는 등 안전사고에 유의하시기 바랍니다.[시흥시청],"경기도 시흥시 미산동,경기도 시흥시 은행동,경기도 시흥시 안현동,경기도 시흥시 매화동,경기도 시흥시 도창동,경기도 시흥시 과림동,경기도 시흥시 하중동,경기도 시흥시 무지내동",2025-08-28 12:40,,안전안내,223037,화재,
"폭염과 열대야가 지속 중입니다. 야외활동 자제, 폭염안전수칙(물,그늘,휴식)준수, 부모님께 안부전화, 양산착용 등 건강관리에 유의하여 주시기 바랍니다.[광명시청]",경기도 광명시 ,2025-08-28 13:19,,안전안내,223044,폭염,
"화성시에서 실종된 김기원씨(남,89세)를 찾습니다-160cm,점퍼(아이보리,검정),검정바지,흰색야구모자
vo.la/Egawnv / ☎182 [경기남부경찰청]",경기도 화성시 ,2025-08-28 13:37,,안전안내,223047,기타,
폭염주의보 발효 중 ▲장시간 야외작업 자제 ▲충분한 물 섭취 ▲그늘에서 자주 휴식 ▲주변이웃 챙기기 등 건강관리에 유의하시기 바랍니다. [여주시],경기도 여주시 ,2025-08-28 14:16,,안전안내,223057,폭염,
"양천구에서 목격된 김우순씨(여,77세)를 찾습니다- 165cm,60kg,연두색꽃무늬블라우스,베이지색바지,회색샌들 vo.la/HuTPUG /☎182 [서울경찰청]",서울특별시 양천구 ,2025-08-28 14:57,,안전안내,223060,기타,
"강서구 주민인 고달진씨(남,42세)를 찾습니다- 170cm,남색반팔티,베이지색반바지,남색모자,하늘색슬리퍼
vo.la/EbZPKP /☎182 [서울경찰청]",서울특별시 강서구 ,2025-08-28 16:20,,안전안내,223066,기타,
"송파구에서 목격된 고달진씨(남,42세)를 찾습니다- 170cm,남색반팔티,베이지색반바지,남색모자,하늘색슬리퍼
vo.la/EbZPKP /☎182 [서울경찰청]",서울특별시 송파구 ,2025-08-28 16:21,,안전안내,223067,기타,
"남양주시 주민인 허욱씨(남,55세)를 찾습니다- 150cm,72kg,통통한체격,대머리,푸른색긴팔바지환자복
vo.la/MTVngE /☎182 [경기북부경찰청]",경기도 남양주시 ,2025-08-28 16:37,,안전안내,223068,기타,
"구리시에서 목격된 허욱씨(남,55세)를 찾습니다- 150cm,72kg,통통한체격,대머리,푸른색긴팔바지환자복
vo.la/MTVngE /☎182 [경기북부경찰청]",경기도 구리시 ,2025-08-28 16:38,,안전안내,223069,기타,
"중랑구에서 실종된 김진성씨(남,77세)를 찾습니다-165cm,65kg,회색반팔남방,남색반바지,검정운동화,민머리 vo.la/kwVfTX / ☎182 [서울경찰청]",서울특별시 중랑구 ,2025-08-28 17:23,,안전안내,223072,기타,
"오늘 17:30 경기(김포),전북(고창) 폭염경보. 야외 활동을 자제하세요. 충분히 물을 마시고 그늘에서 휴식을 취하는 등 건강관리에 유의하세요. [행정안전부]","경기도 김포시 ,전북특별자치도 고창군 ",2025-08-28 17:32,,안전안내,223073,폭염,
"동작구에서 배회 중인 소주현씨(여,50세)를 찾습니다-157cm,69kg,남색그림티셔츠,베이지색반바지,흰운동화
vo.la/OsVCf /☎182 [서울경찰청]",서울특별시 동작구 ,2025-08-28 17:55,,안전안내,223077,기타,
"금천구에서 목격된 소주현씨(여,50세)를 찾습니다-157cm,69kg,남색그림티셔츠,베이지색반바지,흰운동화
vo.la/OsVCf /☎182 [서울경찰청]",서울특별시 금천구 ,2025-08-28 17:56,,안전안내,223078,기타,
"광진구 주민인 임종식씨(남,79세)를 찾습니다-170cm,하얀색머리,하늘색상의,검정바지,겅정가방,갈색슬리퍼
vo.la/sOUtLt /☎112 [서울경찰청]",서울특별시 광진구 ,2025-08-28 19:35,,안전안내,223081,기타,
"평택시 주민인 한상화씨(남,80세)를 찾습니다-167cm,흰색파랑무늬반팔,회색조끼,검정바지,검정운동화,모자 vo.la/cUtURZ / ☎112 [경기남부경찰청]",경기도 평택시 ,2025-08-29 8:45,,안전안내,223083,기타,
"서대문구 주민인 김용범씨(남,54세)를 찾습니다-170cm,흰색반팔티,베이지색반바지,검정운동화,검정크로스백 vo.la/vmsACD / ☎182 [서울경찰청]",서울특별시 서대문구 ,2025-08-29 9:58,,안전안내,223087,기타,
"폭염주의보 지속 발효 중. 장시간 야외작업 자제 및 나홀로 작업금지, 충분한 수분섭취, 그늘에서 자주 휴식, 주변이웃 챙기기 등 건강관리에 유의하세요 [화성시]",경기도 화성시 ,2025-08-29 10:53,,안전안내,223099,폭염,
"광명시 폭염주의보 발효중. 낮시간 야외 작업 및 외출을 자제하시고, 폭염 안전수칙(물,그늘,휴식)을 준수하여 건강관리에 유의하시기 바랍니다.[광명시청]",경기도 광명시 ,2025-08-29 11:14,,안전안내,223103,폭염,
"오늘 반월동 698-10번지에 위치한 공장에서 화재 발생. 차량은 건물 주변 도로를 우회하고, 인근주민은 창문을 닫고 안전에 유의하세요. [화성시]","경기도 화성시 진안동,경기도 화성시 병점동,경기도 화성시 능동,경기도 화성시 기산동,경기도 화성시 반월동,경기도 화성시 반정동,경기도 화성시 기안동,경기도 화성시 반송동,경기도 화성시 석우동,경기도 화성시 오산동,경기도 화성시 목동",2025-08-29 12:21,,안전안내,223106,화재,
현재 반월동 698-10 소재 공장에서 화재 발생 중이니 인근 100미터 반경에 계신 분들은 화재현장 밖으로 대피하시기 바랍니다. [화성시],경기도 화성시 반월동,2025-08-29 12:34,,안전안내,223107,화재,
폭염주의보 지속 발효 중 ▲장시간 야외활동(작업) 자제 ▲그늘지고 시원한 곳에서 정기적인 휴식 ▲충분한 수분 섭취 등으로 온열질환을 예방하세요. [여주시],경기도 여주시 ,2025-08-29 13:19,,안전안내,223117,폭염,
폭염주의보 지속 발효 중 △논밭 등 야외작업 자제 △충분한 수분 섭취 △그늘에서 휴식 △부모님께 안부전화 드리기 등 건강관리에 유의 바랍니다.[시흥시청],경기도 시흥시 ,2025-08-29 13:59,,안전안내,223127,폭염,
"강서구 주민인 배강애씨(여,83세)를 찾습니다-145cm,45kg,주황색점퍼,검정긴바지,백발,흰신발,흰마스크 vo.la/SxCnkd / ☎182 [서울경찰청]",서울특별시 강서구 ,2025-08-29 14:53,,안전안내,223136,기타,
"코로나19 감염예방 위해 ▲손씻기 기침예절 실천 ▲마스크착용(호흡기 증상시, 의료기관·요양시설 출입시, 밀집·밀폐된 실내에서) ▲2시간에 10분 환기[질병관리청]","강원특별자치도 전체 ,경기도 전체 ,경상남도 전체 ,경상북도 전체 ,광주광역시 전체 ,대구광역시 전체 ,대전광역시 전체 ,부산광역시 전체 ,서울특별시 전체 ,울산광역시 전체 ,인천광역시 전체 ,전라남도 전체 ,전북특별자치도 전체 ,제주특별자치도 전체 ,충청남도 전체 ,충청북도 전체 ,세종특별자치시  ",2025-08-29 15:49,,안전안내,223141,전염병,
"용산구 주민인 김주현(남,13세)을 찾습니다-170cm,60kg,흰색티셔츠,검정바지,흰색나이키운동화,검정가방 vo.la/xgznVX / ☎182 [서울경찰청]",서울특별시 용산구 ,2025-08-29 16:20,,안전안내,223148,기타,
"강서구 주민인 이성현씨(남,36세)를 찾습니다-183cm,77kg,진베이지색반팔상의,베이지색반바지,검정운동화 vo.la/xnyDgz / ☎182 [서울경찰청]",서울특별시 강서구 ,2025-08-29 16:42,,안전안내,223150,기타,
"안산시 주민인 김승복씨(남,70세)를 찾습니다-174cm,74kg,베이지긴팔,청바지,민머리 vo.la/YnvuUG / ☎182 [경기남부경찰청]","경기도 안산시 상록구 ,경기도 안산시 단원구 ",2025-08-29 17:28,,안전안내,223151,기타,
오늘 11시 20분경 발생한 서대문구 연희동 375-51 (구 성산회관 인근 성산대교 방향) 싱크홀사고 교통통제로 정체중이니 우회도로 이용 바랍니다.[서대문구],서울특별시 서대문구 ,2025-08-29 17:53,,안전안내,223153,교통사고,
"화성시에서 실종된 고기원씨(남,24세)를 찾습니다-171cm,95kg,남색반팔,회색긴바지,남색가방 vo.la/COGPQB / ☎112 [경기남부경찰청]","경기도 화성시 ,경기도 수원시 장안구 ,경기도 수원시 권선구 ,경기도 수원시 팔달구 ,경기도 수원시 영통구 ",2025-08-29 20:32,,안전안내,223159,기타,
"수원시에서 목격된 김길용씨(남,72세)를 찾습니다-178cm,62kg,회색점퍼,푸른색바지,모자,마스크착용
vo.la/OmSSWn / ☎182 [경기남부경찰청]","경기도 수원시 장안구 ,경기도 수원시 권선구 ,경기도 수원시 팔달구 ,경기도 수원시 영통구 ",2025-08-30 9:26,,안전안내,223163,기타,
오늘 8시 30분경 발생한 서대문구 연희동 420-1(구 성산회관 인근 성산대교 방향) 도로균열 조사 교통통제로 정체중이니 우회도로 이용 바랍니다.[서대문구],서울특별시 서대문구 ,2025-08-30 9:33,,안전안내,223165,기타,
"코로나19 감염예방 위해 ▲손씻기 기침예절 실천 ▲마스크착용(호흡기 증상시, 의료기관·요양시설 출입시, 밀집·밀폐된 실내에서) ▲2시간에 10분 환기[질병관리청]","강원특별자치도 전체 ,경기도 전체 ,경상남도 전체 ,경상북도 전체 ,광주광역시 전체 ,대구광역시 전체 ,대전광역시 전체 ,부산광역시 전체 ,서울특별시 전체 ,울산광역시 전체 ,인천광역시 전체 ,전라남도 전체 ,전북특별자치도 전체 ,제주특별자치도 전체 ,충청남도 전체 ,충청북도 전체 ,세종특별자치시  ",2025-08-30 10:34,,안전안내,223177,전염병,
"중랑구 주민인 김점수씨(남,73세)를 찾습니다-155cm,흰색반팔,어두운칠부바지,흰색운동화,검정양말,검정지팡이
vo.la/ndbaar / ☎182 [서울경찰청]",서울특별시 중랑구 ,2025-08-30 11:47,,안전안내,223191,기타,
"종로구 주민인 권기년씨(여,87세)를 찾습니다-152cm,40kg,핑크색티셔츠,남색바지,꽃무늬모자,연한핑크운동화 vo.la/sRDdBo /☎182 [서울경찰청]",서울특별시 종로구 ,2025-08-30 12:56,,안전안내,223193,기타,
"광명시 전역 폭염주의보 지속 중, 낮시간 야외활동을 자제하여 주시고 충분한 휴식과 수분 섭취, 가족·이웃의 안부확인 등 건강관리에 유의하시기 바랍니다.[광명시청]",경기도 광명시 ,2025-08-30 12:59,,안전안내,223194,폭염,
폭염주의보 지속 발효 중 ▲낮 14~17시 야외활동 자제 ▲열사병등 온열질환 발생 주의 ▲주변 노약자분들께 안부전화 등 안전수칙을 준수바랍니다.[여주시],경기도 여주시 ,2025-08-30 13:59,,안전안내,223202,폭염,
"폭염주의보 지속으로 온열질환 우려. △외출 및 야외작업 자제 △무더위쉼터 이용 △폭염안전수칙(물, 그늘, 휴식) 준수 등 건강에 유의 바랍니다. [시흥시청]",경기도 시흥시 ,2025-08-30 14:16,,안전안내,223209,폭염,
"금일 강동구 전역 무더운 날씨 지속중 △낮 시간대 논, 밭, 건설현장 등 야외활동 자제 △안전수칙(물,그늘,휴식) 준수 등 건강관리에 유의바랍니다.[강동구]",서울특별시 강동구 ,2025-08-30 15:06,,안전안내,223216,폭염,
"부천시에서 실종된 김정섭씨(남,71세)를 찾습니다-160cm,보라색긴남방,검정반바지,검정모자,파랑비닐봉투
vo.la/kpzxjO / ☎112 [경기남부경찰청]","경기도 부천시 원미구 ,경기도 부천시 소사구 , 부천시 오정구 ",2025-08-30 18:19,,안전안내,223222,기타,
"양천구에서 목격된 김정섭씨(남,71세)를 찾습니다-160cm,보라색긴남방,검정반바지,검정모자,파랑비닐봉투
vo.la/kpzxjO / ☎112 [서울경찰청]",서울특별시 양천구 ,2025-08-30 18:24,,안전안내,223223,기타,
"중랑구 주민인 김은숙씨(여,60세)를 찾습니다-165cm,85kg,보라색반팔(현란한무늬),분홍긴치마,흰신발
vo.la/veuxqV /☎112 [서울경찰청]",서울특별시 중랑구 ,2025-08-31 8:11,,안전안내,223224,기타,
"구리시에서 목격된 김은숙씨(여,60세)를 찾습니다-165cm,85kg,보라반팔(현란한무늬),분홍긴치마,흰신발
vo.la/veuxqV /☎112 [경기북부경찰청]",경기도 구리시 ,2025-08-31 8:12,,안전안내,223225,기타,
"시흥시 주민인 정상용씨(남,63세)를 찾습니다-160cm,60kg,남색모자,검정추리닝상의,청바지,운동화
vo.la/BmGuzW /☎112 [경기남부경찰청]",경기도 시흥시 ,2025-08-31 9:24,,안전안내,223229,기타,
"폭염주의보 발효중, 낮 시간대 야외활동 자제 및 충분히 물을 마시는 등 건강관리에 유의하시기 바라며, 물놀이시 안전사고 예방수칙을 준수하시기 바랍니다. [화성시]",경기도 화성시 ,2025-08-31 10:26,,안전안내,223242,폭염,
"코로나19 감염예방 위해 ▲손씻기 기침예절 실천 ▲마스크착용(호흡기 증상시, 의료기관·요양시설 출입시, 밀집·밀폐된 실내에서) ▲2시간에 10분 환기[질병관리청]","강원특별자치도 전체 ,경기도 전체 ,경상남도 전체 ,경상북도 전체 ,광주광역시 전체 ,대구광역시 전체 ,대전광역시 전체 ,부산광역시 전체 ,서울특별시 전체 ,울산광역시 전체 ,인천광역시 전체 ,전라남도 전체 ,전북특별자치도 전체 ,제주특별자치도 전체 ,충청남도 전체 ,충청북도 전체 ,세종특별자치시  ",2025-08-31 10:30,,안전안내,223243,전염병,
"화성시 주민인 박은순씨(여,74세)를 찾습니다-150cm,반백발,노란계열반팔(추정),검정계열긴바지(추정)
vo.la/UwPkaz /☎112 [경기남부경찰청]",경기도 화성시 ,2025-08-31 10:58,,안전안내,223249,기타,
"용산구에서 실종된 이점철씨(남,76세)를 찾습니다-177cm,65kg,파란반팔,검정바지,검정구두,얼룩무늬군용가방
vo.la/basqRw /☎112 [서울경찰청]","서울특별시 용산구 ,서울특별시 중구 ",2025-08-31 11:11,,안전안내,223252,기타,
"폭염주의보 발효 중. 충분한 수분 섭취와 휴식, 낮시간 야외활동 자제, 나홀로 작업 자제, 외출시에는 양산 이용 등 건강관리에 각별히 유의 바랍니다. [광명시청]",경기도 광명시 ,2025-08-31 12:01,,안전안내,223257,폭염,
"폭염이 지속되어 온열질환 발생위험이 높습니다. △논,밭,건설현장 등 야외활동자제 △폭염 안전수칙(물, 그늘, 휴식) 준수 등 건강관리에 유의바랍니다. [의왕시]",경기도 의왕시 ,2025-08-31 13:00,,안전안내,223261,폭염,
폭염주의보 지속 ▲물놀이 시 안전수칙 준수 ▲외출 및 야외 작업 자제 ▲수분 섭취 ▲그늘에서 휴식 ▲부모님께 안부전화 드리기 등 안전에 유의바랍니다. [시흥시청],경기도 시흥시 ,2025-08-31 14:00,,안전안내,223274,폭염,
"폭염주의보 지속중. ▲한낮 논밭작업 등 옥외작업 자제 ▲폭염 안전수칙(물, 그늘, 휴식) 준수 ▲외출 시 모자, 양산 사용 등 건강관리에 유의바랍니다. [여주시]",경기도 여주시 ,2025-08-31 14:05,,안전안내,223279,폭염,
"송파구에서 실종된 김시원(남,8세)를 찾습니다-125cm,23kg,회색반팔티셔츠,흰색줄무늬긴바지,남색크록스신발
vo.la/vbKPFa /☎112 [서울경찰청]",서울특별시 송파구 ,2025-08-31 19:55,,안전안내,223290,기타,
,,,,,,,
,,,,,,,
,,,,,,,
,,,,,,,
,,,,,,,
,,,,,,,
,,,,,,,
,,,,,,,
,,,,,,,
,,,,,,,
,,,,,,,
,,,,,,,
,,,,,,,
,,,,,,,
,,,,,,,
,,,,,,,
,,,,,,,
,,,,,,,
,,,,,,,
,,,,,,,
,,,,,,,
,,,,,,,
,,,,,,,
,,,,,,,
,,,,,,,
,,,,,,,
,,,,,,,
,,,,,,,
,,,,,,,
,,,,,,,
,,,,,,,
,,,,,,,
,,,,,,,
,,,,,,,
,,,,,,,
,,,,,,,
,,,,,,,
,,,,,,,
,,,,,,,
,,,,,,,
,,,,,,,
,,,,,,,
,,,,,,,
,,,,,,,
,,,,,,,
,,,,,,,
,,,,,,,
,,,,,,,
,,,,,,,
,,,,,,,
,,,,,,,
,,,,,,,
,,,,,,,
,,,,,,,
,,,,,,,
,,,,,,,
,,,,,,,
,,,,,,,
,,,,,,,
,,,,,,,
,,,,,,,
,,,,,,,
,,,,,,,
,,,,,,,
,,,,,,,
,,,,,,,
,,,,,,,
,,,,,,,
,,,,,,,
,,,,,,,
,,,,,,,
,,,,,,,
,,,,,,,
,,,,,,,
,,,,,,,
,,,,,,,
,,,,,,,
,,,,,,,
,,,,,,,
,,,,,,,
,,,,,,,
,,,,,,,
,,,,,,,
,,,,,,,
,,,,,,,
,,,,,,,
,,,,,,,
,,,,,,,
,,,,,,,
,,,,,,,
,,,,,,,
,,,,,,,
,,,,,,,
,,,,,,,
,,,,,,,
,,,,,,,
,,,,,,,
,,,,,,,
,,,,,,,
,,,,,,,
,,,,,,,
,,,,,,,
,,,,,,,
,,,,,,,
,,,,,,,
,,,,,,,
,,,,,,,
,,,,,,,
,,,,,,,
,,,,,,,
,,,,,,,
,,,,,,,
,,,,,,,
,,,,,,,
,,,,,,,
,,,,,,,
,,,,,,,
,,,,,,,
,,,,,,,
,,,,,,,
,,,,,,,
,,,,,,,
,,,,,,,
,,,,,,,
,,,,,,,
,,,,,,,
,,,,,,,
,,,,,,,
,,,,,,,
,,,,,,,
,,,,,,,
,,,,,,,
,,,,,,,
,,,,,,,
,,,,,,,
,,,,,,,
,,,,,,,
,,,,,,,
,,,,,,,
,,,,,,,
,,,,,,,
,,,,,,,
,,,,,,,
,,,,,,,
,,,,,,,
,,,,,,,
,,,,,,,
,,,,,,,
,,,,,,,
,,,,,,,
,,,,,,,
,,,,,,,
,,,,,,,
,,,,,,,
,,,,,,,
,,,,,,,
,,,,,,,
,,,,,,,
,,,,,,,
,,,,,,,
,,,,,,,
,,,,,,,
,,,,,,,
,,,,,,,
,,,,,,,
,,,,,,,
,,,,,,,
,,,,,,,
,,,,,,,
,,,,,,,
,,,,,,,
,,,,,,,
,,,,,,,
,,,,,,,
,,,,,,,
,,,,,,,
,,,,,,,
,,,,,,,
,,,,,,,
,,,,,,,
,,,,,,,
,,,,,,,
,,,,,,,
,,,,,,,
,,,,,,,
,,,,,,,
,,,,,,,
,,,,,,,
,,,,,,,
,,,,,,,
,,,,,,,
,,,,,,,
,,,,,,,
,,,,,,,
,,,,,,,
,,,,,,,
,,,,,,,
,,,,,,,
,,,,,,,
,,,,,,,
,,,,,,,
,,,,,,,
,,,,,,,
,,,,,,,
,,,,,,,
,,,,,,,
,,,,,,,
,,,,,,,
,,,,,,,
,,,,,,,
,,,,,,,
,,,,,,,
,,,,,,,
,,,,,,,
,,,,,,,
,,,,,,,
,,,,,,,
,,,,,,,
,,,,,,,
,,,,,,,
,,,,,,,
,,,,,,,
,,,,,,,
,,,,,,,
,,,,,,,
,,,,,,,
,,,,,,,
,,,,,,,
,,,,,,,
,,,,,,,
,,,,,,,
,,,,,,,
,,,,,,,
,,,,,,,
,,,,,,,
,,,,,,,
,,,,,,,
,,,,,,,
,,,,,,,
,,,,,,,
,,,,,,,
,,,,,,,
,,,,,,,
,,,,,,,
,,,,,,,
,,,,,,,
,,,,,,,
,,,,,,,
,,,,,,,
,,,,,,,
,,,,,,,
,,,,,,,
,,,,,,,
,,,,,,,
,,,,,,,
,,,,,,,
,,,,,,,
,,,,,,,
,,,,,,,
,,,,,,,
,,,,,,,
,,,,,,,
,,,,,,,
,,,,,,,
,,,,,,,
,,,,,,,
,,,,,,,
,,,,,,,
,,,,,,,
,,,,,,,
,,,,,,,
,,,,,,,
,,,,,,,
,,,,,,,
,,,,,,,
,,,,,,,
,,,,,,,
,,,,,,,
,,,,,,,
,,,,,,,
,,,,,,,
,,,,,,,
,,,,,,,
,,,,,,,
,,,,,,,
,,,,,,,
,,,,,,,
,,,,,,,
,,,,,,,
,,,,,,,
,,,,,,,
,,,,,,,
,,,,,,,
,,,,,,,
,,,,,,,
,,,,,,,
,,,,,,,
,,,,,,,
,,,,,,,
,,,,,,,
,,,,,,,
,,,,,,,
,,,,,,,
,,,,,,,
,,,,,,,
,,,,,,,
,,,,,,,
,,,,,,,
,,,,,,,
,,,,,,,
,,,,,,,
,,,,,,,
,,,,,,,
,,,,,,,
,,,,,,,
,,,,,,,
,,,,,,,
,,,,,,,
,,,,,,,
,,,,,,,
,,,,,,,
,,,,,,,
,,,,,,,
,,,,,,,
,,,,,,,
,,,,,,,
,,,,,,,
,,,,,,,
,,,,,,,
,,,,,,,
,,,,,,,
,,,,,,,
,,,,,,,
,,,,,,,
,,,,,,,
,,,,,,,
,,,,,,,
,,,,,,,
,,,,,,,
,,,,,,,
,,,,,,,
,,,,,,,
,,,,,,,
,,,,,,,
,,,,,,,
,,,,,,,
,,,,,,,
,,,,,,,
,,,,,,,
,,,,,,,
,,,,,,,
,,,,,,,
,,,,,,,
,,,,,,,
,,,,,,,
,,,,,,,
,,,,,,,
,,,,,,,
,,,,,,,
,,,,,,,
,,,,,,,
,,,,,,,
,,,,,,,
,,,,,,,
,,,,,,,
,,,,,,,
,,,,,,,
,,,,,,,
,,,,,,,
,,,,,,,
,,,,,,,
,,,,,,,
,,,,,,,
,,,,,,,
,,,,,,,
,,,,,,,
,,,,,,,
,,,,,,,
,,,,,,,
,,,,,,,
,,,,,,,
,,,,,,,
,,,,,,,
,,,,,,,
,,,,,,,
,,,,,,,
,,,,,,,
,,,,,,,
,,,,,,,
,,,,,,,
,,,,,,,
,,,,,,,
,,,,,,,
,,,,,,,
,,,,,,,
,,,,,,,
,,,,,,,
,,,,,,,
,,,,,,,
,,,,,,,
,,,,,,,
,,,,,,,
,,,,,,,
,,,,,,,
,,,,,,,
,,,,,,,
,,,,,,,
,,,,,,,
,,,,,,,
,,,,,,,
,,,,,,,
,,,,,,,
,,,,,,,
,,,,,,,
,,,,,,,
,,,,,,,
,,,,,,,
,,,,,,,
,,,,,,,
,,,,,,,
,,,,,,,
,,,,,,,
,,,,,,,
,,,,,,,
,,,,,,,
,,,,,,,
,,,,,,,
,,,,,,,
,,,,,,,
,,,,,,,
,,,,,,,
,,,,,,,
,,,,,,,
,,,,,,,
,,,,,,,
,,,,,,,
,,,,,,,
,,,,,,,
,,,,,,,
,,,,,,,
,,,,,,,
,,,,,,,
,,,,,,,
,,,,,,,
,,,,,,,
,,,,,,,
,,,,,,,
,,,,,,,
,,,,,,,
,,,,,,,
,,,,,,,
,,,,,,,
,,,,,,,
,,,,,,,
,,,,,,,
,,,,,,,
,,,,,,,
,,,,,,,
,,,,,,,
,,,,,,,
,,,,,,,
,,,,,,,
,,,,,,,
,,,,,,,
,,,,,,,
,,,,,,,
,,,,,,,
,,,,,,,
,,,,,,,
,,,,,,,
,,,,,,,
,,,,,,,
,,,,,,,
,,,,,,,
,,,,,,,
,,,,,,,
,,,,,,,
,,,,,,,
,,,,,,,
,,,,,,,
,,,,,,,
,,,,,,,
,,,,,,,
,,,,,,,
,,,,,,,
,,,,,,,
,,,,,,,
,,,,,,,
,,,,,,,
,,,,,,,
,,,,,,,
,,,,,,,
,,,,,,,
,,,,,,,
,,,,,,,
,,,,,,,
,,,,,,,
,,,,,,,
,,,,,,,
,,,,,,,
,,,,,,,
,,,,,,,
,,,,,,,
,,,,,,,
,,,,,,,
,,,,,,,
,,,,,,,
,,,,,,,
,,,,,,,
,,,,,,,
,,,,,,,
,,,,,,,
,,,,,,,
,,,,,,,
,,,,,,,
,,,,,,,
,,,,,,,
,,,,,,,
,,,,,,,
,,,,,,,
,,,,,,,
,,,,,,,
,,,,,,,
,,,,,,,
,,,,,,,
,,,,,,,
,,,,,,,
,,,,,,,
,,,,,,,
,,,,,,,
,,,,,,,
,,,,,,,
,,,,,,,
,,,,,,,
,,,,,,,
,,,,,,,
,,,,,,,
,,,,,,,
,,,,,,,
,,,,,,,
,,,,,,,
,,,,,,,
,,,,,,,
,,,,,,,
,,,,,,,
,,,,,,,
,,,,,,,
,,,,,,,
,,,,,,,
,,,,,,,
,,,,,,,
,,,,,,,
,,,,,,,
,,,,,,,
,,,,,,,
,,,,,,,
,,,,,,,
,,,,,,,
,,,,,,,
,,,,,,,
,,,,,,,
,,,,,,,
,,,,,,,
,,,,,,,
,,,,,,,
,,,,,,,
,,,,,,,
,,,,,,,
,,,,,,,
,,,,,,,
,,,,,,,
,,,,,,,
,,,,,,,
,,,,,,,
,,,,,,,
,,,,,,,
,,,,,,,
,,,,,,,
,,,,,,,
,,,,,,,
,,,,,,,
,,,,,,,
,,,,,,,
,,,,,,,
,,,,,,,
,,,,,,,
,,,,,,,
,,,,,,,
,,,,,,,
,,,,,,,
,,,,,,,
,,,,,,,
,,,,,,,
,,,,,,,
,,,,,,,
,,,,,,,
,,,,,,,
,,,,,,,
,,,,,,,
,,,,,,,
,,,,,,,
,,,,,,,
,,,,,,,
,,,,,,,
,,,,,,,
,,,,,,,
,,,,,,,
,,,,,,,
,,,,,,,
,,,,,,,
,,,,,,,
,,,,,,,
,,,,,,,
,,,,,,,
,,,,,,,
,,,,,,,
,,,,,,,
,,,,,,,
,,,,,,,
,,,,,,,
,,,,,,,
,,,,,,,
,,,,,,,
,,,,,,,
,,,,,,,
,,,,,,,
,,,,,,,
,,,,,,,
,,,,,,,
,,,,,,,
,,,,,,,
,,,,,,,
,,,,,,,
,,,,,,,
,,,,,,,
,,,,,,,
,,,,,,,
,,,,,,,
,,,,,,,
,,,,,,,
,,,,,,,
,,,,,,,
,,,,,,,
,,,,,,,
,,,,,,,
,,,,,,,
,,,,,,,
,,,,,,,
,,,,,,,
,,,,,,,
,,,,,,,
,,,,,,,
,,,,,,,
,,,,,,,
,,,,,,,
,,,,,,,
,,,,,,,
,,,,,,,
,,,,,,,
,,,,,,,
,,,,,,,
,,,,,,,
,,,,,,,
,,,,,,,
,,,,,,,
,,,,,,,
,,,,,,,
,,,,,,,
,,,,,,,
,,,,,,,
,,,,,,,
,,,,,,,
,,,,,,,
,,,,,,,
,,,,,,,
,,,,,,,
,,,,,,,
,,,,,,,
,,,,,,,
,,,,,,,
,,,,,,,
,,,,,,,
,,,,,,,
,,,,,,,
,,,,,,,
,,,,,,,
,,,,,,,
,,,,,,,
,,,,,,,
,,,,,,,
,,,,,,,
,,,,,,,
,,,,,,,
,,,,,,,
,,,,,,,
,,,,,,,
,,,,,,,
,,,,,,,
,,,,,,,
,,,,,,,
,,,,,,,
,,,,,,,
,,,,,,,
,,,,,,,
,,,,,,,
,,,,,,,
,,,,,,,
,,,,,,,
,,,,,,,
,,,,,,,
,,,,,,,
,,,,,,,
,,,,,,,
,,,,,,,
,,,,,,,
,,,,,,,
,,,,,,,
,,,,,,,
,,,,,,,
,,,,,,,
,,,,,,,
,,,,,,,
,,,,,,,
,,,,,,,
,,,,,,,
,,,,,,,
,,,,,,,
,,,,,,,
,,,,,,,
,,,,,,,
,,,,,,,
,,,,,,,
,,,,,,,
,,,,,,,
,,,,,,,
,,,,,,,
,,,,,,,
,,,,,,,
,,,,,,,
,,,,,,,
,,,,,,,
,,,,,,,
,,,,,,,
,,,,,,,
,,,,,,,
,,,,,,,
,,,,,,,
,,,,,,,
,,,,,,,
,,,,,,,
,,,,,,,
,,,,,,,
,,,,,,,
,,,,,,,
,,,,,,,
,,,,,,,
,,,,,,,
,,,,,,,
,,,,,,,
,,,,,,,
,,,,,,,
,,,,,,,
,,,,,,,
,,,,,,,
,,,,,,,
,,,,,,,
,,,,,,,
,,,,,,,
,,,,,,,
,,,,,,,
,,,,,,,
,,,,,,,
,,,,,,,
,,,,,,,
,,,,,,,
,,,,,,,
,,,,,,,
,,,,,,,
,,,,,,,
,,,,,,,
,,,,,,,
,,,,,,,
,,,,,,,
,,,,,,,
,,,,,,,
,,,,,,,
,,,,,,,
,,,,,,,
,,,,,,,
,,,,,,,
,,,,,,,
,,,,,,,
,,,,,,,
,,,,,,,
,,,,,,,
,,,,,,,
,,,,,,,
,,,,,,,
,,,,,,,
,,,,,,,
,,,,,,,
,,,,,,,
,,,,,,,
,,,,,,,
,,,,,,,
,,,,,,,
,,,,,,,
,,,,,,,
,,,,,,,
,,,,,,,
,,,,,,,
,,,,,,,
,,,,,,,
,,,,,,,
,,,,,,,
,,,,,,,
,,,,,,,
,,,,,,,
,,,,,,,
,,,,,,,
,,,,,,,
,,,,,,,
,,,,,,,
,,,,,,,
,,,,,,,
,,,,,,,
,,,,,,,
,,,,,,,
,,,,,,,
,,,,,,,
,,,,,,,
,,,,,,,
,,,,,,,
,,,,,,,
,,,,,,,
,,,,,,,
,,,,,,,
,,,,,,,
,,,,,,,
,,,,,,,
,,,,,,,
,,,,,,,
,,,,,,,
,,,,,,,
,,,,,,,
,,,,,,,
,,,,,,,
,,,,,,,
,,,,,,,
,,,,,,,
,,,,,,,
,,,,,,,
,,,,,,,
,,,,,,,
,,,,,,,
,,,,,,,
,,,,,,,
,,,,,,,
,,,,,,,
,,,,,,,
,,,,,,,
,,,,,,,
,,,,,,,
,,,,,,,
,,,,,,,
,,,,,,,
,,,,,,,
,,,,,,,
,,,,,,,
,,,,,,,
,,,,,,,
,,,,,,,
,,,,,,,
,,,,,,,
,,,,,,,
,,,,,,,
,,,,,,,
,,,,,,,
,,,,,,,
,,,,,,,
,,,,,,,
,,,,,,,
,,,,,,,
,,,,,,,
,,,,,,,
,,,,,,,
,,,,,,,
,,,,,,,
,,,,,,,
,,,,,,,
,,,,,,,
,,,,,,,
,,,,,,,
,,,,,,,
,,,,,,,
,,,,,,,
,,,,,,,
,,,,,,,
,,,,,,,
,,,,,,,
,,,,,,,
,,,,,,,
,,,,,,,
,,,,,,,
,,,,,,,
,,,,,,,
,,,,,,,
,,,,,,,
,,,,,,,
,,,,,,,
,,,,,,,
,,,,,,,
,,,,,,,
,,,,,,,
,,,,,,,
,,,,,,,
,,,,,,,
,,,,,,,
,,,,,,,
,,,,,,,
,,,,,,,
,,,,,,,
,,,,,,,
,,,,,,,
,,,,,,,
,,,,,,,
,,,,,,,
,,,,,,,
,,,,,,,
,,,,,,,
,,,,,,,
,,,,,,,
,,,,,,,
,,,,,,,
,,,,,,,
,,,,,,,
,,,,,,,
,,,,,,,
,,,,,,,
,,,,,,,
,,,,,,,
,,,,,,,
,,,,,,,
,,,,,,,
,,,,,,,
,,,,,,,
,,,,,,,
,,,,,,,
,,,,,,,
,,,,,,,
,,,,,,,
,,,,,,,
,,,,,,,
,,,,,,,
,,,,,,,
,,,,,,,
,,,,,,,
,,,,,,,
,,,,,,,
,,,,,,,
,,,,,,,
,,,,,,,
,,,,,,,
,,,,,,,
,,,,,,,
,,,,,,,
,,,,,,,
,,,,,,,
,,,,,,,
,,,,,,,
,,,,,,,
,,,,,,,
,,,,,,,
,,,,,,,
,,,,,,,
,,,,,,,
,,,,,,,
,,,,,,,
,,,,,,,
,,,,,,,
,,,,,,,
,,,,,,,
,,,,,,,
,,,,,,,
,,,,,,,
,,,,,,,
,,,,,,,
,,,,,,,
,,,,,,,
,,,,,,,
,,,,,,,
,,,,,,,
,,,,,,,
,,,,,,,
,,,,,,,
,,,,,,,
,,,,,,,
,,,,,,,
,,,,,,,
,,,,,,,
,,,,,,,
,,,,,,,
,,,,,,,
,,,,,,,
,,,,,,,
,,,,,,,
,,,,,,,
,,,,,,,
,,,,,,,
,,,,,,,
,,,,,,,
,,,,,,,
,,,,,,,
,,,,,,,
,,,,,,,
,,,,,,,
,,,,,,,
,,,,,,,
,,,,,,,
,,,,,,,
,,,,,,,
,,,,,,,
,,,,,,,
,,,,,,,
,,,,,,,
,,,,,,,
,,,,,,,
,,,,,,,
,,,,,,,
,,,,,,,
,,,,,,,
,,,,,,,
,,,,,,,
,,,,,,,
,,,,,,,
,,,,,,,
,,,,,,,
,,,,,,,
,,,,,,,
,,,,,,,
,,,,,,,
,,,,,,,
,,,,,,,
,,,,,,,
,,,,,,,
,,,,,,,
,,,,,,,
,,,,,,,
,,,,,,,
,,,,,,,
,,,,,,,
,,,,,,,
,,,,,,,
,,,,,,,
,,,,,,,
,,,,,,,
,,,,,,,
,,,,,,,
,,,,,,,
,,,,,,,
,,,,,,,
,,,,,,,
,,,,,,,
,,,,,,,
,,,,,,,
,,,,,,,
,,,,,,,
,,,,,,,
,,,,,,,
,,,,,,,
,,,,,,,
,,,,,,,
,,,,,,,
,,,,,,,
,,,,,,,
,,,,,,,
,,,,,,,
,,,,,,,
,,,,,,,
,,,,,,,
,,,,,,,
,,,,,,,
,,,,,,,
,,,,,,,
,,,,,,,
,,,,,,,
,,,,,,,
,,,,,,,
,,,,,,,
,,,,,,,
,,,,,,,
,,,,,,,
,,,,,,,
,,,,,,,
,,,,,,,
,,,,,,,
,,,,,,,
,,,,,,,
,,,,,,,
,,,,,,,
,,,,,,,
,,,,,,,
,,,,,,,
,,,,,,,
,,,,,,,
,,,,,,,
,,,,,,,
,,,,,,,
,,,,,,,
,,,,,,,
,,,,,,,
,,,,,,,
,,,,,,,
,,,,,,,
,,,,,,,
,,,,,,,
,,,,,,,
,,,,,,,
,,,,,,,
,,,,,,,
,,,,,,,
,,,,,,,
,,,,,,,
,,,,,,,
,,,,,,,
,,,,,,,
,,,,,,,
,,,,,,,
,,,,,,,
,,,,,,,
,,,,,,,
,,,,,,,
,,,,,,,
,,,,,,,
,,,,,,,
,,,,,,,
,,,,,,,
,,,,,,,
,,,,,,,
,,,,,,,
,,,,,,,
,,,,,,,
,,,,,,,
,,,,,,,
,,,,,,,
,,,,,,,
,,,,,,,
,,,,,,,
,,,,,,,
,,,,,,,
,,,,,,,
,,,,,,,
,,,,,,,
,,,,,,,
,,,,,,,
,,,,,,,
,,,,,,,
,,,,,,,
,,,,,,,
,,,,,,,
,,,,,,,
,,,,,,,
,,,,,,,
,,,,,,,
,,,,,,,
,,,,,,,
,,,,,,,
,,,,,,,
,,,,,,,
,,,,,,,
,,,,,,,
,,,,,,,
,,,,,,,
,,,,,,,
,,,,,,,
,,,,,,,
,,,,,,,
,,,,,,,
,,,,,,,
,,,,,,,
,,,,,,,
,,,,,,,
,,,,,,,
,,,,,,,
,,,,,,,
,,,,,,,
,,,,,,,
,,,,,,,
,,,,,,,
,,,,,,,
,,,,,,,
,,,,,,,
,,,,,,,
,,,,,,,
,,,,,,,
,,,,,,,
,,,,,,,
,,,,,,,
,,,,,,,
,,,,,,,
,,,,,,,
,,,,,,,
,,,,,,,
,,,,,,,
,,,,,,,
,,,,,,,
,,,,,,,
,,,,,,,
,,,,,,,
,,,,,,,
,,,,,,,
,,,,,,,
,,,,,,,
,,,,,,,
,,,,,,,
,,,,,,,
,,,,,,,
,,,,,,,
,,,,,,,
,,,,,,,
,,,,,,,
,,,,,,,
,,,,,,,
,,,,,,,
,,,,,,,
,,,,,,,
,,,,,,,
,,,,,,,
,,,,,,,
,,,,,,,
,,,,,,,
,,,,,,,
,,,,,,,
,,,,,,,
,,,,,,,
,,,,,,,
,,,,,,,
,,,,,,,
,,,,,,,
,,,,,,,
,,,,,,,
,,,,,,,
,,,,,,,
,,,,,,,
,,,,,,,
,,,,,,,
,,,,,,,
,,,,,,,
,,,,,,,
,,,,,,,
,,,,,,,
,,,,,,,
,,,,,,,
,,,,,,,
,,,,,,,
,,,,,,,
,,,,,,,
,,,,,,,
,,,,,,,
,,,,,,,
,,,,,,,
,,,,,,,
,,,,,,,
,,,,,,,
,,,,,,,
,,,,,,,
,,,,,,,
,,,,,,,
,,,,,,,
,,,,,,,
,,,,,,,
,,,,,,,
,,,,,,,
,,,,,,,
,,,,,,,
,,,,,,,
,,,,,,,
,,,,,,,
,,,,,,,
,,,,,,,
,,,,,,,
,,,,,,,
,,,,,,,
,,,,,,,
,,,,,,,
,,,,,,,
,,,,,,,
,,,,,,,
,,,,,,,
,,,,,,,
,,,,,,,
,,,,,,,
,,,,,,,
,,,,,,,
,,,,,,,
,,,,,,,
,,,,,,,
,,,,,,,
,,,,,,,
,,,,,,,
,,,,,,,
,,,,,,,
,,,,,,,
,,,,,,,
,,,,,,,
,,,,,,,
,,,,,,,
,,,,,,,
,,,,,,,
,,,,,,,
,,,,,,,
,,,,,,,
,,,,,,,
,,,,,,,
,,,,,,,
,,,,,,,
,,,,,,,
,,,,,,,
,,,,,,,
,,,,,,,
,,,,,,,
,,,,,,,
,,,,,,,
,,,,,,,
,,,,,,,
,,,,,,,
,,,,,,,
,,,,,,,
,,,,,,,
,,,,,,,
,,,,,,,
,,,,,,,
,,,,,,,
,,,,,,,
,,,,,,,
,,,,,,,
,,,,,,,
,,,,,,,
,,,,,,,
,,,,,,,
,,,,,,,
,,,,,,,
,,,,,,,
,,,,,,,
,,,,,,,
,,,,,,,
,,,,,,,
,,,,,,,
,,,,,,,
,,,,,,,
,,,,,,,
,,,,,,,
,,,,,,,
,,,,,,,
,,,,,,,
,,,,,,,
,,,,,,,
,,,,,,,
,,,,,,,
,,,,,,,
,,,,,,,
,,,,,,,
,,,,,,,
,,,,,,,
,,,,,,,
,,,,,,,
,,,,,,,
,,,,,,,
,,,,,,,
,,,,,,,
,,,,,,,
,,,,,,,
,,,,,,,
,,,,,,,
,,,,,,,
,,,,,,,
,,,,,,,
,,,,,,,
,,,,,,,
,,,,,,,
,,,,,,,
,,,,,,,
,,,,,,,
,,,,,,,
,,,,,,,
,,,,,,,
,,,,,,,
,,,,,,,
,,,,,,,
,,,,,,,
,,,,,,,
,,,,,,,
,,,,,,,
,,,,,,,
,,,,,,,
,,,,,,,
,,,,,,,
,,,,,,,
,,,,,,,
,,,,,,,
,,,,,,,
,,,,,,,
,,,,,,,
,,,,,,,
,,,,,,,
,,,,,,,
,,,,,,,
,,,,,,,
,,,,,,,
,,,,,,,
,,,,,,,
,,,,,,,
,,,,,,,
,,,,,,,
,,,,,,,
,,,,,,,
,,,,,,,
,,,,,,,
,,,,,,,
,,,,,,,
,,,,,,,
,,,,,,,
,,,,,,,
,,,,,,,
,,,,,,,
,,,,,,,
,,,,,,,
,,,,,,,
,,,,,,,
,,,,,,,
,,,,,,,
,,,,,,,
,,,,,,,
,,,,,,,
,,,,,,,
,,,,,,,
,,,,,,,
,,,,,,,
,,,,,,,
,,,,,,,
,,,,,,,
,,,,,,,
,,,,,,,
,,,,,,,
,,,,,,,
,,,,,,,
,,,,,,,
,,,,,,,
,,,,,,,
,,,,,,,
,,,,,,,
,,,,,,,
,,,,,,,
,,,,,,,
,,,,,,,
,,,,,,,
,,,,,,,
,,,,,,,
,,,,,,,
,,,,,,,
,,,,,,,
,,,,,,,
,,,,,,,
,,,,,,,
,,,,,,,
,,,,,,,
,,,,,,,
,,,,,,,
,,,,,,,
,,,,,,,
,,,,,,,
,,,,,,,
,,,,,,,
,,,,,,,
,,,,,,,
,,,,,,,
,,,,,,,
,,,,,,,
,,,,,,,
,,,,,,,
,,,,,,,
,,,,,,,
,,,,,,,
,,,,,,,
,,,,,,,
,,,,,,,
,,,,,,,
,,,,,,,
,,,,,,,
,,,,,,,
,,,,,,,
,,,,,,,
,,,,,,,
,,,,,,,
,,,,,,,
,,,,,,,
,,,,,,,
,,,,,,,
,,,,,,,
,,,,,,,
,,,,,,,
,,,,,,,
,,,,,,,
,,,,,,,
,,,,,,,
,,,,,,,
,,,,,,,
,,,,,,,
,,,,,,,
,,,,,,,
,,,,,,,
,,,,,,,
,,,,,,,
,,,,,,,
,,,,,,,
,,,,,,,
,,,,,,,
,,,,,,,
,,,,,,,
,,,,,,,
,,,,,,,
,,,,,,,
,,,,,,,
,,,,,,,
,,,,,,,
,,,,,,,
,,,,,,,
,,,,,,,
,,,,,,,
,,,,,,,
,,,,,,,
,,,,,,,
,,,,,,,
,,,,,,,
,,,,,,,
,,,,,,,
,,,,,,,
,,,,,,,
,,,,,,,
,,,,,,,
,,,,,,,
,,,,,,,
,,,,,,,
,,,,,,,
,,,,,,,
,,,,,,,
,,,,,,,
,,,,,,,
,,,,,,,
,,,,,,,
,,,,,,,
,,,,,,,
,,,,,,,
,,,,,,,
,,,,,,,
,,,,,,,
,,,,,,,
,,,,,,,
,,,,,,,
,,,,,,,
,,,,,,,
,,,,,,,
,,,,,,,
,,,,,,,
,,,,,,,
,,,,,,,
,,,,,,,
,,,,,,,
,,,,,,,
,,,,,,,
,,,,,,,
,,,,,,,
,,,,,,,
,,,,,,,
,,,,,,,
,,,,,,,
,,,,,,,
,,,,,,,
,,,,,,,
,,,,,,,
,,,,,,,
,,,,,,,
,,,,,,,
,,,,,,,
,,,,,,,
,,,,,,,
,,,,,,,
,,,,,,,
,,,,,,,
,,,,,,,
,,,,,,,
,,,,,,,
,,,,,,,
,,,,,,,
,,,,,,,
,,,,,,,
,,,,,,,
,,,,,,,
,,,,,,,
,,,,,,,
,,,,,,,
,,,,,,,
,,,,,,,
,,,,,,,
,,,,,,,
,,,,,,,
,,,,,,,
,,,,,,,
,,,,,,,
,,,,,,,
,,,,,,,
,,,,,,,
,,,,,,,
,,,,,,,
,,,,,,,
,,,,,,,
,,,,,,,
,,,,,,,
,,,,,,,
,,,,,,,
,,,,,,,
,,,,,,,
,,,,,,,
,,,,,,,
,,,,,,,
,,,,,,,
,,,,,,,
,,,,,,,
,,,,,,,
,,,,,,,
,,,,,,,
,,,,,,,
,,,,,,,
,,,,,,,
,,,,,,,
,,,,,,,
,,,,,,,
,,,,,,,
,,,,,,,
,,,,,,,
,,,,,,,
,,,,,,,
,,,,,,,
,,,,,,,
,,,,,,,
,,,,,,,
,,,,,,,
,,,,,,,
,,,,,,,
,,,,,,,
,,,,,,,
,,,,,,,
,,,,,,,
,,,,,,,
,,,,,,,
,,,,,,,
,,,,,,,
,,,,,,,
,,,,,,,
,,,,,,,
,,,,,,,
,,,,,,,
,,,,,,,
,,,,,,,
,,,,,,,
,,,,,,,
,,,,,,,
,,,,,,,
,,,,,,,
,,,,,,,
,,,,,,,
,,,,,,,
,,,,,,,
,,,,,,,
,,,,,,,
,,,,,,,
,,,,,,,
,,,,,,,
,,,,,,,
,,,,,,,
,,,,,,,
,,,,,,,
,,,,,,,
,,,,,,,
,,,,,,,
,,,,,,,
,,,,,,,
,,,,,,,
,,,,,,,
,,,,,,,
,,,,,,,
,,,,,,,
,,,,,,,
,,,,,,,
,,,,,,,
,,,,,,,
,,,,,,,
,,,,,,,
,,,,,,,
,,,,,,,
,,,,,,,
,,,,,,,
,,,,,,,
,,,,,,,
,,,,,,,
,,,,,,,
,,,,,,,
,,,,,,,
,,,,,,,
,,,,,,,
,,,,,,,
,,,,,,,
,,,,,,,
,,,,,,,
,,,,,,,
,,,,,,,
,,,,,,,
,,,,,,,
,,,,,,,
,,,,,,,
,,,,,,,
,,,,,,,
,,,,,,,
,,,,,,,
,,,,,,,
,,,,,,,
,,,,,,,
,,,,,,,
,,,,,,,
,,,,,,,
,,,,,,,
,,,,,,,
,,,,,,,
,,,,,,,
,,,,,,,
,,,,,,,
,,,,,,,
,,,,,,,
,,,,,,,
,,,,,,,
,,,,,,,
,,,,,,,
,,,,,,,
,,,,,,,
,,,,,,,
,,,,,,,
,,,,,,,
,,,,,,,
,,,,,,,
,,,,,,,
,,,,,,,
,,,,,,,
,,,,,,,
,,,,,,,
,,,,,,,
,,,,,,,
,,,,,,,
,,,,,,,
,,,,,,,
,,,,,,,
,,,,,,,
,,,,,,,
,,,,,,,
,,,,,,,
,,,,,,,
,,,,,,,
,,,,,,,
,,,,,,,
,,,,,,,
,,,,,,,
,,,,,,,
,,,,,,,
,,,,,,,
,,,,,,,
,,,,,,,
,,,,,,,
,,,,,,,
,,,,,,,
,,,,,,,
,,,,,,,
,,,,,,,
,,,,,,,
,,,,,,,
,,,,,,,
,,,,,,,
,,,,,,,
,,,,,,,
,,,,,,,
,,,,,,,
,,,,,,,
,,,,,,,
,,,,,,,
,,,,,,,
,,,,,,,
,,,,,,,
,,,,,,,
,,,,,,,
,,,,,,,
,,,,,,,
,,,,,,,
,,,,,,,
,,,,,,,
,,,,,,,
,,,,,,,
,,,,,,,
,,,,,,,
,,,,,,,
,,,,,,,
,,,,,,,
,,,,,,,
,,,,,,,
,,,,,,,
,,,,,,,
,,,,,,,
,,,,,,,
,,,,,,,
,,,,,,,
,,,,,,,
,,,,,,,
,,,,,,,
,,,,,,,
,,,,,,,
,,,,,,,
,,,,,,,
,,,,,,,
,,,,,,,
,,,,,,,
,,,,,,,
,,,,,,,
,,,,,,,
,,,,,,,
,,,,,,,
,,,,,,,
,,,,,,,
,,,,,,,
,,,,,,,
,,,,,,,
,,,,,,,
,,,,,,,
,,,,,,,
,,,,,,,
,,,,,,,
,,,,,,,
,,,,,,,
,,,,,,,
,,,,,,,
,,,,,,,
,,,,,,,
,,,,,,,
,,,,,,,
,,,,,,,
,,,,,,,
,,,,,,,
,,,,,,,
,,,,,,,
,,,,,,,
,,,,,,,
,,,,,,,
,,,,,,,
,,,,,,,
,,,,,,,
,,,,,,,
,,,,,,,
,,,,,,,
,,,,,,,
,,,,,,,
,,,,,,,
,,,,,,,
,,,,,,,
,,,,,,,
,,,,,,,
,,,,,,,
,,,,,,,
,,,,,,,
,,,,,,,
,,,,,,,
,,,,,,,
,,,,,,,
,,,,,,,
,,,,,,,
,,,,,,,
,,,,,,,
,,,,,,,
,,,,,,,
,,,,,,,
,,,,,,,
,,,,,,,
,,,,,,,
,,,,,,,
,,,,,,,
,,,,,,,
,,,,,,,
,,,,,,,
,,,,,,,
,,,,,,,
,,,,,,,
,,,,,,,
,,,,,,,
,,,,,,,
,,,,,,,
,,,,,,,
,,,,,,,
,,,,,,,
,,,,,,,
,,,,,,,
,,,,,,,
,,,,,,,
,,,,,,,
,,,,,,,
,,,,,,,
,,,,,,,
,,,,,,,
,,,,,,,
,,,,,,,
,,,,,,,
,,,,,,,
,,,,,,,
,,,,,,,
,,,,,,,
,,,,,,,
,,,,,,,
,,,,,,,
,,,,,,,
,,,,,,,
,,,,,,,
,,,,,,,
,,,,,,,
,,,,,,,
,,,,,,,
,,,,,,,
,,,,,,,
,,,,,,,
,,,,,,,
,,,,,,,
,,,,,,,
,,,,,,,
,,,,,,,
,,,,,,,
,,,,,,,
,,,,,,,
,,,,,,,
,,,,,,,
,,,,,,,
,,,,,,,
,,,,,,,
,,,,,,,
,,,,,,,
,,,,,,,
,,,,,,,
,,,,,,,
,,,,,,,
,,,,,,,
,,,,,,,
,,,,,,,
,,,,,,,
,,,,,,,
,,,,,,,
,,,,,,,
,,,,,,,
,,,,,,,
,,,,,,,
,,,,,,,
,,,,,,,
,,,,,,,
,,,,,,,
,,,,,,,
,,,,,,,
,,,,,,,
,,,,,,,
,,,,,,,
,,,,,,,
,,,,,,,
,,,,,,,
,,,,,,,
,,,,,,,
,,,,,,,
,,,,,,,
,,,,,,,
,,,,,,,
,,,,,,,
,,,,,,,
,,,,,,,
,,,,,,,
,,,,,,,
,,,,,,,
,,,,,,,
,,,,,,,
,,,,,,,
,,,,,,,
,,,,,,,
,,,,,,,
,,,,,,,
,,,,,,,
,,,,,,,
,,,,,,,
,,,,,,,
,,,,,,,
,,,,,,,
,,,,,,,
,,,,,,,
,,,,,,,
,,,,,,,
,,,,,,,
,,,,,,,
,,,,,,,
,,,,,,,
,,,,,,,
,,,,,,,
,,,,,,,
,,,,,,,
,,,,,,,
,,,,,,,
,,,,,,,
,,,,,,,
,,,,,,,
,,,,,,,
,,,,,,,
,,,,,,,
,,,,,,,
,,,,,,,
,,,,,,,
,,,,,,,
,,,,,,,
,,,,,,,
,,,,,,,
,,,,,,,
,,,,,,,
,,,,,,,
,,,,,,,
,,,,,,,
,,,,,,,
,,,,,,,
,,,,,,,
,,,,,,,
,,,,,,,
,,,,,,,
,,,,,,,
,,,,,,,
,,,,,,,
,,,,,,,
,,,,,,,
,,,,,,,
,,,,,,,
,,,,,,,
,,,,,,,
,,,,,,,
,,,,,,,
,,,,,,,
,,,,,,,
,,,,,,,
,,,,,,,
,,,,,,,
,,,,,,,
,,,,,,,
,,,,,,,
,,,,,,,
,,,,,,,
,,,,,,,
,,,,,,,
,,,,,,,
,,,,,,,
,,,,,,,
,,,,,,,
,,,,,,,
,,,,,,,
,,,,,,,
,,,,,,,
,,,,,,,
,,,,,,,
,,,,,,,
,,,,,,,
,,,,,,,
,,,,,,,
,,,,,,,
,,,,,,,
,,,,,,,
,,,,,,,
,,,,,,,
,,,,,,,
,,,,,,,
,,,,,,,
,,,,,,,
,,,,,,,
,,,,,,,
,,,,,,,
,,,,,,,
,,,,,,,
,,,,,,,
,,,,,,,
,,,,,,,
,,,,,,,
,,,,,,,
,,,,,,,
,,,,,,,
,,,,,,,
,,,,,,,
,,,,,,,
,,,,,,,
,,,,,,,
,,,,,,,
,,,,,,,
,,,,,,,
,,,,,,,
,,,,,,,
,,,,,,,
,,,,,,,
,,,,,,,
,,,,,,,
,,,,,,,
,,,,,,,
,,,,,,,
,,,,,,,
,,,,,,,
,,,,,,,
,,,,,,,
,,,,,,,
,,,,,,,
,,,,,,,
,,,,,,,
,,,,,,,
,,,,,,,
,,,,,,,
,,,,,,,
,,,,,,,
,,,,,,,
,,,,,,,
,,,,,,,
,,,,,,,
,,,,,,,
,,,,,,,
,,,,,,,
,,,,,,,
,,,,,,,
,,,,,,,
,,,,,,,
,,,,,,,
,,,,,,,
,,,,,,,
,,,,,,,
,,,,,,,
,,,,,,,
,,,,,,,
,,,,,,,
,,,,,,,
,,,,,,,
,,,,,,,
,,,,,,,
,,,,,,,
,,,,,,,
,,,,,,,
,,,,,,,
,,,,,,,
,,,,,,,
,,,,,,,
,,,,,,,
,,,,,,,
,,,,,,,
,,,,,,,
,,,,,,,
,,,,,,,
,,,,,,,
,,,,,,,
,,,,,,,
,,,,,,,
,,,,,,,
,,,,,,,
,,,,,,,
,,,,,,,
,,,,,,,
,,,,,,,
,,,,,,,
,,,,,,,
,,,,,,,
,,,,,,,
,,,,,,,
,,,,,,,
,,,,,,,
,,,,,,,
,,,,,,,
,,,,,,,
,,,,,,,
,,,,,,,
,,,,,,,
,,,,,,,
,,,,,,,
,,,,,,,
,,,,,,,
,,,,,,,
,,,,,,,
,,,,,,,
,,,,,,,
,,,,,,,
,,,,,,,
,,,,,,,
,,,,,,,
,,,,,,,
,,,,,,,
,,,,,,,
,,,,,,,
,,,,,,,
,,,,,,,
,,,,,,,
,,,,,,,
,,,,,,,
,,,,,,,
,,,,,,,
,,,,,,,
,,,,,,,
,,,,,,,
,,,,,,,
,,,,,,,
,,,,,,,
,,,,,,,
,,,,,,,
,,,,,,,
,,,,,,,
,,,,,,,
,,,,,,,
,,,,,,,
,,,,,,,
,,,,,,,
,,,,,,,
,,,,,,,
,,,,,,,
,,,,,,,
,,,,,,,
,,,,,,,
,,,,,,,
,,,,,,,
,,,,,,,
,,,,,,,
,,,,,,,
,,,,,,,
,,,,,,,
,,,,,,,
,,,,,,,
,,,,,,,
,,,,,,,
,,,,,,,
,,,,,,,
,,,,,,,
,,,,,,,
,,,,,,,
,,,,,,,
,,,,,,,
,,,,,,,
,,,,,,,
,,,,,,,
,,,,,,,
,,,,,,,
,,,,,,,
,,,,,,,
,,,,,,,
,,,,,,,
,,,,,,,
,,,,,,,
,,,,,,,
,,,,,,,
,,,,,,,
,,,,,,,
,,,,,,,
,,,,,,,
,,,,,,,
,,,,,,,
,,,,,,,
,,,,,,,
,,,,,,,
,,,,,,,
,,,,,,,
,,,,,,,
,,,,,,,
,,,,,,,
,,,,,,,
,,,,,,,
,,,,,,,
,,,,,,,
,,,,,,,
,,,,,,,
,,,,,,,
,,,,,,,
,,,,,,,
,,,,,,,
,,,,,,,
,,,,,,,
,,,,,,,
,,,,,,,
,,,,,,,
,,,,,,,
,,,,,,,
,,,,,,,
,,,,,,,
,,,,,,,
,,,,,,,
,,,,,,,
,,,,,,,
,,,,,,,
,,,,,,,
,,,,,,,
,,,,,,,
,,,,,,,
,,,,,,,
,,,,,,,
,,,,,,,
,,,,,,,
,,,,,,,
,,,,,,,
,,,,,,,
,,,,,,,
,,,,,,,
,,,,,,,
,,,,,,,
,,,,,,,
,,,,,,,
,,,,,,,
,,,,,,,
,,,,,,,
,,,,,,,
,,,,,,,
,,,,,,,
,,,,,,,
,,,,,,,
,,,,,,,
,,,,,,,
,,,,,,,
,,,,,,,
,,,,,,,
,,,,,,,
,,,,,,,
,,,,,,,
,,,,,,,
,,,,,,,
,,,,,,,
,,,,,,,
,,,,,,,
,,,,,,,
,,,,,,,
,,,,,,,
,,,,,,,
,,,,,,,
,,,,,,,
,,,,,,,
,,,,,,,
,,,,,,,
,,,,,,,
,,,,,,,
,,,,,,,
,,,,,,,
,,,,,,,
,,,,,,,
,,,,,,,
,,,,,,,
,,,,,,,
,,,,,,,
,,,,,,,
,,,,,,,
,,,,,,,
,,,,,,,
,,,,,,,
,,,,,,,
,,,,,,,
,,,,,,,
,,,,,,,
,,,,,,,
,,,,,,,
,,,,,,,
,,,,,,,
,,,,,,,
,,,,,,,
,,,,,,,
,,,,,,,
,,,,,,,
,,,,,,,
,,,,,,,
,,,,,,,
,,,,,,,
,,,,,,,
,,,,,,,
,,,,,,,
,,,,,,,
,,,,,,,
,,,,,,,
,,,,,,,
,,,,,,,
,,,,,,,
,,,,,,,
,,,,,,,
,,,,,,,
,,,,,,,
,,,,,,,
,,,,,,,
,,,,,,,
,,,,,,,
,,,,,,,
,,,,,,,
,,,,,,,
,,,,,,,
,,,,,,,
,,,,,,,
,,,,,,,
,,,,,,,
,,,,,,,
,,,,,,,
,,,,,,,
,,,,,,,
,,,,,,,
,,,,,,,
,,,,,,,
,,,,,,,
,,,,,,,
,,,,,,,
,,,,,,,
,,,,,,,
,,,,,,,
,,,,,,,
,,,,,,,
,,,,,,,
,,,,,,,
,,,,,,,
,,,,,,,
,,,,,,,
,,,,,,,
,,,,,,,
,,,,,,,
,,,,,,,
,,,,,,,
,,,,,,,
,,,,,,,
,,,,,,,
,,,,,,,
,,,,,,,
,,,,,,,
,,,,,,,
,,,,,,,
,,,,,,,
,,,,,,,
,,,,,,,
,,,,,,,
,,,,,,,
,,,,,,,
,,,,,,,
,,,,,,,
,,,,,,,
,,,,,,,
,,,,,,,
,,,,,,,
,,,,,,,
,,,,,,,
,,,,,,,
,,,,,,,
,,,,,,,
,,,,,,,
,,,,,,,
,,,,,,,
,,,,,,,
,,,,,,,
,,,,,,,
,,,,,,,
,,,,,,,
,,,,,,,
,,,,,,,
,,,,,,,
,,,,,,,
,,,,,,,
,,,,,,,
,,,,,,,
,,,,,,,
,,,,,,,
,,,,,,,
,,,,,,,
,,,,,,,
,,,,,,,
,,,,,,,
,,,,,,,
,,,,,,,
,,,,,,,
,,,,,,,
,,,,,,,
,,,,,,,
,,,,,,,
,,,,,,,
,,,,,,,
,,,,,,,
,,,,,,,
,,,,,,,
,,,,,,,
,,,,,,,
,,,,,,,
,,,,,,,
,,,,,,,
,,,,,,,
,,,,,,,
,,,,,,,
,,,,,,,
,,,,,,,
,,,,,,,
,,,,,,,
,,,,,,,
,,,,,,,
,,,,,,,
,,,,,,,
,,,,,,,
,,,,,,,
,,,,,,,
,,,,,,,
,,,,,,,
,,,,,,,
,,,,,,,
,,,,,,,
,,,,,,,
,,,,,,,
,,,,,,,
,,,,,,,
,,,,,,,
,,,,,,,
,,,,,,,
,,,,,,,
,,,,,,,
,,,,,,,
,,,,,,,
,,,,,,,
,,,,,,,
,,,,,,,
,,,,,,,
,,,,,,,
,,,,,,,
,,,,,,,
,,,,,,,
,,,,,,,
,,,,,,,
,,,,,,,
,,,,,,,
,,,,,,,
,,,,,,,
,,,,,,,
,,,,,,,
,,,,,,,
,,,,,,,
,,,,,,,
,,,,,,,
,,,,,,,
,,,,,,,
,,,,,,,
,,,,,,,
,,,,,,,
,,,,,,,
,,,,,,,
,,,,,,,
,,,,,,,
,,,,,,,
,,,,,,,
,,,,,,,
,,,,,,,
,,,,,,,
,,,,,,,
,,,,,,,
,,,,,,,
,,,,,,,
,,,,,,,
,,,,,,,
,,,,,,,
,,,,,,,
,,,,,,,
,,,,,,,
,,,,,,,
,,,,,,,
,,,,,,,
,,,,,,,
,,,,,,,
,,,,,,,
,,,,,,,
,,,,,,,
,,,,,,,
,,,,,,,
,,,,,,,
,,,,,,,
,,,,,,,
,,,,,,,
,,,,,,,
,,,,,,,
,,,,,,,
,,,,,,,
,,,,,,,
,,,,,,,
,,,,,,,
,,,,,,,
,,,,,,,
,,,,,,,
,,,,,,,
,,,,,,,
,,,,,,,
,,,,,,,
,,,,,,,
,,,,,,,
,,,,,,,
,,,,,,,
,,,,,,,
,,,,,,,
,,,,,,,
,,,,,,,
,,,,,,,
,,,,,,,
,,,,,,,
,,,,,,,
,,,,,,,
,,,,,,,
,,,,,,,
,,,,,,,
,,,,,,,
,,,,,,,
,,,,,,,
,,,,,,,
,,,,,,,
,,,,,,,
,,,,,,,
,,,,,,,
,,,,,,,
,,,,,,,
,,,,,,,
,,,,,,,
,,,,,,,
,,,,,,,
,,,,,,,
,,,,,,,
,,,,,,,
,,,,,,,
,,,,,,,
,,,,,,,
,,,,,,,
,,,,,,,
,,,,,,,
,,,,,,,
,,,,,,,
,,,,,,,
,,,,,,,
,,,,,,,
,,,,,,,
,,,,,,,
,,,,,,,
,,,,,,,
,,,,,,,
,,,,,,,
,,,,,,,
,,,,,,,
,,,,,,,
,,,,,,,
,,,,,,,
,,,,,,,
,,,,,,,
,,,,,,,
,,,,,,,
,,,,,,,
,,,,,,,
,,,,,,,
,,,,,,,
,,,,,,,
,,,,,,,
,,,,,,,
,,,,,,,
,,,,,,,
,,,,,,,
,,,,,,,
,,,,,,,
,,,,,,,
,,,,,,,
,,,,,,,
,,,,,,,
,,,,,,,
,,,,,,,
,,,,,,,
,,,,,,,
,,,,,,,
,,,,,,,
,,,,,,,
,,,,,,,
,,,,,,,
,,,,,,,
,,,,,,,
,,,,,,,
,,,,,,,
,,,,,,,
,,,,,,,
,,,,,,,
,,,,,,,
,,,,,,,
,,,,,,,
,,,,,,,
,,,,,,,
,,,,,,,
,,,,,,,
,,,,,,,
,,,,,,,
,,,,,,,
,,,,,,,
,,,,,,,
,,,,,,,
,,,,,,,
,,,,,,,
,,,,,,,
,,,,,,,
,,,,,,,
,,,,,,,
,,,,,,,
,,,,,,,
,,,,,,,
,,,,,,,
,,,,,,,
,,,,,,,
,,,,,,,
,,,,,,,
,,,,,,,
,,,,,,,
,,,,,,,
,,,,,,,
,,,,,,,
,,,,,,,
,,,,,,,
,,,,,,,
,,,,,,,
,,,,,,,
,,,,,,,
,,,,,,,
,,,,,,,
,,,,,,,
,,,,,,,
,,,,,,,
,,,,,,,
,,,,,,,
,,,,,,,
,,,,,,,
,,,,,,,
,,,,,,,
,,,,,,,
,,,,,,,
,,,,,,,
,,,,,,,
,,,,,,,
,,,,,,,
,,,,,,,
,,,,,,,
,,,,,,,
,,,,,,,
,,,,,,,
,,,,,,,
,,,,,,,
,,,,,,,
,,,,,,,
,,,,,,,
,,,,,,,
,,,,,,,
,,,,,,,
,,,,,,,
,,,,,,,
,,,,,,,
,,,,,,,
,,,,,,,
,,,,,,,
,,,,,,,
,,,,,,,
,,,,,,,
,,,,,,,
,,,,,,,
,,,,,,,
,,,,,,,
,,,,,,,
,,,,,,,
,,,,,,,
,,,,,,,
,,,,,,,
,,,,,,,
,,,,,,,
,,,,,,,
,,,,,,,
,,,,,,,
,,,,,,,
,,,,,,,
,,,,,,,
,,,,,,,
,,,,,,,
,,,,,,,
,,,,,,,
,,,,,,,
,,,,,,,
,,,,,,,
,,,,,,,
,,,,,,,
,,,,,,,
,,,,,,,
,,,,,,,
,,,,,,,
,,,,,,,
,,,,,,,
,,,,,,,
,,,,,,,
,,,,,,,
,,,,,,,
,,,,,,,
,,,,,,,
,,,,,,,
,,,,,,,
,,,,,,,
,,,,,,,
,,,,,,,
,,,,,,,
,,,,,,,
,,,,,,,
,,,,,,,
,,,,,,,
,,,,,,,
,,,,,,,
,,,,,,,
,,,,,,,
,,,,,,,
,,,,,,,
,,,,,,,
,,,,,,,
,,,,,,,
,,,,,,,
,,,,,,,
,,,,,,,
,,,,,,,
,,,,,,,
,,,,,,,
,,,,,,,
,,,,,,,
,,,,,,,
,,,,,,,
,,,,,,,
,,,,,,,
,,,,,,,
,,,,,,,
,,,,,,,
,,,,,,,
,,,,,,,
,,,,,,,
,,,,,,,
,,,,,,,
,,,,,,,
,,,,,,,
,,,,,,,
,,,,,,,
,,,,,,,
,,,,,,,
,,,,,,,
,,,,,,,
,,,,,,,
,,,,,,,
,,,,,,,
,,,,,,,
,,,,,,,
,,,,,,,
,,,,,,,
,,,,,,,
,,,,,,,
,,,,,,,
,,,,,,,
,,,,,,,
,,,,,,,
,,,,,,,
,,,,,,,
,,,,,,,
,,,,,,,
,,,,,,,
,,,,,,,
,,,,,,,
,,,,,,,
,,,,,,,
,,,,,,,
,,,,,,,
,,,,,,,
,,,,,,,
,,,,,,,
,,,,,,,
,,,,,,,
,,,,,,,
,,,,,,,
,,,,,,,
,,,,,,,
,,,,,,,
,,,,,,,
,,,,,,,
,,,,,,,
,,,,,,,
,,,,,,,
,,,,,,,
,,,,,,,
,,,,,,,
,,,,,,,
,,,,,,,
,,,,,,,
,,,,,,,
,,,,,,,
,,,,,,,
,,,,,,,
,,,,,,,
,,,,,,,
,,,,,,,
,,,,,,,
,,,,,,,
,,,,,,,
,,,,,,,
,,,,,,,
,,,,,,,
,,,,,,,
,,,,,,,
,,,,,,,
,,,,,,,
,,,,,,,
,,,,,,,
,,,,,,,
,,,,,,,
,,,,,,,
,,,,,,,
,,,,,,,
,,,,,,,
,,,,,,,
,,,,,,,
,,,,,,,
,,,,,,,
,,,,,,,
,,,,,,,
,,,,,,,
,,,,,,,
,,,,,,,
,,,,,,,
,,,,,,,
,,,,,,,
,,,,,,,
,,,,,,,
,,,,,,,
,,,,,,,
,,,,,,,
,,,,,,,
,,,,,,,
,,,,,,,
,,,,,,,
,,,,,,,
,,,,,,,
,,,,,,,
,,,,,,,
,,,,,,,
,,,,,,,
,,,,,,,
,,,,,,,
,,,,,,,
,,,,,,,
,,,,,,,
,,,,,,,
,,,,,,,
,,,,,,,
,,,,,,,
,,,,,,,
,,,,,,,
,,,,,,,
,,,,,,,
,,,,,,,
,,,,,,,
,,,,,,,
,,,,,,,
,,,,,,,
,,,,,,,
,,,,,,,
,,,,,,,
,,,,,,,
,,,,,,,
,,,,,,,
,,,,,,,
,,,,,,,
,,,,,,,
,,,,,,,
,,,,,,,
,,,,,,,
,,,,,,,
,,,,,,,
,,,,,,,
,,,,,,,
,,,,,,,
,,,,,,,
,,,,,,,
,,,,,,,
,,,,,,,
,,,,,,,
,,,,,,,
,,,,,,,
,,,,,,,
,,,,,,,
,,,,,,,
,,,,,,,
,,,,,,,
,,,,,,,
,,,,,,,
,,,,,,,
,,,,,,,
,,,,,,,
,,,,,,,
,,,,,,,
,,,,,,,
,,,,,,,
,,,,,,,
,,,,,,,
,,,,,,,
,,,,,,,
,,,,,,,
,,,,,,,
,,,,,,,
,,,,,,,
,,,,,,,
,,,,,,,
,,,,,,,
,,,,,,,
,,,,,,,
,,,,,,,
,,,,,,,
,,,,,,,
,,,,,,,
,,,,,,,
,,,,,,,
,,,,,,,
,,,,,,,
,,,,,,,
,,,,,,,
,,,,,,,
,,,,,,,
,,,,,,,
,,,,,,,
,,,,,,,
,,,,,,,
,,,,,,,
,,,,,,,
,,,,,,,
,,,,,,,
,,,,,,,
,,,,,,,
,,,,,,,
,,,,,,,
,,,,,,,
,,,,,,,
,,,,,,,
,,,,,,,
,,,,,,,
,,,,,,,
,,,,,,,
,,,,,,,
,,,,,,,
,,,,,,,
,,,,,,,
,,,,,,,
,,,,,,,
,,,,,,,
,,,,,,,
,,,,,,,
,,,,,,,
,,,,,,,
,,,,,,,
,,,,,,,
,,,,,,,
,,,,,,,
,,,,,,,
,,,,,,,
,,,,,,,
,,,,,,,
,,,,,,,
,,,,,,,
,,,,,,,
,,,,,,,
,,,,,,,
,,,,,,,
,,,,,,,
,,,,,,,
,,,,,,,
,,,,,,,
,,,,,,,
,,,,,,,
,,,,,,,
,,,,,,,
,,,,,,,
,,,,,,,
,,,,,,,
,,,,,,,
,,,,,,,
,,,,,,,
,,,,,,,
,,,,,,,
,,,,,,,
,,,,,,,
,,,,,,,
,,,,,,,
,,,,,,,
,,,,,,,
,,,,,,,
,,,,,,,
,,,,,,,
,,,,,,,
,,,,,,,
,,,,,,,
,,,,,,,
,,,,,,,
,,,,,,,
,,,,,,,
,,,,,,,
,,,,,,,
,,,,,,,
,,,,,,,
,,,,,,,
,,,,,,,
,,,,,,,
,,,,,,,
,,,,,,,
,,,,,,,
,,,,,,,
,,,,,,,
,,,,,,,
,,,,,,,
,,,,,,,
,,,,,,,
,,,,,,,
,,,,,,,
,,,,,,,
,,,,,,,
,,,,,,,
,,,,,,,
,,,,,,,
,,,,,,,
,,,,,,,
,,,,,,,
,,,,,,,
,,,,,,,
,,,,,,,
,,,,,,,
,,,,,,,
,,,,,,,
,,,,,,,
,,,,,,,
,,,,,,,
,,,,,,,
,,,,,,,
,,,,,,,
,,,,,,,
,,,,,,,
,,,,,,,
,,,,,,,
,,,,,,,
,,,,,,,
,,,,,,,
,,,,,,,
,,,,,,,
,,,,,,,
,,,,,,,
,,,,,,,
,,,,,,,
,,,,,,,
,,,,,,,
,,,,,,,
,,,,,,,
,,,,,,,
,,,,,,,
,,,,,,,
,,,,,,,
,,,,,,,
,,,,,,,
,,,,,,,
,,,,,,,
,,,,,,,
,,,,,,,
,,,,,,,
,,,,,,,
,,,,,,,
,,,,,,,
,,,,,,,
,,,,,,,
,,,,,,,
,,,,,,,
,,,,,,,
,,,,,,,
,,,,,,,
,,,,,,,
,,,,,,,
,,,,,,,
,,,,,,,
,,,,,,,
,,,,,,,
,,,,,,,
,,,,,,,
,,,,,,,
,,,,,,,
,,,,,,,
,,,,,,,
,,,,,,,
,,,,,,,
,,,,,,,
,,,,,,,
,,,,,,,
,,,,,,,
,,,,,,,
,,,,,,,
,,,,,,,
,,,,,,,
,,,,,,,
,,,,,,,
,,,,,,,
,,,,,,,
,,,,,,,
,,,,,,,
,,,,,,,
,,,,,,,
,,,,,,,
,,,,,,,
,,,,,,,
,,,,,,,
,,,,,,,
,,,,,,,
,,,,,,,
,,,,,,,
,,,,,,,
,,,,,,,
,,,,,,,
,,,,,,,
,,,,,,,
,,,,,,,
,,,,,,,
,,,,,,,
,,,,,,,
,,,,,,,
,,,,,,,
,,,,,,,
,,,,,,,
,,,,,,,
,,,,,,,
,,,,,,,
,,,,,,,
,,,,,,,
,,,,,,,
,,,,,,,
,,,,,,,
,,,,,,,
,,,,,,,
,,,,,,,
,,,,,,,
,,,,,,,
,,,,,,,
,,,,,,,
,,,,,,,
,,,,,,,
,,,,,,,
,,,,,,,
,,,,,,,
,,,,,,,
,,,,,,,
,,,,,,,
,,,,,,,
,,,,,,,
,,,,,,,
,,,,,,,
,,,,,,,
,,,,,,,
,,,,,,,
,,,,,,,
,,,,,,,
,,,,,,,
,,,,,,,
,,,,,,,
,,,,,,,
,,,,,,,
,,,,,,,
,,,,,,,
,,,,,,,
,,,,,,,
,,,,,,,
,,,,,,,
,,,,,,,
,,,,,,,
,,,,,,,
,,,,,,,
,,,,,,,
,,,,,,,
,,,,,,,
,,,,,,,
,,,,,,,
,,,,,,,
,,,,,,,
,,,,,,,
,,,,,,,
,,,,,,,
,,,,,,,
,,,,,,,
,,,,,,,
,,,,,,,
,,,,,,,
,,,,,,,
,,,,,,,
,,,,,,,
,,,,,,,
,,,,,,,
,,,,,,,
,,,,,,,
,,,,,,,
,,,,,,,
,,,,,,,
,,,,,,,
,,,,,,,
,,,,,,,
,,,,,,,
,,,,,,,
,,,,,,,
,,,,,,,
,,,,,,,
,,,,,,,
,,,,,,,
,,,,,,,
,,,,,,,
,,,,,,,
,,,,,,,
,,,,,,,
,,,,,,,
,,,,,,,
,,,,,,,
,,,,,,,
,,,,,,,
,,,,,,,
,,,,,,,
,,,,,,,
,,,,,,,
,,,,,,,
,,,,,,,
,,,,,,,
,,,,,,,
,,,,,,,
,,,,,,,
,,,,,,,
,,,,,,,
,,,,,,,
,,,,,,,
,,,,,,,
,,,,,,,
,,,,,,,
,,,,,,,
,,,,,,,
,,,,,,,
,,,,,,,
,,,,,,,
,,,,,,,
,,,,,,,
,,,,,,,
,,,,,,,
,,,,,,,
,,,,,,,
,,,,,,,
,,,,,,,
,,,,,,,
,,,,,,,
,,,,,,,
,,,,,,,
,,,,,,,
,,,,,,,
,,,,,,,
,,,,,,,
,,,,,,,
,,,,,,,
,,,,,,,
,,,,,,,
,,,,,,,
,,,,,,,
,,,,,,,
,,,,,,,
,,,,,,,
,,,,,,,
,,,,,,,
,,,,,,,
,,,,,,,
,,,,,,,
,,,,,,,
,,,,,,,
,,,,,,,
,,,,,,,
,,,,,,,
,,,,,,,
,,,,,,,
,,,,,,,
,,,,,,,
,,,,,,,
,,,,,,,
,,,,,,,
,,,,,,,
,,,,,,,
,,,,,,,
,,,,,,,
,,,,,,,
,,,,,,,
,,,,,,,
,,,,,,,
,,,,,,,
,,,,,,,
,,,,,,,
,,,,,,,
,,,,,,,
,,,,,,,
,,,,,,,
,,,,,,,
,,,,,,,
,,,,,,,
,,,,,,,
,,,,,,,
,,,,,,,
,,,,,,,
,,,,,,,
,,,,,,,
,,,,,,,
,,,,,,,
,,,,,,,
,,,,,,,
,,,,,,,
,,,,,,,
,,,,,,,
,,,,,,,
,,,,,,,
,,,,,,,
,,,,,,,
,,,,,,,
,,,,,,,
,,,,,,,
,,,,,,,
,,,,,,,
,,,,,,,
,,,,,,,
,,,,,,,
,,,,,,,
,,,,,,,
,,,,,,,
,,,,,,,
,,,,,,,
,,,,,,,
,,,,,,,
,,,,,,,
,,,,,,,
,,,,,,,
,,,,,,,
,,,,,,,
,,,,,,,
,,,,,,,
,,,,,,,
,,,,,,,
,,,,,,,
,,,,,,,
,,,,,,,
,,,,,,,
,,,,,,,
,,,,,,,
,,,,,,,
,,,,,,,
,,,,,,,
,,,,,,,
,,,,,,,
,,,,,,,
,,,,,,,
,,,,,,,
,,,,,,,
,,,,,,,
,,,,,,,
,,,,,,,
,,,,,,,
,,,,,,,
,,,,,,,
,,,,,,,
,,,,,,,
,,,,,,,
,,,,,,,
,,,,,,,
,,,,,,,
,,,,,,,
,,,,,,,
,,,,,,,
,,,,,,,
,,,,,,,
,,,,,,,
,,,,,,,
,,,,,,,
,,,,,,,
,,,,,,,
,,,,,,,
,,,,,,,
,,,,,,,
,,,,,,,
,,,,,,,
,,,,,,,
,,,,,,,
,,,,,,,
,,,,,,,
,,,,,,,
,,,,,,,
,,,,,,,
,,,,,,,
,,,,,,,
,,,,,,,
,,,,,,,
,,,,,,,
,,,,,,,
,,,,,,,
,,,,,,,
,,,,,,,
,,,,,,,
,,,,,,,
,,,,,,,
,,,,,,,
,,,,,,,
,,,,,,,
,,,,,,,
,,,,,,,
,,,,,,,
,,,,,,,
,,,,,,,
,,,,,,,
,,,,,,,
,,,,,,,
,,,,,,,
,,,,,,,
,,,,,,,
,,,,,,,
,,,,,,,
,,,,,,,
,,,,,,,
,,,,,,,
,,,,,,,
,,,,,,,
,,,,,,,
,,,,,,,
,,,,,,,
,,,,,,,
,,,,,,,
,,,,,,,
,,,,,,,
,,,,,,,
,,,,,,,
,,,,,,,
,,,,,,,
,,,,,,,
,,,,,,,
,,,,,,,
,,,,,,,
,,,,,,,
,,,,,,,
,,,,,,,
,,,,,,,
,,,,,,,
,,,,,,,
,,,,,,,
,,,,,,,
,,,,,,,
,,,,,,,
,,,,,,,
,,,,,,,
,,,,,,,
,,,,,,,
,,,,,,,
,,,,,,,
,,,,,,,
,,,,,,,
,,,,,,,
,,,,,,,
,,,,,,,
,,,,,,,
,,,,,,,
,,,,,,,
,,,,,,,
,,,,,,,
,,,,,,,
,,,,,,,
,,,,,,,
,,,,,,,
,,,,,,,
,,,,,,,
,,,,,,,
,,,,,,,
,,,,,,,
,,,,,,,
,,,,,,,
,,,,,,,
,,,,,,,
,,,,,,,
,,,,,,,
,,,,,,,
,,,,,,,
,,,,,,,
,,,,,,,
,,,,,,,
,,,,,,,
,,,,,,,
,,,,,,,
,,,,,,,
,,,,,,,
,,,,,,,
,,,,,,,
,,,,,,,
,,,,,,,
,,,,,,,
,,,,,,,
,,,,,,,
,,,,,,,
,,,,,,,
,,,,,,,
,,,,,,,
,,,,,,,
,,,,,,,
,,,,,,,
,,,,,,,
,,,,,,,
,,,,,,,
,,,,,,,
,,,,,,,
,,,,,,,
,,,,,,,
,,,,,,,
,,,,,,,
,,,,,,,
,,,,,,,
,,,,,,,
,,,,,,,
,,,,,,,
,,,,,,,
,,,,,,,
,,,,,,,
,,,,,,,
,,,,,,,
,,,,,,,
,,,,,,,
,,,,,,,
,,,,,,,
,,,,,,,
,,,,,,,
,,,,,,,
,,,,,,,
,,,,,,,
,,,,,,,
,,,,,,,
,,,,,,,
,,,,,,,
,,,,,,,
,,,,,,,
,,,,,,,
,,,,,,,
,,,,,,,
,,,,,,,
,,,,,,,
,,,,,,,
,,,,,,,
,,,,,,,
,,,,,,,
,,,,,,,
,,,,,,,
,,,,,,,
,,,,,,,
,,,,,,,
,,,,,,,
,,,,,,,
,,,,,,,
,,,,,,,
,,,,,,,
,,,,,,,
,,,,,,,
,,,,,,,
,,,,,,,
,,,,,,,
,,,,,,,
,,,,,,,
,,,,,,,
,,,,,,,
,,,,,,,
,,,,,,,
,,,,,,,
,,,,,,,
,,,,,,,
,,,,,,,
,,,,,,,
,,,,,,,
,,,,,,,
,,,,,,,
,,,,,,,
,,,,,,,
,,,,,,,
,,,,,,,
,,,,,,,
,,,,,,,
,,,,,,,
,,,,,,,
,,,,,,,
,,,,,,,
,,,,,,,
,,,,,,,
,,,,,,,
,,,,,,,
,,,,,,,
,,,,,,,
,,,,,,,
,,,,,,,
,,,,,,,
,,,,,,,
,,,,,,,
,,,,,,,
,,,,,,,
,,,,,,,
,,,,,,,
,,,,,,,
,,,,,,,
,,,,,,,
,,,,,,,
,,,,,,,
,,,,,,,
,,,,,,,
,,,,,,,
,,,,,,,
,,,,,,,
,,,,,,,
,,,,,,,
,,,,,,,
,,,,,,,
,,,,,,,
,,,,,,,
,,,,,,,
,,,,,,,
,,,,,,,
,,,,,,,
,,,,,,,
,,,,,,,
,,,,,,,
,,,,,,,
,,,,,,,
,,,,,,,
,,,,,,,
,,,,,,,
,,,,,,,
,,,,,,,
,,,,,,,
,,,,,,,
,,,,,,,
,,,,,,,
,,,,,,,
,,,,,,,
,,,,,,,
,,,,,,,
,,,,,,,
,,,,,,,
,,,,,,,
,,,,,,,
,,,,,,,
,,,,,,,
,,,,,,,
,,,,,,,
,,,,,,,
,,,,,,,
,,,,,,,
,,,,,,,
,,,,,,,
,,,,,,,
,,,,,,,
,,,,,,,
,,,,,,,
,,,,,,,
,,,,,,,
,,,,,,,
,,,,,,,
,,,,,,,
,,,,,,,
,,,,,,,
,,,,,,,
,,,,,,,
,,,,,,,
,,,,,,,
,,,,,,,
,,,,,,,
,,,,,,,
,,,,,,,
,,,,,,,
,,,,,,,
,,,,,,,
,,,,,,,
,,,,,,,
,,,,,,,
,,,,,,,
,,,,,,,
,,,,,,,
,,,,,,,
,,,,,,,
,,,,,,,
,,,,,,,
,,,,,,,
,,,,,,,
,,,,,,,
,,,,,,,
,,,,,,,
,,,,,,,
,,,,,,,
,,,,,,,
,,,,,,,
,,,,,,,
,,,,,,,
,,,,,,,
,,,,,,,
,,,,,,,
,,,,,,,
,,,,,,,
,,,,,,,
,,,,,,,
,,,,,,,
,,,,,,,
,,,,,,,
,,,,,,,
,,,,,,,
,,,,,,,
,,,,,,,
,,,,,,,
,,,,,,,
,,,,,,,
,,,,,,,
,,,,,,,
,,,,,,,
,,,,,,,
,,,,,,,
,,,,,,,
,,,,,,,
,,,,,,,
,,,,,,,
,,,,,,,
,,,,,,,
,,,,,,,
,,,,,,,
,,,,,,,
,,,,,,,
,,,,,,,
,,,,,,,
,,,,,,,
,,,,,,,
,,,,,,,
,,,,,,,
,,,,,,,
,,,,,,,
,,,,,,,
,,,,,,,
,,,,,,,
,,,,,,,
,,,,,,,
,,,,,,,
,,,,,,,
,,,,,,,
,,,,,,,
,,,,,,,
,,,,,,,
,,,,,,,
,,,,,,,
,,,,,,,
,,,,,,,
,,,,,,,
,,,,,,,
,,,,,,,
,,,,,,,
,,,,,,,
,,,,,,,
,,,,,,,
,,,,,,,
,,,,,,,
,,,,,,,
,,,,,,,
,,,,,,,
,,,,,,,
,,,,,,,
,,,,,,,
,,,,,,,
,,,,,,,
,,,,,,,
,,,,,,,
,,,,,,,
,,,,,,,
,,,,,,,
,,,,,,,
,,,,,,,
,,,,,,,
,,,,,,,
,,,,,,,
,,,,,,,
,,,,,,,
,,,,,,,
,,,,,,,
,,,,,,,
,,,,,,,
,,,,,,,
,,,,,,,
,,,,,,,
,,,,,,,
,,,,,,,
,,,,,,,
,,,,,,,
,,,,,,,
,,,,,,,
,,,,,,,
,,,,,,,
,,,,,,,
,,,,,,,
,,,,,,,
,,,,,,,
,,,,,,,
,,,,,,,
,,,,,,,
,,,,,,,
,,,,,,,
,,,,,,,
,,,,,,,
,,,,,,,
,,,,,,,
,,,,,,,
,,,,,,,
,,,,,,,
,,,,,,,
,,,,,,,
,,,,,,,
,,,,,,,
,,,,,,,
,,,,,,,
,,,,,,,
,,,,,,,
,,,,,,,
,,,,,,,
,,,,,,,
,,,,,,,
,,,,,,,
,,,,,,,
,,,,,,,
,,,,,,,
,,,,,,,
,,,,,,,
,,,,,,,
,,,,,,,
,,,,,,,
,,,,,,,
,,,,,,,
,,,,,,,
,,,,,,,
,,,,,,,
,,,,,,,
,,,,,,,
,,,,,,,
,,,,,,,
,,,,,,,
,,,,,,,
,,,,,,,
,,,,,,,
,,,,,,,
,,,,,,,
,,,,,,,
,,,,,,,
,,,,,,,
,,,,,,,
,,,,,,,
,,,,,,,
,,,,,,,
,,,,,,,
,,,,,,,
,,,,,,,
,,,,,,,
,,,,,,,
,,,,,,,
,,,,,,,
,,,,,,,
,,,,,,,
,,,,,,,
,,,,,,,
,,,,,,,
,,,,,,,
,,,,,,,
,,,,,,,
,,,,,,,
,,,,,,,
,,,,,,,
,,,,,,,
,,,,,,,
,,,,,,,
,,,,,,,
,,,,,,,
,,,,,,,
,,,,,,,
,,,,,,,
,,,,,,,
,,,,,,,
,,,,,,,
,,,,,,,
,,,,,,,
,,,,,,,
,,,,,,,
,,,,,,,
,,,,,,,
,,,,,,,
,,,,,,,
,,,,,,,
,,,,,,,
,,,,,,,
,,,,,,,
,,,,,,,
,,,,,,,
,,,,,,,
,,,,,,,
,,,,,,,
,,,,,,,
,,,,,,,
,,,,,,,
,,,,,,,
,,,,,,,
,,,,,,,
,,,,,,,
,,,,,,,
,,,,,,,
,,,,,,,
,,,,,,,
,,,,,,,
,,,,,,,
,,,,,,,
,,,,,,,
,,,,,,,
,,,,,,,
,,,,,,,
,,,,,,,
,,,,,,,
,,,,,,,
,,,,,,,
,,,,,,,
,,,,,,,
,,,,,,,
,,,,,,,
,,,,,,,
,,,,,,,
,,,,,,,
,,,,,,,
,,,,,,,
,,,,,,,
,,,,,,,
,,,,,,,
,,,,,,,
,,,,,,,
,,,,,,,
,,,,,,,
,,,,,,,
,,,,,,,
,,,,,,,
,,,,,,,
,,,,,,,
,,,,,,,
,,,,,,,
,,,,,,,
,,,,,,,
,,,,,,,
,,,,,,,
,,,,,,,
,,,,,,,
,,,,,,,
,,,,,,,
,,,,,,,
,,,,,,,
,,,,,,,
,,,,,,,
,,,,,,,
,,,,,,,
,,,,,,,
,,,,,,,
,,,,,,,
,,,,,,,
,,,,,,,
,,,,,,,
,,,,,,,
,,,,,,,
,,,,,,,
,,,,,,,
,,,,,,,
,,,,,,,
,,,,,,,
,,,,,,,
,,,,,,,
,,,,,,,
,,,,,,,
,,,,,,,
,,,,,,,
,,,,,,,
,,,,,,,
,,,,,,,
,,,,,,,
,,,,,,,
,,,,,,,
,,,,,,,
,,,,,,,
,,,,,,,
,,,,,,,
,,,,,,,
,,,,,,,
,,,,,,,
,,,,,,,
,,,,,,,
,,,,,,,
,,,,,,,
,,,,,,,
,,,,,,,
,,,,,,,
,,,,,,,
,,,,,,,
,,,,,,,
,,,,,,,
,,,,,,,
,,,,,,,
,,,,,,,
,,,,,,,
,,,,,,,
,,,,,,,
,,,,,,,
,,,,,,,
,,,,,,,
,,,,,,,
,,,,,,,
,,,,,,,
,,,,,,,
,,,,,,,
,,,,,,,
,,,,,,,
,,,,,,,
,,,,,,,
,,,,,,,
,,,,,,,
,,,,,,,
,,,,,,,
,,,,,,,
,,,,,,,
,,,,,,,
,,,,,,,
,,,,,,,
,,,,,,,
,,,,,,,
,,,,,,,
,,,,,,,
,,,,,,,
,,,,,,,
,,,,,,,
,,,,,,,
,,,,,,,
,,,,,,,
,,,,,,,
,,,,,,,
,,,,,,,
,,,,,,,
,,,,,,,
,,,,,,,
,,,,,,,
,,,,,,,
,,,,,,,
,,,,,,,
,,,,,,,
,,,,,,,
,,,,,,,
,,,,,,,
,,,,,,,
,,,,,,,
,,,,,,,
,,,,,,,
,,,,,,,
,,,,,,,
,,,,,,,
,,,,,,,
,,,,,,,
,,,,,,,
,,,,,,,
,,,,,,,
,,,,,,,
,,,,,,,
,,,,,,,
,,,,,,,
,,,,,,,
,,,,,,,
,,,,,,,
,,,,,,,
,,,,,,,
,,,,,,,
,,,,,,,
,,,,,,,
,,,,,,,
,,,,,,,
,,,,,,,
,,,,,,,
,,,,,,,
,,,,,,,
,,,,,,,
,,,,,,,
,,,,,,,
,,,,,,,
,,,,,,,
,,,,,,,
,,,,,,,
,,,,,,,
,,,,,,,
,,,,,,,
,,,,,,,
,,,,,,,
,,,,,,,
,,,,,,,
,,,,,,,
,,,,,,,
,,,,,,,
,,,,,,,
,,,,,,,
,,,,,,,
,,,,,,,
,,,,,,,
,,,,,,,
,,,,,,,
,,,,,,,
,,,,,,,
,,,,,,,
,,,,,,,
,,,,,,,
,,,,,,,
,,,,,,,
,,,,,,,
,,,,,,,
,,,,,,,
,,,,,,,
,,,,,,,
,,,,,,,
,,,,,,,
,,,,,,,
,,,,,,,
,,,,,,,
,,,,,,,
,,,,,,,
,,,,,,,
,,,,,,,
,,,,,,,
,,,,,,,
,,,,,,,
,,,,,,,
,,,,,,,
,,,,,,,
,,,,,,,
,,,,,,,
,,,,,,,
,,,,,,,
,,,,,,,
,,,,,,,
,,,,,,,
,,,,,,,
,,,,,,,
,,,,,,,
,,,,,,,
,,,,,,,
,,,,,,,
,,,,,,,
,,,,,,,
,,,,,,,
,,,,,,,
,,,,,,,
,,,,,,,
,,,,,,,
,,,,,,,
,,,,,,,
,,,,,,,
,,,,,,,
,,,,,,,
,,,,,,,
,,,,,,,
,,,,,,,
,,,,,,,
,,,,,,,
,,,,,,,
,,,,,,,
,,,,,,,
,,,,,,,
,,,,,,,
,,,,,,,
,,,,,,,
,,,,,,,
,,,,,,,
,,,,,,,
,,,,,,,
,,,,,,,
,,,,,,,
,,,,,,,
,,,,,,,
,,,,,,,
,,,,,,,
,,,,,,,
,,,,,,,
,,,,,,,
,,,,,,,
,,,,,,,
,,,,,,,
,,,,,,,
,,,,,,,
,,,,,,,
,,,,,,,
,,,,,,,
,,,,,,,
,,,,,,,
,,,,,,,
,,,,,,,
,,,,,,,
,,,,,,,
,,,,,,,
,,,,,,,
,,,,,,,
,,,,,,,
,,,,,,,
,,,,,,,
,,,,,,,
,,,,,,,
,,,,,,,
,,,,,,,
,,,,,,,
,,,,,,,
,,,,,,,
,,,,,,,
,,,,,,,
,,,,,,,
,,,,,,,
,,,,,,,
,,,,,,,
,,,,,,,
,,,,,,,
,,,,,,,
,,,,,,,
,,,,,,,
,,,,,,,
,,,,,,,
,,,,,,,
,,,,,,,
,,,,,,,
,,,,,,,
,,,,,,,
,,,,,,,
,,,,,,,
,,,,,,,
,,,,,,,
,,,,,,,
,,,,,,,
,,,,,,,
,,,,,,,
,,,,,,,
,,,,,,,
,,,,,,,
,,,,,,,
,,,,,,,
,,,,,,,
,,,,,,,
,,,,,,,
,,,,,,,
,,,,,,,
,,,,,,,
,,,,,,,
,,,,,,,
,,,,,,,
,,,,,,,
,,,,,,,
,,,,,,,
,,,,,,,
,,,,,,,
,,,,,,,
,,,,,,,
,,,,,,,
,,,,,,,
,,,,,,,
,,,,,,,
,,,,,,,
,,,,,,,
,,,,,,,
,,,,,,,
,,,,,,,
,,,,,,,
,,,,,,,
,,,,,,,
,,,,,,,
,,,,,,,
,,,,,,,
,,,,,,,
,,,,,,,
,,,,,,,
,,,,,,,
,,,,,,,
,,,,,,,
,,,,,,,
,,,,,,,
,,,,,,,
,,,,,,,
,,,,,,,
,,,,,,,
,,,,,,,
,,,,,,,
,,,,,,,
,,,,,,,
,,,,,,,
,,,,,,,
,,,,,,,
,,,,,,,
,,,,,,,
,,,,,,,
,,,,,,,
,,,,,,,
,,,,,,,
,,,,,,,
,,,,,,,
,,,,,,,
,,,,,,,
,,,,,,,
,,,,,,,
,,,,,,,
,,,,,,,
,,,,,,,
,,,,,,,
,,,,,,,
,,,,,,,
,,,,,,,
,,,,,,,
,,,,,,,
,,,,,,,
,,,,,,,
,,,,,,,
,,,,,,,
,,,,,,,
,,,,,,,
,,,,,,,
,,,,,,,
,,,,,,,
,,,,,,,
,,,,,,,
,,,,,,,
,,,,,,,
,,,,,,,
,,,,,,,
,,,,,,,
,,,,,,,
,,,,,,,
,,,,,,,
,,,,,,,
,,,,,,,
,,,,,,,
,,,,,,,
,,,,,,,
,,,,,,,
,,,,,,,
,,,,,,,
,,,,,,,
,,,,,,,
,,,,,,,
,,,,,,,
,,,,,,,
,,,,,,,
,,,,,,,
,,,,,,,
,,,,,,,
,,,,,,,
,,,,,,,
,,,,,,,
,,,,,,,
,,,,,,,
,,,,,,,
,,,,,,,
,,,,,,,
,,,,,,,
,,,,,,,
,,,,,,,
,,,,,,,
,,,,,,,
,,,,,,,
,,,,,,,
,,,,,,,
,,,,,,,
,,,,,,,
,,,,,,,
,,,,,,,
,,,,,,,
,,,,,,,
,,,,,,,
,,,,,,,
,,,,,,,
,,,,,,,
,,,,,,,
,,,,,,,
,,,,,,,
,,,,,,,
,,,,,,,
,,,,,,,
,,,,,,,
,,,,,,,
,,,,,,,
,,,,,,,
,,,,,,,
,,,,,,,
,,,,,,,
,,,,,,,
,,,,,,,
,,,,,,,
,,,,,,,
,,,,,,,
,,,,,,,
,,,,,,,
,,,,,,,
,,,,,,,
,,,,,,,
,,,,,,,
,,,,,,,
,,,,,,,
,,,,,,,
,,,,,,,
,,,,,,,
,,,,,,,
,,,,,,,
,,,,,,,
,,,,,,,
,,,,,,,
,,,,,,,
,,,,,,,
,,,,,,,
,,,,,,,
,,,,,,,
,,,,,,,
,,,,,,,
,,,,,,,
,,,,,,,
,,,,,,,
,,,,,,,
,,,,,,,
,,,,,,,
,,,,,,,
,,,,,,,
,,,,,,,
,,,,,,,
,,,,,,,
,,,,,,,
,,,,,,,
,,,,,,,
,,,,,,,
,,,,,,,
,,,,,,,
,,,,,,,
,,,,,,,
,,,,,,,
,,,,,,,
,,,,,,,
,,,,,,,
,,,,,,,
,,,,,,,
,,,,,,,
,,,,,,,
,,,,,,,
,,,,,,,
,,,,,,,
,,,,,,,
,,,,,,,
,,,,,,,
,,,,,,,
,,,,,,,
,,,,,,,
,,,,,,,
,,,,,,,
,,,,,,,
,,,,,,,
,,,,,,,
,,,,,,,
,,,,,,,
,,,,,,,
,,,,,,,
,,,,,,,
,,,,,,,
,,,,,,,
,,,,,,,
,,,,,,,
,,,,,,,
,,,,,,,
,,,,,,,
,,,,,,,
,,,,,,,
,,,,,,,
,,,,,,,
,,,,,,,
,,,,,,,
,,,,,,,
,,,,,,,
,,,,,,,
,,,,,,,
,,,,,,,
,,,,,,,
,,,,,,,
,,,,,,,
,,,,,,,
,,,,,,,
,,,,,,,
,,,,,,,
,,,,,,,
,,,,,,,
,,,,,,,
,,,,,,,
,,,,,,,
,,,,,,,
,,,,,,,
,,,,,,,
,,,,,,,
,,,,,,,
,,,,,,,
,,,,,,,
,,,,,,,
,,,,,,,
,,,,,,,
,,,,,,,
,,,,,,,
,,,,,,,
,,,,,,,
,,,,,,,
,,,,,,,
,,,,,,,
,,,,,,,
,,,,,,,
,,,,,,,
,,,,,,,
,,,,,,,
,,,,,,,
,,,,,,,
,,,,,,,
,,,,,,,
,,,,,,,
,,,,,,,
,,,,,,,
,,,,,,,
,,,,,,,
,,,,,,,
,,,,,,,
,,,,,,,
,,,,,,,
,,,,,,,
,,,,,,,
,,,,,,,
,,,,,,,
,,,,,,,
,,,,,,,
,,,,,,,
,,,,,,,
,,,,,,,
,,,,,,,
,,,,,,,
,,,,,,,
,,,,,,,
,,,,,,,
,,,,,,,
,,,,,,,
,,,,,,,
,,,,,,,
,,,,,,,
,,,,,,,
,,,,,,,
,,,,,,,
,,,,,,,
,,,,,,,
,,,,,,,
,,,,,,,
,,,,,,,
,,,,,,,
,,,,,,,
,,,,,,,
,,,,,,,
,,,,,,,
,,,,,,,
,,,,,,,
,,,,,,,
,,,,,,,
,,,,,,,
,,,,,,,
,,,,,,,
,,,,,,,
,,,,,,,
,,,,,,,
,,,,,,,
,,,,,,,
,,,,,,,
,,,,,,,
,,,,,,,
,,,,,,,
,,,,,,,
,,,,,,,
,,,,,,,
,,,,,,,
,,,,,,,
,,,,,,,
,,,,,,,
,,,,,,,
,,,,,,,
,,,,,,,
,,,,,,,
,,,,,,,
,,,,,,,
,,,,,,,
,,,,,,,
,,,,,,,
,,,,,,,
,,,,,,,
,,,,,,,
,,,,,,,
,,,,,,,
,,,,,,,
,,,,,,,
,,,,,,,
,,,,,,,
,,,,,,,
,,,,,,,
,,,,,,,
,,,,,,,
,,,,,,,
,,,,,,,
,,,,,,,
,,,,,,,
,,,,,,,
,,,,,,,
,,,,,,,
,,,,,,,
,,,,,,,
,,,,,,,
,,,,,,,
,,,,,,,
,,,,,,,
,,,,,,,
,,,,,,,
,,,,,,,
,,,,,,,
,,,,,,,
,,,,,,,
,,,,,,,
,,,,,,,
,,,,,,,
,,,,,,,
,,,,,,,
,,,,,,,
,,,,,,,
,,,,,,,
,,,,,,,
,,,,,,,
,,,,,,,
,,,,,,,
,,,,,,,
,,,,,,,
,,,,,,,
,,,,,,,
,,,,,,,
,,,,,,,
,,,,,,,
,,,,,,,
,,,,,,,
,,,,,,,
,,,,,,,
,,,,,,,
,,,,,,,
,,,,,,,
,,,,,,,
,,,,,,,
,,,,,,,
,,,,,,,
,,,,,,,
,,,,,,,
,,,,,,,
,,,,,,,
,,,,,,,
,,,,,,,
,,,,,,,
,,,,,,,
,,,,,,,
,,,,,,,
,,,,,,,
,,,,,,,
,,,,,,,
,,,,,,,
,,,,,,,
,,,,,,,
,,,,,,,
,,,,,,,
,,,,,,,
,,,,,,,
,,,,,,,
,,,,,,,
,,,,,,,
,,,,,,,
,,,,,,,
,,,,,,,
,,,,,,,
,,,,,,,
,,,,,,,
,,,,,,,
,,,,,,,
,,,,,,,
,,,,,,,
,,,,,,,
,,,,,,,
,,,,,,,
,,,,,,,
,,,,,,,
,,,,,,,
,,,,,,,
,,,,,,,
,,,,,,,
,,,,,,,
,,,,,,,
,,,,,,,
,,,,,,,
,,,,,,,
,,,,,,,
,,,,,,,
,,,,,,,
,,,,,,,
,,,,,,,
,,,,,,,
,,,,,,,
,,,,,,,
,,,,,,,
,,,,,,,
,,,,,,,
,,,,,,,
,,,,,,,
,,,,,,,
,,,,,,,
,,,,,,,
,,,,,,,
,,,,,,,
,,,,,,,
,,,,,,,
,,,,,,,
,,,,,,,
,,,,,,,
,,,,,,,
,,,,,,,
,,,,,,,
,,,,,,,
,,,,,,,
,,,,,,,
,,,,,,,
,,,,,,,
,,,,,,,
,,,,,,,
,,,,,,,
,,,,,,,
,,,,,,,
,,,,,,,
,,,,,,,
,,,,,,,
,,,,,,,
,,,,,,,
,,,,,,,
,,,,,,,
,,,,,,,
,,,,,,,
,,,,,,,
,,,,,,,
,,,,,,,
,,,,,,,
,,,,,,,
,,,,,,,
,,,,,,,
,,,,,,,
,,,,,,,
,,,,,,,
,,,,,,,
,,,,,,,
,,,,,,,
,,,,,,,
,,,,,,,
,,,,,,,
,,,,,,,
,,,,,,,
,,,,,,,
,,,,,,,
,,,,,,,
,,,,,,,
,,,,,,,
,,,,,,,
,,,,,,,
,,,,,,,
,,,,,,,
,,,,,,,
,,,,,,,
,,,,,,,
,,,,,,,
,,,,,,,
,,,,,,,
,,,,,,,
,,,,,,,
,,,,,,,
,,,,,,,
,,,,,,,
,,,,,,,
,,,,,,,
,,,,,,,
,,,,,,,
,,,,,,,
,,,,,,,
,,,,,,,
,,,,,,,
,,,,,,,
,,,,,,,
,,,,,,,
,,,,,,,
,,,,,,,
,,,,,,,
,,,,,,,
,,,,,,,
,,,,,,,
,,,,,,,
,,,,,,,
,,,,,,,
,,,,,,,
,,,,,,,
,,,,,,,
,,,,,,,
,,,,,,,
,,,,,,,
,,,,,,,
,,,,,,,
,,,,,,,
,,,,,,,
,,,,,,,
,,,,,,,
,,,,,,,
,,,,,,,
,,,,,,,
,,,,,,,
,,,,,,,
,,,,,,,
,,,,,,,
,,,,,,,
,,,,,,,
,,,,,,,
,,,,,,,
,,,,,,,
,,,,,,,
,,,,,,,
,,,,,,,
,,,,,,,
,,,,,,,
,,,,,,,
,,,,,,,
,,,,,,,
,,,,,,,
,,,,,,,
,,,,,,,
,,,,,,,
,,,,,,,
,,,,,,,
,,,,,,,
,,,,,,,
,,,,,,,
,,,,,,,
,,,,,,,
,,,,,,,
,,,,,,,
,,,,,,,
,,,,,,,
,,,,,,,
,,,,,,,
,,,,,,,
,,,,,,,
,,,,,,,
,,,,,,,
,,,,,,,
,,,,,,,
,,,,,,,
,,,,,,,
,,,,,,,
,,,,,,,
,,,,,,,
,,,,,,,
,,,,,,,
,,,,,,,
,,,,,,,
,,,,,,,
,,,,,,,
,,,,,,,
,,,,,,,
,,,,,,,
,,,,,,,
,,,,,,,
,,,,,,,
,,,,,,,
,,,,,,,
,,,,,,,
,,,,,,,
,,,,,,,
,,,,,,,
,,,,,,,
,,,,,,,
,,,,,,,
,,,,,,,
,,,,,,,
,,,,,,,
,,,,,,,
,,,,,,,
,,,,,,,
,,,,,,,
,,,,,,,
,,,,,,,
,,,,,,,
,,,,,,,
,,,,,,,
,,,,,,,
,,,,,,,
,,,,,,,
,,,,,,,
,,,,,,,
,,,,,,,
,,,,,,,
,,,,,,,
,,,,,,,
,,,,,,,
,,,,,,,
,,,,,,,
,,,,,,,
,,,,,,,
,,,,,,,
,,,,,,,
,,,,,,,
,,,,,,,
,,,,,,,
,,,,,,,
,,,,,,,
,,,,,,,
,,,,,,,
,,,,,,,
,,,,,,,
,,,,,,,
,,,,,,,
,,,,,,,
,,,,,,,
,,,,,,,
,,,,,,,
,,,,,,,
,,,,,,,
,,,,,,,
,,,,,,,
,,,,,,,
,,,,,,,
,,,,,,,
,,,,,,,
,,,,,,,
,,,,,,,
,,,,,,,
,,,,,,,
,,,,,,,
,,,,,,,
,,,,,,,
,,,,,,,
,,,,,,,
,,,,,,,
,,,,,,,
,,,,,,,
,,,,,,,
,,,,,,,
,,,,,,,
,,,,,,,
,,,,,,,
,,,,,,,
,,,,,,,
,,,,,,,
,,,,,,,
,,,,,,,
,,,,,,,
,,,,,,,
,,,,,,,
,,,,,,,
,,,,,,,
,,,,,,,
,,,,,,,
,,,,,,,
,,,,,,,
,,,,,,,
,,,,,,,
,,,,,,,
,,,,,,,
,,,,,,,
,,,,,,,
,,,,,,,
,,,,,,,
,,,,,,,
,,,,,,,
,,,,,,,
,,,,,,,
,,,,,,,
,,,,,,,
,,,,,,,
,,,,,,,
,,,,,,,
,,,,,,,
,,,,,,,
,,,,,,,
,,,,,,,
,,,,,,,
,,,,,,,
,,,,,,,
,,,,,,,
,,,,,,,
,,,,,,,
,,,,,,,
,,,,,,,
,,,,,,,
,,,,,,,
,,,,,,,
,,,,,,,
,,,,,,,
,,,,,,,
,,,,,,,
,,,,,,,
,,,,,,,
,,,,,,,
,,,,,,,
,,,,,,,
,,,,,,,
,,,,,,,
,,,,,,,
,,,,,,,
,,,,,,,
,,,,,,,
,,,,,,,
,,,,,,,
,,,,,,,
,,,,,,,
,,,,,,,
,,,,,,,
,,,,,,,
,,,,,,,
,,,,,,,
,,,,,,,
,,,,,,,
,,,,,,,
,,,,,,,
,,,,,,,
,,,,,,,
,,,,,,,
,,,,,,,
,,,,,,,
,,,,,,,
,,,,,,,
,,,,,,,
,,,,,,,
,,,,,,,
,,,,,,,
,,,,,,,
,,,,,,,
,,,,,,,
,,,,,,,
,,,,,,,
,,,,,,,
,,,,,,,
,,,,,,,
,,,,,,,
,,,,,,,
,,,,,,,
,,,,,,,
,,,,,,,
,,,,,,,
,,,,,,,
,,,,,,,
,,,,,,,
,,,,,,,
,,,,,,,
,,,,,,,
,,,,,,,
,,,,,,,
,,,,,,,
,,,,,,,
,,,,,,,
,,,,,,,
,,,,,,,
,,,,,,,
,,,,,,,
,,,,,,,
,,,,,,,
,,,,,,,
,,,,,,,
,,,,,,,
,,,,,,,
,,,,,,,
,,,,,,,
,,,,,,,
,,,,,,,
,,,,,,,
,,,,,,,
,,,,,,,
,,,,,,,
,,,,,,,
,,,,,,,
,,,,,,,
,,,,,,,
,,,,,,,
,,,,,,,
,,,,,,,
,,,,,,,
,,,,,,,
,,,,,,,
,,,,,,,
,,,,,,,
,,,,,,,
,,,,,,,
,,,,,,,
,,,,,,,
,,,,,,,
,,,,,,,
,,,,,,,
,,,,,,,
,,,,,,,
,,,,,,,
,,,,,,,
,,,,,,,
,,,,,,,
,,,,,,,
,,,,,,,
,,,,,,,
,,,,,,,
,,,,,,,
,,,,,,,
,,,,,,,
,,,,,,,
,,,,,,,
,,,,,,,
,,,,,,,
,,,,,,,
,,,,,,,
,,,,,,,
,,,,,,,
,,,,,,,
,,,,,,,
,,,,,,,
,,,,,,,
,,,,,,,
,,,,,,,
,,,,,,,
,,,,,,,
,,,,,,,
,,,,,,,
,,,,,,,
,,,,,,,
,,,,,,,
,,,,,,,
,,,,,,,
,,,,,,,
,,,,,,,
,,,,,,,
,,,,,,,
,,,,,,,
,,,,,,,
,,,,,,,
,,,,,,,
,,,,,,,
,,,,,,,
,,,,,,,
,,,,,,,
,,,,,,,
,,,,,,,
,,,,,,,
,,,,,,,
,,,,,,,
,,,,,,,
,,,,,,,
,,,,,,,
,,,,,,,
,,,,,,,
,,,,,,,
,,,,,,,
,,,,,,,
,,,,,,,
,,,,,,,
,,,,,,,
,,,,,,,
,,,,,,,
,,,,,,,
,,,,,,,
,,,,,,,
,,,,,,,
,,,,,,,
,,,,,,,
,,,,,,,
,,,,,,,
,,,,,,,
,,,,,,,
,,,,,,,
,,,,,,,
,,,,,,,
,,,,,,,
,,,,,,,
,,,,,,,
,,,,,,,
,,,,,,,
,,,,,,,
,,,,,,,
,,,,,,,
,,,,,,,
,,,,,,,
,,,,,,,
,,,,,,,
,,,,,,,
,,,,,,,
,,,,,,,
,,,,,,,
,,,,,,,
,,,,,,,
,,,,,,,
,,,,,,,
,,,,,,,
,,,,,,,
,,,,,,,
,,,,,,,
,,,,,,,
,,,,,,,
,,,,,,,
,,,,,,,
,,,,,,,
,,,,,,,
,,,,,,,
,,,,,,,
,,,,,,,
,,,,,,,
,,,,,,,
,,,,,,,
,,,,,,,
,,,,,,,
,,,,,,,
,,,,,,,
,,,,,,,
,,,,,,,
,,,,,,,
,,,,,,,
,,,,,,,
,,,,,,,
,,,,,,,
,,,,,,,
,,,,,,,
,,,,,,,
,,,,,,,
,,,,,,,
,,,,,,,
,,,,,,,
,,,,,,,
,,,,,,,
,,,,,,,
,,,,,,,
,,,,,,,
,,,,,,,
,,,,,,,
,,,,,,,
,,,,,,,
,,,,,,,
,,,,,,,
,,,,,,,
,,,,,,,
,,,,,,,
,,,,,,,
,,,,,,,
,,,,,,,
,,,,,,,
,,,,,,,
,,,,,,,
,,,,,,,
,,,,,,,
,,,,,,,
,,,,,,,
,,,,,,,
,,,,,,,
,,,,,,,
,,,,,,,
,,,,,,,
,,,,,,,
,,,,,,,
,,,,,,,
,,,,,,,
,,,,,,,
,,,,,,,
,,,,,,,
,,,,,,,
,,,,,,,
,,,,,,,
,,,,,,,
,,,,,,,
,,,,,,,
,,,,,,,
,,,,,,,
,,,,,,,
,,,,,,,
,,,,,,,
,,,,,,,
,,,,,,,
,,,,,,,
,,,,,,,
,,,,,,,
,,,,,,,
,,,,,,,
,,,,,,,
,,,,,,,
,,,,,,,
,,,,,,,
,,,,,,,
,,,,,,,
,,,,,,,
,,,,,,,
,,,,,,,
,,,,,,,
,,,,,,,
,,,,,,,
,,,,,,,
,,,,,,,
,,,,,,,
,,,,,,,
,,,,,,,
,,,,,,,
,,,,,,,
,,,,,,,
,,,,,,,
,,,,,,,
,,,,,,,
,,,,,,,
,,,,,,,
,,,,,,,
,,,,,,,
,,,,,,,
,,,,,,,
,,,,,,,
,,,,,,,
,,,,,,,
,,,,,,,
,,,,,,,
,,,,,,,
,,,,,,,
,,,,,,,
,,,,,,,
,,,,,,,
,,,,,,,
,,,,,,,
,,,,,,,
,,,,,,,
,,,,,,,
,,,,,,,
,,,,,,,
,,,,,,,
,,,,,,,
,,,,,,,
,,,,,,,
,,,,,,,
,,,,,,,
,,,,,,,
,,,,,,,
,,,,,,,
,,,,,,,
,,,,,,,
,,,,,,,
,,,,,,,
,,,,,,,
,,,,,,,
,,,,,,,
,,,,,,,
,,,,,,,
,,,,,,,
,,,,,,,
,,,,,,,
,,,,,,,
,,,,,,,
,,,,,,,
,,,,,,,
,,,,,,,
,,,,,,,
,,,,,,,
,,,,,,,
,,,,,,,
,,,,,,,
,,,,,,,
,,,,,,,
,,,,,,,
,,,,,,,
,,,,,,,
,,,,,,,
,,,,,,,
,,,,,,,
,,,,,,,
,,,,,,,
,,,,,,,
,,,,,,,
,,,,,,,
,,,,,,,
,,,,,,,
,,,,,,,
,,,,,,,
,,,,,,,
,,,,,,,
,,,,,,,
,,,,,,,
,,,,,,,
,,,,,,,
,,,,,,,
,,,,,,,
,,,,,,,
,,,,,,,
,,,,,,,
,,,,,,,
,,,,,,,
,,,,,,,
,,,,,,,
,,,,,,,
,,,,,,,
,,,,,,,
,,,,,,,
,,,,,,,
,,,,,,,
,,,,,,,
,,,,,,,
,,,,,,,
,,,,,,,
,,,,,,,
,,,,,,,
,,,,,,,
,,,,,,,
,,,,,,,
,,,,,,,
,,,,,,,
,,,,,,,
,,,,,,,
,,,,,,,
,,,,,,,
,,,,,,,
,,,,,,,
,,,,,,,
,,,,,,,
,,,,,,,
,,,,,,,
,,,,,,,
,,,,,,,
,,,,,,,
,,,,,,,
,,,,,,,
,,,,,,,
,,,,,,,
,,,,,,,
,,,,,,,
,,,,,,,
,,,,,,,
,,,,,,,
,,,,,,,
,,,,,,,
,,,,,,,
,,,,,,,
,,,,,,,
,,,,,,,
,,,,,,,
,,,,,,,
,,,,,,,
,,,,,,,
,,,,,,,
,,,,,,,
,,,,,,,
,,,,,,,
,,,,,,,
,,,,,,,
,,,,,,,
,,,,,,,
,,,,,,,
,,,,,,,
,,,,,,,
,,,,,,,
,,,,,,,
,,,,,,,
,,,,,,,
,,,,,,,
,,,,,,,
,,,,,,,
,,,,,,,
,,,,,,,
,,,,,,,
,,,,,,,
,,,,,,,
,,,,,,,
,,,,,,,
,,,,,,,
,,,,,,,
,,,,,,,
,,,,,,,
,,,,,,,
,,,,,,,
,,,,,,,
,,,,,,,
,,,,,,,
,,,,,,,
,,,,,,,
,,,,,,,
,,,,,,,
,,,,,,,
,,,,,,,
,,,,,,,
,,,,,,,
,,,,,,,
,,,,,,,
,,,,,,,
,,,,,,,
,,,,,,,
,,,,,,,
,,,,,,,
,,,,,,,
,,,,,,,
,,,,,,,
,,,,,,,
,,,,,,,
,,,,,,,
,,,,,,,
,,,,,,,
,,,,,,,
,,,,,,,
,,,,,,,
,,,,,,,
,,,,,,,
,,,,,,,
,,,,,,,
,,,,,,,
,,,,,,,
,,,,,,,
,,,,,,,
,,,,,,,
,,,,,,,
,,,,,,,
,,,,,,,
,,,,,,,
,,,,,,,
,,,,,,,
,,,,,,,
,,,,,,,
,,,,,,,
,,,,,,,
,,,,,,,
,,,,,,,
,,,,,,,
,,,,,,,
,,,,,,,
,,,,,,,
,,,,,,,
,,,,,,,
,,,,,,,
,,,,,,,
,,,,,,,
,,,,,,,
,,,,,,,
,,,,,,,
,,,,,,,
,,,,,,,
,,,,,,,
,,,,,,,
,,,,,,,
,,,,,,,
,,,,,,,
,,,,,,,
,,,,,,,
,,,,,,,
,,,,,,,
,,,,,,,
,,,,,,,
,,,,,,,
,,,,,,,
,,,,,,,
,,,,,,,
,,,,,,,
,,,,,,,
,,,,,,,
,,,,,,,
,,,,,,,
,,,,,,,
,,,,,,,
,,,,,,,
,,,,,,,
,,,,,,,
,,,,,,,
,,,,,,,
,,,,,,,
,,,,,,,
,,,,,,,
,,,,,,,
,,,,,,,
,,,,,,,
,,,,,,,
,,,,,,,
,,,,,,,
,,,,,,,
,,,,,,,
,,,,,,,
,,,,,,,
,,,,,,,
,,,,,,,
,,,,,,,
,,,,,,,
,,,,,,,
,,,,,,,
,,,,,,,
,,,,,,,
,,,,,,,
,,,,,,,
,,,,,,,
,,,,,,,
,,,,,,,
,,,,,,,
,,,,,,,
,,,,,,,
,,,,,,,
,,,,,,,
,,,,,,,
,,,,,,,
,,,,,,,
,,,,,,,
,,,,,,,
,,,,,,,
,,,,,,,
,,,,,,,
,,,,,,,
,,,,,,,
,,,,,,,
,,,,,,,
,,,,,,,
,,,,,,,
,,,,,,,
,,,,,,,
,,,,,,,
,,,,,,,
,,,,,,,
,,,,,,,
,,,,,,,
,,,,,,,
,,,,,,,
,,,,,,,
,,,,,,,
,,,,,,,
,,,,,,,
,,,,,,,
,,,,,,,
,,,,,,,
,,,,,,,
,,,,,,,
,,,,,,,
,,,,,,,
,,,,,,,
,,,,,,,
,,,,,,,
,,,,,,,
,,,,,,,
,,,,,,,
,,,,,,,
,,,,,,,
,,,,,,,
,,,,,,,
,,,,,,,
,,,,,,,
,,,,,,,
,,,,,,,
,,,,,,,
,,,,,,,
,,,,,,,
,,,,,,,
,,,,,,,
,,,,,,,
,,,,,,,
,,,,,,,
,,,,,,,
,,,,,,,
,,,,,,,
,,,,,,,
,,,,,,,
,,,,,,,
,,,,,,,
,,,,,,,
,,,,,,,
,,,,,,,
,,,,,,,
,,,,,,,
,,,,,,,
,,,,,,,
,,,,,,,
,,,,,,,
,,,,,,,
,,,,,,,
,,,,,,,
,,,,,,,
,,,,,,,
,,,,,,,
,,,,,,,
,,,,,,,
,,,,,,,
,,,,,,,
,,,,,,,
,,,,,,,
,,,,,,,
,,,,,,,
,,,,,,,
,,,,,,,
,,,,,,,
,,,,,,,
,,,,,,,
,,,,,,,
,,,,,,,
,,,,,,,
,,,,,,,
,,,,,,,
,,,,,,,
,,,,,,,
,,,,,,,
,,,,,,,
,,,,,,,
,,,,,,,
,,,,,,,
,,,,,,,
,,,,,,,
,,,,,,,
,,,,,,,
,,,,,,,
,,,,,,,
,,,,,,,
,,,,,,,
,,,,,,,
,,,,,,,
,,,,,,,
,,,,,,,
,,,,,,,
,,,,,,,
,,,,,,,
,,,,,,,
,,,,,,,
,,,,,,,
,,,,,,,
,,,,,,,
,,,,,,,
,,,,,,,
,,,,,,,
,,,,,,,
,,,,,,,
,,,,,,,
,,,,,,,
,,,,,,,
,,,,,,,
,,,,,,,
,,,,,,,
,,,,,,,
,,,,,,,
,,,,,,,
,,,,,,,
,,,,,,,
,,,,,,,
,,,,,,,
,,,,,,,
,,,,,,,
,,,,,,,
,,,,,,,
,,,,,,,
,,,,,,,
,,,,,,,
,,,,,,,
,,,,,,,
,,,,,,,
,,,,,,,
,,,,,,,
,,,,,,,
,,,,,,,
,,,,,,,
,,,,,,,
,,,,,,,
,,,,,,,
,,,,,,,
,,,,,,,
,,,,,,,
,,,,,,,
,,,,,,,
,,,,,,,
,,,,,,,
,,,,,,,
,,,,,,,
,,,,,,,
,,,,,,,
,,,,,,,
,,,,,,,
,,,,,,,
,,,,,,,
,,,,,,,
,,,,,,,
,,,,,,,
,,,,,,,
,,,,,,,
,,,,,,,
,,,,,,,
,,,,,,,
,,,,,,,
,,,,,,,
,,,,,,,
,,,,,,,
,,,,,,,
,,,,,,,
,,,,,,,
,,,,,,,
,,,,,,,
,,,,,,,
,,,,,,,
,,,,,,,
,,,,,,,
,,,,,,,
,,,,,,,
,,,,,,,
,,,,,,,
,,,,,,,
,,,,,,,
,,,,,,,
,,,,,,,
,,,,,,,
,,,,,,,
,,,,,,,
,,,,,,,
,,,,,,,
,,,,,,,
,,,,,,,
,,,,,,,
,,,,,,,
,,,,,,,
,,,,,,,
,,,,,,,
,,,,,,,
,,,,,,,
,,,,,,,
,,,,,,,
,,,,,,,
,,,,,,,
,,,,,,,
,,,,,,,
,,,,,,,
,,,,,,,
,,,,,,,
,,,,,,,
,,,,,,,
,,,,,,,
,,,,,,,
,,,,,,,
,,,,,,,
,,,,,,,
,,,,,,,
,,,,,,,
,,,,,,,
,,,,,,,
,,,,,,,
,,,,,,,
,,,,,,,
,,,,,,,
,,,,,,,
,,,,,,,
,,,,,,,
,,,,,,,
,,,,,,,
,,,,,,,
,,,,,,,
,,,,,,,
,,,,,,,
,,,,,,,
,,,,,,,
,,,,,,,
,,,,,,,
,,,,,,,
,,,,,,,
,,,,,,,
,,,,,,,
,,,,,,,
,,,,,,,
,,,,,,,
,,,,,,,
,,,,,,,
,,,,,,,
,,,,,,,
,,,,,,,
,,,,,,,
,,,,,,,
,,,,,,,
,,,,,,,
,,,,,,,
,,,,,,,
,,,,,,,
,,,,,,,
,,,,,,,
,,,,,,,
,,,,,,,
,,,,,,,
,,,,,,,
,,,,,,,
,,,,,,,
,,,,,,,
,,,,,,,
,,,,,,,
,,,,,,,
,,,,,,,
,,,,,,,
,,,,,,,
,,,,,,,
,,,,,,,
,,,,,,,
,,,,,,,
,,,,,,,
,,,,,,,
,,,,,,,
,,,,,,,
,,,,,,,
,,,,,,,
,,,,,,,
,,,,,,,
,,,,,,,
,,,,,,,
,,,,,,,
,,,,,,,
,,,,,,,
,,,,,,,
,,,,,,,
,,,,,,,
,,,,,,,
,,,,,,,
,,,,,,,
,,,,,,,
,,,,,,,
,,,,,,,
,,,,,,,
,,,,,,,
,,,,,,,
,,,,,,,
,,,,,,,
,,,,,,,
,,,,,,,
,,,,,,,
,,,,,,,
,,,,,,,
,,,,,,,
,,,,,,,
,,,,,,,
,,,,,,,
,,,,,,,
,,,,,,,
,,,,,,,
,,,,,,,
,,,,,,,
,,,,,,,
,,,,,,,
,,,,,,,
,,,,,,,
,,,,,,,
,,,,,,,
,,,,,,,
,,,,,,,
,,,,,,,
,,,,,,,
,,,,,,,
,,,,,,,
,,,,,,,
,,,,,,,
,,,,,,,
,,,,,,,
,,,,,,,
,,,,,,,
,,,,,,,
,,,,,,,
,,,,,,,
,,,,,,,
,,,,,,,
,,,,,,,
,,,,,,,
,,,,,,,
,,,,,,,
,,,,,,,
,,,,,,,
,,,,,,,
,,,,,,,
,,,,,,,
,,,,,,,
,,,,,,,
,,,,,,,
,,,,,,,
,,,,,,,
,,,,,,,
,,,,,,,
,,,,,,,
,,,,,,,
,,,,,,,
,,,,,,,
,,,,,,,
,,,,,,,
,,,,,,,
,,,,,,,
,,,,,,,
,,,,,,,
,,,,,,,
,,,,,,,
,,,,,,,
,,,,,,,
,,,,,,,
,,,,,,,
,,,,,,,
,,,,,,,
,,,,,,,
,,,,,,,
,,,,,,,
,,,,,,,
,,,,,,,
,,,,,,,
,,,,,,,
,,,,,,,
,,,,,,,
,,,,,,,
,,,,,,,
,,,,,,,
,,,,,,,
,,,,,,,
,,,,,,,
,,,,,,,
,,,,,,,
,,,,,,,
,,,,,,,
,,,,,,,
,,,,,,,
,,,,,,,
,,,,,,,
,,,,,,,
,,,,,,,
,,,,,,,
,,,,,,,
,,,,,,,
,,,,,,,
,,,,,,,
,,,,,,,
,,,,,,,
,,,,,,,
,,,,,,,
,,,,,,,
,,,,,,,
,,,,,,,
,,,,,,,
,,,,,,,
,,,,,,,
,,,,,,,
,,,,,,,
,,,,,,,
,,,,,,,
,,,,,,,
,,,,,,,
,,,,,,,
,,,,,,,
,,,,,,,
,,,,,,,
,,,,,,,
,,,,,,,
,,,,,,,
,,,,,,,
,,,,,,,
,,,,,,,
,,,,,,,
,,,,,,,
,,,,,,,
,,,,,,,
,,,,,,,
,,,,,,,
,,,,,,,
,,,,,,,
,,,,,,,
,,,,,,,
,,,,,,,
,,,,,,,
,,,,,,,
,,,,,,,
,,,,,,,
,,,,,,,
,,,,,,,
,,,,,,,
,,,,,,,
,,,,,,,
,,,,,,,
,,,,,,,
,,,,,,,
,,,,,,,
,,,,,,,
,,,,,,,
,,,,,,,
,,,,,,,
,,,,,,,
,,,,,,,
,,,,,,,
,,,,,,,
,,,,,,,
,,,,,,,
,,,,,,,
,,,,,,,
,,,,,,,
,,,,,,,
,,,,,,,
,,,,,,,
,,,,,,,
,,,,,,,
,,,,,,,
,,,,,,,
,,,,,,,
,,,,,,,
,,,,,,,
,,,,,,,
,,,,,,,
,,,,,,,
,,,,,,,
,,,,,,,
,,,,,,,
,,,,,,,
,,,,,,,
,,,,,,,
,,,,,,,
,,,,,,,
,,,,,,,
,,,,,,,
,,,,,,,
,,,,,,,
,,,,,,,
,,,,,,,
,,,,,,,
,,,,,,,
,,,,,,,
,,,,,,,
,,,,,,,
,,,,,,,
,,,,,,,
,,,,,,,
,,,,,,,
,,,,,,,
,,,,,,,
,,,,,,,
,,,,,,,
,,,,,,,
,,,,,,,
,,,,,,,
,,,,,,,
,,,,,,,
,,,,,,,
,,,,,,,
,,,,,,,
,,,,,,,
,,,,,,,
,,,,,,,
,,,,,,,
,,,,,,,
,,,,,,,
,,,,,,,
,,,,,,,
,,,,,,,
,,,,,,,
,,,,,,,
,,,,,,,
,,,,,,,
,,,,,,,
,,,,,,,
,,,,,,,
,,,,,,,
,,,,,,,
,,,,,,,
,,,,,,,
,,,,,,,
,,,,,,,
,,,,,,,
,,,,,,,
,,,,,,,
,,,,,,,
,,,,,,,
,,,,,,,
,,,,,,,
,,,,,,,
,,,,,,,
,,,,,,,
,,,,,,,
,,,,,,,
,,,,,,,
,,,,,,,
,,,,,,,
,,,,,,,
,,,,,,,
,,,,,,,
,,,,,,,
,,,,,,,
,,,,,,,
,,,,,,,
,,,,,,,
,,,,,,,
,,,,,,,
,,,,,,,
,,,,,,,
,,,,,,,
,,,,,,,
,,,,,,,
,,,,,,,
,,,,,,,
,,,,,,,
,,,,,,,
,,,,,,,
,,,,,,,
,,,,,,,
,,,,,,,
,,,,,,,
,,,,,,,
,,,,,,,
,,,,,,,
,,,,,,,
,,,,,,,
,,,,,,,
,,,,,,,
,,,,,,,
,,,,,,,
,,,,,,,
,,,,,,,
,,,,,,,
,,,,,,,
,,,,,,,
,,,,,,,
,,,,,,,
,,,,,,,
,,,,,,,
,,,,,,,
,,,,,,,
,,,,,,,
,,,,,,,
,,,,,,,
,,,,,,,
,,,,,,,
,,,,,,,
,,,,,,,
,,,,,,,
,,,,,,,
,,,,,,,
,,,,,,,
,,,,,,,
,,,,,,,
,,,,,,,
,,,,,,,
,,,,,,,
,,,,,,,
,,,,,,,
,,,,,,,
,,,,,,,
,,,,,,,
,,,,,,,
,,,,,,,
,,,,,,,
,,,,,,,
,,,,,,,
,,,,,,,
,,,,,,,
,,,,,,,
,,,,,,,
,,,,,,,
,,,,,,,
,,,,,,,
,,,,,,,
,,,,,,,
,,,,,,,
,,,,,,,
,,,,,,,
,,,,,,,
,,,,,,,
,,,,,,,
,,,,,,,
,,,,,,,
,,,,,,,
,,,,,,,
,,,,,,,
,,,,,,,
,,,,,,,
,,,,,,,
,,,,,,,
,,,,,,,
,,,,,,,
,,,,,,,
,,,,,,,
,,,,,,,
,,,,,,,
,,,,,,,
,,,,,,,
,,,,,,,
,,,,,,,
,,,,,,,
,,,,,,,
,,,,,,,
,,,,,,,
,,,,,,,
,,,,,,,
,,,,,,,
,,,,,,,
,,,,,,,
,,,,,,,
,,,,,,,
,,,,,,,
,,,,,,,
,,,,,,,
,,,,,,,
,,,,,,,
,,,,,,,
,,,,,,,
,,,,,,,
,,,,,,,
,,,,,,,
,,,,,,,
,,,,,,,
,,,,,,,
,,,,,,,
,,,,,,,
,,,,,,,
,,,,,,,
,,,,,,,
,,,,,,,
,,,,,,,
,,,,,,,
,,,,,,,
,,,,,,,
,,,,,,,
,,,,,,,
,,,,,,,
,,,,,,,
,,,,,,,
,,,,,,,
,,,,,,,
,,,,,,,
,,,,,,,
,,,,,,,
,,,,,,,
,,,,,,,
,,,,,,,
,,,,,,,
,,,,,,,
,,,,,,,
,,,,,,,
,,,,,,,
,,,,,,,
,,,,,,,
,,,,,,,
,,,,,,,
,,,,,,,
,,,,,,,
,,,,,,,
,,,,,,,
,,,,,,,
,,,,,,,
,,,,,,,
,,,,,,,
,,,,,,,
,,,,,,,
,,,,,,,
,,,,,,,
,,,,,,,
,,,,,,,
,,,,,,,
,,,,,,,
,,,,,,,
,,,,,,,
,,,,,,,
,,,,,,,
,,,,,,,
,,,,,,,
,,,,,,,
,,,,,,,
,,,,,,,
,,,,,,,
,,,,,,,
,,,,,,,
,,,,,,,
,,,,,,,
,,,,,,,
,,,,,,,
,,,,,,,
,,,,,,,
,,,,,,,
,,,,,,,
,,,,,,,
,,,,,,,
,,,,,,,
,,,,,,,
,,,,,,,
,,,,,,,
,,,,,,,
,,,,,,,
,,,,,,,
,,,,,,,
,,,,,,,
,,,,,,,
,,,,,,,
,,,,,,,
,,,,,,,
,,,,,,,
,,,,,,,
,,,,,,,
,,,,,,,
,,,,,,,
,,,,,,,
,,,,,,,
,,,,,,,
,,,,,,,
,,,,,,,
,,,,,,,
,,,,,,,
,,,,,,,
,,,,,,,
,,,,,,,
,,,,,,,
,,,,,,,
,,,,,,,
,,,,,,,
,,,,,,,
,,,,,,,
,,,,,,,
,,,,,,,
,,,,,,,
,,,,,,,
,,,,,,,
,,,,,,,
,,,,,,,
,,,,,,,
,,,,,,,
,,,,,,,
,,,,,,,
,,,,,,,
,,,,,,,
,,,,,,,
,,,,,,,
,,,,,,,
,,,,,,,
,,,,,,,
,,,,,,,
,,,,,,,
,,,,,,,
,,,,,,,
,,,,,,,
,,,,,,,
,,,,,,,
,,,,,,,
,,,,,,,
,,,,,,,
,,,,,,,
,,,,,,,
,,,,,,,
,,,,,,,
,,,,,,,
,,,,,,,
,,,,,,,
,,,,,,,
,,,,,,,
,,,,,,,
,,,,,,,
,,,,,,,
,,,,,,,
,,,,,,,
,,,,,,,
,,,,,,,
,,,,,,,
,,,,,,,
,,,,,,,
,,,,,,,
,,,,,,,
,,,,,,,
,,,,,,,
,,,,,,,
,,,,,,,
,,,,,,,
,,,,,,,
,,,,,,,
,,,,,,,
,,,,,,,
,,,,,,,
,,,,,,,
,,,,,,,
,,,,,,,
,,,,,,,
,,,,,,,
,,,,,,,
,,,,,,,
,,,,,,,
,,,,,,,
,,,,,,,
,,,,,,,
,,,,,,,
,,,,,,,
,,,,,,,
,,,,,,,
,,,,,,,
,,,,,,,
,,,,,,,
,,,,,,,
,,,,,,,
,,,,,,,
,,,,,,,
,,,,,,,
,,,,,,,
,,,,,,,
,,,,,,,
,,,,,,,
,,,,,,,
,,,,,,,
,,,,,,,
,,,,,,,
,,,,,,,
,,,,,,,
,,,,,,,
,,,,,,,
,,,,,,,
,,,,,,,
,,,,,,,
,,,,,,,
,,,,,,,
,,,,,,,
,,,,,,,
,,,,,,,
,,,,,,,
,,,,,,,
,,,,,,,
,,,,,,,
,,,,,,,
,,,,,,,
,,,,,,,
,,,,,,,
,,,,,,,
,,,,,,,
,,,,,,,
,,,,,,,
,,,,,,,
,,,,,,,
,,,,,,,
,,,,,,,
,,,,,,,
,,,,,,,
,,,,,,,
,,,,,,,
,,,,,,,
,,,,,,,
,,,,,,,
,,,,,,,
,,,,,,,
,,,,,,,
,,,,,,,
,,,,,,,
,,,,,,,
,,,,,,,
,,,,,,,
,,,,,,,
,,,,,,,
,,,,,,,
,,,,,,,
,,,,,,,
,,,,,,,
,,,,,,,
,,,,,,,
,,,,,,,
,,,,,,,
,,,,,,,
,,,,,,,
,,,,,,,
,,,,,,,
,,,,,,,
,,,,,,,
,,,,,,,
,,,,,,,
,,,,,,,
,,,,,,,
,,,,,,,
,,,,,,,
,,,,,,,
,,,,,,,
,,,,,,,
,,,,,,,
,,,,,,,
,,,,,,,
,,,,,,,
,,,,,,,
,,,,,,,
,,,,,,,
,,,,,,,
,,,,,,,
,,,,,,,
,,,,,,,
,,,,,,,
,,,,,,,
,,,,,,,
,,,,,,,
,,,,,,,
,,,,,,,
,,,,,,,
,,,,,,,
,,,,,,,
,,,,,,,
,,,,,,,
,,,,,,,
,,,,,,,
,,,,,,,
,,,,,,,
,,,,,,,
,,,,,,,
,,,,,,,
,,,,,,,
,,,,,,,
,,,,,,,
,,,,,,,
,,,,,,,
,,,,,,,
,,,,,,,
,,,,,,,
,,,,,,,
,,,,,,,
,,,,,,,
,,,,,,,
,,,,,,,
,,,,,,,
,,,,,,,
,,,,,,,
,,,,,,,
,,,,,,,
,,,,,,,
,,,,,,,
,,,,,,,
,,,,,,,
,,,,,,,
,,,,,,,
,,,,,,,
,,,,,,,
,,,,,,,
,,,,,,,
,,,,,,,
,,,,,,,
,,,,,,,
,,,,,,,
,,,,,,,
,,,,,,,
,,,,,,,
,,,,,,,
,,,,,,,
,,,,,,,
,,,,,,,
,,,,,,,
,,,,,,,
,,,,,,,
,,,,,,,
,,,,,,,
,,,,,,,
,,,,,,,
,,,,,,,
,,,,,,,
,,,,,,,
,,,,,,,
,,,,,,,
,,,,,,,
,,,,,,,
,,,,,,,
,,,,,,,
,,,,,,,
,,,,,,,
,,,,,,,
,,,,,,,
,,,,,,,
,,,,,,,
,,,,,,,
,,,,,,,
,,,,,,,
,,,,,,,
,,,,,,,
,,,,,,,
,,,,,,,
,,,,,,,
,,,,,,,
,,,,,,,
,,,,,,,
,,,,,,,
,,,,,,,
,,,,,,,
,,,,,,,
,,,,,,,
,,,,,,,
,,,,,,,
,,,,,,,
,,,,,,,
,,,,,,,
,,,,,,,
,,,,,,,
,,,,,,,
,,,,,,,
,,,,,,,
,,,,,,,
,,,,,,,
,,,,,,,
,,,,,,,
,,,,,,,
,,,,,,,
,,,,,,,
,,,,,,,
,,,,,,,
,,,,,,,
,,,,,,,
,,,,,,,
,,,,,,,
,,,,,,,
,,,,,,,
,,,,,,,
,,,,,,,
,,,,,,,
,,,,,,,
,,,,,,,
,,,,,,,
,,,,,,,
,,,,,,,
,,,,,,,
,,,,,,,
,,,,,,,
,,,,,,,
,,,,,,,
,,,,,,,
,,,,,,,
,,,,,,,
,,,,,,,
,,,,,,,
,,,,,,,
,,,,,,,
,,,,,,,
,,,,,,,
,,,,,,,
,,,,,,,
,,,,,,,
,,,,,,,
,,,,,,,
,,,,,,,
,,,,,,,
,,,,,,,
,,,,,,,
,,,,,,,
,,,,,,,
,,,,,,,
,,,,,,,
,,,,,,,
,,,,,,,
,,,,,,,
,,,,,,,
,,,,,,,
,,,,,,,
,,,,,,,
,,,,,,,
,,,,,,,
,,,,,,,
,,,,,,,
,,,,,,,
,,,,,,,
,,,,,,,
,,,,,,,
,,,,,,,
,,,,,,,
,,,,,,,
,,,,,,,
,,,,,,,
,,,,,,,
,,,,,,,
,,,,,,,
,,,,,,,
,,,,,,,
,,,,,,,
,,,,,,,
,,,,,,,
,,,,,,,
,,,,,,,
,,,,,,,
,,,,,,,
,,,,,,,
,,,,,,,
,,,,,,,
,,,,,,,
,,,,,,,
,,,,,,,
,,,,,,,
,,,,,,,
,,,,,,,
,,,,,,,
,,,,,,,
,,,,,,,
,,,,,,,
,,,,,,,
,,,,,,,
,,,,,,,
,,,,,,,
,,,,,,,
,,,,,,,
,,,,,,,
,,,,,,,
,,,,,,,
,,,,,,,
,,,,,,,
,,,,,,,
,,,,,,,
,,,,,,,
,,,,,,,
,,,,,,,
,,,,,,,
,,,,,,,
,,,,,,,
,,,,,,,
,,,,,,,
,,,,,,,
,,,,,,,
,,,,,,,
,,,,,,,
,,,,,,,
,,,,,,,
,,,,,,,
,,,,,,,
,,,,,,,
,,,,,,,
,,,,,,,
,,,,,,,
,,,,,,,
,,,,,,,
,,,,,,,
,,,,,,,
,,,,,,,
,,,,,,,
,,,,,,,
,,,,,,,
,,,,,,,
,,,,,,,
,,,,,,,
,,,,,,,
,,,,,,,
,,,,,,,
,,,,,,,
,,,,,,,
,,,,,,,
,,,,,,,
,,,,,,,
,,,,,,,
,,,,,,,
,,,,,,,
,,,,,,,
,,,,,,,
,,,,,,,
,,,,,,,
,,,,,,,
,,,,,,,
,,,,,,,
,,,,,,,
,,,,,,,
,,,,,,,
,,,,,,,
,,,,,,,
,,,,,,,
,,,,,,,
,,,,,,,
,,,,,,,
,,,,,,,
,,,,,,,
,,,,,,,
,,,,,,,
,,,,,,,
,,,,,,,
,,,,,,,
,,,,,,,
,,,,,,,
,,,,,,,
,,,,,,,
,,,,,,,
,,,,,,,
,,,,,,,
,,,,,,,
,,,,,,,
,,,,,,,
,,,,,,,
,,,,,,,
,,,,,,,
,,,,,,,
,,,,,,,
,,,,,,,
,,,,,,,
,,,,,,,
,,,,,,,
,,,,,,,
,,,,,,,
,,,,,,,
,,,,,,,
,,,,,,,
,,,,,,,
,,,,,,,
,,,,,,,
,,,,,,,
,,,,,,,
,,,,,,,
,,,,,,,
,,,,,,,
,,,,,,,
,,,,,,,
,,,,,,,
,,,,,,,
,,,,,,,
,,,,,,,
,,,,,,,
,,,,,,,
,,,,,,,
,,,,,,,
,,,,,,,
,,,,,,,
,,,,,,,
,,,,,,,
,,,,,,,
,,,,,,,
,,,,,,,
,,,,,,,
,,,,,,,
,,,,,,,
,,,,,,,
,,,,,,,
,,,,,,,
,,,,,,,
,,,,,,,
,,,,,,,
,,,,,,,
,,,,,,,
,,,,,,,
,,,,,,,
,,,,,,,
,,,,,,,
,,,,,,,
,,,,,,,
,,,,,,,
,,,,,,,
,,,,,,,
,,,,,,,
,,,,,,,
,,,,,,,
,,,,,,,
,,,,,,,
,,,,,,,
,,,,,,,
,,,,,,,
,,,,,,,
,,,,,,,
,,,,,,,
,,,,,,,
,,,,,,,
,,,,,,,
,,,,,,,
,,,,,,,
,,,,,,,
,,,,,,,
,,,,,,,
,,,,,,,
,,,,,,,
,,,,,,,
,,,,,,,
,,,,,,,
,,,,,,,
,,,,,,,
,,,,,,,
,,,,,,,
,,,,,,,
,,,,,,,
,,,,,,,
,,,,,,,
,,,,,,,
,,,,,,,
,,,,,,,
,,,,,,,
,,,,,,,
,,,,,,,
,,,,,,,
,,,,,,,
,,,,,,,
,,,,,,,
,,,,,,,
,,,,,,,
,,,,,,,
,,,,,,,
,,,,,,,
,,,,,,,
,,,,,,,
,,,,,,,
,,,,,,,
,,,,,,,
,,,,,,,
,,,,,,,
,,,,,,,
,,,,,,,
,,,,,,,
,,,,,,,
,,,,,,,
,,,,,,,
,,,,,,,
,,,,,,,
,,,,,,,
,,,,,,,
,,,,,,,
,,,,,,,
,,,,,,,
,,,,,,,
,,,,,,,
,,,,,,,
,,,,,,,
,,,,,,,
,,,,,,,
,,,,,,,
,,,,,,,
,,,,,,,
,,,,,,,
,,,,,,,
,,,,,,,
,,,,,,,
,,,,,,,
,,,,,,,
,,,,,,,
,,,,,,,
,,,,,,,
,,,,,,,
,,,,,,,
,,,,,,,
,,,,,,,
,,,,,,,
,,,,,,,
,,,,,,,
,,,,,,,
,,,,,,,
,,,,,,,
,,,,,,,
,,,,,,,
,,,,,,,
,,,,,,,
,,,,,,,
,,,,,,,
,,,,,,,
,,,,,,,
,,,,,,,
,,,,,,,
,,,,,,,
,,,,,,,
,,,,,,,
,,,,,,,
,,,,,,,
,,,,,,,
,,,,,,,
,,,,,,,
,,,,,,,
,,,,,,,
,,,,,,,
,,,,,,,
,,,,,,,
,,,,,,,
,,,,,,,
,,,,,,,
,,,,,,,
,,,,,,,
,,,,,,,
,,,,,,,
,,,,,,,
,,,,,,,
,,,,,,,
,,,,,,,
,,,,,,,
,,,,,,,
,,,,,,,
,,,,,,,
,,,,,,,
,,,,,,,
,,,,,,,
,,,,,,,
,,,,,,,
,,,,,,,
,,,,,,,
,,,,,,,
,,,,,,,
,,,,,,,
,,,,,,,
,,,,,,,
,,,,,,,
,,,,,,,
,,,,,,,
,,,,,,,
,,,,,,,
,,,,,,,
,,,,,,,
,,,,,,,
,,,,,,,
,,,,,,,
,,,,,,,
,,,,,,,
,,,,,,,
,,,,,,,
,,,,,,,
,,,,,,,
,,,,,,,
,,,,,,,
,,,,,,,
,,,,,,,
,,,,,,,
,,,,,,,
,,,,,,,
,,,,,,,
,,,,,,,
,,,,,,,
,,,,,,,
,,,,,,,
,,,,,,,
,,,,,,,
,,,,,,,
,,,,,,,
,,,,,,,
,,,,,,,
,,,,,,,
,,,,,,,
,,,,,,,
,,,,,,,
,,,,,,,
,,,,,,,
,,,,,,,
,,,,,,,
,,,,,,,
,,,,,,,
,,,,,,,
,,,,,,,
,,,,,,,
,,,,,,,
,,,,,,,
,,,,,,,
,,,,,,,
,,,,,,,
,,,,,,,
,,,,,,,
,,,,,,,
,,,,,,,
,,,,,,,
,,,,,,,
,,,,,,,
,,,,,,,
,,,,,,,
,,,,,,,
,,,,,,,
,,,,,,,
,,,,,,,
,,,,,,,
,,,,,,,
,,,,,,,
,,,,,,,
,,,,,,,
,,,,,,,
,,,,,,,
,,,,,,,
,,,,,,,
,,,,,,,
,,,,,,,
,,,,,,,
,,,,,,,
,,,,,,,
,,,,,,,
,,,,,,,
,,,,,,,
,,,,,,,
,,,,,,,
,,,,,,,
,,,,,,,
,,,,,,,
,,,,,,,
,,,,,,,
,,,,,,,
,,,,,,,
,,,,,,,
,,,,,,,
,,,,,,,
,,,,,,,
,,,,,,,
,,,,,,,
,,,,,,,
,,,,,,,
,,,,,,,
,,,,,,,
,,,,,,,
,,,,,,,
,,,,,,,
,,,,,,,
,,,,,,,
,,,,,,,
,,,,,,,
,,,,,,,
,,,,,,,
,,,,,,,
,,,,,,,
,,,,,,,
,,,,,,,
,,,,,,,
,,,,,,,
,,,,,,,
,,,,,,,
,,,,,,,
,,,,,,,
,,,,,,,
,,,,,,,
,,,,,,,
,,,,,,,
,,,,,,,
,,,,,,,
,,,,,,,
,,,,,,,
,,,,,,,
,,,,,,,
,,,,,,,
,,,,,,,
,,,,,,,
,,,,,,,
,,,,,,,
,,,,,,,
,,,,,,,
,,,,,,,
,,,,,,,
,,,,,,,
,,,,,,,
,,,,,,,
,,,,,,,
,,,,,,,
,,,,,,,
,,,,,,,
,,,,,,,
,,,,,,,
,,,,,,,
,,,,,,,
,,,,,,,
,,,,,,,
,,,,,,,
,,,,,,,
,,,,,,,
,,,,,,,
,,,,,,,
,,,,,,,
,,,,,,,
,,,,,,,
,,,,,,,
,,,,,,,
,,,,,,,
,,,,,,,
,,,,,,,
,,,,,,,
,,,,,,,
,,,,,,,
,,,,,,,
,,,,,,,
,,,,,,,
,,,,,,,
,,,,,,,
,,,,,,,
,,,,,,,
,,,,,,,
,,,,,,,
,,,,,,,
,,,,,,,
,,,,,,,
,,,,,,,
,,,,,,,
,,,,,,,
,,,,,,,
,,,,,,,
,,,,,,,
,,,,,,,
,,,,,,,
,,,,,,,
,,,,,,,
,,,,,,,
,,,,,,,
,,,,,,,
,,,,,,,
,,,,,,,
,,,,,,,
,,,,,,,
,,,,,,,
,,,,,,,
,,,,,,,
,,,,,,,
,,,,,,,
,,,,,,,
,,,,,,,
,,,,,,,
,,,,,,,
,,,,,,,
,,,,,,,
,,,,,,,
,,,,,,,
,,,,,,,
,,,,,,,
,,,,,,,
,,,,,,,
,,,,,,,
,,,,,,,
,,,,,,,
,,,,,,,
,,,,,,,
,,,,,,,
,,,,,,,
,,,,,,,
,,,,,,,
,,,,,,,
,,,,,,,
,,,,,,,
,,,,,,,
,,,,,,,
,,,,,,,
,,,,,,,
,,,,,,,
,,,,,,,
,,,,,,,
,,,,,,,
,,,,,,,
,,,,,,,
,,,,,,,
,,,,,,,
,,,,,,,
,,,,,,,
,,,,,,,
,,,,,,,
,,,,,,,
,,,,,,,
,,,,,,,
,,,,,,,
,,,,,,,
,,,,,,,
,,,,,,,
,,,,,,,
,,,,,,,
,,,,,,,
,,,,,,,
,,,,,,,
,,,,,,,
,,,,,,,
,,,,,,,
,,,,,,,
,,,,,,,
,,,,,,,
,,,,,,,
,,,,,,,
,,,,,,,
,,,,,,,
,,,,,,,
,,,,,,,
,,,,,,,
,,,,,,,
,,,,,,,
,,,,,,,
,,,,,,,
,,,,,,,
,,,,,,,
,,,,,,,
,,,,,,,
,,,,,,,
,,,,,,,
,,,,,,,
,,,,,,,
,,,,,,,
,,,,,,,
,,,,,,,
,,,,,,,
,,,,,,,
,,,,,,,
,,,,,,,
,,,,,,,
,,,,,,,
,,,,,,,
,,,,,,,
,,,,,,,
,,,,,,,
,,,,,,,
,,,,,,,
,,,,,,,
,,,,,,,
,,,,,,,
,,,,,,,
,,,,,,,
,,,,,,,
,,,,,,,
,,,,,,,
,,,,,,,
,,,,,,,
,,,,,,,
,,,,,,,
,,,,,,,
,,,,,,,
,,,,,,,
,,,,,,,
,,,,,,,
,,,,,,,
,,,,,,,
,,,,,,,
,,,,,,,
,,,,,,,
,,,,,,,
,,,,,,,
,,,,,,,
,,,,,,,
,,,,,,,
,,,,,,,
,,,,,,,
,,,,,,,
,,,,,,,
,,,,,,,
,,,,,,,
,,,,,,,
,,,,,,,
,,,,,,,
,,,,,,,
,,,,,,,
,,,,,,,
,,,,,,,
,,,,,,,
,,,,,,,
,,,,,,,
,,,,,,,
,,,,,,,
,,,,,,,
,,,,,,,
,,,,,,,
,,,,,,,
,,,,,,,
,,,,,,,
,,,,,,,
,,,,,,,
,,,,,,,
,,,,,,,
,,,,,,,
,,,,,,,
,,,,,,,
,,,,,,,
,,,,,,,
,,,,,,,
,,,,,,,
,,,,,,,
,,,,,,,
,,,,,,,
,,,,,,,
,,,,,,,
,,,,,,,
,,,,,,,
,,,,,,,
,,,,,,,
,,,,,,,
,,,,,,,
,,,,,,,
,,,,,,,
,,,,,,,
,,,,,,,
,,,,,,,
,,,,,,,
,,,,,,,
,,,,,,,
,,,,,,,
,,,,,,,
,,,,,,,
,,,,,,,
,,,,,,,
,,,,,,,
,,,,,,,
,,,,,,,
,,,,,,,
,,,,,,,
,,,,,,,
,,,,,,,
,,,,,,,
,,,,,,,
,,,,,,,
,,,,,,,
,,,,,,,
,,,,,,,
,,,,,,,
,,,,,,,
,,,,,,,
,,,,,,,
,,,,,,,
,,,,,,,
,,,,,,,
,,,,,,,
,,,,,,,
,,,,,,,
,,,,,,,
,,,,,,,
,,,,,,,
,,,,,,,
,,,,,,,
,,,,,,,
,,,,,,,
,,,,,,,
,,,,,,,
,,,,,,,
,,,,,,,
,,,,,,,
,,,,,,,
,,,,,,,
,,,,,,,
,,,,,,,
,,,,,,,
,,,,,,,
,,,,,,,
,,,,,,,
,,,,,,,
,,,,,,,
,,,,,,,
,,,,,,,
,,,,,,,
,,,,,,,
,,,,,,,
,,,,,,,
,,,,,,,
,,,,,,,
,,,,,,,
,,,,,,,
,,,,,,,
,,,,,,,
,,,,,,,
,,,,,,,
,,,,,,,
,,,,,,,
,,,,,,,
,,,,,,,
,,,,,,,
,,,,,,,
,,,,,,,
,,,,,,,
,,,,,,,
,,,,,,,
,,,,,,,
,,,,,,,
,,,,,,,
,,,,,,,
,,,,,,,
,,,,,,,
,,,,,,,
,,,,,,,
,,,,,,,
,,,,,,,
,,,,,,,
,,,,,,,
,,,,,,,
,,,,,,,
,,,,,,,
,,,,,,,
,,,,,,,
,,,,,,,
,,,,,,,
,,,,,,,
,,,,,,,
,,,,,,,
,,,,,,,
,,,,,,,
,,,,,,,
,,,,,,,
,,,,,,,
,,,,,,,
,,,,,,,
,,,,,,,
,,,,,,,
,,,,,,,
,,,,,,,
,,,,,,,
,,,,,,,
,,,,,,,
,,,,,,,
,,,,,,,
,,,,,,,
,,,,,,,
,,,,,,,
,,,,,,,
,,,,,,,
,,,,,,,
,,,,,,,
,,,,,,,
,,,,,,,
,,,,,,,
,,,,,,,
,,,,,,,
,,,,,,,
,,,,,,,
,,,,,,,
,,,,,,,
,,,,,,,
,,,,,,,
,,,,,,,
,,,,,,,
,,,,,,,
,,,,,,,
,,,,,,,
,,,,,,,
,,,,,,,
,,,,,,,
,,,,,,,
,,,,,,,
,,,,,,,
,,,,,,,
,,,,,,,
,,,,,,,
,,,,,,,
,,,,,,,
,,,,,,,
,,,,,,,
,,,,,,,
,,,,,,,
,,,,,,,
,,,,,,,
,,,,,,,
,,,,,,,
,,,,,,,
,,,,,,,
,,,,,,,
,,,,,,,
,,,,,,,
,,,,,,,
,,,,,,,
,,,,,,,
,,,,,,,
,,,,,,,
,,,,,,,
,,,,,,,
,,,,,,,
,,,,,,,
,,,,,,,
,,,,,,,
,,,,,,,
,,,,,,,
,,,,,,,
,,,,,,,
,,,,,,,
,,,,,,,
,,,,,,,
,,,,,,,
,,,,,,,
,,,,,,,
,,,,,,,
,,,,,,,
,,,,,,,
,,,,,,,
,,,,,,,
,,,,,,,
,,,,,,,
,,,,,,,
,,,,,,,
,,,,,,,
,,,,,,,
,,,,,,,
,,,,,,,
,,,,,,,
,,,,,,,
,,,,,,,
,,,,,,,
,,,,,,,
,,,,,,,
,,,,,,,
,,,,,,,
,,,,,,,
,,,,,,,
,,,,,,,
,,,,,,,
,,,,,,,
,,,,,,,
,,,,,,,
,,,,,,,
,,,,,,,
,,,,,,,
,,,,,,,
,,,,,,,
,,,,,,,
,,,,,,,
,,,,,,,
,,,,,,,
,,,,,,,
,,,,,,,
,,,,,,,
,,,,,,,
,,,,,,,
,,,,,,,
,,,,,,,
,,,,,,,
,,,,,,,
,,,,,,,
,,,,,,,
,,,,,,,
,,,,,,,
,,,,,,,
,,,,,,,
,,,,,,,
,,,,,,,
,,,,,,,
,,,,,,,
,,,,,,,
,,,,,,,
,,,,,,,
,,,,,,,
,,,,,,,
,,,,,,,
,,,,,,,
,,,,,,,
,,,,,,,
,,,,,,,
,,,,,,,
,,,,,,,
,,,,,,,
,,,,,,,
,,,,,,,
,,,,,,,
,,,,,,,
,,,,,,,
,,,,,,,
,,,,,,,
,,,,,,,
,,,,,,,
,,,,,,,
,,,,,,,
,,,,,,,
,,,,,,,
,,,,,,,
,,,,,,,
,,,,,,,
,,,,,,,
,,,,,,,
,,,,,,,
,,,,,,,
,,,,,,,
,,,,,,,
,,,,,,,
,,,,,,,
,,,,,,,
,,,,,,,
,,,,,,,
,,,,,,,
,,,,,,,
,,,,,,,
,,,,,,,
,,,,,,,
,,,,,,,
,,,,,,,
,,,,,,,
,,,,,,,
,,,,,,,
,,,,,,,
,,,,,,,
,,,,,,,
,,,,,,,
,,,,,,,
,,,,,,,
,,,,,,,
,,,,,,,
,,,,,,,
,,,,,,,
,,,,,,,
,,,,,,,
,,,,,,,
,,,,,,,
,,,,,,,
,,,,,,,
,,,,,,,
,,,,,,,
,,,,,,,
,,,,,,,
,,,,,,,
,,,,,,,
,,,,,,,
,,,,,,,
,,,,,,,
,,,,,,,
,,,,,,,
,,,,,,,
,,,,,,,
,,,,,,,
,,,,,,,
,,,,,,,
,,,,,,,
,,,,,,,
,,,,,,,
,,,,,,,
,,,,,,,
,,,,,,,
,,,,,,,
,,,,,,,
,,,,,,,
,,,,,,,
,,,,,,,
,,,,,,,
,,,,,,,
,,,,,,,
,,,,,,,
,,,,,,,
,,,,,,,
,,,,,,,
,,,,,,,
,,,,,,,
,,,,,,,
,,,,,,,
,,,,,,,
,,,,,,,
,,,,,,,
,,,,,,,
,,,,,,,
,,,,,,,
,,,,,,,
,,,,,,,
,,,,,,,
,,,,,,,
,,,,,,,
,,,,,,,
,,,,,,,
,,,,,,,
,,,,,,,
,,,,,,,
,,,,,,,
,,,,,,,
,,,,,,,
,,,,,,,
,,,,,,,
,,,,,,,
,,,,,,,
,,,,,,,
,,,,,,,
,,,,,,,
,,,,,,,
,,,,,,,
,,,,,,,
,,,,,,,
,,,,,,,
,,,,,,,
,,,,,,,
,,,,,,,
,,,,,,,
,,,,,,,
,,,,,,,
,,,,,,,
,,,,,,,
,,,,,,,
,,,,,,,
,,,,,,,
,,,,,,,
,,,,,,,
,,,,,,,
,,,,,,,
,,,,,,,
,,,,,,,
,,,,,,,
,,,,,,,
,,,,,,,
,,,,,,,
,,,,,,,
,,,,,,,
,,,,,,,
,,,,,,,
,,,,,,,
,,,,,,,
,,,,,,,
,,,,,,,
,,,,,,,
,,,,,,,
,,,,,,,
,,,,,,,
,,,,,,,
,,,,,,,
,,,,,,,
,,,,,,,
,,,,,,,
,,,,,,,
,,,,,,,
,,,,,,,
,,,,,,,
,,,,,,,
,,,,,,,
,,,,,,,
,,,,,,,
,,,,,,,
,,,,,,,
,,,,,,,
,,,,,,,
,,,,,,,
,,,,,,,
,,,,,,,
,,,,,,,
,,,,,,,
,,,,,,,
,,,,,,,
,,,,,,,
,,,,,,,
,,,,,,,
,,,,,,,
,,,,,,,
,,,,,,,
,,,,,,,
,,,,,,,
,,,,,,,
,,,,,,,
,,,,,,,
,,,,,,,
,,,,,,,
,,,,,,,
,,,,,,,
,,,,,,,
,,,,,,,
,,,,,,,
,,,,,,,
,,,,,,,
,,,,,,,
,,,,,,,
,,,,,,,
,,,,,,,
,,,,,,,
,,,,,,,
,,,,,,,
,,,,,,,
,,,,,,,
,,,,,,,
,,,,,,,
,,,,,,,
,,,,,,,
,,,,,,,
,,,,,,,
,,,,,,,
,,,,,,,
,,,,,,,
,,,,,,,
,,,,,,,
,,,,,,,
,,,,,,,
,,,,,,,
,,,,,,,
,,,,,,,
,,,,,,,
,,,,,,,
,,,,,,,
,,,,,,,
,,,,,,,
,,,,,,,
,,,,,,,
,,,,,,,
,,,,,,,
,,,,,,,
,,,,,,,
,,,,,,,
,,,,,,,
,,,,,,,
,,,,,,,
,,,,,,,
,,,,,,,
,,,,,,,
,,,,,,,
,,,,,,,
,,,,,,,
,,,,,,,
,,,,,,,
,,,,,,,
,,,,,,,
,,,,,,,
,,,,,,,
,,,,,,,
,,,,,,,
,,,,,,,
,,,,,,,
,,,,,,,
,,,,,,,
,,,,,,,
,,,,,,,
,,,,,,,
,,,,,,,
,,,,,,,
,,,,,,,
,,,,,,,
,,,,,,,
,,,,,,,
,,,,,,,
,,,,,,,
,,,,,,,
,,,,,,,
,,,,,,,
,,,,,,,
,,,,,,,
,,,,,,,
,,,,,,,
,,,,,,,
,,,,,,,
,,,,,,,
,,,,,,,
,,,,,,,
,,,,,,,
,,,,,,,
,,,,,,,
,,,,,,,
,,,,,,,
,,,,,,,
,,,,,,,
,,,,,,,
,,,,,,,
,,,,,,,
,,,,,,,
,,,,,,,
,,,,,,,
,,,,,,,
,,,,,,,
,,,,,,,
,,,,,,,
,,,,,,,
,,,,,,,
,,,,,,,
,,,,,,,
,,,,,,,
,,,,,,,
,,,,,,,
,,,,,,,
,,,,,,,
,,,,,,,
,,,,,,,
,,,,,,,
,,,,,,,
,,,,,,,
,,,,,,,
,,,,,,,
,,,,,,,
,,,,,,,
,,,,,,,
,,,,,,,
,,,,,,,
,,,,,,,
,,,,,,,
,,,,,,,
,,,,,,,
,,,,,,,
,,,,,,,
,,,,,,,
,,,,,,,
,,,,,,,
,,,,,,,
,,,,,,,
,,,,,,,
,,,,,,,
,,,,,,,
,,,,,,,
,,,,,,,
,,,,,,,
,,,,,,,
,,,,,,,
,,,,,,,
,,,,,,,
,,,,,,,
,,,,,,,
,,,,,,,
,,,,,,,
,,,,,,,
,,,,,,,
,,,,,,,
,,,,,,,
,,,,,,,
,,,,,,,
,,,,,,,
,,,,,,,
,,,,,,,
,,,,,,,
,,,,,,,
,,,,,,,
,,,,,,,
,,,,,,,
,,,,,,,
,,,,,,,
,,,,,,,
,,,,,,,
,,,,,,,
,,,,,,,
,,,,,,,
,,,,,,,
,,,,,,,
,,,,,,,
,,,,,,,
,,,,,,,
,,,,,,,
,,,,,,,
,,,,,,,
,,,,,,,
,,,,,,,
,,,,,,,
,,,,,,,
,,,,,,,
,,,,,,,
,,,,,,,
,,,,,,,
,,,,,,,
,,,,,,,
,,,,,,,
,,,,,,,
,,,,,,,
,,,,,,,
,,,,,,,
,,,,,,,
,,,,,,,
,,,,,,,
,,,,,,,
,,,,,,,
,,,,,,,
,,,,,,,
,,,,,,,
,,,,,,,
,,,,,,,
,,,,,,,
,,,,,,,
,,,,,,,
,,,,,,,
,,,,,,,
,,,,,,,
,,,,,,,
,,,,,,,
,,,,,,,
,,,,,,,
,,,,,,,
,,,,,,,
,,,,,,,
,,,,,,,
,,,,,,,
,,,,,,,
,,,,,,,
,,,,,,,
,,,,,,,
,,,,,,,
,,,,,,,
,,,,,,,
,,,,,,,
,,,,,,,
,,,,,,,
,,,,,,,
,,,,,,,
,,,,,,,
,,,,,,,
,,,,,,,
,,,,,,,
,,,,,,,
,,,,,,,
,,,,,,,
,,,,,,,
,,,,,,,
,,,,,,,
,,,,,,,
,,,,,,,
,,,,,,,
,,,,,,,
,,,,,,,
,,,,,,,
,,,,,,,
,,,,,,,
,,,,,,,
,,,,,,,
,,,,,,,
,,,,,,,
,,,,,,,
,,,,,,,
,,,,,,,
,,,,,,,
,,,,,,,
,,,,,,,
,,,,,,,
,,,,,,,
,,,,,,,
,,,,,,,
,,,,,,,
,,,,,,,
,,,,,,,
,,,,,,,
,,,,,,,
,,,,,,,
,,,,,,,
,,,,,,,
,,,,,,,
,,,,,,,
,,,,,,,
,,,,,,,
,,,,,,,
,,,,,,,
,,,,,,,
,,,,,,,
,,,,,,,
,,,,,,,
,,,,,,,
,,,,,,,
,,,,,,,
,,,,,,,
,,,,,,,
,,,,,,,
,,,,,,,
,,,,,,,
,,,,,,,
,,,,,,,
,,,,,,,
,,,,,,,
,,,,,,,
,,,,,,,
,,,,,,,
,,,,,,,
,,,,,,,
,,,,,,,
,,,,,,,
,,,,,,,
,,,,,,,
,,,,,,,
,,,,,,,
,,,,,,,
,,,,,,,
,,,,,,,
,,,,,,,
,,,,,,,
,,,,,,,
,,,,,,,
,,,,,,,
,,,,,,,
,,,,,,,
,,,,,,,
,,,,,,,
,,,,,,,
,,,,,,,
,,,,,,,
,,,,,,,
,,,,,,,
,,,,,,,
,,,,,,,
,,,,,,,
,,,,,,,
,,,,,,,
,,,,,,,
,,,,,,,
,,,,,,,
,,,,,,,
,,,,,,,
,,,,,,,
,,,,,,,
,,,,,,,
,,,,,,,
,,,,,,,
,,,,,,,
,,,,,,,
,,,,,,,
,,,,,,,
,,,,,,,
,,,,,,,
,,,,,,,
,,,,,,,
,,,,,,,
,,,,,,,
,,,,,,,
,,,,,,,
,,,,,,,
,,,,,,,
,,,,,,,
,,,,,,,
,,,,,,,
,,,,,,,
,,,,,,,
,,,,,,,
,,,,,,,
,,,,,,,
,,,,,,,
,,,,,,,
,,,,,,,
,,,,,,,
,,,,,,,
,,,,,,,
,,,,,,,
,,,,,,,
,,,,,,,
,,,,,,,
,,,,,,,
,,,,,,,
,,,,,,,
,,,,,,,
,,,,,,,
,,,,,,,
,,,,,,,
,,,,,,,
,,,,,,,
,,,,,,,
,,,,,,,
,,,,,,,
,,,,,,,
,,,,,,,
,,,,,,,
,,,,,,,
,,,,,,,
,,,,,,,
,,,,,,,
,,,,,,,
,,,,,,,
,,,,,,,
,,,,,,,
,,,,,,,
,,,,,,,
,,,,,,,
,,,,,,,
,,,,,,,
,,,,,,,
,,,,,,,
,,,,,,,
,,,,,,,
,,,,,,,
,,,,,,,
,,,,,,,
,,,,,,,
,,,,,,,
,,,,,,,
,,,,,,,
,,,,,,,
,,,,,,,
,,,,,,,
,,,,,,,
,,,,,,,
,,,,,,,
,,,,,,,
,,,,,,,
,,,,,,,
,,,,,,,
,,,,,,,
,,,,,,,
,,,,,,,
,,,,,,,
,,,,,,,
,,,,,,,
,,,,,,,
,,,,,,,
,,,,,,,
,,,,,,,
,,,,,,,
,,,,,,,
,,,,,,,
,,,,,,,
,,,,,,,
,,,,,,,
,,,,,,,
,,,,,,,
,,,,,,,
,,,,,,,
,,,,,,,
,,,,,,,
,,,,,,,
,,,,,,,
,,,,,,,
,,,,,,,
,,,,,,,
,,,,,,,
,,,,,,,
,,,,,,,
,,,,,,,
,,,,,,,
,,,,,,,
,,,,,,,
,,,,,,,
,,,,,,,
,,,,,,,
,,,,,,,
,,,,,,,
,,,,,,,
,,,,,,,
,,,,,,,
,,,,,,,
,,,,,,,
,,,,,,,
,,,,,,,
,,,,,,,
,,,,,,,
,,,,,,,
,,,,,,,
,,,,,,,
,,,,,,,
,,,,,,,
,,,,,,,
,,,,,,,
,,,,,,,
,,,,,,,
,,,,,,,
,,,,,,,
,,,,,,,
,,,,,,,
,,,,,,,
,,,,,,,
,,,,,,,
,,,,,,,
,,,,,,,
,,,,,,,
,,,,,,,
,,,,,,,
,,,,,,,
,,,,,,,
,,,,,,,
,,,,,,,
,,,,,,,
,,,,,,,
,,,,,,,
,,,,,,,
,,,,,,,
,,,,,,,
,,,,,,,
,,,,,,,
,,,,,,,
,,,,,,,
,,,,,,,
,,,,,,,
,,,,,,,
,,,,,,,
,,,,,,,
,,,,,,,
,,,,,,,
,,,,,,,
,,,,,,,
,,,,,,,
,,,,,,,
,,,,,,,
,,,,,,,
,,,,,,,
,,,,,,,
,,,,,,,
,,,,,,,
,,,,,,,
,,,,,,,
,,,,,,,
,,,,,,,
,,,,,,,
,,,,,,,
,,,,,,,
,,,,,,,
,,,,,,,
,,,,,,,
,,,,,,,
,,,,,,,
,,,,,,,
,,,,,,,
,,,,,,,
,,,,,,,
,,,,,,,
,,,,,,,
,,,,,,,
,,,,,,,
,,,,,,,
,,,,,,,
,,,,,,,
,,,,,,,
,,,,,,,
,,,,,,,
,,,,,,,
,,,,,,,
,,,,,,,
,,,,,,,
,,,,,,,
,,,,,,,
,,,,,,,
,,,,,,,
,,,,,,,
,,,,,,,
,,,,,,,
,,,,,,,
,,,,,,,
,,,,,,,
,,,,,,,
,,,,,,,
,,,,,,,
,,,,,,,
,,,,,,,
,,,,,,,
,,,,,,,
,,,,,,,
,,,,,,,
,,,,,,,
,,,,,,,
,,,,,,,
,,,,,,,
,,,,,,,
,,,,,,,
,,,,,,,
,,,,,,,
,,,,,,,
,,,,,,,
,,,,,,,
,,,,,,,
,,,,,,,
,,,,,,,
,,,,,,,
,,,,,,,
,,,,,,,
,,,,,,,
,,,,,,,
,,,,,,,
,,,,,,,
,,,,,,,
,,,,,,,
,,,,,,,
,,,,,,,
,,,,,,,
,,,,,,,
,,,,,,,
,,,,,,,
,,,,,,,
,,,,,,,
,,,,,,,
,,,,,,,
,,,,,,,
,,,,,,,
,,,,,,,
,,,,,,,
,,,,,,,
,,,,,,,
,,,,,,,
,,,,,,,
,,,,,,,
,,,,,,,
,,,,,,,
,,,,,,,
,,,,,,,
,,,,,,,
,,,,,,,
,,,,,,,
,,,,,,,
,,,,,,,
,,,,,,,
,,,,,,,
,,,,,,,
,,,,,,,
,,,,,,,
,,,,,,,
,,,,,,,
,,,,,,,
,,,,,,,
,,,,,,,
,,,,,,,
,,,,,,,
,,,,,,,
,,,,,,,
,,,,,,,
,,,,,,,
,,,,,,,
,,,,,,,
,,,,,,,
,,,,,,,
,,,,,,,
,,,,,,,
,,,,,,,
,,,,,,,
,,,,,,,
,,,,,,,
,,,,,,,
,,,,,,,
,,,,,,,
,,,,,,,
,,,,,,,
,,,,,,,
,,,,,,,
,,,,,,,
,,,,,,,
,,,,,,,
,,,,,,,
,,,,,,,
,,,,,,,
,,,,,,,
,,,,,,,
,,,,,,,
,,,,,,,
,,,,,,,
,,,,,,,
,,,,,,,
,,,,,,,
,,,,,,,
,,,,,,,
,,,,,,,
,,,,,,,
,,,,,,,
,,,,,,,
,,,,,,,
,,,,,,,
,,,,,,,
,,,,,,,
,,,,,,,
,,,,,,,
,,,,,,,
,,,,,,,
,,,,,,,
,,,,,,,
,,,,,,,
,,,,,,,
,,,,,,,
,,,,,,,
,,,,,,,
,,,,,,,
,,,,,,,
,,,,,,,
,,,,,,,
,,,,,,,
,,,,,,,
,,,,,,,
,,,,,,,
,,,,,,,
,,,,,,,
,,,,,,,
,,,,,,,
,,,,,,,
,,,,,,,
,,,,,,,
,,,,,,,
,,,,,,,
,,,,,,,
,,,,,,,
,,,,,,,
,,,,,,,
,,,,,,,
,,,,,,,
,,,,,,,
,,,,,,,
,,,,,,,
,,,,,,,
,,,,,,,
,,,,,,,
,,,,,,,
,,,,,,,
,,,,,,,
,,,,,,,
,,,,,,,
,,,,,,,
,,,,,,,
,,,,,,,
,,,,,,,
,,,,,,,
,,,,,,,
,,,,,,,
,,,,,,,
,,,,,,,
,,,,,,,
,,,,,,,
,,,,,,,
,,,,,,,
,,,,,,,
,,,,,,,
,,,,,,,
,,,,,,,
,,,,,,,
,,,,,,,
,,,,,,,
,,,,,,,
,,,,,,,
,,,,,,,
,,,,,,,
,,,,,,,
,,,,,,,
,,,,,,,
,,,,,,,
,,,,,,,
,,,,,,,
,,,,,,,
,,,,,,,
,,,,,,,
,,,,,,,
,,,,,,,
,,,,,,,
,,,,,,,
,,,,,,,
,,,,,,,
,,,,,,,
,,,,,,,
,,,,,,,
,,,,,,,
,,,,,,,
,,,,,,,
,,,,,,,
,,,,,,,
,,,,,,,
,,,,,,,
,,,,,,,
,,,,,,,
,,,,,,,
,,,,,,,
,,,,,,,
,,,,,,,
,,,,,,,
,,,,,,,
,,,,,,,
,,,,,,,
,,,,,,,
,,,,,,,
,,,,,,,
,,,,,,,
,,,,,,,
,,,,,,,
,,,,,,,
,,,,,,,
,,,,,,,
,,,,,,,
,,,,,,,
,,,,,,,
,,,,,,,
,,,,,,,
,,,,,,,
,,,,,,,
,,,,,,,
,,,,,,,
,,,,,,,
,,,,,,,
,,,,,,,
,,,,,,,
,,,,,,,
,,,,,,,
,,,,,,,
,,,,,,,
,,,,,,,
,,,,,,,
,,,,,,,
,,,,,,,
,,,,,,,
,,,,,,,
,,,,,,,
,,,,,,,
,,,,,,,
,,,,,,,
,,,,,,,
,,,,,,,
,,,,,,,
,,,,,,,
,,,,,,,
,,,,,,,
,,,,,,,
,,,,,,,
,,,,,,,
,,,,,,,
,,,,,,,
,,,,,,,
,,,,,,,
,,,,,,,
,,,,,,,
,,,,,,,
,,,,,,,
,,,,,,,
,,,,,,,
,,,,,,,
,,,,,,,
,,,,,,,
,,,,,,,
,,,,,,,
,,,,,,,
,,,,,,,
,,,,,,,
,,,,,,,
,,,,,,,
,,,,,,,
,,,,,,,
,,,,,,,
,,,,,,,
,,,,,,,
,,,,,,,
,,,,,,,
,,,,,,,
,,,,,,,
,,,,,,,
,,,,,,,
,,,,,,,
,,,,,,,
,,,,,,,
,,,,,,,
,,,,,,,
,,,,,,,
,,,,,,,
,,,,,,,
,,,,,,,
,,,,,,,
,,,,,,,
,,,,,,,
,,,,,,,
,,,,,,,
,,,,,,,
,,,,,,,
,,,,,,,
,,,,,,,
,,,,,,,
,,,,,,,
,,,,,,,
,,,,,,,
,,,,,,,
,,,,,,,
,,,,,,,
,,,,,,,
,,,,,,,
,,,,,,,
,,,,,,,
,,,,,,,
,,,,,,,
,,,,,,,
,,,,,,,
,,,,,,,
,,,,,,,
,,,,,,,
,,,,,,,
,,,,,,,
,,,,,,,
,,,,,,,
,,,,,,,
,,,,,,,
,,,,,,,
,,,,,,,
,,,,,,,
,,,,,,,
,,,,,,,
,,,,,,,
,,,,,,,
,,,,,,,
,,,,,,,
,,,,,,,
,,,,,,,
,,,,,,,
,,,,,,,
,,,,,,,
,,,,,,,
,,,,,,,
,,,,,,,
,,,,,,,
,,,,,,,
,,,,,,,
,,,,,,,
,,,,,,,
,,,,,,,
,,,,,,,
,,,,,,,
,,,,,,,
,,,,,,,
,,,,,,,
,,,,,,,
,,,,,,,
,,,,,,,
,,,,,,,
,,,,,,,
,,,,,,,
,,,,,,,
,,,,,,,
,,,,,,,
,,,,,,,
,,,,,,,
,,,,,,,
,,,,,,,
,,,,,,,
,,,,,,,
,,,,,,,
,,,,,,,
,,,,,,,
,,,,,,,
,,,,,,,
,,,,,,,
,,,,,,,
,,,,,,,
,,,,,,,
,,,,,,,
,,,,,,,
,,,,,,,
,,,,,,,
,,,,,,,
,,,,,,,
,,,,,,,
,,,,,,,
,,,,,,,
,,,,,,,
,,,,,,,
,,,,,,,
,,,,,,,
,,,,,,,
,,,,,,,
,,,,,,,
,,,,,,,
,,,,,,,
,,,,,,,
,,,,,,,
,,,,,,,
,,,,,,,
,,,,,,,
,,,,,,,
,,,,,,,
,,,,,,,
,,,,,,,
,,,,,,,
,,,,,,,
,,,,,,,
,,,,,,,
,,,,,,,
,,,,,,,
,,,,,,,
,,,,,,,
,,,,,,,
,,,,,,,
,,,,,,,
,,,,,,,
,,,,,,,
,,,,,,,
,,,,,,,
,,,,,,,
,,,,,,,
,,,,,,,
,,,,,,,
,,,,,,,
,,,,,,,
,,,,,,,
,,,,,,,
,,,,,,,
,,,,,,,
,,,,,,,
,,,,,,,
,,,,,,,
,,,,,,,
,,,,,,,
,,,,,,,
,,,,,,,
,,,,,,,
,,,,,,,
,,,,,,,
,,,,,,,
,,,,,,,
,,,,,,,
,,,,,,,
,,,,,,,
,,,,,,,
,,,,,,,
,,,,,,,
,,,,,,,
,,,,,,,
,,,,,,,
,,,,,,,
,,,,,,,
,,,,,,,
,,,,,,,
,,,,,,,
,,,,,,,
,,,,,,,
,,,,,,,
,,,,,,,
,,,,,,,
,,,,,,,
,,,,,,,
,,,,,,,
,,,,,,,
,,,,,,,
,,,,,,,
,,,,,,,
,,,,,,,
,,,,,,,
,,,,,,,
,,,,,,,
,,,,,,,
,,,,,,,
,,,,,,,
,,,,,,,
,,,,,,,
,,,,,,,
,,,,,,,
,,,,,,,
,,,,,,,
,,,,,,,
,,,,,,,
,,,,,,,
,,,,,,,
,,,,,,,
,,,,,,,
,,,,,,,
,,,,,,,
,,,,,,,
,,,,,,,
,,,,,,,
,,,,,,,
,,,,,,,
,,,,,,,
,,,,,,,
,,,,,,,
,,,,,,,
,,,,,,,
,,,,,,,
,,,,,,,
,,,,,,,
,,,,,,,
,,,,,,,
,,,,,,,
,,,,,,,
,,,,,,,
,,,,,,,
,,,,,,,
,,,,,,,
,,,,,,,
,,,,,,,
,,,,,,,
,,,,,,,
,,,,,,,
,,,,,,,
,,,,,,,
,,,,,,,
,,,,,,,
,,,,,,,
,,,,,,,
,,,,,,,
,,,,,,,
,,,,,,,
,,,,,,,
,,,,,,,
,,,,,,,
,,,,,,,
,,,,,,,
,,,,,,,
,,,,,,,
,,,,,,,
,,,,,,,
,,,,,,,
,,,,,,,
,,,,,,,
,,,,,,,
,,,,,,,
,,,,,,,
,,,,,,,
,,,,,,,
,,,,,,,
,,,,,,,
,,,,,,,
,,,,,,,
,,,,,,,
,,,,,,,
,,,,,,,
,,,,,,,
,,,,,,,
,,,,,,,
,,,,,,,
,,,,,,,
,,,,,,,
,,,,,,,
,,,,,,,
,,,,,,,
,,,,,,,
,,,,,,,
,,,,,,,
,,,,,,,
,,,,,,,
,,,,,,,
,,,,,,,
,,,,,,,
,,,,,,,
,,,,,,,
,,,,,,,
,,,,,,,
,,,,,,,
,,,,,,,
,,,,,,,
,,,,,,,
,,,,,,,
,,,,,,,
,,,,,,,
,,,,,,,
,,,,,,,
,,,,,,,
,,,,,,,
,,,,,,,
,,,,,,,
,,,,,,,
,,,,,,,
,,,,,,,
,,,,,,,
,,,,,,,
,,,,,,,
,,,,,,,
,,,,,,,
,,,,,,,
,,,,,,,
,,,,,,,
,,,,,,,
,,,,,,,
,,,,,,,
,,,,,,,
,,,,,,,
,,,,,,,
,,,,,,,
,,,,,,,
,,,,,,,
,,,,,,,
,,,,,,,
,,,,,,,
,,,,,,,
,,,,,,,
,,,,,,,
,,,,,,,
,,,,,,,
,,,,,,,
,,,,,,,
,,,,,,,
,,,,,,,
,,,,,,,
,,,,,,,
,,,,,,,
,,,,,,,
,,,,,,,
,,,,,,,
,,,,,,,
,,,,,,,
,,,,,,,
,,,,,,,
,,,,,,,
,,,,,,,
,,,,,,,
,,,,,,,
,,,,,,,
,,,,,,,
,,,,,,,
,,,,,,,
,,,,,,,
,,,,,,,
,,,,,,,
,,,,,,,
,,,,,,,
,,,,,,,
,,,,,,,
,,,,,,,
,,,,,,,
,,,,,,,
,,,,,,,
,,,,,,,
,,,,,,,
,,,,,,,
,,,,,,,
,,,,,,,
,,,,,,,
,,,,,,,
,,,,,,,
,,,,,,,
,,,,,,,
,,,,,,,
,,,,,,,
,,,,,,,
,,,,,,,
,,,,,,,
,,,,,,,
,,,,,,,
,,,,,,,
,,,,,,,
,,,,,,,
,,,,,,,
,,,,,,,
,,,,,,,
,,,,,,,
,,,,,,,
,,,,,,,
,,,,,,,
,,,,,,,
,,,,,,,
,,,,,,,
,,,,,,,
,,,,,,,
,,,,,,,
,,,,,,,
,,,,,,,
,,,,,,,
,,,,,,,
,,,,,,,
,,,,,,,
,,,,,,,
,,,,,,,
,,,,,,,
,,,,,,,
,,,,,,,
,,,,,,,
,,,,,,,
,,,,,,,
,,,,,,,
,,,,,,,
,,,,,,,
,,,,,,,
,,,,,,,
,,,,,,,
,,,,,,,
,,,,,,,
,,,,,,,
,,,,,,,
,,,,,,,
,,,,,,,
,,,,,,,
,,,,,,,
,,,,,,,
,,,,,,,
,,,,,,,
,,,,,,,
,,,,,,,
,,,,,,,
,,,,,,,
,,,,,,,
,,,,,,,
,,,,,,,
,,,,,,,
,,,,,,,
,,,,,,,
,,,,,,,
,,,,,,,
,,,,,,,
,,,,,,,
,,,,,,,
,,,,,,,
,,,,,,,
,,,,,,,
,,,,,,,
,,,,,,,
,,,,,,,
,,,,,,,
,,,,,,,
,,,,,,,
,,,,,,,
,,,,,,,
,,,,,,,
,,,,,,,
,,,,,,,
,,,,,,,
,,,,,,,
,,,,,,,
,,,,,,,
,,,,,,,
,,,,,,,
,,,,,,,
,,,,,,,
,,,,,,,
,,,,,,,
,,,,,,,
,,,,,,,
,,,,,,,
,,,,,,,
,,,,,,,
,,,,,,,
,,,,,,,
,,,,,,,
,,,,,,,
,,,,,,,
,,,,,,,
,,,,,,,
,,,,,,,
,,,,,,,
,,,,,,,
,,,,,,,
,,,,,,,
,,,,,,,
,,,,,,,
,,,,,,,
,,,,,,,
,,,,,,,
,,,,,,,
,,,,,,,
,,,,,,,
,,,,,,,
,,,,,,,
,,,,,,,
,,,,,,,
,,,,,,,
,,,,,,,
,,,,,,,
,,,,,,,
,,,,,,,
,,,,,,,
,,,,,,,
,,,,,,,
,,,,,,,
,,,,,,,
,,,,,,,
,,,,,,,
,,,,,,,
,,,,,,,
,,,,,,,
,,,,,,,
,,,,,,,
,,,,,,,
,,,,,,,
,,,,,,,
,,,,,,,
,,,,,,,
,,,,,,,
,,,,,,,
,,,,,,,
,,,,,,,
,,,,,,,
,,,,,,,
,,,,,,,
,,,,,,,
,,,,,,,
,,,,,,,
,,,,,,,
,,,,,,,
,,,,,,,
,,,,,,,
,,,,,,,
,,,,,,,
,,,,,,,
,,,,,,,
,,,,,,,
,,,,,,,
,,,,,,,
,,,,,,,
,,,,,,,
,,,,,,,
,,,,,,,
,,,,,,,
,,,,,,,
,,,,,,,
,,,,,,,
,,,,,,,
,,,,,,,
,,,,,,,
,,,,,,,
,,,,,,,
,,,,,,,
,,,,,,,
,,,,,,,
,,,,,,,
,,,,,,,
,,,,,,,
,,,,,,,
,,,,,,,
,,,,,,,
,,,,,,,
,,,,,,,
,,,,,,,
,,,,,,,
,,,,,,,
,,,,,,,
,,,,,,,
,,,,,,,
,,,,,,,
,,,,,,,
,,,,,,,
,,,,,,,
,,,,,,,
,,,,,,,
,,,,,,,
,,,,,,,
,,,,,,,
,,,,,,,
,,,,,,,
,,,,,,,
,,,,,,,
,,,,,,,
,,,,,,,
,,,,,,,
,,,,,,,
,,,,,,,
,,,,,,,
,,,,,,,
,,,,,,,
,,,,,,,
,,,,,,,
,,,,,,,
,,,,,,,
,,,,,,,
,,,,,,,
,,,,,,,
,,,,,,,
,,,,,,,
,,,,,,,
,,,,,,,
,,,,,,,
,,,,,,,
,,,,,,,
,,,,,,,
,,,,,,,
,,,,,,,
,,,,,,,
,,,,,,,
,,,,,,,
,,,,,,,
,,,,,,,
,,,,,,,
,,,,,,,
,,,,,,,
,,,,,,,
,,,,,,,
,,,,,,,
,,,,,,,
,,,,,,,
,,,,,,,
,,,,,,,
,,,,,,,
,,,,,,,
,,,,,,,
,,,,,,,
,,,,,,,
,,,,,,,
,,,,,,,
,,,,,,,
,,,,,,,
,,,,,,,
,,,,,,,
,,,,,,,
,,,,,,,
,,,,,,,
,,,,,,,
,,,,,,,
,,,,,,,
,,,,,,,
,,,,,,,
,,,,,,,
,,,,,,,
,,,,,,,
,,,,,,,
,,,,,,,
,,,,,,,
,,,,,,,
,,,,,,,
,,,,,,,
,,,,,,,
,,,,,,,
,,,,,,,
,,,,,,,
,,,,,,,
,,,,,,,
,,,,,,,
,,,,,,,
,,,,,,,
,,,,,,,
,,,,,,,
,,,,,,,
,,,,,,,
,,,,,,,
,,,,,,,
,,,,,,,
,,,,,,,
,,,,,,,
,,,,,,,
,,,,,,,
,,,,,,,
,,,,,,,
,,,,,,,
,,,,,,,
,,,,,,,
,,,,,,,
,,,,,,,
,,,,,,,
,,,,,,,
,,,,,,,
,,,,,,,
,,,,,,,
,,,,,,,
,,,,,,,
,,,,,,,
,,,,,,,
,,,,,,,
,,,,,,,
,,,,,,,
,,,,,,,
,,,,,,,
,,,,,,,
,,,,,,,
,,,,,,,
,,,,,,,
,,,,,,,
,,,,,,,
,,,,,,,
,,,,,,,
,,,,,,,
,,,,,,,
,,,,,,,
,,,,,,,
,,,,,,,
,,,,,,,
,,,,,,,
,,,,,,,
,,,,,,,
,,,,,,,
,,,,,,,
,,,,,,,
,,,,,,,
,,,,,,,
,,,,,,,
,,,,,,,
,,,,,,,
,,,,,,,
,,,,,,,
,,,,,,,
,,,,,,,
,,,,,,,
,,,,,,,
,,,,,,,
,,,,,,,
,,,,,,,
,,,,,,,
,,,,,,,
,,,,,,,
,,,,,,,
,,,,,,,
,,,,,,,
,,,,,,,
,,,,,,,
,,,,,,,
,,,,,,,
,,,,,,,
,,,,,,,
,,,,,,,
,,,,,,,
,,,,,,,
,,,,,,,
,,,,,,,
,,,,,,,
,,,,,,,
,,,,,,,
,,,,,,,
,,,,,,,
,,,,,,,
,,,,,,,
,,,,,,,
,,,,,,,
,,,,,,,
,,,,,,,
,,,,,,,
,,,,,,,
,,,,,,,
,,,,,,,
,,,,,,,
,,,,,,,
,,,,,,,
,,,,,,,
,,,,,,,
,,,,,,,
,,,,,,,
,,,,,,,
,,,,,,,
,,,,,,,
,,,,,,,
,,,,,,,
,,,,,,,
,,,,,,,
,,,,,,,
,,,,,,,
,,,,,,,
,,,,,,,
,,,,,,,
,,,,,,,
,,,,,,,
,,,,,,,
,,,,,,,
,,,,,,,
,,,,,,,
,,,,,,,
,,,,,,,
,,,,,,,
,,,,,,,
,,,,,,,
,,,,,,,
,,,,,,,
,,,,,,,
,,,,,,,
,,,,,,,
,,,,,,,
,,,,,,,
,,,,,,,
,,,,,,,
,,,,,,,
,,,,,,,
,,,,,,,
,,,,,,,
,,,,,,,
,,,,,,,
,,,,,,,
,,,,,,,
,,,,,,,
,,,,,,,
,,,,,,,
,,,,,,,
,,,,,,,
,,,,,,,
,,,,,,,
,,,,,,,
,,,,,,,
,,,,,,,
,,,,,,,
,,,,,,,
,,,,,,,
,,,,,,,
,,,,,,,
,,,,,,,
,,,,,,,
,,,,,,,
,,,,,,,
,,,,,,,
,,,,,,,
,,,,,,,
,,,,,,,
,,,,,,,
,,,,,,,
,,,,,,,
,,,,,,,
,,,,,,,
,,,,,,,
,,,,,,,
,,,,,,,
,,,,,,,
,,,,,,,
,,,,,,,
,,,,,,,
,,,,,,,
,,,,,,,
,,,,,,,
,,,,,,,
,,,,,,,
,,,,,,,
,,,,,,,
,,,,,,,
,,,,,,,
,,,,,,,
,,,,,,,
,,,,,,,
,,,,,,,
,,,,,,,
,,,,,,,
,,,,,,,
,,,,,,,
,,,,,,,
,,,,,,,
,,,,,,,
,,,,,,,
,,,,,,,
,,,,,,,
,,,,,,,
,,,,,,,
,,,,,,,
,,,,,,,
,,,,,,,
,,,,,,,
,,,,,,,
,,,,,,,
,,,,,,,
,,,,,,,
,,,,,,,
,,,,,,,
,,,,,,,
,,,,,,,
,,,,,,,
,,,,,,,
,,,,,,,
,,,,,,,
,,,,,,,
,,,,,,,
,,,,,,,
,,,,,,,
,,,,,,,
,,,,,,,
,,,,,,,
,,,,,,,
,,,,,,,
,,,,,,,
,,,,,,,
,,,,,,,
,,,,,,,
,,,,,,,
,,,,,,,
,,,,,,,
,,,,,,,
,,,,,,,
,,,,,,,
,,,,,,,
,,,,,,,
,,,,,,,
,,,,,,,
,,,,,,,
,,,,,,,
,,,,,,,
,,,,,,,
,,,,,,,
,,,,,,,
,,,,,,,
,,,,,,,
,,,,,,,
,,,,,,,
,,,,,,,
,,,,,,,
,,,,,,,
,,,,,,,
,,,,,,,
,,,,,,,
,,,,,,,
,,,,,,,
,,,,,,,
,,,,,,,
,,,,,,,
,,,,,,,
,,,,,,,
,,,,,,,
,,,,,,,
,,,,,,,
,,,,,,,
,,,,,,,
,,,,,,,
,,,,,,,
,,,,,,,
,,,,,,,
,,,,,,,
,,,,,,,
,,,,,,,
,,,,,,,
,,,,,,,
,,,,,,,
,,,,,,,
,,,,,,,
,,,,,,,
,,,,,,,
,,,,,,,
,,,,,,,
,,,,,,,
,,,,,,,
,,,,,,,
,,,,,,,
,,,,,,,
,,,,,,,
,,,,,,,
,,,,,,,
,,,,,,,
,,,,,,,
,,,,,,,
,,,,,,,
,,,,,,,
,,,,,,,
,,,,,,,
,,,,,,,
,,,,,,,
,,,,,,,
,,,,,,,
,,,,,,,
,,,,,,,
,,,,,,,
,,,,,,,
,,,,,,,
,,,,,,,
,,,,,,,
,,,,,,,
,,,,,,,
,,,,,,,
,,,,,,,
,,,,,,,
,,,,,,,
,,,,,,,
,,,,,,,
,,,,,,,
,,,,,,,
,,,,,,,
,,,,,,,
,,,,,,,
,,,,,,,
,,,,,,,
,,,,,,,
,,,,,,,
,,,,,,,
,,,,,,,
,,,,,,,
,,,,,,,
,,,,,,,
,,,,,,,
,,,,,,,
,,,,,,,
,,,,,,,
,,,,,,,
,,,,,,,
,,,,,,,
,,,,,,,
,,,,,,,
,,,,,,,
,,,,,,,
,,,,,,,
,,,,,,,
,,,,,,,
,,,,,,,
,,,,,,,
,,,,,,,
,,,,,,,
,,,,,,,
,,,,,,,
,,,,,,,
,,,,,,,
,,,,,,,
,,,,,,,
,,,,,,,
,,,,,,,
,,,,,,,
,,,,,,,
,,,,,,,
,,,,,,,
,,,,,,,
,,,,,,,
,,,,,,,
,,,,,,,
,,,,,,,
,,,,,,,
,,,,,,,
,,,,,,,
,,,,,,,
,,,,,,,
,,,,,,,
,,,,,,,
,,,,,,,
,,,,,,,
,,,,,,,
,,,,,,,
,,,,,,,
,,,,,,,
,,,,,,,
,,,,,,,
,,,,,,,
,,,,,,,
,,,,,,,
,,,,,,,
,,,,,,,
,,,,,,,
,,,,,,,
,,,,,,,
,,,,,,,
,,,,,,,
,,,,,,,
,,,,,,,
,,,,,,,
,,,,,,,
,,,,,,,
,,,,,,,
,,,,,,,
,,,,,,,
,,,,,,,
,,,,,,,
,,,,,,,
,,,,,,,
,,,,,,,
,,,,,,,
,,,,,,,
,,,,,,,
,,,,,,,
,,,,,,,
,,,,,,,
,,,,,,,
,,,,,,,
,,,,,,,
,,,,,,,
,,,,,,,
,,,,,,,
,,,,,,,
,,,,,,,
,,,,,,,
,,,,,,,
,,,,,,,
,,,,,,,
,,,,,,,
,,,,,,,
,,,,,,,
,,,,,,,
,,,,,,,
,,,,,,,
,,,,,,,
,,,,,,,
,,,,,,,
,,,,,,,
,,,,,,,
,,,,,,,
,,,,,,,
,,,,,,,
,,,,,,,
,,,,,,,
,,,,,,,
,,,,,,,
,,,,,,,
,,,,,,,
,,,,,,,
,,,,,,,
,,,,,,,
,,,,,,,
,,,,,,,
,,,,,,,
,,,,,,,
,,,,,,,
,,,,,,,
,,,,,,,
,,,,,,,
,,,,,,,
,,,,,,,
,,,,,,,
,,,,,,,
,,,,,,,
,,,,,,,
,,,,,,,
,,,,,,,
,,,,,,,
,,,,,,,
,,,,,,,
,,,,,,,
,,,,,,,
,,,,,,,
,,,,,,,
,,,,,,,
,,,,,,,
,,,,,,,
,,,,,,,
,,,,,,,
,,,,,,,
,,,,,,,
,,,,,,,
,,,,,,,
,,,,,,,
,,,,,,,
,,,,,,,
,,,,,,,
,,,,,,,
,,,,,,,
,,,,,,,
,,,,,,,
,,,,,,,
,,,,,,,
,,,,,,,
,,,,,,,
,,,,,,,
,,,,,,,
,,,,,,,
,,,,,,,
,,,,,,,
,,,,,,,
,,,,,,,
,,,,,,,
,,,,,,,
,,,,,,,
,,,,,,,
,,,,,,,
,,,,,,,
,,,,,,,
,,,,,,,
,,,,,,,
,,,,,,,
,,,,,,,
,,,,,,,
,,,,,,,
,,,,,,,
,,,,,,,
,,,,,,,
,,,,,,,
,,,,,,,
,,,,,,,
,,,,,,,
,,,,,,,
,,,,,,,
,,,,,,,
,,,,,,,
,,,,,,,
,,,,,,,
,,,,,,,
,,,,,,,
,,,,,,,
,,,,,,,
,,,,,,,
,,,,,,,
,,,,,,,
,,,,,,,
,,,,,,,
,,,,,,,
,,,,,,,
,,,,,,,
,,,,,,,
,,,,,,,
,,,,,,,
,,,,,,,
,,,,,,,
,,,,,,,
,,,,,,,
,,,,,,,
,,,,,,,
,,,,,,,
,,,,,,,
,,,,,,,
,,,,,,,
,,,,,,,
,,,,,,,
,,,,,,,
,,,,,,,
,,,,,,,
,,,,,,,
,,,,,,,
,,,,,,,
,,,,,,,
,,,,,,,
,,,,,,,
,,,,,,,
,,,,,,,
,,,,,,,
,,,,,,,
,,,,,,,
,,,,,,,
,,,,,,,
,,,,,,,
,,,,,,,
,,,,,,,
,,,,,,,
,,,,,,,
,,,,,,,
,,,,,,,
,,,,,,,
,,,,,,,
,,,,,,,
,,,,,,,
,,,,,,,
,,,,,,,
,,,,,,,
,,,,,,,
,,,,,,,
,,,,,,,
,,,,,,,
,,,,,,,
,,,,,,,
,,,,,,,
,,,,,,,
,,,,,,,
,,,,,,,
,,,,,,,
,,,,,,,
,,,,,,,
,,,,,,,
,,,,,,,
,,,,,,,
,,,,,,,
,,,,,,,
,,,,,,,
,,,,,,,
,,,,,,,
,,,,,,,
,,,,,,,
,,,,,,,
,,,,,,,
,,,,,,,
,,,,,,,
,,,,,,,
,,,,,,,
,,,,,,,
,,,,,,,
,,,,,,,
,,,,,,,
,,,,,,,
,,,,,,,
,,,,,,,
,,,,,,,
,,,,,,,
,,,,,,,
,,,,,,,
,,,,,,,
,,,,,,,
,,,,,,,
,,,,,,,
,,,,,,,
,,,,,,,
,,,,,,,
,,,,,,,
,,,,,,,
,,,,,,,
,,,,,,,
,,,,,,,
,,,,,,,
,,,,,,,
,,,,,,,
,,,,,,,
,,,,,,,
,,,,,,,
,,,,,,,
,,,,,,,
,,,,,,,
,,,,,,,
,,,,,,,
,,,,,,,
,,,,,,,
,,,,,,,
,,,,,,,
,,,,,,,
,,,,,,,
,,,,,,,
,,,,,,,
,,,,,,,
,,,,,,,
,,,,,,,
,,,,,,,
,,,,,,,
,,,,,,,
,,,,,,,
,,,,,,,
,,,,,,,
,,,,,,,
,,,,,,,
,,,,,,,
,,,,,,,
,,,,,,,
,,,,,,,
,,,,,,,
,,,,,,,
,,,,,,,
,,,,,,,
,,,,,,,
,,,,,,,
,,,,,,,
,,,,,,,
,,,,,,,
,,,,,,,
,,,,,,,
,,,,,,,
,,,,,,,
,,,,,,,
,,,,,,,
,,,,,,,
,,,,,,,
,,,,,,,
,,,,,,,
,,,,,,,
,,,,,,,
,,,,,,,
,,,,,,,
,,,,,,,
,,,,,,,
,,,,,,,
,,,,,,,
,,,,,,,
,,,,,,,
,,,,,,,
,,,,,,,
,,,,,,,
,,,,,,,
,,,,,,,
,,,,,,,
,,,,,,,
,,,,,,,
,,,,,,,
,,,,,,,
,,,,,,,
,,,,,,,
,,,,,,,
,,,,,,,
,,,,,,,
,,,,,,,
,,,,,,,
,,,,,,,
,,,,,,,
,,,,,,,
,,,,,,,
,,,,,,,
,,,,,,,
,,,,,,,
,,,,,,,
,,,,,,,
,,,,,,,
,,,,,,,
,,,,,,,
,,,,,,,
,,,,,,,
,,,,,,,
,,,,,,,
,,,,,,,
,,,,,,,
,,,,,,,
,,,,,,,
,,,,,,,
,,,,,,,
,,,,,,,
,,,,,,,
,,,,,,,
,,,,,,,
,,,,,,,
,,,,,,,
,,,,,,,
,,,,,,,
,,,,,,,
,,,,,,,
,,,,,,,
,,,,,,,
,,,,,,,
,,,,,,,
,,,,,,,
,,,,,,,
,,,,,,,
,,,,,,,
,,,,,,,
,,,,,,,
,,,,,,,
,,,,,,,
,,,,,,,
,,,,,,,
,,,,,,,
,,,,,,,
,,,,,,,
,,,,,,,
,,,,,,,
,,,,,,,
,,,,,,,
,,,,,,,
,,,,,,,
,,,,,,,
,,,,,,,
,,,,,,,
,,,,,,,
,,,,,,,
,,,,,,,
,,,,,,,
,,,,,,,
,,,,,,,
,,,,,,,
,,,,,,,
,,,,,,,
,,,,,,,
,,,,,,,
,,,,,,,
,,,,,,,
,,,,,,,
,,,,,,,
,,,,,,,
,,,,,,,
,,,,,,,
,,,,,,,
,,,,,,,
,,,,,,,
,,,,,,,
,,,,,,,
,,,,,,,
,,,,,,,
,,,,,,,
,,,,,,,
,,,,,,,
,,,,,,,
,,,,,,,
,,,,,,,
,,,,,,,
,,,,,,,
,,,,,,,
,,,,,,,
,,,,,,,
,,,,,,,
,,,,,,,
,,,,,,,
,,,,,,,
,,,,,,,
,,,,,,,
,,,,,,,
,,,,,,,
,,,,,,,
,,,,,,,
,,,,,,,
,,,,,,,
,,,,,,,
,,,,,,,
,,,,,,,
,,,,,,,
,,,,,,,
,,,,,,,
,,,,,,,
,,,,,,,
,,,,,,,
,,,,,,,
,,,,,,,
,,,,,,,
,,,,,,,
,,,,,,,
,,,,,,,
,,,,,,,
,,,,,,,
,,,,,,,
,,,,,,,
,,,,,,,
,,,,,,,
,,,,,,,
,,,,,,,
,,,,,,,
,,,,,,,
,,,,,,,
,,,,,,,
,,,,,,,
,,,,,,,
,,,,,,,
,,,,,,,
,,,,,,,
,,,,,,,
,,,,,,,
,,,,,,,
,,,,,,,
,,,,,,,
,,,,,,,
,,,,,,,
,,,,,,,
,,,,,,,
,,,,,,,
,,,,,,,
,,,,,,,
,,,,,,,
,,,,,,,
,,,,,,,
,,,,,,,
,,,,,,,
,,,,,,,
,,,,,,,
,,,,,,,
,,,,,,,
,,,,,,,
,,,,,,,
,,,,,,,
,,,,,,,
,,,,,,,
,,,,,,,
,,,,,,,
,,,,,,,
,,,,,,,
,,,,,,,
,,,,,,,
,,,,,,,
,,,,,,,
,,,,,,,
,,,,,,,
,,,,,,,
,,,,,,,
,,,,,,,
,,,,,,,
,,,,,,,
,,,,,,,
,,,,,,,
,,,,,,,
,,,,,,,
,,,,,,,
,,,,,,,
,,,,,,,
,,,,,,,
,,,,,,,
,,,,,,,
,,,,,,,
,,,,,,,
,,,,,,,
,,,,,,,
,,,,,,,
,,,,,,,
,,,,,,,
,,,,,,,
,,,,,,,
,,,,,,,
,,,,,,,
,,,,,,,
,,,,,,,
,,,,,,,
,,,,,,,
,,,,,,,
,,,,,,,
,,,,,,,
,,,,,,,
,,,,,,,
,,,,,,,
,,,,,,,
,,,,,,,
,,,,,,,
,,,,,,,
,,,,,,,
,,,,,,,
,,,,,,,
,,,,,,,
,,,,,,,
,,,,,,,
,,,,,,,
,,,,,,,
,,,,,,,
,,,,,,,
,,,,,,,
,,,,,,,
,,,,,,,
,,,,,,,
,,,,,,,
,,,,,,,
,,,,,,,
,,,,,,,
,,,,,,,
,,,,,,,
,,,,,,,
,,,,,,,
,,,,,,,
,,,,,,,
,,,,,,,
,,,,,,,
,,,,,,,
,,,,,,,
,,,,,,,
,,,,,,,
,,,,,,,
,,,,,,,
,,,,,,,
,,,,,,,
,,,,,,,
,,,,,,,
,,,,,,,
,,,,,,,
,,,,,,,
,,,,,,,
,,,,,,,
,,,,,,,
,,,,,,,
,,,,,,,
,,,,,,,
,,,,,,,
,,,,,,,
,,,,,,,
,,,,,,,
,,,,,,,
,,,,,,,
,,,,,,,
,,,,,,,
,,,,,,,
,,,,,,,
,,,,,,,
,,,,,,,
,,,,,,,
,,,,,,,
,,,,,,,
,,,,,,,
,,,,,,,
,,,,,,,
,,,,,,,
,,,,,,,
,,,,,,,
,,,,,,,
,,,,,,,
,,,,,,,
,,,,,,,
,,,,,,,
,,,,,,,
,,,,,,,
,,,,,,,
,,,,,,,
,,,,,,,
,,,,,,,
,,,,,,,
,,,,,,,
,,,,,,,
,,,,,,,
,,,,,,,
,,,,,,,
,,,,,,,
,,,,,,,
,,,,,,,
,,,,,,,
,,,,,,,
,,,,,,,
,,,,,,,
,,,,,,,
,,,,,,,
,,,,,,,
,,,,,,,
,,,,,,,
,,,,,,,
,,,,,,,
,,,,,,,
,,,,,,,
,,,,,,,
,,,,,,,
,,,,,,,
,,,,,,,
,,,,,,,
,,,,,,,
,,,,,,,
,,,,,,,
,,,,,,,
,,,,,,,
,,,,,,,
,,,,,,,
,,,,,,,
,,,,,,,
,,,,,,,
,,,,,,,
,,,,,,,
,,,,,,,
,,,,,,,
,,,,,,,
,,,,,,,
,,,,,,,
,,,,,,,
,,,,,,,
,,,,,,,
,,,,,,,
,,,,,,,
,,,,,,,
,,,,,,,
,,,,,,,
,,,,,,,
,,,,,,,
,,,,,,,
,,,,,,,
,,,,,,,
,,,,,,,
,,,,,,,
,,,,,,,
,,,,,,,
,,,,,,,
,,,,,,,
,,,,,,,
,,,,,,,
,,,,,,,
,,,,,,,
,,,,,,,
,,,,,,,
,,,,,,,
,,,,,,,
,,,,,,,
,,,,,,,
,,,,,,,
,,,,,,,
,,,,,,,
,,,,,,,
,,,,,,,
,,,,,,,
,,,,,,,
,,,,,,,
,,,,,,,
,,,,,,,
,,,,,,,
,,,,,,,
,,,,,,,
,,,,,,,
,,,,,,,
,,,,,,,
,,,,,,,
,,,,,,,
,,,,,,,
,,,,,,,
,,,,,,,
,,,,,,,
,,,,,,,
,,,,,,,
,,,,,,,
,,,,,,,
,,,,,,,
,,,,,,,
,,,,,,,
,,,,,,,
,,,,,,,
,,,,,,,
,,,,,,,
,,,,,,,
,,,,,,,
,,,,,,,
,,,,,,,
,,,,,,,
,,,,,,,
,,,,,,,
,,,,,,,
,,,,,,,
,,,,,,,
,,,,,,,
,,,,,,,
,,,,,,,
,,,,,,,
,,,,,,,
,,,,,,,
,,,,,,,
,,,,,,,
,,,,,,,
,,,,,,,
,,,,,,,
,,,,,,,
,,,,,,,
,,,,,,,
,,,,,,,
,,,,,,,
,,,,,,,
,,,,,,,
,,,,,,,
,,,,,,,
,,,,,,,
,,,,,,,
,,,,,,,
,,,,,,,
,,,,,,,
,,,,,,,
,,,,,,,
,,,,,,,
,,,,,,,
,,,,,,,
,,,,,,,
,,,,,,,
,,,,,,,
,,,,,,,
,,,,,,,
,,,,,,,
,,,,,,,
,,,,,,,
,,,,,,,
,,,,,,,
,,,,,,,
,,,,,,,
,,,,,,,
,,,,,,,
,,,,,,,
,,,,,,,
,,,,,,,
,,,,,,,
,,,,,,,
,,,,,,,
,,,,,,,
,,,,,,,
,,,,,,,
,,,,,,,
,,,,,,,
,,,,,,,
,,,,,,,
,,,,,,,
,,,,,,,
,,,,,,,
,,,,,,,
,,,,,,,
,,,,,,,
,,,,,,,
,,,,,,,
,,,,,,,
,,,,,,,
,,,,,,,
,,,,,,,
,,,,,,,
,,,,,,,
,,,,,,,
,,,,,,,
,,,,,,,
,,,,,,,
,,,,,,,
,,,,,,,
,,,,,,,
,,,,,,,
,,,,,,,
,,,,,,,
,,,,,,,
,,,,,,,
,,,,,,,
,,,,,,,
,,,,,,,
,,,,,,,
,,,,,,,
,,,,,,,
,,,,,,,
,,,,,,,
,,,,,,,
,,,,,,,
,,,,,,,
,,,,,,,
,,,,,,,
,,,,,,,
,,,,,,,
,,,,,,,
,,,,,,,
,,,,,,,
,,,,,,,
,,,,,,,
,,,,,,,
,,,,,,,
,,,,,,,
,,,,,,,
,,,,,,,
,,,,,,,
,,,,,,,
,,,,,,,
,,,,,,,
,,,,,,,
,,,,,,,
,,,,,,,
,,,,,,,
,,,,,,,
,,,,,,,
,,,,,,,
,,,,,,,
,,,,,,,
,,,,,,,
,,,,,,,
,,,,,,,
,,,,,,,
,,,,,,,
,,,,,,,
,,,,,,,
,,,,,,,
,,,,,,,
,,,,,,,
,,,,,,,
,,,,,,,
,,,,,,,
,,,,,,,
,,,,,,,
,,,,,,,
,,,,,,,
,,,,,,,
,,,,,,,
,,,,,,,
,,,,,,,
,,,,,,,
,,,,,,,
,,,,,,,
,,,,,,,
,,,,,,,
,,,,,,,
,,,,,,,
,,,,,,,
,,,,,,,
,,,,,,,
,,,,,,,
,,,,,,,
,,,,,,,
,,,,,,,
,,,,,,,
,,,,,,,
,,,,,,,
,,,,,,,
,,,,,,,
,,,,,,,
,,,,,,,
,,,,,,,
,,,,,,,
,,,,,,,
,,,,,,,
,,,,,,,
,,,,,,,
,,,,,,,
,,,,,,,
,,,,,,,
,,,,,,,
,,,,,,,
,,,,,,,
,,,,,,,
,,,,,,,
,,,,,,,
,,,,,,,
,,,,,,,
,,,,,,,
,,,,,,,
,,,,,,,
,,,,,,,
,,,,,,,
,,,,,,,
,,,,,,,
,,,,,,,
,,,,,,,
,,,,,,,
,,,,,,,
,,,,,,,
,,,,,,,
,,,,,,,
,,,,,,,
,,,,,,,
,,,,,,,
,,,,,,,
,,,,,,,
,,,,,,,
,,,,,,,
,,,,,,,
,,,,,,,
,,,,,,,
,,,,,,,
,,,,,,,
,,,,,,,
,,,,,,,
,,,,,,,
,,,,,,,
,,,,,,,
,,,,,,,
,,,,,,,
,,,,,,,
,,,,,,,
,,,,,,,
,,,,,,,
,,,,,,,
,,,,,,,
,,,,,,,
,,,,,,,
,,,,,,,
,,,,,,,
,,,,,,,
,,,,,,,
,,,,,,,
,,,,,,,
,,,,,,,
,,,,,,,
,,,,,,,
,,,,,,,
,,,,,,,
,,,,,,,
,,,,,,,
,,,,,,,
,,,,,,,
,,,,,,,
,,,,,,,
,,,,,,,
,,,,,,,
,,,,,,,
,,,,,,,
,,,,,,,
,,,,,,,
,,,,,,,
,,,,,,,
,,,,,,,
,,,,,,,
,,,,,,,
,,,,,,,
,,,,,,,
,,,,,,,
,,,,,,,
,,,,,,,
,,,,,,,
,,,,,,,
,,,,,,,
,,,,,,,
,,,,,,,
,,,,,,,
,,,,,,,
,,,,,,,
,,,,,,,
,,,,,,,
,,,,,,,
,,,,,,,
,,,,,,,
,,,,,,,
,,,,,,,
,,,,,,,
,,,,,,,
,,,,,,,
,,,,,,,
,,,,,,,
,,,,,,,
,,,,,,,
,,,,,,,
,,,,,,,
,,,,,,,
,,,,,,,
,,,,,,,
,,,,,,,
,,,,,,,
,,,,,,,
,,,,,,,
,,,,,,,
,,,,,,,
,,,,,,,
,,,,,,,
,,,,,,,
,,,,,,,
,,,,,,,
,,,,,,,
,,,,,,,
,,,,,,,
,,,,,,,
,,,,,,,
,,,,,,,
,,,,,,,
,,,,,,,
,,,,,,,
,,,,,,,
,,,,,,,
,,,,,,,
,,,,,,,
,,,,,,,
,,,,,,,
,,,,,,,
,,,,,,,
,,,,,,,
,,,,,,,
,,,,,,,
,,,,,,,
,,,,,,,
,,,,,,,
,,,,,,,
,,,,,,,
,,,,,,,
,,,,,,,
,,,,,,,
,,,,,,,
,,,,,,,
,,,,,,,
,,,,,,,
,,,,,,,
,,,,,,,
,,,,,,,
,,,,,,,
,,,,,,,
,,,,,,,
,,,,,,,
,,,,,,,
,,,,,,,
,,,,,,,
,,,,,,,
,,,,,,,
,,,,,,,
,,,,,,,
,,,,,,,
,,,,,,,
,,,,,,,
,,,,,,,
,,,,,,,
,,,,,,,
,,,,,,,
,,,,,,,
,,,,,,,
,,,,,,,
,,,,,,,
,,,,,,,
,,,,,,,
,,,,,,,
,,,,,,,
,,,,,,,
,,,,,,,
,,,,,,,
,,,,,,,
,,,,,,,
,,,,,,,
,,,,,,,
,,,,,,,
,,,,,,,
,,,,,,,
,,,,,,,
,,,,,,,
,,,,,,,
,,,,,,,
,,,,,,,
,,,,,,,
,,,,,,,
,,,,,,,
,,,,,,,
,,,,,,,
,,,,,,,
,,,,,,,
,,,,,,,
,,,,,,,
,,,,,,,
,,,,,,,
,,,,,,,
,,,,,,,
,,,,,,,
,,,,,,,
,,,,,,,
,,,,,,,
,,,,,,,
,,,,,,,
,,,,,,,
,,,,,,,
,,,,,,,
,,,,,,,
,,,,,,,
,,,,,,,
,,,,,,,
,,,,,,,
,,,,,,,
,,,,,,,
,,,,,,,
,,,,,,,
,,,,,,,
,,,,,,,
,,,,,,,
,,,,,,,
,,,,,,,
,,,,,,,
,,,,,,,
,,,,,,,
,,,,,,,
,,,,,,,
,,,,,,,
,,,,,,,
,,,,,,,
,,,,,,,
,,,,,,,
,,,,,,,
,,,,,,,
,,,,,,,
,,,,,,,
,,,,,,,
,,,,,,,
,,,,,,,
,,,,,,,
,,,,,,,
,,,,,,,
,,,,,,,
,,,,,,,
,,,,,,,
,,,,,,,
,,,,,,,
,,,,,,,
,,,,,,,
,,,,,,,
,,,,,,,
,,,,,,,
,,,,,,,
,,,,,,,
,,,,,,,
,,,,,,,
,,,,,,,
,,,,,,,
,,,,,,,
,,,,,,,
,,,,,,,
,,,,,,,
,,,,,,,
,,,,,,,
,,,,,,,
,,,,,,,
,,,,,,,
,,,,,,,
,,,,,,,
,,,,,,,
,,,,,,,
,,,,,,,
,,,,,,,
,,,,,,,
,,,,,,,
,,,,,,,
,,,,,,,
,,,,,,,
,,,,,,,
,,,,,,,
,,,,,,,
,,,,,,,
,,,,,,,
,,,,,,,
,,,,,,,
,,,,,,,
,,,,,,,
,,,,,,,
,,,,,,,
,,,,,,,
,,,,,,,
,,,,,,,
,,,,,,,
,,,,,,,
,,,,,,,
,,,,,,,
,,,,,,,
,,,,,,,
,,,,,,,
,,,,,,,
,,,,,,,
,,,,,,,
,,,,,,,
,,,,,,,
,,,,,,,
,,,,,,,
,,,,,,,
,,,,,,,
,,,,,,,
,,,,,,,
,,,,,,,
,,,,,,,
,,,,,,,
,,,,,,,
,,,,,,,
,,,,,,,
,,,,,,,
,,,,,,,
,,,,,,,
,,,,,,,
,,,,,,,
,,,,,,,
,,,,,,,
,,,,,,,
,,,,,,,
,,,,,,,
,,,,,,,
,,,,,,,
,,,,,,,
,,,,,,,
,,,,,,,
,,,,,,,
,,,,,,,
,,,,,,,
,,,,,,,
,,,,,,,
,,,,,,,
,,,,,,,
,,,,,,,
,,,,,,,
,,,,,,,
,,,,,,,
,,,,,,,
,,,,,,,
,,,,,,,
,,,,,,,
,,,,,,,
,,,,,,,
,,,,,,,
,,,,,,,
,,,,,,,
,,,,,,,
,,,,,,,
,,,,,,,
,,,,,,,
,,,,,,,
,,,,,,,
,,,,,,,
,,,,,,,
,,,,,,,
,,,,,,,
,,,,,,,
,,,,,,,
,,,,,,,
,,,,,,,
,,,,,,,
,,,,,,,
,,,,,,,
,,,,,,,
,,,,,,,
,,,,,,,
,,,,,,,
,,,,,,,
,,,,,,,
,,,,,,,
,,,,,,,
,,,,,,,
,,,,,,,
,,,,,,,
,,,,,,,
,,,,,,,
,,,,,,,
,,,,,,,
,,,,,,,
,,,,,,,
,,,,,,,
,,,,,,,
,,,,,,,
,,,,,,,
,,,,,,,
,,,,,,,
,,,,,,,
,,,,,,,
,,,,,,,
,,,,,,,
,,,,,,,
,,,,,,,
,,,,,,,
,,,,,,,
,,,,,,,
,,,,,,,
,,,,,,,
,,,,,,,
,,,,,,,
,,,,,,,
,,,,,,,
,,,,,,,
,,,,,,,
,,,,,,,
,,,,,,,
,,,,,,,
,,,,,,,
,,,,,,,
,,,,,,,
,,,,,,,
,,,,,,,
,,,,,,,
,,,,,,,
,,,,,,,
,,,,,,,
,,,,,,,
,,,,,,,
,,,,,,,
,,,,,,,
,,,,,,,
,,,,,,,
,,,,,,,
,,,,,,,
,,,,,,,
,,,,,,,
,,,,,,,
,,,,,,,
,,,,,,,
,,,,,,,
,,,,,,,
,,,,,,,
,,,,,,,
,,,,,,,
,,,,,,,
,,,,,,,
,,,,,,,
,,,,,,,
,,,,,,,
,,,,,,,
,,,,,,,
,,,,,,,
,,,,,,,
,,,,,,,
,,,,,,,
,,,,,,,
,,,,,,,
,,,,,,,
,,,,,,,
,,,,,,,
,,,,,,,
,,,,,,,
,,,,,,,
,,,,,,,
,,,,,,,
,,,,,,,
,,,,,,,
,,,,,,,
,,,,,,,
,,,,,,,
,,,,,,,
,,,,,,,
,,,,,,,
,,,,,,,
,,,,,,,
,,,,,,,
,,,,,,,
,,,,,,,
,,,,,,,
,,,,,,,
,,,,,,,
,,,,,,,
,,,,,,,
,,,,,,,
,,,,,,,
,,,,,,,
,,,,,,,
,,,,,,,
,,,,,,,
,,,,,,,
,,,,,,,
,,,,,,,
,,,,,,,
,,,,,,,
,,,,,,,
,,,,,,,
,,,,,,,
,,,,,,,
,,,,,,,
,,,,,,,
,,,,,,,
,,,,,,,
,,,,,,,
,,,,,,,
,,,,,,,
,,,,,,,
,,,,,,,
,,,,,,,
,,,,,,,
,,,,,,,
,,,,,,,
,,,,,,,
,,,,,,,
,,,,,,,
,,,,,,,
,,,,,,,
,,,,,,,
,,,,,,,
,,,,,,,
,,,,,,,
,,,,,,,
,,,,,,,
,,,,,,,
,,,,,,,
,,,,,,,
,,,,,,,
,,,,,,,
,,,,,,,
,,,,,,,
,,,,,,,
,,,,,,,
,,,,,,,
,,,,,,,
,,,,,,,
,,,,,,,
,,,,,,,
,,,,,,,
,,,,,,,
,,,,,,,
,,,,,,,
,,,,,,,
,,,,,,,
,,,,,,,
,,,,,,,
,,,,,,,
,,,,,,,
,,,,,,,
,,,,,,,
,,,,,,,
,,,,,,,
,,,,,,,
,,,,,,,
,,,,,,,
,,,,,,,
,,,,,,,
,,,,,,,
,,,,,,,
,,,,,,,
,,,,,,,
,,,,,,,
,,,,,,,
,,,,,,,
,,,,,,,
,,,,,,,
,,,,,,,
,,,,,,,
,,,,,,,
,,,,,,,
,,,,,,,
,,,,,,,
,,,,,,,
,,,,,,,
,,,,,,,
,,,,,,,
,,,,,,,
,,,,,,,
,,,,,,,
,,,,,,,
,,,,,,,
,,,,,,,
,,,,,,,
,,,,,,,
,,,,,,,
,,,,,,,
,,,,,,,
,,,,,,,
,,,,,,,
,,,,,,,
,,,,,,,
,,,,,,,
,,,,,,,
,,,,,,,
,,,,,,,
,,,,,,,
,,,,,,,
,,,,,,,
,,,,,,,
,,,,,,,
,,,,,,,
,,,,,,,
,,,,,,,
,,,,,,,
,,,,,,,
,,,,,,,
,,,,,,,
,,,,,,,
,,,,,,,
,,,,,,,
,,,,,,,
,,,,,,,
,,,,,,,
,,,,,,,
,,,,,,,
,,,,,,,
,,,,,,,
,,,,,,,
,,,,,,,
,,,,,,,
,,,,,,,
,,,,,,,
,,,,,,,
,,,,,,,
,,,,,,,
,,,,,,,
,,,,,,,
,,,,,,,
,,,,,,,
,,,,,,,
,,,,,,,
,,,,,,,
,,,,,,,
,,,,,,,
,,,,,,,
,,,,,,,
,,,,,,,
,,,,,,,
,,,,,,,
,,,,,,,
,,,,,,,
,,,,,,,
,,,,,,,
,,,,,,,
,,,,,,,
,,,,,,,
,,,,,,,
,,,,,,,
,,,,,,,
,,,,,,,
,,,,,,,
,,,,,,,
,,,,,,,
,,,,,,,
,,,,,,,
,,,,,,,
,,,,,,,
,,,,,,,
,,,,,,,
,,,,,,,
,,,,,,,
,,,,,,,
,,,,,,,
,,,,,,,
,,,,,,,
,,,,,,,
,,,,,,,
,,,,,,,
,,,,,,,
,,,,,,,
,,,,,,,
,,,,,,,
,,,,,,,
,,,,,,,
,,,,,,,
,,,,,,,
,,,,,,,
,,,,,,,
,,,,,,,
,,,,,,,
,,,,,,,
,,,,,,,
,,,,,,,
,,,,,,,
,,,,,,,
,,,,,,,
,,,,,,,
,,,,,,,
,,,,,,,
,,,,,,,
,,,,,,,
,,,,,,,
,,,,,,,
,,,,,,,
,,,,,,,
,,,,,,,
,,,,,,,
,,,,,,,
,,,,,,,
,,,,,,,
,,,,,,,
,,,,,,,
,,,,,,,
,,,,,,,
,,,,,,,
,,,,,,,
,,,,,,,
,,,,,,,
,,,,,,,
,,,,,,,
,,,,,,,
,,,,,,,
,,,,,,,
,,,,,,,
,,,,,,,
,,,,,,,
,,,,,,,
,,,,,,,
,,,,,,,
,,,,,,,
,,,,,,,
,,,,,,,
,,,,,,,
,,,,,,,
,,,,,,,
,,,,,,,
,,,,,,,
,,,,,,,
,,,,,,,
,,,,,,,
,,,,,,,
,,,,,,,
,,,,,,,
,,,,,,,
,,,,,,,
,,,,,,,
,,,,,,,
,,,,,,,
,,,,,,,
,,,,,,,
,,,,,,,
,,,,,,,
,,,,,,,
,,,,,,,
,,,,,,,
,,,,,,,
,,,,,,,
,,,,,,,
,,,,,,,
,,,,,,,
,,,,,,,
,,,,,,,
,,,,,,,
,,,,,,,
,,,,,,,
,,,,,,,
,,,,,,,
,,,,,,,
,,,,,,,
,,,,,,,
,,,,,,,
,,,,,,,
,,,,,,,
,,,,,,,
,,,,,,,
,,,,,,,
,,,,,,,
,,,,,,,
,,,,,,,
,,,,,,,
,,,,,,,
,,,,,,,
,,,,,,,
,,,,,,,
,,,,,,,
,,,,,,,
,,,,,,,
,,,,,,,
,,,,,,,
,,,,,,,
,,,,,,,
,,,,,,,
,,,,,,,
,,,,,,,
,,,,,,,
,,,,,,,
,,,,,,,
,,,,,,,
,,,,,,,
,,,,,,,
,,,,,,,
,,,,,,,
,,,,,,,
,,,,,,,
,,,,,,,
,,,,,,,
,,,,,,,
,,,,,,,
,,,,,,,
,,,,,,,
,,,,,,,
,,,,,,,
,,,,,,,
,,,,,,,
,,,,,,,
,,,,,,,
,,,,,,,
,,,,,,,
,,,,,,,
,,,,,,,
,,,,,,,
,,,,,,,
,,,,,,,
,,,,,,,
,,,,,,,
,,,,,,,
,,,,,,,
,,,,,,,
,,,,,,,
,,,,,,,
,,,,,,,
,,,,,,,
,,,,,,,
,,,,,,,
,,,,,,,
,,,,,,,
,,,,,,,
,,,,,,,
,,,,,,,
,,,,,,,
,,,,,,,
,,,,,,,
,,,,,,,
,,,,,,,
,,,,,,,
,,,,,,,
,,,,,,,
,,,,,,,
,,,,,,,
,,,,,,,
,,,,,,,
,,,,,,,
,,,,,,,
,,,,,,,
,,,,,,,
,,,,,,,
,,,,,,,
,,,,,,,
,,,,,,,
,,,,,,,
,,,,,,,
,,,,,,,
,,,,,,,
,,,,,,,
,,,,,,,
,,,,,,,
,,,,,,,
,,,,,,,
,,,,,,,
,,,,,,,
,,,,,,,
,,,,,,,
,,,,,,,
,,,,,,,
,,,,,,,
,,,,,,,
,,,,,,,
,,,,,,,
,,,,,,,
,,,,,,,
,,,,,,,
,,,,,,,
,,,,,,,
,,,,,,,
,,,,,,,
,,,,,,,
,,,,,,,
,,,,,,,
,,,,,,,
,,,,,,,
,,,,,,,
,,,,,,,
,,,,,,,
,,,,,,,
,,,,,,,
,,,,,,,
,,,,,,,
,,,,,,,
,,,,,,,
,,,,,,,
,,,,,,,
,,,,,,,
,,,,,,,
,,,,,,,
,,,,,,,
,,,,,,,
,,,,,,,
,,,,,,,
,,,,,,,
,,,,,,,
,,,,,,,
,,,,,,,
,,,,,,,
,,,,,,,
,,,,,,,
,,,,,,,
,,,,,,,
,,,,,,,
,,,,,,,
,,,,,,,
,,,,,,,
,,,,,,,
,,,,,,,
,,,,,,,
,,,,,,,
,,,,,,,
,,,,,,,
,,,,,,,
,,,,,,,
,,,,,,,
,,,,,,,
,,,,,,,
,,,,,,,
,,,,,,,
,,,,,,,
,,,,,,,
,,,,,,,
,,,,,,,
,,,,,,,
,,,,,,,
,,,,,,,
,,,,,,,
,,,,,,,
,,,,,,,
,,,,,,,
,,,,,,,
,,,,,,,
,,,,,,,
,,,,,,,
,,,,,,,
,,,,,,,
,,,,,,,
,,,,,,,
,,,,,,,
,,,,,,,
,,,,,,,
,,,,,,,
,,,,,,,
,,,,,,,
,,,,,,,
,,,,,,,
,,,,,,,
,,,,,,,
,,,,,,,
,,,,,,,
,,,,,,,
,,,,,,,
,,,,,,,
,,,,,,,
,,,,,,,
,,,,,,,
,,,,,,,
,,,,,,,
,,,,,,,
,,,,,,,
,,,,,,,
,,,,,,,
,,,,,,,
,,,,,,,
,,,,,,,
,,,,,,,
,,,,,,,
,,,,,,,
,,,,,,,
,,,,,,,
,,,,,,,
,,,,,,,
,,,,,,,
,,,,,,,
,,,,,,,
,,,,,,,
,,,,,,,
,,,,,,,
,,,,,,,
,,,,,,,
,,,,,,,
,,,,,,,
,,,,,,,
,,,,,,,
,,,,,,,
,,,,,,,
,,,,,,,
,,,,,,,
,,,,,,,
,,,,,,,
,,,,,,,
,,,,,,,
,,,,,,,
,,,,,,,
,,,,,,,
,,,,,,,
,,,,,,,
,,,,,,,
,,,,,,,
,,,,,,,
,,,,,,,
,,,,,,,
,,,,,,,
,,,,,,,
,,,,,,,
,,,,,,,
,,,,,,,
,,,,,,,
,,,,,,,
,,,,,,,
,,,,,,,
,,,,,,,
,,,,,,,
,,,,,,,
,,,,,,,
,,,,,,,
,,,,,,,
,,,,,,,
,,,,,,,
,,,,,,,
,,,,,,,
,,,,,,,
,,,,,,,
,,,,,,,
,,,,,,,
,,,,,,,
,,,,,,,
,,,,,,,
,,,,,,,
,,,,,,,
,,,,,,,
,,,,,,,
,,,,,,,
,,,,,,,
,,,,,,,
,,,,,,,
,,,,,,,
,,,,,,,
,,,,,,,
,,,,,,,
,,,,,,,
,,,,,,,
,,,,,,,
,,,,,,,
,,,,,,,
,,,,,,,
,,,,,,,
,,,,,,,
,,,,,,,
,,,,,,,
,,,,,,,
,,,,,,,
,,,,,,,
,,,,,,,
,,,,,,,
,,,,,,,
,,,,,,,
,,,,,,,
,,,,,,,
,,,,,,,
,,,,,,,
,,,,,,,
,,,,,,,
,,,,,,,
,,,,,,,
,,,,,,,
,,,,,,,
,,,,,,,
,,,,,,,
,,,,,,,
,,,,,,,
,,,,,,,
,,,,,,,
,,,,,,,
,,,,,,,
,,,,,,,
,,,,,,,
,,,,,,,
,,,,,,,
,,,,,,,
,,,,,,,
,,,,,,,
,,,,,,,
,,,,,,,
,,,,,,,
,,,,,,,
,,,,,,,
,,,,,,,
,,,,,,,
,,,,,,,
,,,,,,,
,,,,,,,
,,,,,,,
,,,,,,,
,,,,,,,
,,,,,,,
,,,,,,,
,,,,,,,
,,,,,,,
,,,,,,,
,,,,,,,
,,,,,,,
,,,,,,,
,,,,,,,
,,,,,,,
,,,,,,,
,,,,,,,
,,,,,,,
,,,,,,,
,,,,,,,
,,,,,,,
,,,,,,,
,,,,,,,
,,,,,,,
,,,,,,,
,,,,,,,
,,,,,,,
,,,,,,,
,,,,,,,
,,,,,,,
,,,,,,,
,,,,,,,
,,,,,,,
,,,,,,,
,,,,,,,
,,,,,,,
,,,,,,,
,,,,,,,
,,,,,,,
,,,,,,,
,,,,,,,
,,,,,,,
,,,,,,,
,,,,,,,
,,,,,,,
,,,,,,,
,,,,,,,
,,,,,,,
,,,,,,,
,,,,,,,
,,,,,,,
,,,,,,,
,,,,,,,
,,,,,,,
,,,,,,,
,,,,,,,
,,,,,,,
,,,,,,,
,,,,,,,
,,,,,,,
,,,,,,,
,,,,,,,
,,,,,,,
,,,,,,,
,,,,,,,
,,,,,,,
,,,,,,,
,,,,,,,
,,,,,,,
,,,,,,,
,,,,,,,
,,,,,,,
,,,,,,,
,,,,,,,
,,,,,,,
,,,,,,,
,,,,,,,
,,,,,,,
,,,,,,,
,,,,,,,
,,,,,,,
,,,,,,,
,,,,,,,
,,,,,,,
,,,,,,,
,,,,,,,
,,,,,,,
,,,,,,,
,,,,,,,
,,,,,,,
,,,,,,,
,,,,,,,
,,,,,,,
,,,,,,,
,,,,,,,
,,,,,,,
,,,,,,,
,,,,,,,
,,,,,,,
,,,,,,,
,,,,,,,
,,,,,,,
,,,,,,,
,,,,,,,
,,,,,,,
,,,,,,,
,,,,,,,
,,,,,,,
,,,,,,,
,,,,,,,
,,,,,,,
,,,,,,,
,,,,,,,
,,,,,,,
,,,,,,,
,,,,,,,
,,,,,,,
,,,,,,,
,,,,,,,
,,,,,,,
,,,,,,,
,,,,,,,
,,,,,,,
,,,,,,,
,,,,,,,
,,,,,,,
,,,,,,,
,,,,,,,
,,,,,,,
,,,,,,,
,,,,,,,
,,,,,,,
,,,,,,,
,,,,,,,
,,,,,,,
,,,,,,,
,,,,,,,
,,,,,,,
,,,,,,,
,,,,,,,
,,,,,,,
,,,,,,,
,,,,,,,
,,,,,,,
,,,,,,,
,,,,,,,
,,,,,,,
,,,,,,,
,,,,,,,
,,,,,,,
,,,,,,,
,,,,,,,
,,,,,,,
,,,,,,,
,,,,,,,
,,,,,,,
,,,,,,,
,,,,,,,
,,,,,,,
,,,,,,,
,,,,,,,
,,,,,,,
,,,,,,,
,,,,,,,
,,,,,,,
,,,,,,,
,,,,,,,
,,,,,,,
,,,,,,,
,,,,,,,
,,,,,,,
,,,,,,,
,,,,,,,
,,,,,,,
,,,,,,,
,,,,,,,
,,,,,,,
,,,,,,,
,,,,,,,
,,,,,,,
,,,,,,,
,,,,,,,
,,,,,,,
,,,,,,,
,,,,,,,
,,,,,,,
,,,,,,,
,,,,,,,
,,,,,,,
,,,,,,,
,,,,,,,
,,,,,,,
,,,,,,,
,,,,,,,
,,,,,,,
,,,,,,,
,,,,,,,
,,,,,,,
,,,,,,,
,,,,,,,
,,,,,,,
,,,,,,,
,,,,,,,
,,,,,,,
,,,,,,,
,,,,,,,
,,,,,,,
,,,,,,,
,,,,,,,
,,,,,,,
,,,,,,,
,,,,,,,
,,,,,,,
,,,,,,,
,,,,,,,
,,,,,,,
,,,,,,,
,,,,,,,
,,,,,,,
,,,,,,,
,,,,,,,
,,,,,,,
,,,,,,,
,,,,,,,
,,,,,,,
,,,,,,,
,,,,,,,
,,,,,,,
,,,,,,,
,,,,,,,
,,,,,,,
,,,,,,,
,,,,,,,
,,,,,,,
,,,,,,,
,,,,,,,
,,,,,,,
,,,,,,,
,,,,,,,
,,,,,,,
,,,,,,,
,,,,,,,
,,,,,,,
,,,,,,,
,,,,,,,
,,,,,,,
,,,,,,,
,,,,,,,
,,,,,,,
,,,,,,,
,,,,,,,
,,,,,,,
,,,,,,,
,,,,,,,
,,,,,,,
,,,,,,,
,,,,,,,
,,,,,,,
,,,,,,,
,,,,,,,
,,,,,,,
,,,,,,,
,,,,,,,
,,,,,,,
,,,,,,,
,,,,,,,
,,,,,,,
,,,,,,,
,,,,,,,
,,,,,,,
,,,,,,,
,,,,,,,
,,,,,,,
,,,,,,,
,,,,,,,
,,,,,,,
,,,,,,,
,,,,,,,
,,,,,,,
,,,,,,,
,,,,,,,
,,,,,,,
,,,,,,,
,,,,,,,
,,,,,,,
,,,,,,,
,,,,,,,
,,,,,,,
,,,,,,,
,,,,,,,
,,,,,,,
,,,,,,,
,,,,,,,
,,,,,,,
,,,,,,,
,,,,,,,
,,,,,,,
,,,,,,,
,,,,,,,
,,,,,,,
,,,,,,,
,,,,,,,
,,,,,,,
,,,,,,,
,,,,,,,
,,,,,,,
,,,,,,,
,,,,,,,
,,,,,,,
,,,,,,,
,,,,,,,
,,,,,,,
,,,,,,,
,,,,,,,
,,,,,,,
,,,,,,,
,,,,,,,
,,,,,,,
,,,,,,,
,,,,,,,
,,,,,,,
,,,,,,,
,,,,,,,
,,,,,,,
,,,,,,,
,,,,,,,
,,,,,,,
,,,,,,,
,,,,,,,
,,,,,,,
,,,,,,,
,,,,,,,
,,,,,,,
,,,,,,,
,,,,,,,
,,,,,,,
,,,,,,,
,,,,,,,
,,,,,,,
,,,,,,,
,,,,,,,
,,,,,,,
,,,,,,,
,,,,,,,
,,,,,,,
,,,,,,,
,,,,,,,
,,,,,,,
,,,,,,,
,,,,,,,
,,,,,,,
,,,,,,,
,,,,,,,
,,,,,,,
,,,,,,,
,,,,,,,
,,,,,,,
,,,,,,,
,,,,,,,
,,,,,,,
,,,,,,,
,,,,,,,
,,,,,,,
,,,,,,,
,,,,,,,
,,,,,,,
,,,,,,,
,,,,,,,
,,,,,,,
,,,,,,,
,,,,,,,
,,,,,,,
,,,,,,,
,,,,,,,
,,,,,,,
,,,,,,,
,,,,,,,
,,,,,,,
,,,,,,,
,,,,,,,
,,,,,,,
,,,,,,,
,,,,,,,
,,,,,,,
,,,,,,,
,,,,,,,
,,,,,,,
,,,,,,,
,,,,,,,
,,,,,,,
,,,,,,,
,,,,,,,
,,,,,,,
,,,,,,,
,,,,,,,
,,,,,,,
,,,,,,,
,,,,,,,
,,,,,,,
,,,,,,,
,,,,,,,
,,,,,,,
,,,,,,,
,,,,,,,
,,,,,,,
,,,,,,,
,,,,,,,
,,,,,,,
,,,,,,,
,,,,,,,
,,,,,,,
,,,,,,,
,,,,,,,
,,,,,,,
,,,,,,,
,,,,,,,
,,,,,,,
,,,,,,,
,,,,,,,
,,,,,,,
,,,,,,,
,,,,,,,
,,,,,,,
,,,,,,,
,,,,,,,
,,,,,,,
,,,,,,,
,,,,,,,
,,,,,,,
,,,,,,,
,,,,,,,
,,,,,,,
,,,,,,,
,,,,,,,
,,,,,,,
,,,,,,,
,,,,,,,
,,,,,,,
,,,,,,,
,,,,,,,
,,,,,,,
,,,,,,,
,,,,,,,
,,,,,,,
,,,,,,,
,,,,,,,
,,,,,,,
,,,,,,,
,,,,,,,
,,,,,,,
,,,,,,,
,,,,,,,
,,,,,,,
,,,,,,,
,,,,,,,
,,,,,,,
,,,,,,,
,,,,,,,
,,,,,,,
,,,,,,,
,,,,,,,
,,,,,,,
,,,,,,,
,,,,,,,
,,,,,,,
,,,,,,,
,,,,,,,
,,,,,,,
,,,,,,,
,,,,,,,
,,,,,,,
,,,,,,,
,,,,,,,
,,,,,,,
,,,,,,,
,,,,,,,
,,,,,,,
,,,,,,,
,,,,,,,
,,,,,,,
,,,,,,,
,,,,,,,
,,,,,,,
,,,,,,,
,,,,,,,
,,,,,,,
,,,,,,,
,,,,,,,
,,,,,,,
,,,,,,,
,,,,,,,
,,,,,,,
,,,,,,,
,,,,,,,
,,,,,,,
,,,,,,,
,,,,,,,
,,,,,,,
,,,,,,,
,,,,,,,
,,,,,,,
,,,,,,,
,,,,,,,
,,,,,,,
,,,,,,,
,,,,,,,
,,,,,,,
,,,,,,,
,,,,,,,
,,,,,,,
,,,,,,,
,,,,,,,
,,,,,,,
,,,,,,,
,,,,,,,
,,,,,,,
,,,,,,,
,,,,,,,
,,,,,,,
,,,,,,,
,,,,,,,
,,,,,,,
,,,,,,,
,,,,,,,
,,,,,,,
,,,,,,,
,,,,,,,
,,,,,,,
,,,,,,,
,,,,,,,
,,,,,,,
,,,,,,,
,,,,,,,
,,,,,,,
,,,,,,,
,,,,,,,
,,,,,,,
,,,,,,,
,,,,,,,
,,,,,,,
,,,,,,,
,,,,,,,
,,,,,,,
,,,,,,,
,,,,,,,
,,,,,,,
,,,,,,,
,,,,,,,
,,,,,,,
,,,,,,,
,,,,,,,
,,,,,,,
,,,,,,,
,,,,,,,
,,,,,,,
,,,,,,,
,,,,,,,
,,,,,,,
,,,,,,,
,,,,,,,
,,,,,,,
,,,,,,,
,,,,,,,
,,,,,,,
,,,,,,,
,,,,,,,
,,,,,,,
,,,,,,,
,,,,,,,
,,,,,,,
,,,,,,,
,,,,,,,
,,,,,,,
,,,,,,,
,,,,,,,
,,,,,,,
,,,,,,,
,,,,,,,
,,,,,,,
,,,,,,,
,,,,,,,
,,,,,,,
,,,,,,,
,,,,,,,
,,,,,,,
,,,,,,,
,,,,,,,
,,,,,,,
,,,,,,,
,,,,,,,
,,,,,,,
,,,,,,,
,,,,,,,
,,,,,,,
,,,,,,,
,,,,,,,
,,,,,,,
,,,,,,,
,,,,,,,
,,,,,,,
,,,,,,,
,,,,,,,
,,,,,,,
,,,,,,,
,,,,,,,
,,,,,,,
,,,,,,,
,,,,,,,
,,,,,,,
,,,,,,,
,,,,,,,
,,,,,,,
,,,,,,,
,,,,,,,
,,,,,,,
,,,,,,,
,,,,,,,
,,,,,,,
,,,,,,,
,,,,,,,
,,,,,,,
,,,,,,,
,,,,,,,
,,,,,,,
,,,,,,,
,,,,,,,
,,,,,,,
,,,,,,,
,,,,,,,
,,,,,,,
,,,,,,,
,,,,,,,
,,,,,,,
,,,,,,,
,,,,,,,
,,,,,,,
,,,,,,,
,,,,,,,
,,,,,,,
,,,,,,,
,,,,,,,
,,,,,,,
,,,,,,,
,,,,,,,
,,,,,,,
,,,,,,,
,,,,,,,
,,,,,,,
,,,,,,,
,,,,,,,
,,,,,,,
,,,,,,,
,,,,,,,
,,,,,,,
,,,,,,,
,,,,,,,
,,,,,,,
,,,,,,,
,,,,,,,
,,,,,,,
,,,,,,,
,,,,,,,
,,,,,,,
,,,,,,,
,,,,,,,
,,,,,,,
,,,,,,,
,,,,,,,
,,,,,,,
,,,,,,,
,,,,,,,
,,,,,,,
,,,,,,,
,,,,,,,
,,,,,,,
,,,,,,,
,,,,,,,
,,,,,,,
,,,,,,,
,,,,,,,
,,,,,,,
,,,,,,,
,,,,,,,
,,,,,,,
,,,,,,,
,,,,,,,
,,,,,,,
,,,,,,,
,,,,,,,
,,,,,,,
,,,,,,,
,,,,,,,
,,,,,,,
,,,,,,,
,,,,,,,
,,,,,,,
,,,,,,,
,,,,,,,
,,,,,,,
,,,,,,,
,,,,,,,
,,,,,,,
,,,,,,,
,,,,,,,
,,,,,,,
,,,,,,,
,,,,,,,
,,,,,,,
,,,,,,,
,,,,,,,
,,,,,,,
,,,,,,,
,,,,,,,
,,,,,,,
,,,,,,,
,,,,,,,
,,,,,,,
,,,,,,,
,,,,,,,
,,,,,,,
,,,,,,,
,,,,,,,
,,,,,,,
,,,,,,,
,,,,,,,
,,,,,,,
,,,,,,,
,,,,,,,
,,,,,,,
,,,,,,,
,,,,,,,
,,,,,,,
,,,,,,,
,,,,,,,
,,,,,,,
,,,,,,,
,,,,,,,
,,,,,,,
,,,,,,,
,,,,,,,
,,,,,,,
,,,,,,,
,,,,,,,
,,,,,,,
,,,,,,,
,,,,,,,
,,,,,,,
,,,,,,,
,,,,,,,
,,,,,,,
,,,,,,,
,,,,,,,
,,,,,,,
,,,,,,,
,,,,,,,
,,,,,,,
,,,,,,,
,,,,,,,
,,,,,,,
,,,,,,,
,,,,,,,
,,,,,,,
,,,,,,,
,,,,,,,
,,,,,,,
,,,,,,,
,,,,,,,
,,,,,,,
,,,,,,,
,,,,,,,
,,,,,,,
,,,,,,,
,,,,,,,
,,,,,,,
,,,,,,,
,,,,,,,
,,,,,,,
,,,,,,,
,,,,,,,
,,,,,,,
,,,,,,,
,,,,,,,
,,,,,,,
,,,,,,,
,,,,,,,
,,,,,,,
,,,,,,,
,,,,,,,
,,,,,,,
,,,,,,,
,,,,,,,
,,,,,,,
,,,,,,,
,,,,,,,
,,,,,,,
,,,,,,,
,,,,,,,
,,,,,,,
,,,,,,,
,,,,,,,
,,,,,,,
,,,,,,,
,,,,,,,
,,,,,,,
,,,,,,,
,,,,,,,
,,,,,,,
,,,,,,,
,,,,,,,
,,,,,,,
,,,,,,,
,,,,,,,
,,,,,,,
,,,,,,,
,,,,,,,
,,,,,,,
,,,,,,,
,,,,,,,
,,,,,,,
,,,,,,,
,,,,,,,
,,,,,,,
,,,,,,,
,,,,,,,
,,,,,,,
,,,,,,,
,,,,,,,
,,,,,,,
,,,,,,,
,,,,,,,
,,,,,,,
,,,,,,,
,,,,,,,
,,,,,,,
,,,,,,,
,,,,,,,
,,,,,,,
,,,,,,,
,,,,,,,
,,,,,,,
,,,,,,,
,,,,,,,
,,,,,,,
,,,,,,,
,,,,,,,
,,,,,,,
,,,,,,,
,,,,,,,
,,,,,,,
,,,,,,,
,,,,,,,
,,,,,,,
,,,,,,,
,,,,,,,
,,,,,,,
,,,,,,,
,,,,,,,
,,,,,,,
,,,,,,,
,,,,,,,
,,,,,,,
,,,,,,,
,,,,,,,
,,,,,,,
,,,,,,,
,,,,,,,
,,,,,,,
,,,,,,,
,,,,,,,
,,,,,,,
,,,,,,,
,,,,,,,
,,,,,,,
,,,,,,,
,,,,,,,
,,,,,,,
,,,,,,,
,,,,,,,
,,,,,,,
,,,,,,,
,,,,,,,
,,,,,,,
,,,,,,,
,,,,,,,
,,,,,,,
,,,,,,,
,,,,,,,
,,,,,,,
,,,,,,,
,,,,,,,
,,,,,,,
,,,,,,,
,,,,,,,
,,,,,,,
,,,,,,,
,,,,,,,
,,,,,,,
,,,,,,,
,,,,,,,
,,,,,,,
,,,,,,,
,,,,,,,
,,,,,,,
,,,,,,,
,,,,,,,
,,,,,,,
,,,,,,,
,,,,,,,
,,,,,,,
,,,,,,,
,,,,,,,
,,,,,,,
,,,,,,,
,,,,,,,
,,,,,,,
,,,,,,,
,,,,,,,
,,,,,,,
,,,,,,,
,,,,,,,
,,,,,,,
,,,,,,,
,,,,,,,
,,,,,,,
,,,,,,,
,,,,,,,
,,,,,,,
,,,,,,,
,,,,,,,
,,,,,,,
,,,,,,,
,,,,,,,
,,,,,,,
,,,,,,,
,,,,,,,
,,,,,,,
,,,,,,,
,,,,,,,
,,,,,,,
,,,,,,,
,,,,,,,
,,,,,,,
,,,,,,,
,,,,,,,
,,,,,,,
,,,,,,,
,,,,,,,
,,,,,,,
,,,,,,,
,,,,,,,
,,,,,,,
,,,,,,,
,,,,,,,
,,,,,,,
,,,,,,,
,,,,,,,
,,,,,,,
,,,,,,,
,,,,,,,
,,,,,,,
,,,,,,,
,,,,,,,
,,,,,,,
,,,,,,,
,,,,,,,
,,,,,,,
,,,,,,,
,,,,,,,
,,,,,,,
,,,,,,,
,,,,,,,
,,,,,,,
,,,,,,,
,,,,,,,
,,,,,,,
,,,,,,,
,,,,,,,
,,,,,,,
,,,,,,,
,,,,,,,
,,,,,,,
,,,,,,,
,,,,,,,
,,,,,,,
,,,,,,,
,,,,,,,
,,,,,,,
,,,,,,,
,,,,,,,
,,,,,,,
,,,,,,,
,,,,,,,
,,,,,,,
,,,,,,,
,,,,,,,
,,,,,,,
,,,,,,,
,,,,,,,
,,,,,,,
,,,,,,,
,,,,,,,
,,,,,,,
,,,,,,,
,,,,,,,
,,,,,,,
,,,,,,,
,,,,,,,
,,,,,,,
,,,,,,,
,,,,,,,
,,,,,,,
,,,,,,,
,,,,,,,
,,,,,,,
,,,,,,,
,,,,,,,
,,,,,,,
,,,,,,,
,,,,,,,
,,,,,,,
,,,,,,,
,,,,,,,
,,,,,,,
,,,,,,,
,,,,,,,
,,,,,,,
,,,,,,,
,,,,,,,
,,,,,,,
,,,,,,,
,,,,,,,
,,,,,,,
,,,,,,,
,,,,,,,
,,,,,,,
,,,,,,,
,,,,,,,
,,,,,,,
,,,,,,,
,,,,,,,
,,,,,,,
,,,,,,,
,,,,,,,
,,,,,,,
,,,,,,,
,,,,,,,
,,,,,,,
,,,,,,,
,,,,,,,
,,,,,,,
,,,,,,,
,,,,,,,
,,,,,,,
,,,,,,,
,,,,,,,
,,,,,,,
,,,,,,,
,,,,,,,
,,,,,,,
,,,,,,,
,,,,,,,
,,,,,,,
,,,,,,,
,,,,,,,
,,,,,,,
,,,,,,,
,,,,,,,
,,,,,,,
,,,,,,,
,,,,,,,
,,,,,,,
,,,,,,,
,,,,,,,
,,,,,,,
,,,,,,,
,,,,,,,
,,,,,,,
,,,,,,,
,,,,,,,
,,,,,,,
,,,,,,,
,,,,,,,
,,,,,,,
,,,,,,,
,,,,,,,
,,,,,,,
,,,,,,,
,,,,,,,
,,,,,,,
,,,,,,,
,,,,,,,
,,,,,,,
,,,,,,,
,,,,,,,
,,,,,,,
,,,,,,,
,,,,,,,
,,,,,,,
,,,,,,,
,,,,,,,
,,,,,,,
,,,,,,,
,,,,,,,
,,,,,,,
,,,,,,,
,,,,,,,
,,,,,,,
,,,,,,,
,,,,,,,
,,,,,,,
,,,,,,,
,,,,,,,
,,,,,,,
,,,,,,,
,,,,,,,
,,,,,,,
,,,,,,,
,,,,,,,
,,,,,,,
,,,,,,,
,,,,,,,
,,,,,,,
,,,,,,,
,,,,,,,
,,,,,,,
,,,,,,,
,,,,,,,
,,,,,,,
,,,,,,,
,,,,,,,
,,,,,,,
,,,,,,,
,,,,,,,
,,,,,,,
,,,,,,,
,,,,,,,
,,,,,,,
,,,,,,,
,,,,,,,
,,,,,,,
,,,,,,,
,,,,,,,
,,,,,,,
,,,,,,,
,,,,,,,
,,,,,,,
,,,,,,,
,,,,,,,
,,,,,,,
,,,,,,,
,,,,,,,
,,,,,,,
,,,,,,,
,,,,,,,
,,,,,,,
,,,,,,,
,,,,,,,
,,,,,,,
,,,,,,,
,,,,,,,
,,,,,,,
,,,,,,,
,,,,,,,
,,,,,,,
,,,,,,,
,,,,,,,
,,,,,,,
,,,,,,,
,,,,,,,
,,,,,,,
,,,,,,,
,,,,,,,
,,,,,,,
,,,,,,,
,,,,,,,
,,,,,,,
,,,,,,,
,,,,,,,
,,,,,,,
,,,,,,,
,,,,,,,
,,,,,,,
,,,,,,,
,,,,,,,
,,,,,,,
,,,,,,,
,,,,,,,
,,,,,,,
,,,,,,,
,,,,,,,
,,,,,,,
,,,,,,,
,,,,,,,
,,,,,,,
,,,,,,,
,,,,,,,
,,,,,,,
,,,,,,,
,,,,,,,
,,,,,,,
,,,,,,,
,,,,,,,
,,,,,,,
,,,,,,,
,,,,,,,
,,,,,,,
,,,,,,,
,,,,,,,
,,,,,,,
,,,,,,,
,,,,,,,
,,,,,,,
,,,,,,,
,,,,,,,
,,,,,,,
,,,,,,,
,,,,,,,
,,,,,,,
,,,,,,,
,,,,,,,
,,,,,,,
,,,,,,,
,,,,,,,
,,,,,,,
,,,,,,,
,,,,,,,
,,,,,,,
,,,,,,,
,,,,,,,
,,,,,,,
,,,,,,,
,,,,,,,
,,,,,,,
,,,,,,,
,,,,,,,
,,,,,,,
,,,,,,,
,,,,,,,
,,,,,,,
,,,,,,,
,,,,,,,
,,,,,,,
,,,,,,,
,,,,,,,
,,,,,,,
,,,,,,,
,,,,,,,
,,,,,,,
,,,,,,,
,,,,,,,
,,,,,,,
,,,,,,,
,,,,,,,
,,,,,,,
,,,,,,,
,,,,,,,
,,,,,,,
,,,,,,,
,,,,,,,
,,,,,,,
,,,,,,,
,,,,,,,
,,,,,,,
,,,,,,,
,,,,,,,
,,,,,,,
,,,,,,,
,,,,,,,
,,,,,,,
,,,,,,,
,,,,,,,
,,,,,,,
,,,,,,,
,,,,,,,
,,,,,,,
,,,,,,,
,,,,,,,
,,,,,,,
,,,,,,,
,,,,,,,
,,,,,,,
,,,,,,,
,,,,,,,
,,,,,,,
,,,,,,,
,,,,,,,
,,,,,,,
,,,,,,,
,,,,,,,
,,,,,,,
,,,,,,,
,,,,,,,
,,,,,,,
,,,,,,,
,,,,,,,
,,,,,,,
,,,,,,,
,,,,,,,
,,,,,,,
,,,,,,,
,,,,,,,
,,,,,,,
,,,,,,,
,,,,,,,
,,,,,,,
,,,,,,,
,,,,,,,
,,,,,,,
,,,,,,,
,,,,,,,
,,,,,,,
,,,,,,,
,,,,,,,
,,,,,,,
,,,,,,,
,,,,,,,
,,,,,,,
,,,,,,,
,,,,,,,
,,,,,,,
,,,,,,,
,,,,,,,
,,,,,,,
,,,,,,,
,,,,,,,
,,,,,,,
,,,,,,,
,,,,,,,
,,,,,,,
,,,,,,,
,,,,,,,
,,,,,,,
,,,,,,,
,,,,,,,
,,,,,,,
,,,,,,,
,,,,,,,
,,,,,,,
,,,,,,,
,,,,,,,
,,,,,,,
,,,,,,,
,,,,,,,
,,,,,,,
,,,,,,,
,,,,,,,
,,,,,,,
,,,,,,,
,,,,,,,
,,,,,,,
,,,,,,,
,,,,,,,
,,,,,,,
,,,,,,,
,,,,,,,
,,,,,,,
,,,,,,,
,,,,,,,
,,,,,,,
,,,,,,,
,,,,,,,
,,,,,,,
,,,,,,,
,,,,,,,
,,,,,,,
,,,,,,,
,,,,,,,
,,,,,,,
,,,,,,,
,,,,,,,
,,,,,,,
,,,,,,,
,,,,,,,
,,,,,,,
,,,,,,,
,,,,,,,
,,,,,,,
,,,,,,,
,,,,,,,
,,,,,,,
,,,,,,,
,,,,,,,
,,,,,,,
,,,,,,,
,,,,,,,
,,,,,,,
,,,,,,,
,,,,,,,
,,,,,,,
,,,,,,,
,,,,,,,
,,,,,,,
,,,,,,,
,,,,,,,
,,,,,,,
,,,,,,,
,,,,,,,
,,,,,,,
,,,,,,,
,,,,,,,
,,,,,,,
,,,,,,,
,,,,,,,
,,,,,,,
,,,,,,,
,,,,,,,
,,,,,,,
,,,,,,,
,,,,,,,
,,,,,,,
,,,,,,,
,,,,,,,
,,,,,,,
,,,,,,,
,,,,,,,
,,,,,,,
,,,,,,,
,,,,,,,
,,,,,,,
,,,,,,,
,,,,,,,
,,,,,,,
,,,,,,,
,,,,,,,
,,,,,,,
,,,,,,,
,,,,,,,
,,,,,,,
,,,,,,,
,,,,,,,
,,,,,,,
,,,,,,,
,,,,,,,
,,,,,,,
,,,,,,,
,,,,,,,
,,,,,,,
,,,,,,,
,,,,,,,
,,,,,,,
,,,,,,,
,,,,,,,
,,,,,,,
,,,,,,,
,,,,,,,
,,,,,,,
,,,,,,,
,,,,,,,
,,,,,,,
,,,,,,,
,,,,,,,
,,,,,,,
,,,,,,,
,,,,,,,
,,,,,,,
,,,,,,,
,,,,,,,
,,,,,,,
,,,,,,,
,,,,,,,
,,,,,,,
,,,,,,,
,,,,,,,
,,,,,,,
,,,,,,,
,,,,,,,
,,,,,,,
,,,,,,,
,,,,,,,
,,,,,,,
,,,,,,,
,,,,,,,
,,,,,,,
,,,,,,,
,,,,,,,
,,,,,,,
,,,,,,,
,,,,,,,
,,,,,,,
,,,,,,,
,,,,,,,
,,,,,,,
,,,,,,,
,,,,,,,
,,,,,,,
,,,,,,,
,,,,,,,
,,,,,,,
,,,,,,,
,,,,,,,
,,,,,,,
,,,,,,,
,,,,,,,
,,,,,,,
,,,,,,,
,,,,,,,
,,,,,,,
,,,,,,,
,,,,,,,
,,,,,,,
,,,,,,,
,,,,,,,
,,,,,,,
,,,,,,,
,,,,,,,
,,,,,,,
,,,,,,,
,,,,,,,
,,,,,,,
,,,,,,,
,,,,,,,
,,,,,,,
,,,,,,,
,,,,,,,
,,,,,,,
,,,,,,,
,,,,,,,
,,,,,,,
,,,,,,,
,,,,,,,
,,,,,,,
,,,,,,,
,,,,,,,
,,,,,,,
,,,,,,,
,,,,,,,
,,,,,,,
,,,,,,,
,,,,,,,
,,,,,,,
,,,,,,,
,,,,,,,
,,,,,,,
,,,,,,,
,,,,,,,
,,,,,,,
,,,,,,,
,,,,,,,
,,,,,,,
,,,,,,,
,,,,,,,
,,,,,,,
,,,,,,,
,,,,,,,
,,,,,,,
,,,,,,,
,,,,,,,
,,,,,,,
,,,,,,,
,,,,,,,
,,,,,,,
,,,,,,,
,,,,,,,
,,,,,,,
,,,,,,,
,,,,,,,
,,,,,,,
,,,,,,,
,,,,,,,
,,,,,,,
,,,,,,,
,,,,,,,
,,,,,,,
,,,,,,,
,,,,,,,
,,,,,,,
,,,,,,,
,,,,,,,
,,,,,,,
,,,,,,,
,,,,,,,
,,,,,,,
,,,,,,,
,,,,,,,
,,,,,,,
,,,,,,,
,,,,,,,
,,,,,,,
,,,,,,,
,,,,,,,
,,,,,,,
,,,,,,,
,,,,,,,
,,,,,,,
,,,,,,,
,,,,,,,
,,,,,,,
,,,,,,,
,,,,,,,
,,,,,,,
,,,,,,,
,,,,,,,
,,,,,,,
,,,,,,,
,,,,,,,
,,,,,,,
,,,,,,,
,,,,,,,
,,,,,,,
,,,,,,,
,,,,,,,
,,,,,,,
,,,,,,,
,,,,,,,
,,,,,,,
,,,,,,,
,,,,,,,
,,,,,,,
,,,,,,,
,,,,,,,
,,,,,,,
,,,,,,,
,,,,,,,
,,,,,,,
,,,,,,,
,,,,,,,
,,,,,,,
,,,,,,,
,,,,,,,
,,,,,,,
,,,,,,,
,,,,,,,
,,,,,,,
,,,,,,,
,,,,,,,
,,,,,,,
,,,,,,,
,,,,,,,
,,,,,,,
,,,,,,,
,,,,,,,
,,,,,,,
,,,,,,,
,,,,,,,
,,,,,,,
,,,,,,,
,,,,,,,
,,,,,,,
,,,,,,,
,,,,,,,
,,,,,,,
,,,,,,,
,,,,,,,
,,,,,,,
,,,,,,,
,,,,,,,
,,,,,,,
,,,,,,,
,,,,,,,
,,,,,,,
,,,,,,,
,,,,,,,
,,,,,,,
,,,,,,,
,,,,,,,
,,,,,,,
,,,,,,,
,,,,,,,
,,,,,,,
,,,,,,,
,,,,,,,
,,,,,,,
,,,,,,,
,,,,,,,
,,,,,,,
,,,,,,,
,,,,,,,
,,,,,,,
,,,,,,,
,,,,,,,
,,,,,,,
,,,,,,,
,,,,,,,
,,,,,,,
,,,,,,,
,,,,,,,
,,,,,,,
,,,,,,,
,,,,,,,
,,,,,,,
,,,,,,,
,,,,,,,
,,,,,,,
,,,,,,,
,,,,,,,
,,,,,,,
,,,,,,,
,,,,,,,
,,,,,,,
,,,,,,,
,,,,,,,
,,,,,,,
,,,,,,,
,,,,,,,
,,,,,,,
,,,,,,,
,,,,,,,
,,,,,,,
,,,,,,,
,,,,,,,
,,,,,,,
,,,,,,,
,,,,,,,
,,,,,,,
,,,,,,,
,,,,,,,
,,,,,,,
,,,,,,,
,,,,,,,
,,,,,,,
,,,,,,,
,,,,,,,
,,,,,,,
,,,,,,,
,,,,,,,
,,,,,,,
,,,,,,,
,,,,,,,
,,,,,,,
,,,,,,,
,,,,,,,
,,,,,,,
,,,,,,,
,,,,,,,
,,,,,,,
,,,,,,,
,,,,,,,
,,,,,,,
,,,,,,,
,,,,,,,
,,,,,,,
,,,,,,,
,,,,,,,
,,,,,,,
,,,,,,,
,,,,,,,
,,,,,,,
,,,,,,,
,,,,,,,
,,,,,,,
,,,,,,,
,,,,,,,
,,,,,,,
,,,,,,,
,,,,,,,
,,,,,,,
,,,,,,,
,,,,,,,
,,,,,,,
,,,,,,,
,,,,,,,
,,,,,,,
,,,,,,,
,,,,,,,
,,,,,,,
,,,,,,,
,,,,,,,
,,,,,,,
,,,,,,,
,,,,,,,
,,,,,,,
,,,,,,,
,,,,,,,
,,,,,,,
,,,,,,,
,,,,,,,
,,,,,,,
,,,,,,,
,,,,,,,
,,,,,,,
,,,,,,,
,,,,,,,
,,,,,,,
,,,,,,,
,,,,,,,
,,,,,,,
,,,,,,,
,,,,,,,
,,,,,,,
,,,,,,,
,,,,,,,
,,,,,,,
,,,,,,,
,,,,,,,
,,,,,,,
,,,,,,,
,,,,,,,
,,,,,,,
,,,,,,,
,,,,,,,
,,,,,,,
,,,,,,,
,,,,,,,
,,,,,,,
,,,,,,,
,,,,,,,
,,,,,,,
,,,,,,,
,,,,,,,
,,,,,,,
,,,,,,,
,,,,,,,
,,,,,,,
,,,,,,,
,,,,,,,
,,,,,,,
,,,,,,,
,,,,,,,
,,,,,,,
,,,,,,,
,,,,,,,
,,,,,,,
,,,,,,,
,,,,,,,
,,,,,,,
,,,,,,,
,,,,,,,
,,,,,,,
,,,,,,,
,,,,,,,
,,,,,,,
,,,,,,,
,,,,,,,
,,,,,,,
,,,,,,,
,,,,,,,
,,,,,,,
,,,,,,,
,,,,,,,
,,,,,,,
,,,,,,,
,,,,,,,
,,,,,,,
,,,,,,,
,,,,,,,
,,,,,,,
,,,,,,,
,,,,,,,
,,,,,,,
,,,,,,,
,,,,,,,
,,,,,,,
,,,,,,,
,,,,,,,
,,,,,,,
,,,,,,,
,,,,,,,
,,,,,,,
,,,,,,,
,,,,,,,
,,,,,,,
,,,,,,,
,,,,,,,
,,,,,,,
,,,,,,,
,,,,,,,
,,,,,,,
,,,,,,,
,,,,,,,
,,,,,,,
,,,,,,,
,,,,,,,
,,,,,,,
,,,,,,,
,,,,,,,
,,,,,,,
,,,,,,,
,,,,,,,
,,,,,,,
,,,,,,,
,,,,,,,
,,,,,,,
,,,,,,,
,,,,,,,
,,,,,,,
,,,,,,,
,,,,,,,
,,,,,,,
,,,,,,,
,,,,,,,
,,,,,,,
,,,,,,,
,,,,,,,
,,,,,,,
,,,,,,,
,,,,,,,
,,,,,,,
,,,,,,,
,,,,,,,
,,,,,,,
,,,,,,,
,,,,,,,
,,,,,,,
,,,,,,,
,,,,,,,
,,,,,,,
,,,,,,,
,,,,,,,
,,,,,,,
,,,,,,,
,,,,,,,
,,,,,,,
,,,,,,,
,,,,,,,
,,,,,,,
,,,,,,,
,,,,,,,
,,,,,,,
,,,,,,,
,,,,,,,
,,,,,,,
,,,,,,,
,,,,,,,
,,,,,,,
,,,,,,,
,,,,,,,
,,,,,,,
,,,,,,,
,,,,,,,
,,,,,,,
,,,,,,,
,,,,,,,
,,,,,,,
,,,,,,,
,,,,,,,
,,,,,,,
,,,,,,,
,,,,,,,
,,,,,,,
,,,,,,,
,,,,,,,
,,,,,,,
,,,,,,,
,,,,,,,
,,,,,,,
,,,,,,,
,,,,,,,
,,,,,,,
,,,,,,,
,,,,,,,
,,,,,,,
,,,,,,,
,,,,,,,
,,,,,,,
,,,,,,,
,,,,,,,
,,,,,,,
,,,,,,,
,,,,,,,
,,,,,,,
,,,,,,,
,,,,,,,
,,,,,,,
,,,,,,,
,,,,,,,
,,,,,,,
,,,,,,,
,,,,,,,
,,,,,,,
,,,,,,,
,,,,,,,
,,,,,,,
,,,,,,,
,,,,,,,
,,,,,,,
,,,,,,,
,,,,,,,
,,,,,,,
,,,,,,,
,,,,,,,
,,,,,,,
,,,,,,,
,,,,,,,
,,,,,,,
,,,,,,,
,,,,,,,
,,,,,,,
,,,,,,,
,,,,,,,
,,,,,,,
,,,,,,,
,,,,,,,
,,,,,,,
,,,,,,,
,,,,,,,
,,,,,,,
,,,,,,,
,,,,,,,
,,,,,,,
,,,,,,,
,,,,,,,
,,,,,,,
,,,,,,,
,,,,,,,
,,,,,,,
,,,,,,,
,,,,,,,
,,,,,,,
,,,,,,,
,,,,,,,
,,,,,,,
,,,,,,,
,,,,,,,
,,,,,,,
,,,,,,,
,,,,,,,
,,,,,,,
,,,,,,,
,,,,,,,
,,,,,,,
,,,,,,,
,,,,,,,
,,,,,,,
,,,,,,,
,,,,,,,
,,,,,,,
,,,,,,,
,,,,,,,
,,,,,,,
,,,,,,,
,,,,,,,
,,,,,,,
,,,,,,,
,,,,,,,
,,,,,,,
,,,,,,,
,,,,,,,
,,,,,,,
,,,,,,,
,,,,,,,
,,,,,,,
,,,,,,,
,,,,,,,
,,,,,,,
,,,,,,,
,,,,,,,
,,,,,,,
,,,,,,,
,,,,,,,
,,,,,,,
,,,,,,,
,,,,,,,
,,,,,,,
,,,,,,,
,,,,,,,
,,,,,,,
,,,,,,,
,,,,,,,
,,,,,,,
,,,,,,,
,,,,,,,
,,,,,,,
,,,,,,,
,,,,,,,
,,,,,,,
,,,,,,,
,,,,,,,
,,,,,,,
,,,,,,,
,,,,,,,
,,,,,,,
,,,,,,,
,,,,,,,
,,,,,,,
,,,,,,,
,,,,,,,
,,,,,,,
,,,,,,,
,,,,,,,
,,,,,,,
,,,,,,,
,,,,,,,
,,,,,,,
,,,,,,,
,,,,,,,
,,,,,,,
,,,,,,,
,,,,,,,
,,,,,,,
,,,,,,,
,,,,,,,
,,,,,,,
,,,,,,,
,,,,,,,
,,,,,,,
,,,,,,,
,,,,,,,
,,,,,,,
,,,,,,,
,,,,,,,
,,,,,,,
,,,,,,,
,,,,,,,
,,,,,,,
,,,,,,,
,,,,,,,
,,,,,,,
,,,,,,,
,,,,,,,
,,,,,,,
,,,,,,,
,,,,,,,
,,,,,,,
,,,,,,,
,,,,,,,
,,,,,,,
,,,,,,,
,,,,,,,
,,,,,,,
,,,,,,,
,,,,,,,
,,,,,,,
,,,,,,,
,,,,,,,
,,,,,,,
,,,,,,,
,,,,,,,
,,,,,,,
,,,,,,,
,,,,,,,
,,,,,,,
,,,,,,,
,,,,,,,
,,,,,,,
,,,,,,,
,,,,,,,
,,,,,,,
,,,,,,,
,,,,,,,
,,,,,,,
,,,,,,,
,,,,,,,
,,,,,,,
,,,,,,,
,,,,,,,
,,,,,,,
,,,,,,,
,,,,,,,
,,,,,,,
,,,,,,,
,,,,,,,
,,,,,,,
,,,,,,,
,,,,,,,
,,,,,,,
,,,,,,,
,,,,,,,
,,,,,,,
,,,,,,,
,,,,,,,
,,,,,,,
,,,,,,,
,,,,,,,
,,,,,,,
,,,,,,,
,,,,,,,
,,,,,,,
,,,,,,,
,,,,,,,
,,,,,,,
,,,,,,,
,,,,,,,
,,,,,,,
,,,,,,,
,,,,,,,
,,,,,,,
,,,,,,,
,,,,,,,
,,,,,,,
,,,,,,,
,,,,,,,
,,,,,,,
,,,,,,,
,,,,,,,
,,,,,,,
,,,,,,,
,,,,,,,
,,,,,,,
,,,,,,,
,,,,,,,
,,,,,,,
,,,,,,,
,,,,,,,
,,,,,,,
,,,,,,,
,,,,,,,
,,,,,,,
,,,,,,,
,,,,,,,
,,,,,,,
,,,,,,,
,,,,,,,
,,,,,,,
,,,,,,,
,,,,,,,
,,,,,,,
,,,,,,,
,,,,,,,
,,,,,,,
,,,,,,,
,,,,,,,
,,,,,,,
,,,,,,,
,,,,,,,
,,,,,,,
,,,,,,,
,,,,,,,
,,,,,,,
,,,,,,,
,,,,,,,
,,,,,,,
,,,,,,,
,,,,,,,
,,,,,,,
,,,,,,,
,,,,,,,
,,,,,,,
,,,,,,,
,,,,,,,
,,,,,,,
,,,,,,,
,,,,,,,
,,,,,,,
,,,,,,,
,,,,,,,
,,,,,,,
,,,,,,,
,,,,,,,
,,,,,,,
,,,,,,,
,,,,,,,
,,,,,,,
,,,,,,,
,,,,,,,
,,,,,,,
,,,,,,,
,,,,,,,
,,,,,,,
,,,,,,,
,,,,,,,
,,,,,,,
,,,,,,,
,,,,,,,
,,,,,,,
,,,,,,,
,,,,,,,
,,,,,,,
,,,,,,,
,,,,,,,
,,,,,,,
,,,,,,,
,,,,,,,
,,,,,,,
,,,,,,,
,,,,,,,
,,,,,,,
,,,,,,,
,,,,,,,
,,,,,,,
,,,,,,,
,,,,,,,
,,,,,,,
,,,,,,,
,,,,,,,
,,,,,,,
,,,,,,,
,,,,,,,
,,,,,,,
,,,,,,,
,,,,,,,
,,,,,,,
,,,,,,,
,,,,,,,
,,,,,,,
,,,,,,,
,,,,,,,
,,,,,,,
,,,,,,,
,,,,,,,
,,,,,,,
,,,,,,,
,,,,,,,
,,,,,,,
,,,,,,,
,,,,,,,
,,,,,,,
,,,,,,,
,,,,,,,
,,,,,,,
,,,,,,,
,,,,,,,
,,,,,,,
,,,,,,,
,,,,,,,
,,,,,,,
,,,,,,,
,,,,,,,
,,,,,,,
,,,,,,,
,,,,,,,
,,,,,,,
,,,,,,,
,,,,,,,
,,,,,,,
,,,,,,,
,,,,,,,
,,,,,,,
,,,,,,,
,,,,,,,
,,,,,,,
,,,,,,,
,,,,,,,
,,,,,,,
,,,,,,,
,,,,,,,
,,,,,,,
,,,,,,,
,,,,,,,
