segment_id,transport_type,transport_name,start_station_name,end_station_name,departure_hour,day_of_week,avg_duration_seconds,sample_count,is_reliable
subway_1호선_서울역-시청_1,SUBWAY,1호선,서울역,시청,6,0,120,13,1
subway_1호선_서울역-시청_1,SUBWAY,1호선,서울역,시청,6,1,120,13,1
subway_1호선_서울역-시청_1,SUBWAY,1호선,서울역,시청,6,2,120,13,1
subway_1호선_서울역-시청_1,SUBWAY,1호선,서울역,시청,6,3,120,13,1
subway_1호선_서울역-시청_1,SUBWAY,1호선,서울역,시청,6,4,120,13,1
subway_1호선_시청-종각_1,SUBWAY,1호선,시청,종각,6,0,120,14,1
subway_1호선_시청-종각_1,SUBWAY,1호선,시청,종각,6,1,120,14,1
subway_1호선_시청-종각_1,SUBWAY,1호선,시청,종각,6,2,120,14,1
subway_1호선_시청-종각_1,SUBWAY,1호선,시청,종각,6,3,120,14,1
subway_1호선_시청-종각_1,SUBWAY,1호선,시청,종각,6,4,120,14,1
subway_1호선_종각-종로3가_1,SUBWAY,1호선,종각,종로3가,6,0,90,14,1
subway_1호선_종각-종로3가_1,SUBWAY,1호선,종각,종로3가,6,1,90,14,1
subway_1호선_종각-종로3가_1,SUBWAY,1호선,종각,종로3가,6,2,90,14,1
subway_1호선_종각-종로3가_1,SUBWAY,1호선,종각,종로3가,6,3,90,14,1
subway_1호선_종각-종로3가_1,SUBWAY,1호선,종각,종로3가,6,4,90,14,1
subway_1호선_종로3가-종로5가_1,SUBWAY,1호선,종로3가,종로5가,6,0,90,14,1
subway_1호선_종로3가-종로5가_1,SUBWAY,1호선,종로3가,종로5가,6,1,90,14,1
subway_1호선_종로3가-종로5가_1,SUBWAY,1호선,종로3가,종로5가,6,2,90,14,1
subway_1호선_종로3가-종로5가_1,SUBWAY,1호선,종로3가,종로5가,6,3,90,14,1
subway_1호선_종로3가-종로5가_1,SUBWAY,1호선,종로3가,종로5가,6,4,90,14,1
subway_1호선_종로5가-동대문_1,SUBWAY,1호선,종로5가,동대문,6,0,90,13,1
subway_1호선_종로5가-동대문_1,SUBWAY,1호선,종로5가,동대문,6,1,90,13,1
subway_1호선_종로5가-동대문_1,SUBWAY,1호선,종로5가,동대문,6,2,90,13,1
subway_1호선_종로5가-동대문_1,SUBWAY,1호선,종로5가,동대문,6,3,90,13,1
subway_1호선_종로5가-동대문_1,SUBWAY,1호선,종로5가,동대문,6,4,90,13,1
subway_1호선_동대문-동묘앞_1,SUBWAY,1호선,동대문,동묘앞,6,0,90,13,1
subway_1호선_동대문-동묘앞_1,SUBWAY,1호선,동대문,동묘앞,6,1,90,13,1
subway_1호선_동대문-동묘앞_1,SUBWAY,1호선,동대문,동묘앞,6,2,90,13,1
subway_1호선_동대문-동묘앞_1,SUBWAY,1호선,동대문,동묘앞,6,3,90,13,1
subway_1호선_동대문-동묘앞_1,SUBWAY,1호선,동대문,동묘앞,6,4,90,13,1
subway_1호선_동묘앞-신설동_1,SUBWAY,1호선,동묘앞,신설동,7,0,90,13,1
subway_1호선_동묘앞-신설동_1,SUBWAY,1호선,동묘앞,신설동,7,1,90,13,1
subway_1호선_동묘앞-신설동_1,SUBWAY,1호선,동묘앞,신설동,7,2,90,13,1
subway_1호선_동묘앞-신설동_1,SUBWAY,1호선,동묘앞,신설동,7,3,90,13,1
subway_1호선_동묘앞-신설동_1,SUBWAY,1호선,동묘앞,신설동,7,4,90,13,1
subway_1호선_신설동-제기동_1,SUBWAY,1호선,신설동,제기동,7,0,90,14,1
subway_1호선_신설동-제기동_1,SUBWAY,1호선,신설동,제기동,7,1,90,14,1
subway_1호선_신설동-제기동_1,SUBWAY,1호선,신설동,제기동,7,2,90,14,1
subway_1호선_신설동-제기동_1,SUBWAY,1호선,신설동,제기동,7,3,90,14,1
subway_1호선_신설동-제기동_1,SUBWAY,1호선,신설동,제기동,7,4,90,14,1
subway_1호선_제기동-청량리_1,SUBWAY,1호선,제기동,청량리,7,0,90,11,1
subway_1호선_제기동-청량리_1,SUBWAY,1호선,제기동,청량리,7,1,90,11,1
subway_1호선_제기동-청량리_1,SUBWAY,1호선,제기동,청량리,7,2,90,11,1
subway_1호선_제기동-청량리_1,SUBWAY,1호선,제기동,청량리,7,3,90,11,1
subway_1호선_제기동-청량리_1,SUBWAY,1호선,제기동,청량리,7,4,90,11,1
subway_1호선_서울역-시청_1,SUBWAY,1호선,서울역,시청,14,0,120,12,1
subway_1호선_서울역-시청_1,SUBWAY,1호선,서울역,시청,14,1,120,12,1
subway_1호선_서울역-시청_1,SUBWAY,1호선,서울역,시청,14,2,120,12,1
subway_1호선_서울역-시청_1,SUBWAY,1호선,서울역,시청,14,3,120,12,1
subway_1호선_서울역-시청_1,SUBWAY,1호선,서울역,시청,14,4,120,12,1
subway_1호선_시청-종각_1,SUBWAY,1호선,시청,종각,14,0,120,12,1
subway_1호선_시청-종각_1,SUBWAY,1호선,시청,종각,14,1,120,12,1
subway_1호선_시청-종각_1,SUBWAY,1호선,시청,종각,14,2,120,12,1
subway_1호선_시청-종각_1,SUBWAY,1호선,시청,종각,14,3,120,12,1
subway_1호선_시청-종각_1,SUBWAY,1호선,시청,종각,14,4,120,12,1
subway_1호선_종각-종로3가_1,SUBWAY,1호선,종각,종로3가,14,0,90,12,1
subway_1호선_종각-종로3가_1,SUBWAY,1호선,종각,종로3가,14,1,90,12,1
subway_1호선_종각-종로3가_1,SUBWAY,1호선,종각,종로3가,14,2,90,12,1
subway_1호선_종각-종로3가_1,SUBWAY,1호선,종각,종로3가,14,3,90,12,1
subway_1호선_종각-종로3가_1,SUBWAY,1호선,종각,종로3가,14,4,90,12,1
subway_1호선_종로3가-종로5가_1,SUBWAY,1호선,종로3가,종로5가,14,0,90,13,1
subway_1호선_종로3가-종로5가_1,SUBWAY,1호선,종로3가,종로5가,14,1,90,13,1
subway_1호선_종로3가-종로5가_1,SUBWAY,1호선,종로3가,종로5가,14,2,90,13,1
subway_1호선_종로3가-종로5가_1,SUBWAY,1호선,종로3가,종로5가,14,3,90,13,1
subway_1호선_종로3가-종로5가_1,SUBWAY,1호선,종로3가,종로5가,14,4,90,13,1
subway_1호선_종로5가-동대문_1,SUBWAY,1호선,종로5가,동대문,14,0,90,12,1
subway_1호선_종로5가-동대문_1,SUBWAY,1호선,종로5가,동대문,14,1,90,12,1
subway_1호선_종로5가-동대문_1,SUBWAY,1호선,종로5가,동대문,14,2,90,12,1
subway_1호선_종로5가-동대문_1,SUBWAY,1호선,종로5가,동대문,14,3,90,12,1
subway_1호선_종로5가-동대문_1,SUBWAY,1호선,종로5가,동대문,14,4,90,12,1
subway_1호선_동대문-동묘앞_1,SUBWAY,1호선,동대문,동묘앞,14,0,90,13,1
subway_1호선_동대문-동묘앞_1,SUBWAY,1호선,동대문,동묘앞,14,1,90,13,1
subway_1호선_동대문-동묘앞_1,SUBWAY,1호선,동대문,동묘앞,14,2,90,13,1
subway_1호선_동대문-동묘앞_1,SUBWAY,1호선,동대문,동묘앞,14,3,90,13,1
subway_1호선_동대문-동묘앞_1,SUBWAY,1호선,동대문,동묘앞,14,4,90,13,1
subway_1호선_동묘앞-신설동_1,SUBWAY,1호선,동묘앞,신설동,14,0,90,12,1
subway_1호선_동묘앞-신설동_1,SUBWAY,1호선,동묘앞,신설동,14,1,90,12,1
subway_1호선_동묘앞-신설동_1,SUBWAY,1호선,동묘앞,신설동,14,2,90,12,1
subway_1호선_동묘앞-신설동_1,SUBWAY,1호선,동묘앞,신설동,14,3,90,12,1
subway_1호선_동묘앞-신설동_1,SUBWAY,1호선,동묘앞,신설동,14,4,90,12,1
subway_1호선_신설동-제기동_1,SUBWAY,1호선,신설동,제기동,14,0,90,13,1
subway_1호선_신설동-제기동_1,SUBWAY,1호선,신설동,제기동,14,1,90,13,1
subway_1호선_신설동-제기동_1,SUBWAY,1호선,신설동,제기동,14,2,90,13,1
subway_1호선_신설동-제기동_1,SUBWAY,1호선,신설동,제기동,14,3,90,13,1
subway_1호선_신설동-제기동_1,SUBWAY,1호선,신설동,제기동,14,4,90,13,1
subway_1호선_제기동-청량리_1,SUBWAY,1호선,제기동,청량리,14,0,90,10,1
subway_1호선_제기동-청량리_1,SUBWAY,1호선,제기동,청량리,14,1,90,10,1
subway_1호선_제기동-청량리_1,SUBWAY,1호선,제기동,청량리,14,2,90,10,1
subway_1호선_제기동-청량리_1,SUBWAY,1호선,제기동,청량리,14,3,90,10,1
subway_1호선_제기동-청량리_1,SUBWAY,1호선,제기동,청량리,14,4,90,10,1
subway_1호선_서울역-시청_1,SUBWAY,1호선,서울역,시청,15,0,115,13,1
subway_1호선_서울역-시청_1,SUBWAY,1호선,서울역,시청,15,1,115,13,1
subway_1호선_서울역-시청_1,SUBWAY,1호선,서울역,시청,15,2,115,13,1
subway_1호선_서울역-시청_1,SUBWAY,1호선,서울역,시청,15,3,115,13,1
subway_1호선_서울역-시청_1,SUBWAY,1호선,서울역,시청,15,4,115,13,1
subway_1호선_시청-종각_1,SUBWAY,1호선,시청,종각,15,0,120,13,1
subway_1호선_시청-종각_1,SUBWAY,1호선,시청,종각,15,1,120,13,1
subway_1호선_시청-종각_1,SUBWAY,1호선,시청,종각,15,2,120,13,1
subway_1호선_시청-종각_1,SUBWAY,1호선,시청,종각,15,3,120,13,1
subway_1호선_시청-종각_1,SUBWAY,1호선,시청,종각,15,4,120,13,1
subway_1호선_종각-종로3가_1,SUBWAY,1호선,종각,종로3가,15,0,90,13,1
subway_1호선_종각-종로3가_1,SUBWAY,1호선,종각,종로3가,15,1,90,13,1
subway_1호선_종각-종로3가_1,SUBWAY,1호선,종각,종로3가,15,2,90,13,1
subway_1호선_종각-종로3가_1,SUBWAY,1호선,종각,종로3가,15,3,90,13,1
subway_1호선_종각-종로3가_1,SUBWAY,1호선,종각,종로3가,15,4,90,13,1
subway_1호선_종로3가-종로5가_1,SUBWAY,1호선,종로3가,종로5가,15,0,90,12,1
subway_1호선_종로3가-종로5가_1,SUBWAY,1호선,종로3가,종로5가,15,1,90,12,1
subway_1호선_종로3가-종로5가_1,SUBWAY,1호선,종로3가,종로5가,15,2,90,12,1
subway_1호선_종로3가-종로5가_1,SUBWAY,1호선,종로3가,종로5가,15,3,90,12,1
subway_1호선_종로3가-종로5가_1,SUBWAY,1호선,종로3가,종로5가,15,4,90,12,1
subway_1호선_종로5가-동대문_1,SUBWAY,1호선,종로5가,동대문,15,0,90,12,1
subway_1호선_종로5가-동대문_1,SUBWAY,1호선,종로5가,동대문,15,1,90,12,1
subway_1호선_종로5가-동대문_1,SUBWAY,1호선,종로5가,동대문,15,2,90,12,1
subway_1호선_종로5가-동대문_1,SUBWAY,1호선,종로5가,동대문,15,3,90,12,1
subway_1호선_종로5가-동대문_1,SUBWAY,1호선,종로5가,동대문,15,4,90,12,1
subway_1호선_동대문-동묘앞_1,SUBWAY,1호선,동대문,동묘앞,15,0,90,11,1
subway_1호선_동대문-동묘앞_1,SUBWAY,1호선,동대문,동묘앞,15,1,90,11,1
subway_1호선_동대문-동묘앞_1,SUBWAY,1호선,동대문,동묘앞,15,2,90,11,1
subway_1호선_동대문-동묘앞_1,SUBWAY,1호선,동대문,동묘앞,15,3,90,11,1
subway_1호선_동대문-동묘앞_1,SUBWAY,1호선,동대문,동묘앞,15,4,90,11,1
subway_1호선_동묘앞-신설동_1,SUBWAY,1호선,동묘앞,신설동,15,0,90,12,1
subway_1호선_동묘앞-신설동_1,SUBWAY,1호선,동묘앞,신설동,15,1,90,12,1
subway_1호선_동묘앞-신설동_1,SUBWAY,1호선,동묘앞,신설동,15,2,90,12,1
subway_1호선_동묘앞-신설동_1,SUBWAY,1호선,동묘앞,신설동,15,3,90,12,1
subway_1호선_동묘앞-신설동_1,SUBWAY,1호선,동묘앞,신설동,15,4,90,12,1
subway_1호선_신설동-제기동_1,SUBWAY,1호선,신설동,제기동,15,0,90,12,1
subway_1호선_신설동-제기동_1,SUBWAY,1호선,신설동,제기동,15,1,90,12,1
subway_1호선_신설동-제기동_1,SUBWAY,1호선,신설동,제기동,15,2,90,12,1
subway_1호선_신설동-제기동_1,SUBWAY,1호선,신설동,제기동,15,3,90,12,1
subway_1호선_신설동-제기동_1,SUBWAY,1호선,신설동,제기동,15,4,90,12,1
subway_1호선_제기동-청량리_1,SUBWAY,1호선,제기동,청량리,15,0,90,9,1
subway_1호선_제기동-청량리_1,SUBWAY,1호선,제기동,청량리,15,1,90,9,1
subway_1호선_제기동-청량리_1,SUBWAY,1호선,제기동,청량리,15,2,90,9,1
subway_1호선_제기동-청량리_1,SUBWAY,1호선,제기동,청량리,15,3,90,9,1
subway_1호선_제기동-청량리_1,SUBWAY,1호선,제기동,청량리,15,4,90,9,1
subway_1호선_종로5가-동대문_1,SUBWAY,1호선,종로5가,동대문,16,0,86,15,1
subway_1호선_종로5가-동대문_1,SUBWAY,1호선,종로5가,동대문,16,1,86,15,1
subway_1호선_종로5가-동대문_1,SUBWAY,1호선,종로5가,동대문,16,2,86,15,1
subway_1호선_종로5가-동대문_1,SUBWAY,1호선,종로5가,동대문,16,3,86,15,1
subway_1호선_종로5가-동대문_1,SUBWAY,1호선,종로5가,동대문,16,4,86,15,1
subway_1호선_동대문-동묘앞_1,SUBWAY,1호선,동대문,동묘앞,16,0,85,14,1
subway_1호선_동대문-동묘앞_1,SUBWAY,1호선,동대문,동묘앞,16,1,85,14,1
subway_1호선_동대문-동묘앞_1,SUBWAY,1호선,동대문,동묘앞,16,2,85,14,1
subway_1호선_동대문-동묘앞_1,SUBWAY,1호선,동대문,동묘앞,16,3,85,14,1
subway_1호선_동대문-동묘앞_1,SUBWAY,1호선,동대문,동묘앞,16,4,85,14,1
subway_1호선_동묘앞-신설동_1,SUBWAY,1호선,동묘앞,신설동,16,0,85,14,1
subway_1호선_동묘앞-신설동_1,SUBWAY,1호선,동묘앞,신설동,16,1,85,14,1
subway_1호선_동묘앞-신설동_1,SUBWAY,1호선,동묘앞,신설동,16,2,85,14,1
subway_1호선_동묘앞-신설동_1,SUBWAY,1호선,동묘앞,신설동,16,3,85,14,1
subway_1호선_동묘앞-신설동_1,SUBWAY,1호선,동묘앞,신설동,16,4,85,14,1
subway_1호선_신설동-제기동_1,SUBWAY,1호선,신설동,제기동,16,0,85,13,1
subway_1호선_신설동-제기동_1,SUBWAY,1호선,신설동,제기동,16,1,85,13,1
subway_1호선_신설동-제기동_1,SUBWAY,1호선,신설동,제기동,16,2,85,13,1
subway_1호선_신설동-제기동_1,SUBWAY,1호선,신설동,제기동,16,3,85,13,1
subway_1호선_신설동-제기동_1,SUBWAY,1호선,신설동,제기동,16,4,85,13,1
subway_1호선_제기동-청량리_1,SUBWAY,1호선,제기동,청량리,16,0,84,11,1
subway_1호선_제기동-청량리_1,SUBWAY,1호선,제기동,청량리,16,1,84,11,1
subway_1호선_제기동-청량리_1,SUBWAY,1호선,제기동,청량리,16,2,84,11,1
subway_1호선_제기동-청량리_1,SUBWAY,1호선,제기동,청량리,16,3,84,11,1
subway_1호선_제기동-청량리_1,SUBWAY,1호선,제기동,청량리,16,4,84,11,1
subway_1호선_서울역-서울역_1,SUBWAY,1호선,서울역,서울역,15,0,30,1,0
subway_1호선_서울역-서울역_1,SUBWAY,1호선,서울역,서울역,15,1,30,1,0
subway_1호선_서울역-서울역_1,SUBWAY,1호선,서울역,서울역,15,2,30,1,0
subway_1호선_서울역-서울역_1,SUBWAY,1호선,서울역,서울역,15,3,30,1,0
subway_1호선_서울역-서울역_1,SUBWAY,1호선,서울역,서울역,15,4,30,1,0
subway_1호선_시청-시청_1,SUBWAY,1호선,시청,시청,16,0,30,1,0
subway_1호선_시청-시청_1,SUBWAY,1호선,시청,시청,16,1,30,1,0
subway_1호선_시청-시청_1,SUBWAY,1호선,시청,시청,16,2,30,1,0
subway_1호선_시청-시청_1,SUBWAY,1호선,시청,시청,16,3,30,1,0
subway_1호선_시청-시청_1,SUBWAY,1호선,시청,시청,16,4,30,1,0
subway_1호선_시청-종각_1,SUBWAY,1호선,시청,종각,16,0,115,14,1
subway_1호선_시청-종각_1,SUBWAY,1호선,시청,종각,16,1,115,14,1
subway_1호선_시청-종각_1,SUBWAY,1호선,시청,종각,16,2,115,14,1
subway_1호선_시청-종각_1,SUBWAY,1호선,시청,종각,16,3,115,14,1
subway_1호선_시청-종각_1,SUBWAY,1호선,시청,종각,16,4,115,14,1
subway_1호선_종각-종각_1,SUBWAY,1호선,종각,종각,16,0,30,1,0
subway_1호선_종각-종각_1,SUBWAY,1호선,종각,종각,16,1,30,1,0
subway_1호선_종각-종각_1,SUBWAY,1호선,종각,종각,16,2,30,1,0
subway_1호선_종각-종각_1,SUBWAY,1호선,종각,종각,16,3,30,1,0
subway_1호선_종각-종각_1,SUBWAY,1호선,종각,종각,16,4,30,1,0
subway_1호선_종각-종로3가_1,SUBWAY,1호선,종각,종로3가,16,0,85,14,1
subway_1호선_종각-종로3가_1,SUBWAY,1호선,종각,종로3가,16,1,85,14,1
subway_1호선_종각-종로3가_1,SUBWAY,1호선,종각,종로3가,16,2,85,14,1
subway_1호선_종각-종로3가_1,SUBWAY,1호선,종각,종로3가,16,3,85,14,1
subway_1호선_종각-종로3가_1,SUBWAY,1호선,종각,종로3가,16,4,85,14,1
subway_1호선_종로3가-종로3가_1,SUBWAY,1호선,종로3가,종로3가,16,0,30,1,0
subway_1호선_종로3가-종로3가_1,SUBWAY,1호선,종로3가,종로3가,16,1,30,1,0
subway_1호선_종로3가-종로3가_1,SUBWAY,1호선,종로3가,종로3가,16,2,30,1,0
subway_1호선_종로3가-종로3가_1,SUBWAY,1호선,종로3가,종로3가,16,3,30,1,0
subway_1호선_종로3가-종로3가_1,SUBWAY,1호선,종로3가,종로3가,16,4,30,1,0
subway_1호선_종로3가-종로5가_1,SUBWAY,1호선,종로3가,종로5가,16,0,85,14,1
subway_1호선_종로3가-종로5가_1,SUBWAY,1호선,종로3가,종로5가,16,1,85,14,1
subway_1호선_종로3가-종로5가_1,SUBWAY,1호선,종로3가,종로5가,16,2,85,14,1
subway_1호선_종로3가-종로5가_1,SUBWAY,1호선,종로3가,종로5가,16,3,85,14,1
subway_1호선_종로3가-종로5가_1,SUBWAY,1호선,종로3가,종로5가,16,4,85,14,1
subway_1호선_종로5가-종로5가_1,SUBWAY,1호선,종로5가,종로5가,16,0,30,1,0
subway_1호선_종로5가-종로5가_1,SUBWAY,1호선,종로5가,종로5가,16,1,30,1,0
subway_1호선_종로5가-종로5가_1,SUBWAY,1호선,종로5가,종로5가,16,2,30,1,0
subway_1호선_종로5가-종로5가_1,SUBWAY,1호선,종로5가,종로5가,16,3,30,1,0
subway_1호선_종로5가-종로5가_1,SUBWAY,1호선,종로5가,종로5가,16,4,30,1,0
subway_1호선_동대문-동대문_1,SUBWAY,1호선,동대문,동대문,16,0,30,1,0
subway_1호선_동대문-동대문_1,SUBWAY,1호선,동대문,동대문,16,1,30,1,0
subway_1호선_동대문-동대문_1,SUBWAY,1호선,동대문,동대문,16,2,30,1,0
subway_1호선_동대문-동대문_1,SUBWAY,1호선,동대문,동대문,16,3,30,1,0
subway_1호선_동대문-동대문_1,SUBWAY,1호선,동대문,동대문,16,4,30,1,0
subway_1호선_동묘앞-동묘앞_1,SUBWAY,1호선,동묘앞,동묘앞,16,0,30,1,0
subway_1호선_동묘앞-동묘앞_1,SUBWAY,1호선,동묘앞,동묘앞,16,1,30,1,0
subway_1호선_동묘앞-동묘앞_1,SUBWAY,1호선,동묘앞,동묘앞,16,2,30,1,0
subway_1호선_동묘앞-동묘앞_1,SUBWAY,1호선,동묘앞,동묘앞,16,3,30,1,0
subway_1호선_동묘앞-동묘앞_1,SUBWAY,1호선,동묘앞,동묘앞,16,4,30,1,0
subway_1호선_신설동-신설동_1,SUBWAY,1호선,신설동,신설동,16,0,30,1,0
subway_1호선_신설동-신설동_1,SUBWAY,1호선,신설동,신설동,16,1,30,1,0
subway_1호선_신설동-신설동_1,SUBWAY,1호선,신설동,신설동,16,2,30,1,0
subway_1호선_신설동-신설동_1,SUBWAY,1호선,신설동,신설동,16,3,30,1,0
subway_1호선_신설동-신설동_1,SUBWAY,1호선,신설동,신설동,16,4,30,1,0
subway_1호선_제기동-제기동_1,SUBWAY,1호선,제기동,제기동,16,0,30,1,0
subway_1호선_제기동-제기동_1,SUBWAY,1호선,제기동,제기동,16,1,30,1,0
subway_1호선_제기동-제기동_1,SUBWAY,1호선,제기동,제기동,16,2,30,1,0
subway_1호선_제기동-제기동_1,SUBWAY,1호선,제기동,제기동,16,3,30,1,0
subway_1호선_제기동-제기동_1,SUBWAY,1호선,제기동,제기동,16,4,30,1,0
subway_1호선_청량리-청량리_1,SUBWAY,1호선,청량리,청량리,16,0,30,1,0
subway_1호선_청량리-청량리_1,SUBWAY,1호선,청량리,청량리,16,1,30,1,0
subway_1호선_청량리-청량리_1,SUBWAY,1호선,청량리,청량리,16,2,30,1,0
subway_1호선_청량리-청량리_1,SUBWAY,1호선,청량리,청량리,16,3,30,1,0
subway_1호선_청량리-청량리_1,SUBWAY,1호선,청량리,청량리,16,4,30,1,0
subway_1호선_종각-종로3가_1,SUBWAY,1호선,종각,종로3가,7,0,90,13,1
subway_1호선_종각-종로3가_1,SUBWAY,1호선,종각,종로3가,7,1,90,13,1
subway_1호선_종각-종로3가_1,SUBWAY,1호선,종각,종로3가,7,2,90,13,1
subway_1호선_종각-종로3가_1,SUBWAY,1호선,종각,종로3가,7,3,90,13,1
subway_1호선_종각-종로3가_1,SUBWAY,1호선,종각,종로3가,7,4,90,13,1
subway_1호선_종로3가-종로5가_1,SUBWAY,1호선,종로3가,종로5가,7,0,90,13,1
subway_1호선_종로3가-종로5가_1,SUBWAY,1호선,종로3가,종로5가,7,1,90,13,1
subway_1호선_종로3가-종로5가_1,SUBWAY,1호선,종로3가,종로5가,7,2,90,13,1
subway_1호선_종로3가-종로5가_1,SUBWAY,1호선,종로3가,종로5가,7,3,90,13,1
subway_1호선_종로3가-종로5가_1,SUBWAY,1호선,종로3가,종로5가,7,4,90,13,1
subway_1호선_종로5가-동대문_1,SUBWAY,1호선,종로5가,동대문,7,0,90,13,1
subway_1호선_종로5가-동대문_1,SUBWAY,1호선,종로5가,동대문,7,1,90,13,1
subway_1호선_종로5가-동대문_1,SUBWAY,1호선,종로5가,동대문,7,2,90,13,1
subway_1호선_종로5가-동대문_1,SUBWAY,1호선,종로5가,동대문,7,3,90,13,1
subway_1호선_종로5가-동대문_1,SUBWAY,1호선,종로5가,동대문,7,4,90,13,1
subway_1호선_동대문-동묘앞_1,SUBWAY,1호선,동대문,동묘앞,7,0,90,13,1
subway_1호선_동대문-동묘앞_1,SUBWAY,1호선,동대문,동묘앞,7,1,90,13,1
subway_1호선_동대문-동묘앞_1,SUBWAY,1호선,동대문,동묘앞,7,2,90,13,1
subway_1호선_동대문-동묘앞_1,SUBWAY,1호선,동대문,동묘앞,7,3,90,13,1
subway_1호선_동대문-동묘앞_1,SUBWAY,1호선,동대문,동묘앞,7,4,90,13,1
subway_1호선_서울역-시청_1,SUBWAY,1호선,서울역,시청,16,0,120,14,1
subway_1호선_서울역-시청_1,SUBWAY,1호선,서울역,시청,16,1,120,14,1
subway_1호선_서울역-시청_1,SUBWAY,1호선,서울역,시청,16,2,120,14,1
subway_1호선_서울역-시청_1,SUBWAY,1호선,서울역,시청,16,3,120,14,1
subway_1호선_서울역-시청_1,SUBWAY,1호선,서울역,시청,16,4,120,14,1
subway_1호선_종로3가-종로5가_1,SUBWAY,1호선,종로3가,종로5가,17,0,86,17,1
subway_1호선_종로3가-종로5가_1,SUBWAY,1호선,종로3가,종로5가,17,1,86,17,1
subway_1호선_종로3가-종로5가_1,SUBWAY,1호선,종로3가,종로5가,17,2,86,17,1
subway_1호선_종로3가-종로5가_1,SUBWAY,1호선,종로3가,종로5가,17,3,86,17,1
subway_1호선_종로3가-종로5가_1,SUBWAY,1호선,종로3가,종로5가,17,4,86,17,1
subway_1호선_종로5가-동대문_1,SUBWAY,1호선,종로5가,동대문,17,0,86,16,1
subway_1호선_종로5가-동대문_1,SUBWAY,1호선,종로5가,동대문,17,1,86,16,1
subway_1호선_종로5가-동대문_1,SUBWAY,1호선,종로5가,동대문,17,2,86,16,1
subway_1호선_종로5가-동대문_1,SUBWAY,1호선,종로5가,동대문,17,3,86,16,1
subway_1호선_종로5가-동대문_1,SUBWAY,1호선,종로5가,동대문,17,4,86,16,1
subway_1호선_동대문-동묘앞_1,SUBWAY,1호선,동대문,동묘앞,17,0,86,15,1
subway_1호선_동대문-동묘앞_1,SUBWAY,1호선,동대문,동묘앞,17,1,86,15,1
subway_1호선_동대문-동묘앞_1,SUBWAY,1호선,동대문,동묘앞,17,2,86,15,1
subway_1호선_동대문-동묘앞_1,SUBWAY,1호선,동대문,동묘앞,17,3,86,15,1
subway_1호선_동대문-동묘앞_1,SUBWAY,1호선,동대문,동묘앞,17,4,86,15,1
subway_1호선_동묘앞-신설동_1,SUBWAY,1호선,동묘앞,신설동,17,0,85,14,1
subway_1호선_동묘앞-신설동_1,SUBWAY,1호선,동묘앞,신설동,17,1,85,14,1
subway_1호선_동묘앞-신설동_1,SUBWAY,1호선,동묘앞,신설동,17,2,85,14,1
subway_1호선_동묘앞-신설동_1,SUBWAY,1호선,동묘앞,신설동,17,3,85,14,1
subway_1호선_동묘앞-신설동_1,SUBWAY,1호선,동묘앞,신설동,17,4,85,14,1
subway_1호선_신설동-제기동_1,SUBWAY,1호선,신설동,제기동,17,0,85,14,1
subway_1호선_신설동-제기동_1,SUBWAY,1호선,신설동,제기동,17,1,85,14,1
subway_1호선_신설동-제기동_1,SUBWAY,1호선,신설동,제기동,17,2,85,14,1
subway_1호선_신설동-제기동_1,SUBWAY,1호선,신설동,제기동,17,3,85,14,1
subway_1호선_신설동-제기동_1,SUBWAY,1호선,신설동,제기동,17,4,85,14,1
subway_1호선_제기동-청량리_1,SUBWAY,1호선,제기동,청량리,17,0,84,11,1
subway_1호선_제기동-청량리_1,SUBWAY,1호선,제기동,청량리,17,1,84,11,1
subway_1호선_제기동-청량리_1,SUBWAY,1호선,제기동,청량리,17,2,84,11,1
subway_1호선_제기동-청량리_1,SUBWAY,1호선,제기동,청량리,17,3,84,11,1
subway_1호선_제기동-청량리_1,SUBWAY,1호선,제기동,청량리,17,4,84,11,1
subway_1호선_서울역-시청_1,SUBWAY,1호선,서울역,시청,17,0,116,16,1
subway_1호선_서울역-시청_1,SUBWAY,1호선,서울역,시청,17,1,116,16,1
subway_1호선_서울역-시청_1,SUBWAY,1호선,서울역,시청,17,2,116,16,1
subway_1호선_서울역-시청_1,SUBWAY,1호선,서울역,시청,17,3,116,16,1
subway_1호선_서울역-시청_1,SUBWAY,1호선,서울역,시청,17,4,116,16,1
subway_1호선_시청-종각_1,SUBWAY,1호선,시청,종각,17,0,116,17,1
subway_1호선_시청-종각_1,SUBWAY,1호선,시청,종각,17,1,116,17,1
subway_1호선_시청-종각_1,SUBWAY,1호선,시청,종각,17,2,116,17,1
subway_1호선_시청-종각_1,SUBWAY,1호선,시청,종각,17,3,116,17,1
subway_1호선_시청-종각_1,SUBWAY,1호선,시청,종각,17,4,116,17,1
subway_1호선_종각-종로3가_1,SUBWAY,1호선,종각,종로3가,17,0,86,16,1
subway_1호선_종각-종로3가_1,SUBWAY,1호선,종각,종로3가,17,1,86,16,1
subway_1호선_종각-종로3가_1,SUBWAY,1호선,종각,종로3가,17,2,86,16,1
subway_1호선_종각-종로3가_1,SUBWAY,1호선,종각,종로3가,17,3,86,16,1
subway_1호선_종각-종로3가_1,SUBWAY,1호선,종각,종로3가,17,4,86,16,1
subway_1호선_서울역-시청_1,SUBWAY,1호선,서울역,시청,7,0,120,14,1
subway_1호선_서울역-시청_1,SUBWAY,1호선,서울역,시청,7,1,120,14,1
subway_1호선_서울역-시청_1,SUBWAY,1호선,서울역,시청,7,2,120,14,1
subway_1호선_서울역-시청_1,SUBWAY,1호선,서울역,시청,7,3,120,14,1
subway_1호선_서울역-시청_1,SUBWAY,1호선,서울역,시청,7,4,120,14,1
subway_1호선_시청-종각_1,SUBWAY,1호선,시청,종각,7,0,120,13,1
subway_1호선_시청-종각_1,SUBWAY,1호선,시청,종각,7,1,120,13,1
subway_1호선_시청-종각_1,SUBWAY,1호선,시청,종각,7,2,120,13,1
subway_1호선_시청-종각_1,SUBWAY,1호선,시청,종각,7,3,120,13,1
subway_1호선_시청-종각_1,SUBWAY,1호선,시청,종각,7,4,120,13,1
subway_1호선_신설동-제기동_1,SUBWAY,1호선,신설동,제기동,18,0,86,15,1
subway_1호선_신설동-제기동_1,SUBWAY,1호선,신설동,제기동,18,1,86,15,1
subway_1호선_신설동-제기동_1,SUBWAY,1호선,신설동,제기동,18,2,86,15,1
subway_1호선_신설동-제기동_1,SUBWAY,1호선,신설동,제기동,18,3,86,15,1
subway_1호선_신설동-제기동_1,SUBWAY,1호선,신설동,제기동,18,4,86,15,1
subway_1호선_제기동-청량리_1,SUBWAY,1호선,제기동,청량리,18,0,90,12,1
subway_1호선_제기동-청량리_1,SUBWAY,1호선,제기동,청량리,18,1,90,12,1
subway_1호선_제기동-청량리_1,SUBWAY,1호선,제기동,청량리,18,2,90,12,1
subway_1호선_제기동-청량리_1,SUBWAY,1호선,제기동,청량리,18,3,90,12,1
subway_1호선_제기동-청량리_1,SUBWAY,1호선,제기동,청량리,18,4,90,12,1
subway_1호선_종로5가-동대문_1,SUBWAY,1호선,종로5가,동대문,18,0,85,14,1
subway_1호선_종로5가-동대문_1,SUBWAY,1호선,종로5가,동대문,18,1,85,14,1
subway_1호선_종로5가-동대문_1,SUBWAY,1호선,종로5가,동대문,18,2,85,14,1
subway_1호선_종로5가-동대문_1,SUBWAY,1호선,종로5가,동대문,18,3,85,14,1
subway_1호선_종로5가-동대문_1,SUBWAY,1호선,종로5가,동대문,18,4,85,14,1
subway_1호선_동대문-동묘앞_1,SUBWAY,1호선,동대문,동묘앞,18,0,85,14,1
subway_1호선_동대문-동묘앞_1,SUBWAY,1호선,동대문,동묘앞,18,1,85,14,1
subway_1호선_동대문-동묘앞_1,SUBWAY,1호선,동대문,동묘앞,18,2,85,14,1
subway_1호선_동대문-동묘앞_1,SUBWAY,1호선,동대문,동묘앞,18,3,85,14,1
subway_1호선_동대문-동묘앞_1,SUBWAY,1호선,동대문,동묘앞,18,4,85,14,1
subway_1호선_동묘앞-신설동_1,SUBWAY,1호선,동묘앞,신설동,18,0,85,14,1
subway_1호선_동묘앞-신설동_1,SUBWAY,1호선,동묘앞,신설동,18,1,85,14,1
subway_1호선_동묘앞-신설동_1,SUBWAY,1호선,동묘앞,신설동,18,2,85,14,1
subway_1호선_동묘앞-신설동_1,SUBWAY,1호선,동묘앞,신설동,18,3,85,14,1
subway_1호선_동묘앞-신설동_1,SUBWAY,1호선,동묘앞,신설동,18,4,85,14,1
subway_1호선_서울역-시청_1,SUBWAY,1호선,서울역,시청,18,0,116,15,1
subway_1호선_서울역-시청_1,SUBWAY,1호선,서울역,시청,18,1,116,15,1
subway_1호선_서울역-시청_1,SUBWAY,1호선,서울역,시청,18,2,116,15,1
subway_1호선_서울역-시청_1,SUBWAY,1호선,서울역,시청,18,3,116,15,1
subway_1호선_서울역-시청_1,SUBWAY,1호선,서울역,시청,18,4,116,15,1
subway_1호선_시청-종각_1,SUBWAY,1호선,시청,종각,18,0,115,14,1
subway_1호선_시청-종각_1,SUBWAY,1호선,시청,종각,18,1,115,14,1
subway_1호선_시청-종각_1,SUBWAY,1호선,시청,종각,18,2,115,14,1
subway_1호선_시청-종각_1,SUBWAY,1호선,시청,종각,18,3,115,14,1
subway_1호선_시청-종각_1,SUBWAY,1호선,시청,종각,18,4,115,14,1
subway_1호선_종각-종로3가_1,SUBWAY,1호선,종각,종로3가,18,0,85,14,1
subway_1호선_종각-종로3가_1,SUBWAY,1호선,종각,종로3가,18,1,85,14,1
subway_1호선_종각-종로3가_1,SUBWAY,1호선,종각,종로3가,18,2,85,14,1
subway_1호선_종각-종로3가_1,SUBWAY,1호선,종각,종로3가,18,3,85,14,1
subway_1호선_종각-종로3가_1,SUBWAY,1호선,종각,종로3가,18,4,85,14,1
subway_1호선_종로3가-종로5가_1,SUBWAY,1호선,종로3가,종로5가,18,0,85,14,1
subway_1호선_종로3가-종로5가_1,SUBWAY,1호선,종로3가,종로5가,18,1,85,14,1
subway_1호선_종로3가-종로5가_1,SUBWAY,1호선,종로3가,종로5가,18,2,85,14,1
subway_1호선_종로3가-종로5가_1,SUBWAY,1호선,종로3가,종로5가,18,3,85,14,1
subway_1호선_종로3가-종로5가_1,SUBWAY,1호선,종로3가,종로5가,18,4,85,14,1
subway_1호선_동묘앞-신설동_1,SUBWAY,1호선,동묘앞,신설동,19,0,90,13,1
subway_1호선_동묘앞-신설동_1,SUBWAY,1호선,동묘앞,신설동,19,1,90,13,1
subway_1호선_동묘앞-신설동_1,SUBWAY,1호선,동묘앞,신설동,19,2,90,13,1
subway_1호선_동묘앞-신설동_1,SUBWAY,1호선,동묘앞,신설동,19,3,90,13,1
subway_1호선_동묘앞-신설동_1,SUBWAY,1호선,동묘앞,신설동,19,4,90,13,1
subway_1호선_신설동-제기동_1,SUBWAY,1호선,신설동,제기동,19,0,90,13,1
subway_1호선_신설동-제기동_1,SUBWAY,1호선,신설동,제기동,19,1,90,13,1
subway_1호선_신설동-제기동_1,SUBWAY,1호선,신설동,제기동,19,2,90,13,1
subway_1호선_신설동-제기동_1,SUBWAY,1호선,신설동,제기동,19,3,90,13,1
subway_1호선_신설동-제기동_1,SUBWAY,1호선,신설동,제기동,19,4,90,13,1
subway_1호선_제기동-청량리_1,SUBWAY,1호선,제기동,청량리,19,0,90,12,1
subway_1호선_제기동-청량리_1,SUBWAY,1호선,제기동,청량리,19,1,90,12,1
subway_1호선_제기동-청량리_1,SUBWAY,1호선,제기동,청량리,19,2,90,12,1
subway_1호선_제기동-청량리_1,SUBWAY,1호선,제기동,청량리,19,3,90,12,1
subway_1호선_제기동-청량리_1,SUBWAY,1호선,제기동,청량리,19,4,90,12,1
subway_1호선_동묘앞-신설동_1,SUBWAY,1호선,동묘앞,신설동,6,0,90,13,1
subway_1호선_동묘앞-신설동_1,SUBWAY,1호선,동묘앞,신설동,6,1,90,13,1
subway_1호선_동묘앞-신설동_1,SUBWAY,1호선,동묘앞,신설동,6,2,90,13,1
subway_1호선_동묘앞-신설동_1,SUBWAY,1호선,동묘앞,신설동,6,3,90,13,1
subway_1호선_동묘앞-신설동_1,SUBWAY,1호선,동묘앞,신설동,6,4,90,13,1
subway_1호선_신설동-제기동_1,SUBWAY,1호선,신설동,제기동,6,0,90,12,1
subway_1호선_신설동-제기동_1,SUBWAY,1호선,신설동,제기동,6,1,90,12,1
subway_1호선_신설동-제기동_1,SUBWAY,1호선,신설동,제기동,6,2,90,12,1
subway_1호선_신설동-제기동_1,SUBWAY,1호선,신설동,제기동,6,3,90,12,1
subway_1호선_신설동-제기동_1,SUBWAY,1호선,신설동,제기동,6,4,90,12,1
subway_1호선_제기동-청량리_1,SUBWAY,1호선,제기동,청량리,6,0,90,10,1
subway_1호선_제기동-청량리_1,SUBWAY,1호선,제기동,청량리,6,1,90,10,1
subway_1호선_제기동-청량리_1,SUBWAY,1호선,제기동,청량리,6,2,90,10,1
subway_1호선_제기동-청량리_1,SUBWAY,1호선,제기동,청량리,6,3,90,10,1
subway_1호선_제기동-청량리_1,SUBWAY,1호선,제기동,청량리,6,4,90,10,1
subway_1호선_서울역-시청_1,SUBWAY,1호선,서울역,시청,8,0,120,15,1
subway_1호선_서울역-시청_1,SUBWAY,1호선,서울역,시청,8,1,120,15,1
subway_1호선_서울역-시청_1,SUBWAY,1호선,서울역,시청,8,2,120,15,1
subway_1호선_서울역-시청_1,SUBWAY,1호선,서울역,시청,8,3,120,15,1
subway_1호선_서울역-시청_1,SUBWAY,1호선,서울역,시청,8,4,120,15,1
subway_1호선_시청-종각_1,SUBWAY,1호선,시청,종각,8,0,120,16,1
subway_1호선_시청-종각_1,SUBWAY,1호선,시청,종각,8,1,120,16,1
subway_1호선_시청-종각_1,SUBWAY,1호선,시청,종각,8,2,120,16,1
subway_1호선_시청-종각_1,SUBWAY,1호선,시청,종각,8,3,120,16,1
subway_1호선_시청-종각_1,SUBWAY,1호선,시청,종각,8,4,120,16,1
subway_1호선_종각-종로3가_1,SUBWAY,1호선,종각,종로3가,8,0,90,16,1
subway_1호선_종각-종로3가_1,SUBWAY,1호선,종각,종로3가,8,1,90,16,1
subway_1호선_종각-종로3가_1,SUBWAY,1호선,종각,종로3가,8,2,90,16,1
subway_1호선_종각-종로3가_1,SUBWAY,1호선,종각,종로3가,8,3,90,16,1
subway_1호선_종각-종로3가_1,SUBWAY,1호선,종각,종로3가,8,4,90,16,1
subway_1호선_종로3가-종로5가_1,SUBWAY,1호선,종로3가,종로5가,8,0,90,16,1
subway_1호선_종로3가-종로5가_1,SUBWAY,1호선,종로3가,종로5가,8,1,90,16,1
subway_1호선_종로3가-종로5가_1,SUBWAY,1호선,종로3가,종로5가,8,2,90,16,1
subway_1호선_종로3가-종로5가_1,SUBWAY,1호선,종로3가,종로5가,8,3,90,16,1
subway_1호선_종로3가-종로5가_1,SUBWAY,1호선,종로3가,종로5가,8,4,90,16,1
subway_1호선_종로5가-동대문_1,SUBWAY,1호선,종로5가,동대문,8,0,90,16,1
subway_1호선_종로5가-동대문_1,SUBWAY,1호선,종로5가,동대문,8,1,90,16,1
subway_1호선_종로5가-동대문_1,SUBWAY,1호선,종로5가,동대문,8,2,90,16,1
subway_1호선_종로5가-동대문_1,SUBWAY,1호선,종로5가,동대문,8,3,90,16,1
subway_1호선_종로5가-동대문_1,SUBWAY,1호선,종로5가,동대문,8,4,90,16,1
subway_1호선_동대문-동묘앞_1,SUBWAY,1호선,동대문,동묘앞,8,0,90,15,1
subway_1호선_동대문-동묘앞_1,SUBWAY,1호선,동대문,동묘앞,8,1,90,15,1
subway_1호선_동대문-동묘앞_1,SUBWAY,1호선,동대문,동묘앞,8,2,90,15,1
subway_1호선_동대문-동묘앞_1,SUBWAY,1호선,동대문,동묘앞,8,3,90,15,1
subway_1호선_동대문-동묘앞_1,SUBWAY,1호선,동대문,동묘앞,8,4,90,15,1
subway_1호선_동묘앞-신설동_1,SUBWAY,1호선,동묘앞,신설동,8,0,90,15,1
subway_1호선_동묘앞-신설동_1,SUBWAY,1호선,동묘앞,신설동,8,1,90,15,1
subway_1호선_동묘앞-신설동_1,SUBWAY,1호선,동묘앞,신설동,8,2,90,15,1
subway_1호선_동묘앞-신설동_1,SUBWAY,1호선,동묘앞,신설동,8,3,90,15,1
subway_1호선_동묘앞-신설동_1,SUBWAY,1호선,동묘앞,신설동,8,4,90,15,1
subway_1호선_신설동-제기동_1,SUBWAY,1호선,신설동,제기동,8,0,90,15,1
subway_1호선_신설동-제기동_1,SUBWAY,1호선,신설동,제기동,8,1,90,15,1
subway_1호선_신설동-제기동_1,SUBWAY,1호선,신설동,제기동,8,2,90,15,1
subway_1호선_신설동-제기동_1,SUBWAY,1호선,신설동,제기동,8,3,90,15,1
subway_1호선_신설동-제기동_1,SUBWAY,1호선,신설동,제기동,8,4,90,15,1
subway_1호선_제기동-청량리_1,SUBWAY,1호선,제기동,청량리,8,0,90,12,1
subway_1호선_제기동-청량리_1,SUBWAY,1호선,제기동,청량리,8,1,90,12,1
subway_1호선_제기동-청량리_1,SUBWAY,1호선,제기동,청량리,8,2,90,12,1
subway_1호선_제기동-청량리_1,SUBWAY,1호선,제기동,청량리,8,3,90,12,1
subway_1호선_제기동-청량리_1,SUBWAY,1호선,제기동,청량리,8,4,90,12,1
subway_1호선_서울역-시청_1,SUBWAY,1호선,서울역,시청,10,0,110,12,1
subway_1호선_서울역-시청_1,SUBWAY,1호선,서울역,시청,10,1,110,12,1
subway_1호선_서울역-시청_1,SUBWAY,1호선,서울역,시청,10,2,110,12,1
subway_1호선_서울역-시청_1,SUBWAY,1호선,서울역,시청,10,3,110,12,1
subway_1호선_서울역-시청_1,SUBWAY,1호선,서울역,시청,10,4,110,12,1
subway_1호선_시청-종각_1,SUBWAY,1호선,시청,종각,10,0,109,11,1
subway_1호선_시청-종각_1,SUBWAY,1호선,시청,종각,10,1,109,11,1
subway_1호선_시청-종각_1,SUBWAY,1호선,시청,종각,10,2,109,11,1
subway_1호선_시청-종각_1,SUBWAY,1호선,시청,종각,10,3,109,11,1
subway_1호선_시청-종각_1,SUBWAY,1호선,시청,종각,10,4,109,11,1
subway_1호선_종각-종로3가_1,SUBWAY,1호선,종각,종로3가,10,0,84,10,1
subway_1호선_종각-종로3가_1,SUBWAY,1호선,종각,종로3가,10,1,84,10,1
subway_1호선_종각-종로3가_1,SUBWAY,1호선,종각,종로3가,10,2,84,10,1
subway_1호선_종각-종로3가_1,SUBWAY,1호선,종각,종로3가,10,3,84,10,1
subway_1호선_종각-종로3가_1,SUBWAY,1호선,종각,종로3가,10,4,84,10,1
subway_1호선_종로3가-종로5가_1,SUBWAY,1호선,종로3가,종로5가,10,0,84,11,1
subway_1호선_종로3가-종로5가_1,SUBWAY,1호선,종로3가,종로5가,10,1,84,11,1
subway_1호선_종로3가-종로5가_1,SUBWAY,1호선,종로3가,종로5가,10,2,84,11,1
subway_1호선_종로3가-종로5가_1,SUBWAY,1호선,종로3가,종로5가,10,3,84,11,1
subway_1호선_종로3가-종로5가_1,SUBWAY,1호선,종로3가,종로5가,10,4,84,11,1
subway_1호선_종로5가-동대문_1,SUBWAY,1호선,종로5가,동대문,10,0,84,10,1
subway_1호선_종로5가-동대문_1,SUBWAY,1호선,종로5가,동대문,10,1,84,10,1
subway_1호선_종로5가-동대문_1,SUBWAY,1호선,종로5가,동대문,10,2,84,10,1
subway_1호선_종로5가-동대문_1,SUBWAY,1호선,종로5가,동대문,10,3,84,10,1
subway_1호선_종로5가-동대문_1,SUBWAY,1호선,종로5가,동대문,10,4,84,10,1
subway_1호선_동대문-동묘앞_1,SUBWAY,1호선,동대문,동묘앞,10,0,84,11,1
subway_1호선_동대문-동묘앞_1,SUBWAY,1호선,동대문,동묘앞,10,1,84,11,1
subway_1호선_동대문-동묘앞_1,SUBWAY,1호선,동대문,동묘앞,10,2,84,11,1
subway_1호선_동대문-동묘앞_1,SUBWAY,1호선,동대문,동묘앞,10,3,84,11,1
subway_1호선_동대문-동묘앞_1,SUBWAY,1호선,동대문,동묘앞,10,4,84,11,1
subway_1호선_동묘앞-신설동_1,SUBWAY,1호선,동묘앞,신설동,10,0,84,11,1
subway_1호선_동묘앞-신설동_1,SUBWAY,1호선,동묘앞,신설동,10,1,84,11,1
subway_1호선_동묘앞-신설동_1,SUBWAY,1호선,동묘앞,신설동,10,2,84,11,1
subway_1호선_동묘앞-신설동_1,SUBWAY,1호선,동묘앞,신설동,10,3,84,11,1
subway_1호선_동묘앞-신설동_1,SUBWAY,1호선,동묘앞,신설동,10,4,84,11,1
subway_1호선_신설동-제기동_1,SUBWAY,1호선,신설동,제기동,10,0,84,11,1
subway_1호선_신설동-제기동_1,SUBWAY,1호선,신설동,제기동,10,1,84,11,1
subway_1호선_신설동-제기동_1,SUBWAY,1호선,신설동,제기동,10,2,84,11,1
subway_1호선_신설동-제기동_1,SUBWAY,1호선,신설동,제기동,10,3,84,11,1
subway_1호선_신설동-제기동_1,SUBWAY,1호선,신설동,제기동,10,4,84,11,1
subway_1호선_제기동-청량리_1,SUBWAY,1호선,제기동,청량리,10,0,86,8,1
subway_1호선_제기동-청량리_1,SUBWAY,1호선,제기동,청량리,10,1,86,8,1
subway_1호선_제기동-청량리_1,SUBWAY,1호선,제기동,청량리,10,2,86,8,1
subway_1호선_제기동-청량리_1,SUBWAY,1호선,제기동,청량리,10,3,86,8,1
subway_1호선_제기동-청량리_1,SUBWAY,1호선,제기동,청량리,10,4,86,8,1
subway_1호선_서울역-시청_1,SUBWAY,1호선,서울역,시청,11,0,115,12,1
subway_1호선_서울역-시청_1,SUBWAY,1호선,서울역,시청,11,1,115,12,1
subway_1호선_서울역-시청_1,SUBWAY,1호선,서울역,시청,11,2,115,12,1
subway_1호선_서울역-시청_1,SUBWAY,1호선,서울역,시청,11,3,115,12,1
subway_1호선_서울역-시청_1,SUBWAY,1호선,서울역,시청,11,4,115,12,1
subway_1호선_시청-종각_1,SUBWAY,1호선,시청,종각,11,0,115,13,1
subway_1호선_시청-종각_1,SUBWAY,1호선,시청,종각,11,1,115,13,1
subway_1호선_시청-종각_1,SUBWAY,1호선,시청,종각,11,2,115,13,1
subway_1호선_시청-종각_1,SUBWAY,1호선,시청,종각,11,3,115,13,1
subway_1호선_시청-종각_1,SUBWAY,1호선,시청,종각,11,4,115,13,1
subway_1호선_종각-종로3가_1,SUBWAY,1호선,종각,종로3가,11,0,81,14,1
subway_1호선_종각-종로3가_1,SUBWAY,1호선,종각,종로3가,11,1,81,14,1
subway_1호선_종각-종로3가_1,SUBWAY,1호선,종각,종로3가,11,2,81,14,1
subway_1호선_종각-종로3가_1,SUBWAY,1호선,종각,종로3가,11,3,81,14,1
subway_1호선_종각-종로3가_1,SUBWAY,1호선,종각,종로3가,11,4,81,14,1
subway_1호선_종로3가-종로5가_1,SUBWAY,1호선,종로3가,종로5가,11,0,81,14,1
subway_1호선_종로3가-종로5가_1,SUBWAY,1호선,종로3가,종로5가,11,1,81,14,1
subway_1호선_종로3가-종로5가_1,SUBWAY,1호선,종로3가,종로5가,11,2,81,14,1
subway_1호선_종로3가-종로5가_1,SUBWAY,1호선,종로3가,종로5가,11,3,81,14,1
subway_1호선_종로3가-종로5가_1,SUBWAY,1호선,종로3가,종로5가,11,4,81,14,1
subway_1호선_종로5가-동대문_1,SUBWAY,1호선,종로5가,동대문,11,0,81,14,1
subway_1호선_종로5가-동대문_1,SUBWAY,1호선,종로5가,동대문,11,1,81,14,1
subway_1호선_종로5가-동대문_1,SUBWAY,1호선,종로5가,동대문,11,2,81,14,1
subway_1호선_종로5가-동대문_1,SUBWAY,1호선,종로5가,동대문,11,3,81,14,1
subway_1호선_종로5가-동대문_1,SUBWAY,1호선,종로5가,동대문,11,4,81,14,1
subway_1호선_동대문-동묘앞_1,SUBWAY,1호선,동대문,동묘앞,11,0,81,14,1
subway_1호선_동대문-동묘앞_1,SUBWAY,1호선,동대문,동묘앞,11,1,81,14,1
subway_1호선_동대문-동묘앞_1,SUBWAY,1호선,동대문,동묘앞,11,2,81,14,1
subway_1호선_동대문-동묘앞_1,SUBWAY,1호선,동대문,동묘앞,11,3,81,14,1
subway_1호선_동대문-동묘앞_1,SUBWAY,1호선,동대문,동묘앞,11,4,81,14,1
subway_1호선_동묘앞-신설동_1,SUBWAY,1호선,동묘앞,신설동,11,0,80,13,1
subway_1호선_동묘앞-신설동_1,SUBWAY,1호선,동묘앞,신설동,11,1,80,13,1
subway_1호선_동묘앞-신설동_1,SUBWAY,1호선,동묘앞,신설동,11,2,80,13,1
subway_1호선_동묘앞-신설동_1,SUBWAY,1호선,동묘앞,신설동,11,3,80,13,1
subway_1호선_동묘앞-신설동_1,SUBWAY,1호선,동묘앞,신설동,11,4,80,13,1
subway_1호선_신설동-제기동_1,SUBWAY,1호선,신설동,제기동,11,0,81,14,1
subway_1호선_신설동-제기동_1,SUBWAY,1호선,신설동,제기동,11,1,81,14,1
subway_1호선_신설동-제기동_1,SUBWAY,1호선,신설동,제기동,11,2,81,14,1
subway_1호선_신설동-제기동_1,SUBWAY,1호선,신설동,제기동,11,3,81,14,1
subway_1호선_신설동-제기동_1,SUBWAY,1호선,신설동,제기동,11,4,81,14,1
subway_1호선_제기동-청량리_1,SUBWAY,1호선,제기동,청량리,11,0,90,10,1
subway_1호선_제기동-청량리_1,SUBWAY,1호선,제기동,청량리,11,1,90,10,1
subway_1호선_제기동-청량리_1,SUBWAY,1호선,제기동,청량리,11,2,90,10,1
subway_1호선_제기동-청량리_1,SUBWAY,1호선,제기동,청량리,11,3,90,10,1
subway_1호선_제기동-청량리_1,SUBWAY,1호선,제기동,청량리,11,4,90,10,1
subway_1호선_서울역-시청_1,SUBWAY,1호선,서울역,시청,12,0,120,11,1
subway_1호선_서울역-시청_1,SUBWAY,1호선,서울역,시청,12,1,120,11,1
subway_1호선_서울역-시청_1,SUBWAY,1호선,서울역,시청,12,2,120,11,1
subway_1호선_서울역-시청_1,SUBWAY,1호선,서울역,시청,12,3,120,11,1
subway_1호선_서울역-시청_1,SUBWAY,1호선,서울역,시청,12,4,120,11,1
subway_1호선_시청-종각_1,SUBWAY,1호선,시청,종각,12,0,120,11,1
subway_1호선_시청-종각_1,SUBWAY,1호선,시청,종각,12,1,120,11,1
subway_1호선_시청-종각_1,SUBWAY,1호선,시청,종각,12,2,120,11,1
subway_1호선_시청-종각_1,SUBWAY,1호선,시청,종각,12,3,120,11,1
subway_1호선_시청-종각_1,SUBWAY,1호선,시청,종각,12,4,120,11,1
subway_1호선_종각-종로3가_1,SUBWAY,1호선,종각,종로3가,12,0,90,11,1
subway_1호선_종각-종로3가_1,SUBWAY,1호선,종각,종로3가,12,1,90,11,1
subway_1호선_종각-종로3가_1,SUBWAY,1호선,종각,종로3가,12,2,90,11,1
subway_1호선_종각-종로3가_1,SUBWAY,1호선,종각,종로3가,12,3,90,11,1
subway_1호선_종각-종로3가_1,SUBWAY,1호선,종각,종로3가,12,4,90,11,1
subway_1호선_종로3가-종로5가_1,SUBWAY,1호선,종로3가,종로5가,12,0,90,10,1
subway_1호선_종로3가-종로5가_1,SUBWAY,1호선,종로3가,종로5가,12,1,90,10,1
subway_1호선_종로3가-종로5가_1,SUBWAY,1호선,종로3가,종로5가,12,2,90,10,1
subway_1호선_종로3가-종로5가_1,SUBWAY,1호선,종로3가,종로5가,12,3,90,10,1
subway_1호선_종로3가-종로5가_1,SUBWAY,1호선,종로3가,종로5가,12,4,90,10,1
subway_1호선_종로5가-동대문_1,SUBWAY,1호선,종로5가,동대문,12,0,90,11,1
subway_1호선_종로5가-동대문_1,SUBWAY,1호선,종로5가,동대문,12,1,90,11,1
subway_1호선_종로5가-동대문_1,SUBWAY,1호선,종로5가,동대문,12,2,90,11,1
subway_1호선_종로5가-동대문_1,SUBWAY,1호선,종로5가,동대문,12,3,90,11,1
subway_1호선_종로5가-동대문_1,SUBWAY,1호선,종로5가,동대문,12,4,90,11,1
subway_1호선_동대문-동묘앞_1,SUBWAY,1호선,동대문,동묘앞,12,0,90,11,1
subway_1호선_동대문-동묘앞_1,SUBWAY,1호선,동대문,동묘앞,12,1,90,11,1
subway_1호선_동대문-동묘앞_1,SUBWAY,1호선,동대문,동묘앞,12,2,90,11,1
subway_1호선_동대문-동묘앞_1,SUBWAY,1호선,동대문,동묘앞,12,3,90,11,1
subway_1호선_동대문-동묘앞_1,SUBWAY,1호선,동대문,동묘앞,12,4,90,11,1
subway_1호선_동묘앞-신설동_1,SUBWAY,1호선,동묘앞,신설동,12,0,90,11,1
subway_1호선_동묘앞-신설동_1,SUBWAY,1호선,동묘앞,신설동,12,1,90,11,1
subway_1호선_동묘앞-신설동_1,SUBWAY,1호선,동묘앞,신설동,12,2,90,11,1
subway_1호선_동묘앞-신설동_1,SUBWAY,1호선,동묘앞,신설동,12,3,90,11,1
subway_1호선_동묘앞-신설동_1,SUBWAY,1호선,동묘앞,신설동,12,4,90,11,1
subway_1호선_신설동-제기동_1,SUBWAY,1호선,신설동,제기동,12,0,90,11,1
subway_1호선_신설동-제기동_1,SUBWAY,1호선,신설동,제기동,12,1,90,11,1
subway_1호선_신설동-제기동_1,SUBWAY,1호선,신설동,제기동,12,2,90,11,1
subway_1호선_신설동-제기동_1,SUBWAY,1호선,신설동,제기동,12,3,90,11,1
subway_1호선_신설동-제기동_1,SUBWAY,1호선,신설동,제기동,12,4,90,11,1
subway_1호선_제기동-청량리_1,SUBWAY,1호선,제기동,청량리,12,0,90,10,1
subway_1호선_제기동-청량리_1,SUBWAY,1호선,제기동,청량리,12,1,90,10,1
subway_1호선_제기동-청량리_1,SUBWAY,1호선,제기동,청량리,12,2,90,10,1
subway_1호선_제기동-청량리_1,SUBWAY,1호선,제기동,청량리,12,3,90,10,1
subway_1호선_제기동-청량리_1,SUBWAY,1호선,제기동,청량리,12,4,90,10,1
subway_1호선_서울역-시청_1,SUBWAY,1호선,서울역,시청,13,0,120,13,1
subway_1호선_서울역-시청_1,SUBWAY,1호선,서울역,시청,13,1,120,13,1
subway_1호선_서울역-시청_1,SUBWAY,1호선,서울역,시청,13,2,120,13,1
subway_1호선_서울역-시청_1,SUBWAY,1호선,서울역,시청,13,3,120,13,1
subway_1호선_서울역-시청_1,SUBWAY,1호선,서울역,시청,13,4,120,13,1
subway_1호선_시청-종각_1,SUBWAY,1호선,시청,종각,13,0,120,12,1
subway_1호선_시청-종각_1,SUBWAY,1호선,시청,종각,13,1,120,12,1
subway_1호선_시청-종각_1,SUBWAY,1호선,시청,종각,13,2,120,12,1
subway_1호선_시청-종각_1,SUBWAY,1호선,시청,종각,13,3,120,12,1
subway_1호선_시청-종각_1,SUBWAY,1호선,시청,종각,13,4,120,12,1
subway_1호선_종각-종로3가_1,SUBWAY,1호선,종각,종로3가,13,0,90,12,1
subway_1호선_종각-종로3가_1,SUBWAY,1호선,종각,종로3가,13,1,90,12,1
subway_1호선_종각-종로3가_1,SUBWAY,1호선,종각,종로3가,13,2,90,12,1
subway_1호선_종각-종로3가_1,SUBWAY,1호선,종각,종로3가,13,3,90,12,1
subway_1호선_종각-종로3가_1,SUBWAY,1호선,종각,종로3가,13,4,90,12,1
subway_1호선_종로3가-종로5가_1,SUBWAY,1호선,종로3가,종로5가,13,0,90,12,1
subway_1호선_종로3가-종로5가_1,SUBWAY,1호선,종로3가,종로5가,13,1,90,12,1
subway_1호선_종로3가-종로5가_1,SUBWAY,1호선,종로3가,종로5가,13,2,90,12,1
subway_1호선_종로3가-종로5가_1,SUBWAY,1호선,종로3가,종로5가,13,3,90,12,1
subway_1호선_종로3가-종로5가_1,SUBWAY,1호선,종로3가,종로5가,13,4,90,12,1
subway_1호선_종로5가-신설동_1,SUBWAY,1호선,종로5가,신설동,13,0,90,1,0
subway_1호선_종로5가-신설동_1,SUBWAY,1호선,종로5가,신설동,13,1,90,1,0
subway_1호선_종로5가-신설동_1,SUBWAY,1호선,종로5가,신설동,13,2,90,1,0
subway_1호선_종로5가-신설동_1,SUBWAY,1호선,종로5가,신설동,13,3,90,1,0
subway_1호선_종로5가-신설동_1,SUBWAY,1호선,종로5가,신설동,13,4,90,1,0
subway_1호선_동대문-제기동_1,SUBWAY,1호선,동대문,제기동,13,0,90,1,0
subway_1호선_동대문-제기동_1,SUBWAY,1호선,동대문,제기동,13,1,90,1,0
subway_1호선_동대문-제기동_1,SUBWAY,1호선,동대문,제기동,13,2,90,1,0
subway_1호선_동대문-제기동_1,SUBWAY,1호선,동대문,제기동,13,3,90,1,0
subway_1호선_동대문-제기동_1,SUBWAY,1호선,동대문,제기동,13,4,90,1,0
subway_1호선_동묘앞-청량리_1,SUBWAY,1호선,동묘앞,청량리,13,0,90,1,0
subway_1호선_동묘앞-청량리_1,SUBWAY,1호선,동묘앞,청량리,13,1,90,1,0
subway_1호선_동묘앞-청량리_1,SUBWAY,1호선,동묘앞,청량리,13,2,90,1,0
subway_1호선_동묘앞-청량리_1,SUBWAY,1호선,동묘앞,청량리,13,3,90,1,0
subway_1호선_동묘앞-청량리_1,SUBWAY,1호선,동묘앞,청량리,13,4,90,1,0
subway_1호선_신설동-제기동_1,SUBWAY,1호선,신설동,제기동,13,0,90,11,1
subway_1호선_신설동-제기동_1,SUBWAY,1호선,신설동,제기동,13,1,90,11,1
subway_1호선_신설동-제기동_1,SUBWAY,1호선,신설동,제기동,13,2,90,11,1
subway_1호선_신설동-제기동_1,SUBWAY,1호선,신설동,제기동,13,3,90,11,1
subway_1호선_신설동-제기동_1,SUBWAY,1호선,신설동,제기동,13,4,90,11,1
subway_1호선_제기동-청량리_1,SUBWAY,1호선,제기동,청량리,13,0,90,8,1
subway_1호선_제기동-청량리_1,SUBWAY,1호선,제기동,청량리,13,1,90,8,1
subway_1호선_제기동-청량리_1,SUBWAY,1호선,제기동,청량리,13,2,90,8,1
subway_1호선_제기동-청량리_1,SUBWAY,1호선,제기동,청량리,13,3,90,8,1
subway_1호선_제기동-청량리_1,SUBWAY,1호선,제기동,청량리,13,4,90,8,1
subway_1호선_종각-종로3가_1,SUBWAY,1호선,종각,종로3가,19,0,90,15,1
subway_1호선_종각-종로3가_1,SUBWAY,1호선,종각,종로3가,19,1,90,15,1
subway_1호선_종각-종로3가_1,SUBWAY,1호선,종각,종로3가,19,2,90,15,1
subway_1호선_종각-종로3가_1,SUBWAY,1호선,종각,종로3가,19,3,90,15,1
subway_1호선_종각-종로3가_1,SUBWAY,1호선,종각,종로3가,19,4,90,15,1
subway_1호선_종로3가-종로5가_1,SUBWAY,1호선,종로3가,종로5가,19,0,90,15,1
subway_1호선_종로3가-종로5가_1,SUBWAY,1호선,종로3가,종로5가,19,1,90,15,1
subway_1호선_종로3가-종로5가_1,SUBWAY,1호선,종로3가,종로5가,19,2,90,15,1
subway_1호선_종로3가-종로5가_1,SUBWAY,1호선,종로3가,종로5가,19,3,90,15,1
subway_1호선_종로3가-종로5가_1,SUBWAY,1호선,종로3가,종로5가,19,4,90,15,1
subway_1호선_종로5가-동대문_1,SUBWAY,1호선,종로5가,동대문,19,0,90,15,1
subway_1호선_종로5가-동대문_1,SUBWAY,1호선,종로5가,동대문,19,1,90,15,1
subway_1호선_종로5가-동대문_1,SUBWAY,1호선,종로5가,동대문,19,2,90,15,1
subway_1호선_종로5가-동대문_1,SUBWAY,1호선,종로5가,동대문,19,3,90,15,1
subway_1호선_종로5가-동대문_1,SUBWAY,1호선,종로5가,동대문,19,4,90,15,1
subway_1호선_동대문-동묘앞_1,SUBWAY,1호선,동대문,동묘앞,19,0,90,13,1
subway_1호선_동대문-동묘앞_1,SUBWAY,1호선,동대문,동묘앞,19,1,90,13,1
subway_1호선_동대문-동묘앞_1,SUBWAY,1호선,동대문,동묘앞,19,2,90,13,1
subway_1호선_동대문-동묘앞_1,SUBWAY,1호선,동대문,동묘앞,19,3,90,13,1
subway_1호선_동대문-동묘앞_1,SUBWAY,1호선,동대문,동묘앞,19,4,90,13,1
subway_1호선_서울역-시청_1,SUBWAY,1호선,서울역,시청,19,0,120,14,1
subway_1호선_서울역-시청_1,SUBWAY,1호선,서울역,시청,19,1,120,14,1
subway_1호선_서울역-시청_1,SUBWAY,1호선,서울역,시청,19,2,120,14,1
subway_1호선_서울역-시청_1,SUBWAY,1호선,서울역,시청,19,3,120,14,1
subway_1호선_서울역-시청_1,SUBWAY,1호선,서울역,시청,19,4,120,14,1
subway_1호선_시청-종각_1,SUBWAY,1호선,시청,종각,19,0,120,15,1
subway_1호선_시청-종각_1,SUBWAY,1호선,시청,종각,19,1,120,15,1
subway_1호선_시청-종각_1,SUBWAY,1호선,시청,종각,19,2,120,15,1
subway_1호선_시청-종각_1,SUBWAY,1호선,시청,종각,19,3,120,15,1
subway_1호선_시청-종각_1,SUBWAY,1호선,시청,종각,19,4,120,15,1
subway_1호선_종로5가-동대문_1,SUBWAY,1호선,종로5가,동대문,20,0,87,13,1
subway_1호선_종로5가-동대문_1,SUBWAY,1호선,종로5가,동대문,20,1,87,13,1
subway_1호선_종로5가-동대문_1,SUBWAY,1호선,종로5가,동대문,20,2,87,13,1
subway_1호선_종로5가-동대문_1,SUBWAY,1호선,종로5가,동대문,20,3,87,13,1
subway_1호선_종로5가-동대문_1,SUBWAY,1호선,종로5가,동대문,20,4,87,13,1
subway_1호선_동대문-동묘앞_1,SUBWAY,1호선,동대문,동묘앞,20,0,87,13,1
subway_1호선_동대문-동묘앞_1,SUBWAY,1호선,동대문,동묘앞,20,1,87,13,1
subway_1호선_동대문-동묘앞_1,SUBWAY,1호선,동대문,동묘앞,20,2,87,13,1
subway_1호선_동대문-동묘앞_1,SUBWAY,1호선,동대문,동묘앞,20,3,87,13,1
subway_1호선_동대문-동묘앞_1,SUBWAY,1호선,동대문,동묘앞,20,4,87,13,1
subway_1호선_동묘앞-신설동_1,SUBWAY,1호선,동묘앞,신설동,20,0,87,14,1
subway_1호선_동묘앞-신설동_1,SUBWAY,1호선,동묘앞,신설동,20,1,87,14,1
subway_1호선_동묘앞-신설동_1,SUBWAY,1호선,동묘앞,신설동,20,2,87,14,1
subway_1호선_동묘앞-신설동_1,SUBWAY,1호선,동묘앞,신설동,20,3,87,14,1
subway_1호선_동묘앞-신설동_1,SUBWAY,1호선,동묘앞,신설동,20,4,87,14,1
subway_1호선_신설동-제기동_1,SUBWAY,1호선,신설동,제기동,20,0,87,13,1
subway_1호선_신설동-제기동_1,SUBWAY,1호선,신설동,제기동,20,1,87,13,1
subway_1호선_신설동-제기동_1,SUBWAY,1호선,신설동,제기동,20,2,87,13,1
subway_1호선_신설동-제기동_1,SUBWAY,1호선,신설동,제기동,20,3,87,13,1
subway_1호선_신설동-제기동_1,SUBWAY,1호선,신설동,제기동,20,4,87,13,1
subway_1호선_제기동-청량리_1,SUBWAY,1호선,제기동,청량리,20,0,90,12,1
subway_1호선_제기동-청량리_1,SUBWAY,1호선,제기동,청량리,20,1,90,12,1
subway_1호선_제기동-청량리_1,SUBWAY,1호선,제기동,청량리,20,2,90,12,1
subway_1호선_제기동-청량리_1,SUBWAY,1호선,제기동,청량리,20,3,90,12,1
subway_1호선_제기동-청량리_1,SUBWAY,1호선,제기동,청량리,20,4,90,12,1
subway_1호선_서울역-시청_1,SUBWAY,1호선,서울역,시청,20,0,117,12,1
subway_1호선_서울역-시청_1,SUBWAY,1호선,서울역,시청,20,1,117,12,1
subway_1호선_서울역-시청_1,SUBWAY,1호선,서울역,시청,20,2,117,12,1
subway_1호선_서울역-시청_1,SUBWAY,1호선,서울역,시청,20,3,117,12,1
subway_1호선_서울역-시청_1,SUBWAY,1호선,서울역,시청,20,4,117,12,1
subway_1호선_시청-종각_1,SUBWAY,1호선,시청,종각,20,0,117,12,1
subway_1호선_시청-종각_1,SUBWAY,1호선,시청,종각,20,1,117,12,1
subway_1호선_시청-종각_1,SUBWAY,1호선,시청,종각,20,2,117,12,1
subway_1호선_시청-종각_1,SUBWAY,1호선,시청,종각,20,3,117,12,1
subway_1호선_시청-종각_1,SUBWAY,1호선,시청,종각,20,4,117,12,1
subway_1호선_종각-종로3가_1,SUBWAY,1호선,종각,종로3가,20,0,87,13,1
subway_1호선_종각-종로3가_1,SUBWAY,1호선,종각,종로3가,20,1,87,13,1
subway_1호선_종각-종로3가_1,SUBWAY,1호선,종각,종로3가,20,2,87,13,1
subway_1호선_종각-종로3가_1,SUBWAY,1호선,종각,종로3가,20,3,87,13,1
subway_1호선_종각-종로3가_1,SUBWAY,1호선,종각,종로3가,20,4,87,13,1
subway_1호선_종로3가-종로5가_1,SUBWAY,1호선,종로3가,종로5가,20,0,87,12,1
subway_1호선_종로3가-종로5가_1,SUBWAY,1호선,종로3가,종로5가,20,1,87,12,1
subway_1호선_종로3가-종로5가_1,SUBWAY,1호선,종로3가,종로5가,20,2,87,12,1
subway_1호선_종로3가-종로5가_1,SUBWAY,1호선,종로3가,종로5가,20,3,87,12,1
subway_1호선_종로3가-종로5가_1,SUBWAY,1호선,종로3가,종로5가,20,4,87,12,1
subway_1호선_신설동-제기동_1,SUBWAY,1호선,신설동,제기동,21,0,84,11,1
subway_1호선_신설동-제기동_1,SUBWAY,1호선,신설동,제기동,21,1,84,11,1
subway_1호선_신설동-제기동_1,SUBWAY,1호선,신설동,제기동,21,2,84,11,1
subway_1호선_신설동-제기동_1,SUBWAY,1호선,신설동,제기동,21,3,84,11,1
subway_1호선_신설동-제기동_1,SUBWAY,1호선,신설동,제기동,21,4,84,11,1
subway_1호선_제기동-청량리_1,SUBWAY,1호선,제기동,청량리,21,0,90,9,1
subway_1호선_제기동-청량리_1,SUBWAY,1호선,제기동,청량리,21,1,90,9,1
subway_1호선_제기동-청량리_1,SUBWAY,1호선,제기동,청량리,21,2,90,9,1
subway_1호선_제기동-청량리_1,SUBWAY,1호선,제기동,청량리,21,3,90,9,1
subway_1호선_제기동-청량리_1,SUBWAY,1호선,제기동,청량리,21,4,90,9,1
subway_1호선_종로3가-종로5가_1,SUBWAY,1호선,종로3가,종로5가,21,0,85,13,1
subway_1호선_종로3가-종로5가_1,SUBWAY,1호선,종로3가,종로5가,21,1,85,13,1
subway_1호선_종로3가-종로5가_1,SUBWAY,1호선,종로3가,종로5가,21,2,85,13,1
subway_1호선_종로3가-종로5가_1,SUBWAY,1호선,종로3가,종로5가,21,3,85,13,1
subway_1호선_종로3가-종로5가_1,SUBWAY,1호선,종로3가,종로5가,21,4,85,13,1
subway_1호선_종로5가-동대문_1,SUBWAY,1호선,종로5가,동대문,21,0,85,12,1
subway_1호선_종로5가-동대문_1,SUBWAY,1호선,종로5가,동대문,21,1,85,12,1
subway_1호선_종로5가-동대문_1,SUBWAY,1호선,종로5가,동대문,21,2,85,12,1
subway_1호선_종로5가-동대문_1,SUBWAY,1호선,종로5가,동대문,21,3,85,12,1
subway_1호선_종로5가-동대문_1,SUBWAY,1호선,종로5가,동대문,21,4,85,12,1
subway_1호선_동대문-동묘앞_1,SUBWAY,1호선,동대문,동묘앞,21,0,85,12,1
subway_1호선_동대문-동묘앞_1,SUBWAY,1호선,동대문,동묘앞,21,1,85,12,1
subway_1호선_동대문-동묘앞_1,SUBWAY,1호선,동대문,동묘앞,21,2,85,12,1
subway_1호선_동대문-동묘앞_1,SUBWAY,1호선,동대문,동묘앞,21,3,85,12,1
subway_1호선_동대문-동묘앞_1,SUBWAY,1호선,동대문,동묘앞,21,4,85,12,1
subway_1호선_동묘앞-신설동_1,SUBWAY,1호선,동묘앞,신설동,21,0,84,11,1
subway_1호선_동묘앞-신설동_1,SUBWAY,1호선,동묘앞,신설동,21,1,84,11,1
subway_1호선_동묘앞-신설동_1,SUBWAY,1호선,동묘앞,신설동,21,2,84,11,1
subway_1호선_동묘앞-신설동_1,SUBWAY,1호선,동묘앞,신설동,21,3,84,11,1
subway_1호선_동묘앞-신설동_1,SUBWAY,1호선,동묘앞,신설동,21,4,84,11,1
subway_1호선_서울역-시청_1,SUBWAY,1호선,서울역,시청,21,0,115,13,1
subway_1호선_서울역-시청_1,SUBWAY,1호선,서울역,시청,21,1,115,13,1
subway_1호선_서울역-시청_1,SUBWAY,1호선,서울역,시청,21,2,115,13,1
subway_1호선_서울역-시청_1,SUBWAY,1호선,서울역,시청,21,3,115,13,1
subway_1호선_서울역-시청_1,SUBWAY,1호선,서울역,시청,21,4,115,13,1
subway_1호선_시청-종각_1,SUBWAY,1호선,시청,종각,21,0,115,13,1
subway_1호선_시청-종각_1,SUBWAY,1호선,시청,종각,21,1,115,13,1
subway_1호선_시청-종각_1,SUBWAY,1호선,시청,종각,21,2,115,13,1
subway_1호선_시청-종각_1,SUBWAY,1호선,시청,종각,21,3,115,13,1
subway_1호선_시청-종각_1,SUBWAY,1호선,시청,종각,21,4,115,13,1
subway_1호선_종각-종로3가_1,SUBWAY,1호선,종각,종로3가,21,0,85,12,1
subway_1호선_종각-종로3가_1,SUBWAY,1호선,종각,종로3가,21,1,85,12,1
subway_1호선_종각-종로3가_1,SUBWAY,1호선,종각,종로3가,21,2,85,12,1
subway_1호선_종각-종로3가_1,SUBWAY,1호선,종각,종로3가,21,3,85,12,1
subway_1호선_종각-종로3가_1,SUBWAY,1호선,종각,종로3가,21,4,85,12,1
subway_1호선_서울역-시청_1,SUBWAY,1호선,서울역,시청,5,0,120,9,1
subway_1호선_서울역-시청_1,SUBWAY,1호선,서울역,시청,5,1,120,9,1
subway_1호선_서울역-시청_1,SUBWAY,1호선,서울역,시청,5,2,120,9,1
subway_1호선_서울역-시청_1,SUBWAY,1호선,서울역,시청,5,3,120,9,1
subway_1호선_서울역-시청_1,SUBWAY,1호선,서울역,시청,5,4,120,9,1
subway_1호선_시청-종각_1,SUBWAY,1호선,시청,종각,5,0,120,8,1
subway_1호선_시청-종각_1,SUBWAY,1호선,시청,종각,5,1,120,8,1
subway_1호선_시청-종각_1,SUBWAY,1호선,시청,종각,5,2,120,8,1
subway_1호선_시청-종각_1,SUBWAY,1호선,시청,종각,5,3,120,8,1
subway_1호선_시청-종각_1,SUBWAY,1호선,시청,종각,5,4,120,8,1
subway_1호선_종각-종로3가_1,SUBWAY,1호선,종각,종로3가,5,0,90,7,1
subway_1호선_종각-종로3가_1,SUBWAY,1호선,종각,종로3가,5,1,90,7,1
subway_1호선_종각-종로3가_1,SUBWAY,1호선,종각,종로3가,5,2,90,7,1
subway_1호선_종각-종로3가_1,SUBWAY,1호선,종각,종로3가,5,3,90,7,1
subway_1호선_종각-종로3가_1,SUBWAY,1호선,종각,종로3가,5,4,90,7,1
subway_1호선_종로3가-종로5가_1,SUBWAY,1호선,종로3가,종로5가,5,0,90,7,1
subway_1호선_종로3가-종로5가_1,SUBWAY,1호선,종로3가,종로5가,5,1,90,7,1
subway_1호선_종로3가-종로5가_1,SUBWAY,1호선,종로3가,종로5가,5,2,90,7,1
subway_1호선_종로3가-종로5가_1,SUBWAY,1호선,종로3가,종로5가,5,3,90,7,1
subway_1호선_종로3가-종로5가_1,SUBWAY,1호선,종로3가,종로5가,5,4,90,7,1
subway_1호선_종로5가-동대문_1,SUBWAY,1호선,종로5가,동대문,5,0,90,7,1
subway_1호선_종로5가-동대문_1,SUBWAY,1호선,종로5가,동대문,5,1,90,7,1
subway_1호선_종로5가-동대문_1,SUBWAY,1호선,종로5가,동대문,5,2,90,7,1
subway_1호선_종로5가-동대문_1,SUBWAY,1호선,종로5가,동대문,5,3,90,7,1
subway_1호선_종로5가-동대문_1,SUBWAY,1호선,종로5가,동대문,5,4,90,7,1
subway_1호선_동대문-동묘앞_1,SUBWAY,1호선,동대문,동묘앞,5,0,90,7,1
subway_1호선_동대문-동묘앞_1,SUBWAY,1호선,동대문,동묘앞,5,1,90,7,1
subway_1호선_동대문-동묘앞_1,SUBWAY,1호선,동대문,동묘앞,5,2,90,7,1
subway_1호선_동대문-동묘앞_1,SUBWAY,1호선,동대문,동묘앞,5,3,90,7,1
subway_1호선_동대문-동묘앞_1,SUBWAY,1호선,동대문,동묘앞,5,4,90,7,1
subway_1호선_동묘앞-신설동_1,SUBWAY,1호선,동묘앞,신설동,22,0,90,11,1
subway_1호선_동묘앞-신설동_1,SUBWAY,1호선,동묘앞,신설동,22,1,90,11,1
subway_1호선_동묘앞-신설동_1,SUBWAY,1호선,동묘앞,신설동,22,2,90,11,1
subway_1호선_동묘앞-신설동_1,SUBWAY,1호선,동묘앞,신설동,22,3,90,11,1
subway_1호선_동묘앞-신설동_1,SUBWAY,1호선,동묘앞,신설동,22,4,90,11,1
subway_1호선_신설동-제기동_1,SUBWAY,1호선,신설동,제기동,22,0,90,12,1
subway_1호선_신설동-제기동_1,SUBWAY,1호선,신설동,제기동,22,1,90,12,1
subway_1호선_신설동-제기동_1,SUBWAY,1호선,신설동,제기동,22,2,90,12,1
subway_1호선_신설동-제기동_1,SUBWAY,1호선,신설동,제기동,22,3,90,12,1
subway_1호선_신설동-제기동_1,SUBWAY,1호선,신설동,제기동,22,4,90,12,1
subway_1호선_제기동-청량리_1,SUBWAY,1호선,제기동,청량리,22,0,90,9,1
subway_1호선_제기동-청량리_1,SUBWAY,1호선,제기동,청량리,22,1,90,9,1
subway_1호선_제기동-청량리_1,SUBWAY,1호선,제기동,청량리,22,2,90,9,1
subway_1호선_제기동-청량리_1,SUBWAY,1호선,제기동,청량리,22,3,90,9,1
subway_1호선_제기동-청량리_1,SUBWAY,1호선,제기동,청량리,22,4,90,9,1
subway_1호선_종각-종로3가_1,SUBWAY,1호선,종각,종로3가,22,0,90,11,1
subway_1호선_종각-종로3가_1,SUBWAY,1호선,종각,종로3가,22,1,90,11,1
subway_1호선_종각-종로3가_1,SUBWAY,1호선,종각,종로3가,22,2,90,11,1
subway_1호선_종각-종로3가_1,SUBWAY,1호선,종각,종로3가,22,3,90,11,1
subway_1호선_종각-종로3가_1,SUBWAY,1호선,종각,종로3가,22,4,90,11,1
subway_1호선_종로3가-종로5가_1,SUBWAY,1호선,종로3가,종로5가,22,0,90,11,1
subway_1호선_종로3가-종로5가_1,SUBWAY,1호선,종로3가,종로5가,22,1,90,11,1
subway_1호선_종로3가-종로5가_1,SUBWAY,1호선,종로3가,종로5가,22,2,90,11,1
subway_1호선_종로3가-종로5가_1,SUBWAY,1호선,종로3가,종로5가,22,3,90,11,1
subway_1호선_종로3가-종로5가_1,SUBWAY,1호선,종로3가,종로5가,22,4,90,11,1
subway_1호선_종로5가-동대문_1,SUBWAY,1호선,종로5가,동대문,22,0,90,12,1
subway_1호선_종로5가-동대문_1,SUBWAY,1호선,종로5가,동대문,22,1,90,12,1
subway_1호선_종로5가-동대문_1,SUBWAY,1호선,종로5가,동대문,22,2,90,12,1
subway_1호선_종로5가-동대문_1,SUBWAY,1호선,종로5가,동대문,22,3,90,12,1
subway_1호선_종로5가-동대문_1,SUBWAY,1호선,종로5가,동대문,22,4,90,12,1
subway_1호선_동대문-동묘앞_1,SUBWAY,1호선,동대문,동묘앞,22,0,90,10,1
subway_1호선_동대문-동묘앞_1,SUBWAY,1호선,동대문,동묘앞,22,1,90,10,1
subway_1호선_동대문-동묘앞_1,SUBWAY,1호선,동대문,동묘앞,22,2,90,10,1
subway_1호선_동대문-동묘앞_1,SUBWAY,1호선,동대문,동묘앞,22,3,90,10,1
subway_1호선_동대문-동묘앞_1,SUBWAY,1호선,동대문,동묘앞,22,4,90,10,1
subway_1호선_서울역-시청_1,SUBWAY,1호선,서울역,시청,22,0,120,11,1
subway_1호선_서울역-시청_1,SUBWAY,1호선,서울역,시청,22,1,120,11,1
subway_1호선_서울역-시청_1,SUBWAY,1호선,서울역,시청,22,2,120,11,1
subway_1호선_서울역-시청_1,SUBWAY,1호선,서울역,시청,22,3,120,11,1
subway_1호선_서울역-시청_1,SUBWAY,1호선,서울역,시청,22,4,120,11,1
subway_1호선_시청-종각_1,SUBWAY,1호선,시청,종각,22,0,120,10,1
subway_1호선_시청-종각_1,SUBWAY,1호선,시청,종각,22,1,120,10,1
subway_1호선_시청-종각_1,SUBWAY,1호선,시청,종각,22,2,120,10,1
subway_1호선_시청-종각_1,SUBWAY,1호선,시청,종각,22,3,120,10,1
subway_1호선_시청-종각_1,SUBWAY,1호선,시청,종각,22,4,120,10,1
subway_1호선_동대문-동묘앞_1,SUBWAY,1호선,동대문,동묘앞,23,0,90,7,1
subway_1호선_동대문-동묘앞_1,SUBWAY,1호선,동대문,동묘앞,23,1,90,7,1
subway_1호선_동대문-동묘앞_1,SUBWAY,1호선,동대문,동묘앞,23,2,90,7,1
subway_1호선_동대문-동묘앞_1,SUBWAY,1호선,동대문,동묘앞,23,3,90,7,1
subway_1호선_동대문-동묘앞_1,SUBWAY,1호선,동대문,동묘앞,23,4,90,7,1
subway_1호선_동묘앞-신설동_1,SUBWAY,1호선,동묘앞,신설동,23,0,90,7,1
subway_1호선_동묘앞-신설동_1,SUBWAY,1호선,동묘앞,신설동,23,1,90,7,1
subway_1호선_동묘앞-신설동_1,SUBWAY,1호선,동묘앞,신설동,23,2,90,7,1
subway_1호선_동묘앞-신설동_1,SUBWAY,1호선,동묘앞,신설동,23,3,90,7,1
subway_1호선_동묘앞-신설동_1,SUBWAY,1호선,동묘앞,신설동,23,4,90,7,1
subway_1호선_신설동-제기동_1,SUBWAY,1호선,신설동,제기동,23,0,90,7,1
subway_1호선_신설동-제기동_1,SUBWAY,1호선,신설동,제기동,23,1,90,7,1
subway_1호선_신설동-제기동_1,SUBWAY,1호선,신설동,제기동,23,2,90,7,1
subway_1호선_신설동-제기동_1,SUBWAY,1호선,신설동,제기동,23,3,90,7,1
subway_1호선_신설동-제기동_1,SUBWAY,1호선,신설동,제기동,23,4,90,7,1
subway_1호선_제기동-청량리_1,SUBWAY,1호선,제기동,청량리,23,0,90,8,1
subway_1호선_제기동-청량리_1,SUBWAY,1호선,제기동,청량리,23,1,90,8,1
subway_1호선_제기동-청량리_1,SUBWAY,1호선,제기동,청량리,23,2,90,8,1
subway_1호선_제기동-청량리_1,SUBWAY,1호선,제기동,청량리,23,3,90,8,1
subway_1호선_제기동-청량리_1,SUBWAY,1호선,제기동,청량리,23,4,90,8,1
subway_1호선_서울역-시청_1,SUBWAY,1호선,서울역,시청,23,0,120,7,1
subway_1호선_서울역-시청_1,SUBWAY,1호선,서울역,시청,23,1,120,7,1
subway_1호선_서울역-시청_1,SUBWAY,1호선,서울역,시청,23,2,120,7,1
subway_1호선_서울역-시청_1,SUBWAY,1호선,서울역,시청,23,3,120,7,1
subway_1호선_서울역-시청_1,SUBWAY,1호선,서울역,시청,23,4,120,7,1
subway_1호선_시청-종각_1,SUBWAY,1호선,시청,종각,23,0,120,8,1
subway_1호선_시청-종각_1,SUBWAY,1호선,시청,종각,23,1,120,8,1
subway_1호선_시청-종각_1,SUBWAY,1호선,시청,종각,23,2,120,8,1
subway_1호선_시청-종각_1,SUBWAY,1호선,시청,종각,23,3,120,8,1
subway_1호선_시청-종각_1,SUBWAY,1호선,시청,종각,23,4,120,8,1
subway_1호선_종각-종로3가_1,SUBWAY,1호선,종각,종로3가,23,0,90,8,1
subway_1호선_종각-종로3가_1,SUBWAY,1호선,종각,종로3가,23,1,90,8,1
subway_1호선_종각-종로3가_1,SUBWAY,1호선,종각,종로3가,23,2,90,8,1
subway_1호선_종각-종로3가_1,SUBWAY,1호선,종각,종로3가,23,3,90,8,1
subway_1호선_종각-종로3가_1,SUBWAY,1호선,종각,종로3가,23,4,90,8,1
subway_1호선_종로3가-종로5가_1,SUBWAY,1호선,종로3가,종로5가,23,0,90,7,1
subway_1호선_종로3가-종로5가_1,SUBWAY,1호선,종로3가,종로5가,23,1,90,7,1
subway_1호선_종로3가-종로5가_1,SUBWAY,1호선,종로3가,종로5가,23,2,90,7,1
subway_1호선_종로3가-종로5가_1,SUBWAY,1호선,종로3가,종로5가,23,3,90,7,1
subway_1호선_종로3가-종로5가_1,SUBWAY,1호선,종로3가,종로5가,23,4,90,7,1
subway_1호선_종로5가-동대문_1,SUBWAY,1호선,종로5가,동대문,23,0,90,7,1
subway_1호선_종로5가-동대문_1,SUBWAY,1호선,종로5가,동대문,23,1,90,7,1
subway_1호선_종로5가-동대문_1,SUBWAY,1호선,종로5가,동대문,23,2,90,7,1
subway_1호선_종로5가-동대문_1,SUBWAY,1호선,종로5가,동대문,23,3,90,7,1
subway_1호선_종로5가-동대문_1,SUBWAY,1호선,종로5가,동대문,23,4,90,7,1
subway_1호선_서울역-시청_1,SUBWAY,1호선,서울역,시청,9,0,120,13,1
subway_1호선_서울역-시청_1,SUBWAY,1호선,서울역,시청,9,1,120,13,1
subway_1호선_서울역-시청_1,SUBWAY,1호선,서울역,시청,9,2,120,13,1
subway_1호선_서울역-시청_1,SUBWAY,1호선,서울역,시청,9,3,120,13,1
subway_1호선_서울역-시청_1,SUBWAY,1호선,서울역,시청,9,4,120,13,1
subway_1호선_시청-종각_1,SUBWAY,1호선,시청,종각,9,0,120,13,1
subway_1호선_시청-종각_1,SUBWAY,1호선,시청,종각,9,1,120,13,1
subway_1호선_시청-종각_1,SUBWAY,1호선,시청,종각,9,2,120,13,1
subway_1호선_시청-종각_1,SUBWAY,1호선,시청,종각,9,3,120,13,1
subway_1호선_시청-종각_1,SUBWAY,1호선,시청,종각,9,4,120,13,1
subway_1호선_종각-종로3가_1,SUBWAY,1호선,종각,종로3가,9,0,90,14,1
subway_1호선_종각-종로3가_1,SUBWAY,1호선,종각,종로3가,9,1,90,14,1
subway_1호선_종각-종로3가_1,SUBWAY,1호선,종각,종로3가,9,2,90,14,1
subway_1호선_종각-종로3가_1,SUBWAY,1호선,종각,종로3가,9,3,90,14,1
subway_1호선_종각-종로3가_1,SUBWAY,1호선,종각,종로3가,9,4,90,14,1
subway_1호선_종로3가-종로5가_1,SUBWAY,1호선,종로3가,종로5가,9,0,90,13,1
subway_1호선_종로3가-종로5가_1,SUBWAY,1호선,종로3가,종로5가,9,1,90,13,1
subway_1호선_종로3가-종로5가_1,SUBWAY,1호선,종로3가,종로5가,9,2,90,13,1
subway_1호선_종로3가-종로5가_1,SUBWAY,1호선,종로3가,종로5가,9,3,90,13,1
subway_1호선_종로3가-종로5가_1,SUBWAY,1호선,종로3가,종로5가,9,4,90,13,1
subway_1호선_종로5가-동대문_1,SUBWAY,1호선,종로5가,동대문,9,0,90,14,1
subway_1호선_종로5가-동대문_1,SUBWAY,1호선,종로5가,동대문,9,1,90,14,1
subway_1호선_종로5가-동대문_1,SUBWAY,1호선,종로5가,동대문,9,2,90,14,1
subway_1호선_종로5가-동대문_1,SUBWAY,1호선,종로5가,동대문,9,3,90,14,1
subway_1호선_종로5가-동대문_1,SUBWAY,1호선,종로5가,동대문,9,4,90,14,1
subway_1호선_동대문-동묘앞_1,SUBWAY,1호선,동대문,동묘앞,9,0,90,11,1
subway_1호선_동대문-동묘앞_1,SUBWAY,1호선,동대문,동묘앞,9,1,90,11,1
subway_1호선_동대문-동묘앞_1,SUBWAY,1호선,동대문,동묘앞,9,2,90,11,1
subway_1호선_동대문-동묘앞_1,SUBWAY,1호선,동대문,동묘앞,9,3,90,11,1
subway_1호선_동대문-동묘앞_1,SUBWAY,1호선,동대문,동묘앞,9,4,90,11,1
subway_1호선_동묘앞-신설동_1,SUBWAY,1호선,동묘앞,신설동,9,0,90,12,1
subway_1호선_동묘앞-신설동_1,SUBWAY,1호선,동묘앞,신설동,9,1,90,12,1
subway_1호선_동묘앞-신설동_1,SUBWAY,1호선,동묘앞,신설동,9,2,90,12,1
subway_1호선_동묘앞-신설동_1,SUBWAY,1호선,동묘앞,신설동,9,3,90,12,1
subway_1호선_동묘앞-신설동_1,SUBWAY,1호선,동묘앞,신설동,9,4,90,12,1
subway_1호선_신설동-제기동_1,SUBWAY,1호선,신설동,제기동,9,0,90,11,1
subway_1호선_신설동-제기동_1,SUBWAY,1호선,신설동,제기동,9,1,90,11,1
subway_1호선_신설동-제기동_1,SUBWAY,1호선,신설동,제기동,9,2,90,11,1
subway_1호선_신설동-제기동_1,SUBWAY,1호선,신설동,제기동,9,3,90,11,1
subway_1호선_신설동-제기동_1,SUBWAY,1호선,신설동,제기동,9,4,90,11,1
subway_1호선_제기동-청량리_1,SUBWAY,1호선,제기동,청량리,9,0,90,9,1
subway_1호선_제기동-청량리_1,SUBWAY,1호선,제기동,청량리,9,1,90,9,1
subway_1호선_제기동-청량리_1,SUBWAY,1호선,제기동,청량리,9,2,90,9,1
subway_1호선_제기동-청량리_1,SUBWAY,1호선,제기동,청량리,9,3,90,9,1
subway_1호선_제기동-청량리_1,SUBWAY,1호선,제기동,청량리,9,4,90,9,1
subway_1호선_종로5가-동대문_1,SUBWAY,1호선,종로5가,동대문,13,0,90,11,1
subway_1호선_종로5가-동대문_1,SUBWAY,1호선,종로5가,동대문,13,1,90,11,1
subway_1호선_종로5가-동대문_1,SUBWAY,1호선,종로5가,동대문,13,2,90,11,1
subway_1호선_종로5가-동대문_1,SUBWAY,1호선,종로5가,동대문,13,3,90,11,1
subway_1호선_종로5가-동대문_1,SUBWAY,1호선,종로5가,동대문,13,4,90,11,1
subway_1호선_동대문-동묘앞_1,SUBWAY,1호선,동대문,동묘앞,13,0,90,10,1
subway_1호선_동대문-동묘앞_1,SUBWAY,1호선,동대문,동묘앞,13,1,90,10,1
subway_1호선_동대문-동묘앞_1,SUBWAY,1호선,동대문,동묘앞,13,2,90,10,1
subway_1호선_동대문-동묘앞_1,SUBWAY,1호선,동대문,동묘앞,13,3,90,10,1
subway_1호선_동대문-동묘앞_1,SUBWAY,1호선,동대문,동묘앞,13,4,90,10,1
subway_1호선_동묘앞-신설동_1,SUBWAY,1호선,동묘앞,신설동,13,0,90,11,1
subway_1호선_동묘앞-신설동_1,SUBWAY,1호선,동묘앞,신설동,13,1,90,11,1
subway_1호선_동묘앞-신설동_1,SUBWAY,1호선,동묘앞,신설동,13,2,90,11,1
subway_1호선_동묘앞-신설동_1,SUBWAY,1호선,동묘앞,신설동,13,3,90,11,1
subway_1호선_동묘앞-신설동_1,SUBWAY,1호선,동묘앞,신설동,13,4,90,11,1
subway_1호선_서울역-서울역_1,SUBWAY,1호선,서울역,서울역,17,0,30,1,0
subway_1호선_서울역-서울역_1,SUBWAY,1호선,서울역,서울역,17,1,30,1,0
subway_1호선_서울역-서울역_1,SUBWAY,1호선,서울역,서울역,17,2,30,1,0
subway_1호선_서울역-서울역_1,SUBWAY,1호선,서울역,서울역,17,3,30,1,0
subway_1호선_서울역-서울역_1,SUBWAY,1호선,서울역,서울역,17,4,30,1,0
subway_1호선_시청-시청_1,SUBWAY,1호선,시청,시청,17,0,30,1,0
subway_1호선_시청-시청_1,SUBWAY,1호선,시청,시청,17,1,30,1,0
subway_1호선_시청-시청_1,SUBWAY,1호선,시청,시청,17,2,30,1,0
subway_1호선_시청-시청_1,SUBWAY,1호선,시청,시청,17,3,30,1,0
subway_1호선_시청-시청_1,SUBWAY,1호선,시청,시청,17,4,30,1,0
subway_1호선_종각-종각_1,SUBWAY,1호선,종각,종각,17,0,30,1,0
subway_1호선_종각-종각_1,SUBWAY,1호선,종각,종각,17,1,30,1,0
subway_1호선_종각-종각_1,SUBWAY,1호선,종각,종각,17,2,30,1,0
subway_1호선_종각-종각_1,SUBWAY,1호선,종각,종각,17,3,30,1,0
subway_1호선_종각-종각_1,SUBWAY,1호선,종각,종각,17,4,30,1,0
subway_1호선_종로3가-종로3가_1,SUBWAY,1호선,종로3가,종로3가,17,0,30,1,0
subway_1호선_종로3가-종로3가_1,SUBWAY,1호선,종로3가,종로3가,17,1,30,1,0
subway_1호선_종로3가-종로3가_1,SUBWAY,1호선,종로3가,종로3가,17,2,30,1,0
subway_1호선_종로3가-종로3가_1,SUBWAY,1호선,종로3가,종로3가,17,3,30,1,0
subway_1호선_종로3가-종로3가_1,SUBWAY,1호선,종로3가,종로3가,17,4,30,1,0
subway_1호선_종로5가-종로5가_1,SUBWAY,1호선,종로5가,종로5가,17,0,30,1,0
subway_1호선_종로5가-종로5가_1,SUBWAY,1호선,종로5가,종로5가,17,1,30,1,0
subway_1호선_종로5가-종로5가_1,SUBWAY,1호선,종로5가,종로5가,17,2,30,1,0
subway_1호선_종로5가-종로5가_1,SUBWAY,1호선,종로5가,종로5가,17,3,30,1,0
subway_1호선_종로5가-종로5가_1,SUBWAY,1호선,종로5가,종로5가,17,4,30,1,0
subway_1호선_동대문-동대문_1,SUBWAY,1호선,동대문,동대문,17,0,30,1,0
subway_1호선_동대문-동대문_1,SUBWAY,1호선,동대문,동대문,17,1,30,1,0
subway_1호선_동대문-동대문_1,SUBWAY,1호선,동대문,동대문,17,2,30,1,0
subway_1호선_동대문-동대문_1,SUBWAY,1호선,동대문,동대문,17,3,30,1,0
subway_1호선_동대문-동대문_1,SUBWAY,1호선,동대문,동대문,17,4,30,1,0
subway_1호선_동묘앞-동묘앞_1,SUBWAY,1호선,동묘앞,동묘앞,17,0,30,1,0
subway_1호선_동묘앞-동묘앞_1,SUBWAY,1호선,동묘앞,동묘앞,17,1,30,1,0
subway_1호선_동묘앞-동묘앞_1,SUBWAY,1호선,동묘앞,동묘앞,17,2,30,1,0
subway_1호선_동묘앞-동묘앞_1,SUBWAY,1호선,동묘앞,동묘앞,17,3,30,1,0
subway_1호선_동묘앞-동묘앞_1,SUBWAY,1호선,동묘앞,동묘앞,17,4,30,1,0
subway_1호선_신설동-신설동_1,SUBWAY,1호선,신설동,신설동,17,0,30,1,0
subway_1호선_신설동-신설동_1,SUBWAY,1호선,신설동,신설동,17,1,30,1,0
subway_1호선_신설동-신설동_1,SUBWAY,1호선,신설동,신설동,17,2,30,1,0
subway_1호선_신설동-신설동_1,SUBWAY,1호선,신설동,신설동,17,3,30,1,0
subway_1호선_신설동-신설동_1,SUBWAY,1호선,신설동,신설동,17,4,30,1,0
subway_1호선_제기동-제기동_1,SUBWAY,1호선,제기동,제기동,17,0,30,1,0
subway_1호선_제기동-제기동_1,SUBWAY,1호선,제기동,제기동,17,1,30,1,0
subway_1호선_제기동-제기동_1,SUBWAY,1호선,제기동,제기동,17,2,30,1,0
subway_1호선_제기동-제기동_1,SUBWAY,1호선,제기동,제기동,17,3,30,1,0
subway_1호선_제기동-제기동_1,SUBWAY,1호선,제기동,제기동,17,4,30,1,0
subway_1호선_청량리-청량리_1,SUBWAY,1호선,청량리,청량리,17,0,30,1,0
subway_1호선_청량리-청량리_1,SUBWAY,1호선,청량리,청량리,17,1,30,1,0
subway_1호선_청량리-청량리_1,SUBWAY,1호선,청량리,청량리,17,2,30,1,0
subway_1호선_청량리-청량리_1,SUBWAY,1호선,청량리,청량리,17,3,30,1,0
subway_1호선_청량리-청량리_1,SUBWAY,1호선,청량리,청량리,17,4,30,1,0
subway_1호선_동묘앞-신설동_1,SUBWAY,1호선,동묘앞,신설동,5,0,90,6,1
subway_1호선_동묘앞-신설동_1,SUBWAY,1호선,동묘앞,신설동,5,1,90,6,1
subway_1호선_동묘앞-신설동_1,SUBWAY,1호선,동묘앞,신설동,5,2,90,6,1
subway_1호선_동묘앞-신설동_1,SUBWAY,1호선,동묘앞,신설동,5,3,90,6,1
subway_1호선_동묘앞-신설동_1,SUBWAY,1호선,동묘앞,신설동,5,4,90,6,1
subway_1호선_신설동-제기동_1,SUBWAY,1호선,신설동,제기동,5,0,90,6,1
subway_1호선_신설동-제기동_1,SUBWAY,1호선,신설동,제기동,5,1,90,6,1
subway_1호선_신설동-제기동_1,SUBWAY,1호선,신설동,제기동,5,2,90,6,1
subway_1호선_신설동-제기동_1,SUBWAY,1호선,신설동,제기동,5,3,90,6,1
subway_1호선_신설동-제기동_1,SUBWAY,1호선,신설동,제기동,5,4,90,6,1
subway_1호선_제기동-청량리_1,SUBWAY,1호선,제기동,청량리,5,0,90,4,0
subway_1호선_제기동-청량리_1,SUBWAY,1호선,제기동,청량리,5,1,90,4,0
subway_1호선_제기동-청량리_1,SUBWAY,1호선,제기동,청량리,5,2,90,4,0
subway_1호선_제기동-청량리_1,SUBWAY,1호선,제기동,청량리,5,3,90,4,0
subway_1호선_제기동-청량리_1,SUBWAY,1호선,제기동,청량리,5,4,90,4,0
subway_1호선_종로5가-동대문_1,SUBWAY,1호선,종로5가,동대문,0,0,90,1,0
subway_1호선_종로5가-동대문_1,SUBWAY,1호선,종로5가,동대문,0,1,90,1,0
subway_1호선_종로5가-동대문_1,SUBWAY,1호선,종로5가,동대문,0,2,90,1,0
subway_1호선_종로5가-동대문_1,SUBWAY,1호선,종로5가,동대문,0,3,90,1,0
subway_1호선_종로5가-동대문_1,SUBWAY,1호선,종로5가,동대문,0,4,90,1,0
subway_1호선_동대문-동묘앞_1,SUBWAY,1호선,동대문,동묘앞,0,0,90,1,0
subway_1호선_동대문-동묘앞_1,SUBWAY,1호선,동대문,동묘앞,0,1,90,1,0
subway_1호선_동대문-동묘앞_1,SUBWAY,1호선,동대문,동묘앞,0,2,90,1,0
subway_1호선_동대문-동묘앞_1,SUBWAY,1호선,동대문,동묘앞,0,3,90,1,0
subway_1호선_동대문-동묘앞_1,SUBWAY,1호선,동대문,동묘앞,0,4,90,1,0
subway_1호선_동묘앞-신설동_1,SUBWAY,1호선,동묘앞,신설동,0,0,90,1,0
subway_1호선_동묘앞-신설동_1,SUBWAY,1호선,동묘앞,신설동,0,1,90,1,0
subway_1호선_동묘앞-신설동_1,SUBWAY,1호선,동묘앞,신설동,0,2,90,1,0
subway_1호선_동묘앞-신설동_1,SUBWAY,1호선,동묘앞,신설동,0,3,90,1,0
subway_1호선_동묘앞-신설동_1,SUBWAY,1호선,동묘앞,신설동,0,4,90,1,0
subway_1호선_신설동-제기동_1,SUBWAY,1호선,신설동,제기동,0,0,90,1,0
subway_1호선_신설동-제기동_1,SUBWAY,1호선,신설동,제기동,0,1,90,1,0
subway_1호선_신설동-제기동_1,SUBWAY,1호선,신설동,제기동,0,2,90,1,0
subway_1호선_신설동-제기동_1,SUBWAY,1호선,신설동,제기동,0,3,90,1,0
subway_1호선_신설동-제기동_1,SUBWAY,1호선,신설동,제기동,0,4,90,1,0
subway_1호선_제기동-청량리_1,SUBWAY,1호선,제기동,청량리,0,0,90,1,0
subway_1호선_제기동-청량리_1,SUBWAY,1호선,제기동,청량리,0,1,90,1,0
subway_1호선_제기동-청량리_1,SUBWAY,1호선,제기동,청량리,0,2,90,1,0
subway_1호선_제기동-청량리_1,SUBWAY,1호선,제기동,청량리,0,3,90,1,0
subway_1호선_제기동-청량리_1,SUBWAY,1호선,제기동,청량리,0,4,90,1,0
subway_1호선_서울역-서울역_1,SUBWAY,1호선,서울역,서울역,10,0,30,1,0
subway_1호선_서울역-서울역_1,SUBWAY,1호선,서울역,서울역,10,1,30,1,0
subway_1호선_서울역-서울역_1,SUBWAY,1호선,서울역,서울역,10,2,30,1,0
subway_1호선_서울역-서울역_1,SUBWAY,1호선,서울역,서울역,10,3,30,1,0
subway_1호선_서울역-서울역_1,SUBWAY,1호선,서울역,서울역,10,4,30,1,0
subway_1호선_시청-시청_1,SUBWAY,1호선,시청,시청,10,0,30,1,0
subway_1호선_시청-시청_1,SUBWAY,1호선,시청,시청,10,1,30,1,0
subway_1호선_시청-시청_1,SUBWAY,1호선,시청,시청,10,2,30,1,0
subway_1호선_시청-시청_1,SUBWAY,1호선,시청,시청,10,3,30,1,0
subway_1호선_시청-시청_1,SUBWAY,1호선,시청,시청,10,4,30,1,0
subway_1호선_종각-종각_1,SUBWAY,1호선,종각,종각,10,0,30,1,0
subway_1호선_종각-종각_1,SUBWAY,1호선,종각,종각,10,1,30,1,0
subway_1호선_종각-종각_1,SUBWAY,1호선,종각,종각,10,2,30,1,0
subway_1호선_종각-종각_1,SUBWAY,1호선,종각,종각,10,3,30,1,0
subway_1호선_종각-종각_1,SUBWAY,1호선,종각,종각,10,4,30,1,0
subway_1호선_종로3가-종로3가_1,SUBWAY,1호선,종로3가,종로3가,11,0,30,1,0
subway_1호선_종로3가-종로3가_1,SUBWAY,1호선,종로3가,종로3가,11,1,30,1,0
subway_1호선_종로3가-종로3가_1,SUBWAY,1호선,종로3가,종로3가,11,2,30,1,0
subway_1호선_종로3가-종로3가_1,SUBWAY,1호선,종로3가,종로3가,11,3,30,1,0
subway_1호선_종로3가-종로3가_1,SUBWAY,1호선,종로3가,종로3가,11,4,30,1,0
subway_1호선_종로5가-종로5가_1,SUBWAY,1호선,종로5가,종로5가,11,0,30,1,0
subway_1호선_종로5가-종로5가_1,SUBWAY,1호선,종로5가,종로5가,11,1,30,1,0
subway_1호선_종로5가-종로5가_1,SUBWAY,1호선,종로5가,종로5가,11,2,30,1,0
subway_1호선_종로5가-종로5가_1,SUBWAY,1호선,종로5가,종로5가,11,3,30,1,0
subway_1호선_종로5가-종로5가_1,SUBWAY,1호선,종로5가,종로5가,11,4,30,1,0
subway_1호선_동대문-동대문_1,SUBWAY,1호선,동대문,동대문,11,0,30,1,0
subway_1호선_동대문-동대문_1,SUBWAY,1호선,동대문,동대문,11,1,30,1,0
subway_1호선_동대문-동대문_1,SUBWAY,1호선,동대문,동대문,11,2,30,1,0
subway_1호선_동대문-동대문_1,SUBWAY,1호선,동대문,동대문,11,3,30,1,0
subway_1호선_동대문-동대문_1,SUBWAY,1호선,동대문,동대문,11,4,30,1,0
subway_1호선_동묘앞-동묘앞_1,SUBWAY,1호선,동묘앞,동묘앞,11,0,30,1,0
subway_1호선_동묘앞-동묘앞_1,SUBWAY,1호선,동묘앞,동묘앞,11,1,30,1,0
subway_1호선_동묘앞-동묘앞_1,SUBWAY,1호선,동묘앞,동묘앞,11,2,30,1,0
subway_1호선_동묘앞-동묘앞_1,SUBWAY,1호선,동묘앞,동묘앞,11,3,30,1,0
subway_1호선_동묘앞-동묘앞_1,SUBWAY,1호선,동묘앞,동묘앞,11,4,30,1,0
subway_1호선_신설동-신설동_1,SUBWAY,1호선,신설동,신설동,11,0,30,1,0
subway_1호선_신설동-신설동_1,SUBWAY,1호선,신설동,신설동,11,1,30,1,0
subway_1호선_신설동-신설동_1,SUBWAY,1호선,신설동,신설동,11,2,30,1,0
subway_1호선_신설동-신설동_1,SUBWAY,1호선,신설동,신설동,11,3,30,1,0
subway_1호선_신설동-신설동_1,SUBWAY,1호선,신설동,신설동,11,4,30,1,0
subway_1호선_제기동-제기동_1,SUBWAY,1호선,제기동,제기동,11,0,30,1,0
subway_1호선_제기동-제기동_1,SUBWAY,1호선,제기동,제기동,11,1,30,1,0
subway_1호선_제기동-제기동_1,SUBWAY,1호선,제기동,제기동,11,2,30,1,0
subway_1호선_제기동-제기동_1,SUBWAY,1호선,제기동,제기동,11,3,30,1,0
subway_1호선_제기동-제기동_1,SUBWAY,1호선,제기동,제기동,11,4,30,1,0
subway_1호선_서울역-서울역_1,SUBWAY,1호선,서울역,서울역,18,0,30,1,0
subway_1호선_서울역-서울역_1,SUBWAY,1호선,서울역,서울역,18,1,30,1,0
subway_1호선_서울역-서울역_1,SUBWAY,1호선,서울역,서울역,18,2,30,1,0
subway_1호선_서울역-서울역_1,SUBWAY,1호선,서울역,서울역,18,3,30,1,0
subway_1호선_서울역-서울역_1,SUBWAY,1호선,서울역,서울역,18,4,30,1,0
subway_1호선_시청-시청_1,SUBWAY,1호선,시청,시청,18,0,30,1,0
subway_1호선_시청-시청_1,SUBWAY,1호선,시청,시청,18,1,30,1,0
subway_1호선_시청-시청_1,SUBWAY,1호선,시청,시청,18,2,30,1,0
subway_1호선_시청-시청_1,SUBWAY,1호선,시청,시청,18,3,30,1,0
subway_1호선_시청-시청_1,SUBWAY,1호선,시청,시청,18,4,30,1,0
subway_1호선_종각-종각_1,SUBWAY,1호선,종각,종각,18,0,30,1,0
subway_1호선_종각-종각_1,SUBWAY,1호선,종각,종각,18,1,30,1,0
subway_1호선_종각-종각_1,SUBWAY,1호선,종각,종각,18,2,30,1,0
subway_1호선_종각-종각_1,SUBWAY,1호선,종각,종각,18,3,30,1,0
subway_1호선_종각-종각_1,SUBWAY,1호선,종각,종각,18,4,30,1,0
subway_1호선_종로3가-종로3가_1,SUBWAY,1호선,종로3가,종로3가,18,0,30,1,0
subway_1호선_종로3가-종로3가_1,SUBWAY,1호선,종로3가,종로3가,18,1,30,1,0
subway_1호선_종로3가-종로3가_1,SUBWAY,1호선,종로3가,종로3가,18,2,30,1,0
subway_1호선_종로3가-종로3가_1,SUBWAY,1호선,종로3가,종로3가,18,3,30,1,0
subway_1호선_종로3가-종로3가_1,SUBWAY,1호선,종로3가,종로3가,18,4,30,1,0
subway_1호선_종로5가-종로5가_1,SUBWAY,1호선,종로5가,종로5가,18,0,30,1,0
subway_1호선_종로5가-종로5가_1,SUBWAY,1호선,종로5가,종로5가,18,1,30,1,0
subway_1호선_종로5가-종로5가_1,SUBWAY,1호선,종로5가,종로5가,18,2,30,1,0
subway_1호선_종로5가-종로5가_1,SUBWAY,1호선,종로5가,종로5가,18,3,30,1,0
subway_1호선_종로5가-종로5가_1,SUBWAY,1호선,종로5가,종로5가,18,4,30,1,0
subway_1호선_동대문-동대문_1,SUBWAY,1호선,동대문,동대문,18,0,30,1,0
subway_1호선_동대문-동대문_1,SUBWAY,1호선,동대문,동대문,18,1,30,1,0
subway_1호선_동대문-동대문_1,SUBWAY,1호선,동대문,동대문,18,2,30,1,0
subway_1호선_동대문-동대문_1,SUBWAY,1호선,동대문,동대문,18,3,30,1,0
subway_1호선_동대문-동대문_1,SUBWAY,1호선,동대문,동대문,18,4,30,1,0
subway_1호선_동묘앞-동묘앞_1,SUBWAY,1호선,동묘앞,동묘앞,18,0,30,1,0
subway_1호선_동묘앞-동묘앞_1,SUBWAY,1호선,동묘앞,동묘앞,18,1,30,1,0
subway_1호선_동묘앞-동묘앞_1,SUBWAY,1호선,동묘앞,동묘앞,18,2,30,1,0
subway_1호선_동묘앞-동묘앞_1,SUBWAY,1호선,동묘앞,동묘앞,18,3,30,1,0
subway_1호선_동묘앞-동묘앞_1,SUBWAY,1호선,동묘앞,동묘앞,18,4,30,1,0
subway_1호선_신설동-신설동_1,SUBWAY,1호선,신설동,신설동,18,0,30,1,0
subway_1호선_신설동-신설동_1,SUBWAY,1호선,신설동,신설동,18,1,30,1,0
subway_1호선_신설동-신설동_1,SUBWAY,1호선,신설동,신설동,18,2,30,1,0
subway_1호선_신설동-신설동_1,SUBWAY,1호선,신설동,신설동,18,3,30,1,0
subway_1호선_신설동-신설동_1,SUBWAY,1호선,신설동,신설동,18,4,30,1,0
subway_1호선_제기동-제기동_1,SUBWAY,1호선,제기동,제기동,18,0,30,1,0
subway_1호선_제기동-제기동_1,SUBWAY,1호선,제기동,제기동,18,1,30,1,0
subway_1호선_제기동-제기동_1,SUBWAY,1호선,제기동,제기동,18,2,30,1,0
subway_1호선_제기동-제기동_1,SUBWAY,1호선,제기동,제기동,18,3,30,1,0
subway_1호선_제기동-제기동_1,SUBWAY,1호선,제기동,제기동,18,4,30,1,0
subway_1호선_서울역-서울역_1,SUBWAY,1호선,서울역,서울역,21,0,30,1,0
subway_1호선_서울역-서울역_1,SUBWAY,1호선,서울역,서울역,21,1,30,1,0
subway_1호선_서울역-서울역_1,SUBWAY,1호선,서울역,서울역,21,2,30,1,0
subway_1호선_서울역-서울역_1,SUBWAY,1호선,서울역,서울역,21,3,30,1,0
subway_1호선_서울역-서울역_1,SUBWAY,1호선,서울역,서울역,21,4,30,1,0
subway_1호선_시청-시청_1,SUBWAY,1호선,시청,시청,21,0,30,1,0
subway_1호선_시청-시청_1,SUBWAY,1호선,시청,시청,21,1,30,1,0
subway_1호선_시청-시청_1,SUBWAY,1호선,시청,시청,21,2,30,1,0
subway_1호선_시청-시청_1,SUBWAY,1호선,시청,시청,21,3,30,1,0
subway_1호선_시청-시청_1,SUBWAY,1호선,시청,시청,21,4,30,1,0
subway_1호선_종각-종각_1,SUBWAY,1호선,종각,종각,21,0,30,1,0
subway_1호선_종각-종각_1,SUBWAY,1호선,종각,종각,21,1,30,1,0
subway_1호선_종각-종각_1,SUBWAY,1호선,종각,종각,21,2,30,1,0
subway_1호선_종각-종각_1,SUBWAY,1호선,종각,종각,21,3,30,1,0
subway_1호선_종각-종각_1,SUBWAY,1호선,종각,종각,21,4,30,1,0
subway_1호선_종로3가-종로3가_1,SUBWAY,1호선,종로3가,종로3가,21,0,30,1,0
subway_1호선_종로3가-종로3가_1,SUBWAY,1호선,종로3가,종로3가,21,1,30,1,0
subway_1호선_종로3가-종로3가_1,SUBWAY,1호선,종로3가,종로3가,21,2,30,1,0
subway_1호선_종로3가-종로3가_1,SUBWAY,1호선,종로3가,종로3가,21,3,30,1,0
subway_1호선_종로3가-종로3가_1,SUBWAY,1호선,종로3가,종로3가,21,4,30,1,0
subway_1호선_종로5가-종로5가_1,SUBWAY,1호선,종로5가,종로5가,21,0,30,1,0
subway_1호선_종로5가-종로5가_1,SUBWAY,1호선,종로5가,종로5가,21,1,30,1,0
subway_1호선_종로5가-종로5가_1,SUBWAY,1호선,종로5가,종로5가,21,2,30,1,0
subway_1호선_종로5가-종로5가_1,SUBWAY,1호선,종로5가,종로5가,21,3,30,1,0
subway_1호선_종로5가-종로5가_1,SUBWAY,1호선,종로5가,종로5가,21,4,30,1,0
subway_1호선_동대문-동대문_1,SUBWAY,1호선,동대문,동대문,21,0,30,1,0
subway_1호선_동대문-동대문_1,SUBWAY,1호선,동대문,동대문,21,1,30,1,0
subway_1호선_동대문-동대문_1,SUBWAY,1호선,동대문,동대문,21,2,30,1,0
subway_1호선_동대문-동대문_1,SUBWAY,1호선,동대문,동대문,21,3,30,1,0
subway_1호선_동대문-동대문_1,SUBWAY,1호선,동대문,동대문,21,4,30,1,0
subway_1호선_동묘앞-동묘앞_1,SUBWAY,1호선,동묘앞,동묘앞,21,0,30,1,0
subway_1호선_동묘앞-동묘앞_1,SUBWAY,1호선,동묘앞,동묘앞,21,1,30,1,0
subway_1호선_동묘앞-동묘앞_1,SUBWAY,1호선,동묘앞,동묘앞,21,2,30,1,0
subway_1호선_동묘앞-동묘앞_1,SUBWAY,1호선,동묘앞,동묘앞,21,3,30,1,0
subway_1호선_동묘앞-동묘앞_1,SUBWAY,1호선,동묘앞,동묘앞,21,4,30,1,0
subway_1호선_신설동-신설동_1,SUBWAY,1호선,신설동,신설동,21,0,30,1,0
subway_1호선_신설동-신설동_1,SUBWAY,1호선,신설동,신설동,21,1,30,1,0
subway_1호선_신설동-신설동_1,SUBWAY,1호선,신설동,신설동,21,2,30,1,0
subway_1호선_신설동-신설동_1,SUBWAY,1호선,신설동,신설동,21,3,30,1,0
subway_1호선_신설동-신설동_1,SUBWAY,1호선,신설동,신설동,21,4,30,1,0
subway_1호선_제기동-제기동_1,SUBWAY,1호선,제기동,제기동,21,0,30,1,0
subway_1호선_제기동-제기동_1,SUBWAY,1호선,제기동,제기동,21,1,30,1,0
subway_1호선_제기동-제기동_1,SUBWAY,1호선,제기동,제기동,21,2,30,1,0
subway_1호선_제기동-제기동_1,SUBWAY,1호선,제기동,제기동,21,3,30,1,0
subway_1호선_제기동-제기동_1,SUBWAY,1호선,제기동,제기동,21,4,30,1,0
subway_1호선_청량리-제기동_2,SUBWAY,1호선,청량리,제기동,12,0,90,13,1
subway_1호선_청량리-제기동_2,SUBWAY,1호선,청량리,제기동,12,1,90,13,1
subway_1호선_청량리-제기동_2,SUBWAY,1호선,청량리,제기동,12,2,90,13,1
subway_1호선_청량리-제기동_2,SUBWAY,1호선,청량리,제기동,12,3,90,13,1
subway_1호선_청량리-제기동_2,SUBWAY,1호선,청량리,제기동,12,4,90,13,1
subway_1호선_제기동-신설동_2,SUBWAY,1호선,제기동,신설동,12,0,90,12,1
subway_1호선_제기동-신설동_2,SUBWAY,1호선,제기동,신설동,12,1,90,12,1
subway_1호선_제기동-신설동_2,SUBWAY,1호선,제기동,신설동,12,2,90,12,1
subway_1호선_제기동-신설동_2,SUBWAY,1호선,제기동,신설동,12,3,90,12,1
subway_1호선_제기동-신설동_2,SUBWAY,1호선,제기동,신설동,12,4,90,12,1
subway_1호선_신설동-동묘앞_2,SUBWAY,1호선,신설동,동묘앞,12,0,90,12,1
subway_1호선_신설동-동묘앞_2,SUBWAY,1호선,신설동,동묘앞,12,1,90,12,1
subway_1호선_신설동-동묘앞_2,SUBWAY,1호선,신설동,동묘앞,12,2,90,12,1
subway_1호선_신설동-동묘앞_2,SUBWAY,1호선,신설동,동묘앞,12,3,90,12,1
subway_1호선_신설동-동묘앞_2,SUBWAY,1호선,신설동,동묘앞,12,4,90,12,1
subway_1호선_동묘앞-동대문_2,SUBWAY,1호선,동묘앞,동대문,12,0,90,13,1
subway_1호선_동묘앞-동대문_2,SUBWAY,1호선,동묘앞,동대문,12,1,90,13,1
subway_1호선_동묘앞-동대문_2,SUBWAY,1호선,동묘앞,동대문,12,2,90,13,1
subway_1호선_동묘앞-동대문_2,SUBWAY,1호선,동묘앞,동대문,12,3,90,13,1
subway_1호선_동묘앞-동대문_2,SUBWAY,1호선,동묘앞,동대문,12,4,90,13,1
subway_1호선_동대문-종로5가_2,SUBWAY,1호선,동대문,종로5가,12,0,90,12,1
subway_1호선_동대문-종로5가_2,SUBWAY,1호선,동대문,종로5가,12,1,90,12,1
subway_1호선_동대문-종로5가_2,SUBWAY,1호선,동대문,종로5가,12,2,90,12,1
subway_1호선_동대문-종로5가_2,SUBWAY,1호선,동대문,종로5가,12,3,90,12,1
subway_1호선_동대문-종로5가_2,SUBWAY,1호선,동대문,종로5가,12,4,90,12,1
subway_1호선_종로5가-종로3가_2,SUBWAY,1호선,종로5가,종로3가,12,0,90,13,1
subway_1호선_종로5가-종로3가_2,SUBWAY,1호선,종로5가,종로3가,12,1,90,13,1
subway_1호선_종로5가-종로3가_2,SUBWAY,1호선,종로5가,종로3가,12,2,90,13,1
subway_1호선_종로5가-종로3가_2,SUBWAY,1호선,종로5가,종로3가,12,3,90,13,1
subway_1호선_종로5가-종로3가_2,SUBWAY,1호선,종로5가,종로3가,12,4,90,13,1
subway_1호선_종로3가-종각_2,SUBWAY,1호선,종로3가,종각,12,0,90,13,1
subway_1호선_종로3가-종각_2,SUBWAY,1호선,종로3가,종각,12,1,90,13,1
subway_1호선_종로3가-종각_2,SUBWAY,1호선,종로3가,종각,12,2,90,13,1
subway_1호선_종로3가-종각_2,SUBWAY,1호선,종로3가,종각,12,3,90,13,1
subway_1호선_종로3가-종각_2,SUBWAY,1호선,종로3가,종각,12,4,90,13,1
subway_1호선_종각-시청_2,SUBWAY,1호선,종각,시청,12,0,120,13,1
subway_1호선_종각-시청_2,SUBWAY,1호선,종각,시청,12,1,120,13,1
subway_1호선_종각-시청_2,SUBWAY,1호선,종각,시청,12,2,120,13,1
subway_1호선_종각-시청_2,SUBWAY,1호선,종각,시청,12,3,120,13,1
subway_1호선_종각-시청_2,SUBWAY,1호선,종각,시청,12,4,120,13,1
subway_1호선_시청-서울역_2,SUBWAY,1호선,시청,서울역,12,0,120,13,1
subway_1호선_시청-서울역_2,SUBWAY,1호선,시청,서울역,12,1,120,13,1
subway_1호선_시청-서울역_2,SUBWAY,1호선,시청,서울역,12,2,120,13,1
subway_1호선_시청-서울역_2,SUBWAY,1호선,시청,서울역,12,3,120,13,1
subway_1호선_시청-서울역_2,SUBWAY,1호선,시청,서울역,12,4,120,13,1
subway_1호선_시청-서울역_2,SUBWAY,1호선,시청,서울역,13,0,120,12,1
subway_1호선_시청-서울역_2,SUBWAY,1호선,시청,서울역,13,1,120,12,1
subway_1호선_시청-서울역_2,SUBWAY,1호선,시청,서울역,13,2,120,12,1
subway_1호선_시청-서울역_2,SUBWAY,1호선,시청,서울역,13,3,120,12,1
subway_1호선_시청-서울역_2,SUBWAY,1호선,시청,서울역,13,4,120,12,1
subway_1호선_청량리-제기동_2,SUBWAY,1호선,청량리,제기동,13,0,90,11,1
subway_1호선_청량리-제기동_2,SUBWAY,1호선,청량리,제기동,13,1,90,11,1
subway_1호선_청량리-제기동_2,SUBWAY,1호선,청량리,제기동,13,2,90,11,1
subway_1호선_청량리-제기동_2,SUBWAY,1호선,청량리,제기동,13,3,90,11,1
subway_1호선_청량리-제기동_2,SUBWAY,1호선,청량리,제기동,13,4,90,11,1
subway_1호선_제기동-신설동_2,SUBWAY,1호선,제기동,신설동,13,0,90,12,1
subway_1호선_제기동-신설동_2,SUBWAY,1호선,제기동,신설동,13,1,90,12,1
subway_1호선_제기동-신설동_2,SUBWAY,1호선,제기동,신설동,13,2,90,12,1
subway_1호선_제기동-신설동_2,SUBWAY,1호선,제기동,신설동,13,3,90,12,1
subway_1호선_제기동-신설동_2,SUBWAY,1호선,제기동,신설동,13,4,90,12,1
subway_1호선_신설동-동묘앞_2,SUBWAY,1호선,신설동,동묘앞,13,0,90,12,1
subway_1호선_신설동-동묘앞_2,SUBWAY,1호선,신설동,동묘앞,13,1,90,12,1
subway_1호선_신설동-동묘앞_2,SUBWAY,1호선,신설동,동묘앞,13,2,90,12,1
subway_1호선_신설동-동묘앞_2,SUBWAY,1호선,신설동,동묘앞,13,3,90,12,1
subway_1호선_신설동-동묘앞_2,SUBWAY,1호선,신설동,동묘앞,13,4,90,12,1
subway_1호선_동묘앞-동대문_2,SUBWAY,1호선,동묘앞,동대문,13,0,90,12,1
subway_1호선_동묘앞-동대문_2,SUBWAY,1호선,동묘앞,동대문,13,1,90,12,1
subway_1호선_동묘앞-동대문_2,SUBWAY,1호선,동묘앞,동대문,13,2,90,12,1
subway_1호선_동묘앞-동대문_2,SUBWAY,1호선,동묘앞,동대문,13,3,90,12,1
subway_1호선_동묘앞-동대문_2,SUBWAY,1호선,동묘앞,동대문,13,4,90,12,1
subway_1호선_동대문-종로5가_2,SUBWAY,1호선,동대문,종로5가,13,0,90,12,1
subway_1호선_동대문-종로5가_2,SUBWAY,1호선,동대문,종로5가,13,1,90,12,1
subway_1호선_동대문-종로5가_2,SUBWAY,1호선,동대문,종로5가,13,2,90,12,1
subway_1호선_동대문-종로5가_2,SUBWAY,1호선,동대문,종로5가,13,3,90,12,1
subway_1호선_동대문-종로5가_2,SUBWAY,1호선,동대문,종로5가,13,4,90,12,1
subway_1호선_종로5가-종로3가_2,SUBWAY,1호선,종로5가,종로3가,13,0,90,11,1
subway_1호선_종로5가-종로3가_2,SUBWAY,1호선,종로5가,종로3가,13,1,90,11,1
subway_1호선_종로5가-종로3가_2,SUBWAY,1호선,종로5가,종로3가,13,2,90,11,1
subway_1호선_종로5가-종로3가_2,SUBWAY,1호선,종로5가,종로3가,13,3,90,11,1
subway_1호선_종로5가-종로3가_2,SUBWAY,1호선,종로5가,종로3가,13,4,90,11,1
subway_1호선_종로3가-종각_2,SUBWAY,1호선,종로3가,종각,13,0,90,11,1
subway_1호선_종로3가-종각_2,SUBWAY,1호선,종로3가,종각,13,1,90,11,1
subway_1호선_종로3가-종각_2,SUBWAY,1호선,종로3가,종각,13,2,90,11,1
subway_1호선_종로3가-종각_2,SUBWAY,1호선,종로3가,종각,13,3,90,11,1
subway_1호선_종로3가-종각_2,SUBWAY,1호선,종로3가,종각,13,4,90,11,1
subway_1호선_종각-시청_2,SUBWAY,1호선,종각,시청,13,0,120,11,1
subway_1호선_종각-시청_2,SUBWAY,1호선,종각,시청,13,1,120,11,1
subway_1호선_종각-시청_2,SUBWAY,1호선,종각,시청,13,2,120,11,1
subway_1호선_종각-시청_2,SUBWAY,1호선,종각,시청,13,3,120,11,1
subway_1호선_종각-시청_2,SUBWAY,1호선,종각,시청,13,4,120,11,1
subway_1호선_청량리-제기동_2,SUBWAY,1호선,청량리,제기동,5,0,90,6,1
subway_1호선_청량리-제기동_2,SUBWAY,1호선,청량리,제기동,5,1,90,6,1
subway_1호선_청량리-제기동_2,SUBWAY,1호선,청량리,제기동,5,2,90,6,1
subway_1호선_청량리-제기동_2,SUBWAY,1호선,청량리,제기동,5,3,90,6,1
subway_1호선_청량리-제기동_2,SUBWAY,1호선,청량리,제기동,5,4,90,6,1
subway_1호선_제기동-신설동_2,SUBWAY,1호선,제기동,신설동,5,0,90,6,1
subway_1호선_제기동-신설동_2,SUBWAY,1호선,제기동,신설동,5,1,90,6,1
subway_1호선_제기동-신설동_2,SUBWAY,1호선,제기동,신설동,5,2,90,6,1
subway_1호선_제기동-신설동_2,SUBWAY,1호선,제기동,신설동,5,3,90,6,1
subway_1호선_제기동-신설동_2,SUBWAY,1호선,제기동,신설동,5,4,90,6,1
subway_1호선_신설동-동묘앞_2,SUBWAY,1호선,신설동,동묘앞,5,0,90,6,1
subway_1호선_신설동-동묘앞_2,SUBWAY,1호선,신설동,동묘앞,5,1,90,6,1
subway_1호선_신설동-동묘앞_2,SUBWAY,1호선,신설동,동묘앞,5,2,90,6,1
subway_1호선_신설동-동묘앞_2,SUBWAY,1호선,신설동,동묘앞,5,3,90,6,1
subway_1호선_신설동-동묘앞_2,SUBWAY,1호선,신설동,동묘앞,5,4,90,6,1
subway_1호선_동묘앞-동대문_2,SUBWAY,1호선,동묘앞,동대문,5,0,90,7,1
subway_1호선_동묘앞-동대문_2,SUBWAY,1호선,동묘앞,동대문,5,1,90,7,1
subway_1호선_동묘앞-동대문_2,SUBWAY,1호선,동묘앞,동대문,5,2,90,7,1
subway_1호선_동묘앞-동대문_2,SUBWAY,1호선,동묘앞,동대문,5,3,90,7,1
subway_1호선_동묘앞-동대문_2,SUBWAY,1호선,동묘앞,동대문,5,4,90,7,1
subway_1호선_동대문-종로5가_2,SUBWAY,1호선,동대문,종로5가,5,0,90,7,1
subway_1호선_동대문-종로5가_2,SUBWAY,1호선,동대문,종로5가,5,1,90,7,1
subway_1호선_동대문-종로5가_2,SUBWAY,1호선,동대문,종로5가,5,2,90,7,1
subway_1호선_동대문-종로5가_2,SUBWAY,1호선,동대문,종로5가,5,3,90,7,1
subway_1호선_동대문-종로5가_2,SUBWAY,1호선,동대문,종로5가,5,4,90,7,1
subway_1호선_종로5가-종로3가_2,SUBWAY,1호선,종로5가,종로3가,5,0,90,6,1
subway_1호선_종로5가-종로3가_2,SUBWAY,1호선,종로5가,종로3가,5,1,90,6,1
subway_1호선_종로5가-종로3가_2,SUBWAY,1호선,종로5가,종로3가,5,2,90,6,1
subway_1호선_종로5가-종로3가_2,SUBWAY,1호선,종로5가,종로3가,5,3,90,6,1
subway_1호선_종로5가-종로3가_2,SUBWAY,1호선,종로5가,종로3가,5,4,90,6,1
subway_1호선_종로3가-종각_2,SUBWAY,1호선,종로3가,종각,5,0,90,6,1
subway_1호선_종로3가-종각_2,SUBWAY,1호선,종로3가,종각,5,1,90,6,1
subway_1호선_종로3가-종각_2,SUBWAY,1호선,종로3가,종각,5,2,90,6,1
subway_1호선_종로3가-종각_2,SUBWAY,1호선,종로3가,종각,5,3,90,6,1
subway_1호선_종로3가-종각_2,SUBWAY,1호선,종로3가,종각,5,4,90,6,1
subway_1호선_종각-시청_2,SUBWAY,1호선,종각,시청,5,0,120,5,1
subway_1호선_종각-시청_2,SUBWAY,1호선,종각,시청,5,1,120,5,1
subway_1호선_종각-시청_2,SUBWAY,1호선,종각,시청,5,2,120,5,1
subway_1호선_종각-시청_2,SUBWAY,1호선,종각,시청,5,3,120,5,1
subway_1호선_종각-시청_2,SUBWAY,1호선,종각,시청,5,4,120,5,1
subway_1호선_시청-서울역_2,SUBWAY,1호선,시청,서울역,5,0,120,5,1
subway_1호선_시청-서울역_2,SUBWAY,1호선,시청,서울역,5,1,120,5,1
subway_1호선_시청-서울역_2,SUBWAY,1호선,시청,서울역,5,2,120,5,1
subway_1호선_시청-서울역_2,SUBWAY,1호선,시청,서울역,5,3,120,5,1
subway_1호선_시청-서울역_2,SUBWAY,1호선,시청,서울역,5,4,120,5,1
subway_1호선_종로5가-종로3가_2,SUBWAY,1호선,종로5가,종로3가,14,0,90,12,1
subway_1호선_종로5가-종로3가_2,SUBWAY,1호선,종로5가,종로3가,14,1,90,12,1
subway_1호선_종로5가-종로3가_2,SUBWAY,1호선,종로5가,종로3가,14,2,90,12,1
subway_1호선_종로5가-종로3가_2,SUBWAY,1호선,종로5가,종로3가,14,3,90,12,1
subway_1호선_종로5가-종로3가_2,SUBWAY,1호선,종로5가,종로3가,14,4,90,12,1
subway_1호선_종로3가-종각_2,SUBWAY,1호선,종로3가,종각,14,0,90,11,1
subway_1호선_종로3가-종각_2,SUBWAY,1호선,종로3가,종각,14,1,90,11,1
subway_1호선_종로3가-종각_2,SUBWAY,1호선,종로3가,종각,14,2,90,11,1
subway_1호선_종로3가-종각_2,SUBWAY,1호선,종로3가,종각,14,3,90,11,1
subway_1호선_종로3가-종각_2,SUBWAY,1호선,종로3가,종각,14,4,90,11,1
subway_1호선_종각-시청_2,SUBWAY,1호선,종각,시청,14,0,120,11,1
subway_1호선_종각-시청_2,SUBWAY,1호선,종각,시청,14,1,120,11,1
subway_1호선_종각-시청_2,SUBWAY,1호선,종각,시청,14,2,120,11,1
subway_1호선_종각-시청_2,SUBWAY,1호선,종각,시청,14,3,120,11,1
subway_1호선_종각-시청_2,SUBWAY,1호선,종각,시청,14,4,120,11,1
subway_1호선_시청-서울역_2,SUBWAY,1호선,시청,서울역,14,0,120,12,1
subway_1호선_시청-서울역_2,SUBWAY,1호선,시청,서울역,14,1,120,12,1
subway_1호선_시청-서울역_2,SUBWAY,1호선,시청,서울역,14,2,120,12,1
subway_1호선_시청-서울역_2,SUBWAY,1호선,시청,서울역,14,3,120,12,1
subway_1호선_시청-서울역_2,SUBWAY,1호선,시청,서울역,14,4,120,12,1
subway_1호선_청량리-제기동_2,SUBWAY,1호선,청량리,제기동,14,0,90,13,1
subway_1호선_청량리-제기동_2,SUBWAY,1호선,청량리,제기동,14,1,90,13,1
subway_1호선_청량리-제기동_2,SUBWAY,1호선,청량리,제기동,14,2,90,13,1
subway_1호선_청량리-제기동_2,SUBWAY,1호선,청량리,제기동,14,3,90,13,1
subway_1호선_청량리-제기동_2,SUBWAY,1호선,청량리,제기동,14,4,90,13,1
subway_1호선_제기동-신설동_2,SUBWAY,1호선,제기동,신설동,14,0,90,11,1
subway_1호선_제기동-신설동_2,SUBWAY,1호선,제기동,신설동,14,1,90,11,1
subway_1호선_제기동-신설동_2,SUBWAY,1호선,제기동,신설동,14,2,90,11,1
subway_1호선_제기동-신설동_2,SUBWAY,1호선,제기동,신설동,14,3,90,11,1
subway_1호선_제기동-신설동_2,SUBWAY,1호선,제기동,신설동,14,4,90,11,1
subway_1호선_신설동-동묘앞_2,SUBWAY,1호선,신설동,동묘앞,14,0,90,11,1
subway_1호선_신설동-동묘앞_2,SUBWAY,1호선,신설동,동묘앞,14,1,90,11,1
subway_1호선_신설동-동묘앞_2,SUBWAY,1호선,신설동,동묘앞,14,2,90,11,1
subway_1호선_신설동-동묘앞_2,SUBWAY,1호선,신설동,동묘앞,14,3,90,11,1
subway_1호선_신설동-동묘앞_2,SUBWAY,1호선,신설동,동묘앞,14,4,90,11,1
subway_1호선_동묘앞-동대문_2,SUBWAY,1호선,동묘앞,동대문,14,0,90,12,1
subway_1호선_동묘앞-동대문_2,SUBWAY,1호선,동묘앞,동대문,14,1,90,12,1
subway_1호선_동묘앞-동대문_2,SUBWAY,1호선,동묘앞,동대문,14,2,90,12,1
subway_1호선_동묘앞-동대문_2,SUBWAY,1호선,동묘앞,동대문,14,3,90,12,1
subway_1호선_동묘앞-동대문_2,SUBWAY,1호선,동묘앞,동대문,14,4,90,12,1
subway_1호선_동대문-종로5가_2,SUBWAY,1호선,동대문,종로5가,14,0,90,11,1
subway_1호선_동대문-종로5가_2,SUBWAY,1호선,동대문,종로5가,14,1,90,11,1
subway_1호선_동대문-종로5가_2,SUBWAY,1호선,동대문,종로5가,14,2,90,11,1
subway_1호선_동대문-종로5가_2,SUBWAY,1호선,동대문,종로5가,14,3,90,11,1
subway_1호선_동대문-종로5가_2,SUBWAY,1호선,동대문,종로5가,14,4,90,11,1
subway_1호선_동대문-종로5가_2,SUBWAY,1호선,동대문,종로5가,15,0,90,11,1
subway_1호선_동대문-종로5가_2,SUBWAY,1호선,동대문,종로5가,15,1,90,11,1
subway_1호선_동대문-종로5가_2,SUBWAY,1호선,동대문,종로5가,15,2,90,11,1
subway_1호선_동대문-종로5가_2,SUBWAY,1호선,동대문,종로5가,15,3,90,11,1
subway_1호선_동대문-종로5가_2,SUBWAY,1호선,동대문,종로5가,15,4,90,11,1
subway_1호선_종로5가-종로3가_2,SUBWAY,1호선,종로5가,종로3가,15,0,90,10,1
subway_1호선_종로5가-종로3가_2,SUBWAY,1호선,종로5가,종로3가,15,1,90,10,1
subway_1호선_종로5가-종로3가_2,SUBWAY,1호선,종로5가,종로3가,15,2,90,10,1
subway_1호선_종로5가-종로3가_2,SUBWAY,1호선,종로5가,종로3가,15,3,90,10,1
subway_1호선_종로5가-종로3가_2,SUBWAY,1호선,종로5가,종로3가,15,4,90,10,1
subway_1호선_종로3가-종각_2,SUBWAY,1호선,종로3가,종각,15,0,90,11,1
subway_1호선_종로3가-종각_2,SUBWAY,1호선,종로3가,종각,15,1,90,11,1
subway_1호선_종로3가-종각_2,SUBWAY,1호선,종로3가,종각,15,2,90,11,1
subway_1호선_종로3가-종각_2,SUBWAY,1호선,종로3가,종각,15,3,90,11,1
subway_1호선_종로3가-종각_2,SUBWAY,1호선,종로3가,종각,15,4,90,11,1
subway_1호선_종각-시청_2,SUBWAY,1호선,종각,시청,15,0,120,10,1
subway_1호선_종각-시청_2,SUBWAY,1호선,종각,시청,15,1,120,10,1
subway_1호선_종각-시청_2,SUBWAY,1호선,종각,시청,15,2,120,10,1
subway_1호선_종각-시청_2,SUBWAY,1호선,종각,시청,15,3,120,10,1
subway_1호선_종각-시청_2,SUBWAY,1호선,종각,시청,15,4,120,10,1
subway_1호선_시청-서울역_2,SUBWAY,1호선,시청,서울역,15,0,120,10,1
subway_1호선_시청-서울역_2,SUBWAY,1호선,시청,서울역,15,1,120,10,1
subway_1호선_시청-서울역_2,SUBWAY,1호선,시청,서울역,15,2,120,10,1
subway_1호선_시청-서울역_2,SUBWAY,1호선,시청,서울역,15,3,120,10,1
subway_1호선_시청-서울역_2,SUBWAY,1호선,시청,서울역,15,4,120,10,1
subway_1호선_청량리-제기동_2,SUBWAY,1호선,청량리,제기동,15,0,90,10,1
subway_1호선_청량리-제기동_2,SUBWAY,1호선,청량리,제기동,15,1,90,10,1
subway_1호선_청량리-제기동_2,SUBWAY,1호선,청량리,제기동,15,2,90,10,1
subway_1호선_청량리-제기동_2,SUBWAY,1호선,청량리,제기동,15,3,90,10,1
subway_1호선_청량리-제기동_2,SUBWAY,1호선,청량리,제기동,15,4,90,10,1
subway_1호선_제기동-신설동_2,SUBWAY,1호선,제기동,신설동,15,0,90,11,1
subway_1호선_제기동-신설동_2,SUBWAY,1호선,제기동,신설동,15,1,90,11,1
subway_1호선_제기동-신설동_2,SUBWAY,1호선,제기동,신설동,15,2,90,11,1
subway_1호선_제기동-신설동_2,SUBWAY,1호선,제기동,신설동,15,3,90,11,1
subway_1호선_제기동-신설동_2,SUBWAY,1호선,제기동,신설동,15,4,90,11,1
subway_1호선_신설동-동묘앞_2,SUBWAY,1호선,신설동,동묘앞,15,0,90,11,1
subway_1호선_신설동-동묘앞_2,SUBWAY,1호선,신설동,동묘앞,15,1,90,11,1
subway_1호선_신설동-동묘앞_2,SUBWAY,1호선,신설동,동묘앞,15,2,90,11,1
subway_1호선_신설동-동묘앞_2,SUBWAY,1호선,신설동,동묘앞,15,3,90,11,1
subway_1호선_신설동-동묘앞_2,SUBWAY,1호선,신설동,동묘앞,15,4,90,11,1
subway_1호선_동묘앞-동대문_2,SUBWAY,1호선,동묘앞,동대문,15,0,90,10,1
subway_1호선_동묘앞-동대문_2,SUBWAY,1호선,동묘앞,동대문,15,1,90,10,1
subway_1호선_동묘앞-동대문_2,SUBWAY,1호선,동묘앞,동대문,15,2,90,10,1
subway_1호선_동묘앞-동대문_2,SUBWAY,1호선,동묘앞,동대문,15,3,90,10,1
subway_1호선_동묘앞-동대문_2,SUBWAY,1호선,동묘앞,동대문,15,4,90,10,1
subway_1호선_종각-시청_2,SUBWAY,1호선,종각,시청,16,0,111,14,1
subway_1호선_종각-시청_2,SUBWAY,1호선,종각,시청,16,1,111,14,1
subway_1호선_종각-시청_2,SUBWAY,1호선,종각,시청,16,2,111,14,1
subway_1호선_종각-시청_2,SUBWAY,1호선,종각,시청,16,3,111,14,1
subway_1호선_종각-시청_2,SUBWAY,1호선,종각,시청,16,4,111,14,1
subway_1호선_시청-서울역_2,SUBWAY,1호선,시청,서울역,16,0,110,13,1
subway_1호선_시청-서울역_2,SUBWAY,1호선,시청,서울역,16,1,110,13,1
subway_1호선_시청-서울역_2,SUBWAY,1호선,시청,서울역,16,2,110,13,1
subway_1호선_시청-서울역_2,SUBWAY,1호선,시청,서울역,16,3,110,13,1
subway_1호선_시청-서울역_2,SUBWAY,1호선,시청,서울역,16,4,110,13,1
subway_1호선_동묘앞-동대문_2,SUBWAY,1호선,동묘앞,동대문,16,0,81,14,1
subway_1호선_동묘앞-동대문_2,SUBWAY,1호선,동묘앞,동대문,16,1,81,14,1
subway_1호선_동묘앞-동대문_2,SUBWAY,1호선,동묘앞,동대문,16,2,81,14,1
subway_1호선_동묘앞-동대문_2,SUBWAY,1호선,동묘앞,동대문,16,3,81,14,1
subway_1호선_동묘앞-동대문_2,SUBWAY,1호선,동묘앞,동대문,16,4,81,14,1
subway_1호선_동대문-종로5가_2,SUBWAY,1호선,동대문,종로5가,16,0,80,13,1
subway_1호선_동대문-종로5가_2,SUBWAY,1호선,동대문,종로5가,16,1,80,13,1
subway_1호선_동대문-종로5가_2,SUBWAY,1호선,동대문,종로5가,16,2,80,13,1
subway_1호선_동대문-종로5가_2,SUBWAY,1호선,동대문,종로5가,16,3,80,13,1
subway_1호선_동대문-종로5가_2,SUBWAY,1호선,동대문,종로5가,16,4,80,13,1
subway_1호선_종로5가-종로3가_2,SUBWAY,1호선,종로5가,종로3가,16,0,81,14,1
subway_1호선_종로5가-종로3가_2,SUBWAY,1호선,종로5가,종로3가,16,1,81,14,1
subway_1호선_종로5가-종로3가_2,SUBWAY,1호선,종로5가,종로3가,16,2,81,14,1
subway_1호선_종로5가-종로3가_2,SUBWAY,1호선,종로5가,종로3가,16,3,81,14,1
subway_1호선_종로5가-종로3가_2,SUBWAY,1호선,종로5가,종로3가,16,4,81,14,1
subway_1호선_종로3가-종각_2,SUBWAY,1호선,종로3가,종각,16,0,80,13,1
subway_1호선_종로3가-종각_2,SUBWAY,1호선,종로3가,종각,16,1,80,13,1
subway_1호선_종로3가-종각_2,SUBWAY,1호선,종로3가,종각,16,2,80,13,1
subway_1호선_종로3가-종각_2,SUBWAY,1호선,종로3가,종각,16,3,80,13,1
subway_1호선_종로3가-종각_2,SUBWAY,1호선,종로3가,종각,16,4,80,13,1
subway_1호선_청량리-제기동_2,SUBWAY,1호선,청량리,제기동,16,0,75,12,1
subway_1호선_청량리-제기동_2,SUBWAY,1호선,청량리,제기동,16,1,75,12,1
subway_1호선_청량리-제기동_2,SUBWAY,1호선,청량리,제기동,16,2,75,12,1
subway_1호선_청량리-제기동_2,SUBWAY,1호선,청량리,제기동,16,3,75,12,1
subway_1호선_청량리-제기동_2,SUBWAY,1호선,청량리,제기동,16,4,75,12,1
subway_1호선_제기동-신설동_2,SUBWAY,1호선,제기동,신설동,16,0,75,12,1
subway_1호선_제기동-신설동_2,SUBWAY,1호선,제기동,신설동,16,1,75,12,1
subway_1호선_제기동-신설동_2,SUBWAY,1호선,제기동,신설동,16,2,75,12,1
subway_1호선_제기동-신설동_2,SUBWAY,1호선,제기동,신설동,16,3,75,12,1
subway_1호선_제기동-신설동_2,SUBWAY,1호선,제기동,신설동,16,4,75,12,1
subway_1호선_신설동-동묘앞_2,SUBWAY,1호선,신설동,동묘앞,16,0,79,11,1
subway_1호선_신설동-동묘앞_2,SUBWAY,1호선,신설동,동묘앞,16,1,79,11,1
subway_1호선_신설동-동묘앞_2,SUBWAY,1호선,신설동,동묘앞,16,2,79,11,1
subway_1호선_신설동-동묘앞_2,SUBWAY,1호선,신설동,동묘앞,16,3,79,11,1
subway_1호선_신설동-동묘앞_2,SUBWAY,1호선,신설동,동묘앞,16,4,79,11,1
subway_1호선_시청-서울역_2,SUBWAY,1호선,시청,서울역,17,0,115,14,1
subway_1호선_시청-서울역_2,SUBWAY,1호선,시청,서울역,17,1,115,14,1
subway_1호선_시청-서울역_2,SUBWAY,1호선,시청,서울역,17,2,115,14,1
subway_1호선_시청-서울역_2,SUBWAY,1호선,시청,서울역,17,3,115,14,1
subway_1호선_시청-서울역_2,SUBWAY,1호선,시청,서울역,17,4,115,14,1
subway_1호선_청량리-제기동_2,SUBWAY,1호선,청량리,제기동,17,0,90,14,1
subway_1호선_청량리-제기동_2,SUBWAY,1호선,청량리,제기동,17,1,90,14,1
subway_1호선_청량리-제기동_2,SUBWAY,1호선,청량리,제기동,17,2,90,14,1
subway_1호선_청량리-제기동_2,SUBWAY,1호선,청량리,제기동,17,3,90,14,1
subway_1호선_청량리-제기동_2,SUBWAY,1호선,청량리,제기동,17,4,90,14,1
subway_1호선_제기동-신설동_2,SUBWAY,1호선,제기동,신설동,17,0,90,14,1
subway_1호선_제기동-신설동_2,SUBWAY,1호선,제기동,신설동,17,1,90,14,1
subway_1호선_제기동-신설동_2,SUBWAY,1호선,제기동,신설동,17,2,90,14,1
subway_1호선_제기동-신설동_2,SUBWAY,1호선,제기동,신설동,17,3,90,14,1
subway_1호선_제기동-신설동_2,SUBWAY,1호선,제기동,신설동,17,4,90,14,1
subway_1호선_신설동-동묘앞_2,SUBWAY,1호선,신설동,동묘앞,17,0,85,14,1
subway_1호선_신설동-동묘앞_2,SUBWAY,1호선,신설동,동묘앞,17,1,85,14,1
subway_1호선_신설동-동묘앞_2,SUBWAY,1호선,신설동,동묘앞,17,2,85,14,1
subway_1호선_신설동-동묘앞_2,SUBWAY,1호선,신설동,동묘앞,17,3,85,14,1
subway_1호선_신설동-동묘앞_2,SUBWAY,1호선,신설동,동묘앞,17,4,85,14,1
subway_1호선_동묘앞-동대문_2,SUBWAY,1호선,동묘앞,동대문,17,0,85,14,1
subway_1호선_동묘앞-동대문_2,SUBWAY,1호선,동묘앞,동대문,17,1,85,14,1
subway_1호선_동묘앞-동대문_2,SUBWAY,1호선,동묘앞,동대문,17,2,85,14,1
subway_1호선_동묘앞-동대문_2,SUBWAY,1호선,동묘앞,동대문,17,3,85,14,1
subway_1호선_동묘앞-동대문_2,SUBWAY,1호선,동묘앞,동대문,17,4,85,14,1
subway_1호선_동대문-종로5가_2,SUBWAY,1호선,동대문,종로5가,17,0,85,14,1
subway_1호선_동대문-종로5가_2,SUBWAY,1호선,동대문,종로5가,17,1,85,14,1
subway_1호선_동대문-종로5가_2,SUBWAY,1호선,동대문,종로5가,17,2,85,14,1
subway_1호선_동대문-종로5가_2,SUBWAY,1호선,동대문,종로5가,17,3,85,14,1
subway_1호선_동대문-종로5가_2,SUBWAY,1호선,동대문,종로5가,17,4,85,14,1
subway_1호선_종로5가-종로3가_2,SUBWAY,1호선,종로5가,종로3가,17,0,85,14,1
subway_1호선_종로5가-종로3가_2,SUBWAY,1호선,종로5가,종로3가,17,1,85,14,1
subway_1호선_종로5가-종로3가_2,SUBWAY,1호선,종로5가,종로3가,17,2,85,14,1
subway_1호선_종로5가-종로3가_2,SUBWAY,1호선,종로5가,종로3가,17,3,85,14,1
subway_1호선_종로5가-종로3가_2,SUBWAY,1호선,종로5가,종로3가,17,4,85,14,1
subway_1호선_종로3가-종각_2,SUBWAY,1호선,종로3가,종각,17,0,86,15,1
subway_1호선_종로3가-종각_2,SUBWAY,1호선,종로3가,종각,17,1,86,15,1
subway_1호선_종로3가-종각_2,SUBWAY,1호선,종로3가,종각,17,2,86,15,1
subway_1호선_종로3가-종각_2,SUBWAY,1호선,종로3가,종각,17,3,86,15,1
subway_1호선_종로3가-종각_2,SUBWAY,1호선,종로3가,종각,17,4,86,15,1
subway_1호선_종각-시청_2,SUBWAY,1호선,종각,시청,17,0,115,14,1
subway_1호선_종각-시청_2,SUBWAY,1호선,종각,시청,17,1,115,14,1
subway_1호선_종각-시청_2,SUBWAY,1호선,종각,시청,17,2,115,14,1
subway_1호선_종각-시청_2,SUBWAY,1호선,종각,시청,17,3,115,14,1
subway_1호선_종각-시청_2,SUBWAY,1호선,종각,시청,17,4,115,14,1
subway_1호선_청량리-제기동_2,SUBWAY,1호선,청량리,제기동,7,0,90,16,1
subway_1호선_청량리-제기동_2,SUBWAY,1호선,청량리,제기동,7,1,90,16,1
subway_1호선_청량리-제기동_2,SUBWAY,1호선,청량리,제기동,7,2,90,16,1
subway_1호선_청량리-제기동_2,SUBWAY,1호선,청량리,제기동,7,3,90,16,1
subway_1호선_청량리-제기동_2,SUBWAY,1호선,청량리,제기동,7,4,90,16,1
subway_1호선_제기동-신설동_2,SUBWAY,1호선,제기동,신설동,7,0,90,15,1
subway_1호선_제기동-신설동_2,SUBWAY,1호선,제기동,신설동,7,1,90,15,1
subway_1호선_제기동-신설동_2,SUBWAY,1호선,제기동,신설동,7,2,90,15,1
subway_1호선_제기동-신설동_2,SUBWAY,1호선,제기동,신설동,7,3,90,15,1
subway_1호선_제기동-신설동_2,SUBWAY,1호선,제기동,신설동,7,4,90,15,1
subway_1호선_신설동-동묘앞_2,SUBWAY,1호선,신설동,동묘앞,7,0,86,16,1
subway_1호선_신설동-동묘앞_2,SUBWAY,1호선,신설동,동묘앞,7,1,86,16,1
subway_1호선_신설동-동묘앞_2,SUBWAY,1호선,신설동,동묘앞,7,2,86,16,1
subway_1호선_신설동-동묘앞_2,SUBWAY,1호선,신설동,동묘앞,7,3,86,16,1
subway_1호선_신설동-동묘앞_2,SUBWAY,1호선,신설동,동묘앞,7,4,86,16,1
subway_1호선_동묘앞-동대문_2,SUBWAY,1호선,동묘앞,동대문,7,0,86,15,1
subway_1호선_동묘앞-동대문_2,SUBWAY,1호선,동묘앞,동대문,7,1,86,15,1
subway_1호선_동묘앞-동대문_2,SUBWAY,1호선,동묘앞,동대문,7,2,86,15,1
subway_1호선_동묘앞-동대문_2,SUBWAY,1호선,동묘앞,동대문,7,3,86,15,1
subway_1호선_동묘앞-동대문_2,SUBWAY,1호선,동묘앞,동대문,7,4,86,15,1
subway_1호선_동대문-종로5가_2,SUBWAY,1호선,동대문,종로5가,7,0,86,16,1
subway_1호선_동대문-종로5가_2,SUBWAY,1호선,동대문,종로5가,7,1,86,16,1
subway_1호선_동대문-종로5가_2,SUBWAY,1호선,동대문,종로5가,7,2,86,16,1
subway_1호선_동대문-종로5가_2,SUBWAY,1호선,동대문,종로5가,7,3,86,16,1
subway_1호선_동대문-종로5가_2,SUBWAY,1호선,동대문,종로5가,7,4,86,16,1
subway_1호선_종로5가-종로3가_2,SUBWAY,1호선,종로5가,종로3가,7,0,86,15,1
subway_1호선_종로5가-종로3가_2,SUBWAY,1호선,종로5가,종로3가,7,1,86,15,1
subway_1호선_종로5가-종로3가_2,SUBWAY,1호선,종로5가,종로3가,7,2,86,15,1
subway_1호선_종로5가-종로3가_2,SUBWAY,1호선,종로5가,종로3가,7,3,86,15,1
subway_1호선_종로5가-종로3가_2,SUBWAY,1호선,종로5가,종로3가,7,4,86,15,1
subway_1호선_종로3가-종각_2,SUBWAY,1호선,종로3가,종각,7,0,86,15,1
subway_1호선_종로3가-종각_2,SUBWAY,1호선,종로3가,종각,7,1,86,15,1
subway_1호선_종로3가-종각_2,SUBWAY,1호선,종로3가,종각,7,2,86,15,1
subway_1호선_종로3가-종각_2,SUBWAY,1호선,종로3가,종각,7,3,86,15,1
subway_1호선_종로3가-종각_2,SUBWAY,1호선,종로3가,종각,7,4,86,15,1
subway_1호선_종각-시청_2,SUBWAY,1호선,종각,시청,7,0,116,16,1
subway_1호선_종각-시청_2,SUBWAY,1호선,종각,시청,7,1,116,16,1
subway_1호선_종각-시청_2,SUBWAY,1호선,종각,시청,7,2,116,16,1
subway_1호선_종각-시청_2,SUBWAY,1호선,종각,시청,7,3,116,16,1
subway_1호선_종각-시청_2,SUBWAY,1호선,종각,시청,7,4,116,16,1
subway_1호선_시청-서울역_2,SUBWAY,1호선,시청,서울역,8,0,120,17,1
subway_1호선_시청-서울역_2,SUBWAY,1호선,시청,서울역,8,1,120,17,1
subway_1호선_시청-서울역_2,SUBWAY,1호선,시청,서울역,8,2,120,17,1
subway_1호선_시청-서울역_2,SUBWAY,1호선,시청,서울역,8,3,120,17,1
subway_1호선_시청-서울역_2,SUBWAY,1호선,시청,서울역,8,4,120,17,1
subway_1호선_청량리-제기동_2,SUBWAY,1호선,청량리,제기동,8,0,90,16,1
subway_1호선_청량리-제기동_2,SUBWAY,1호선,청량리,제기동,8,1,90,16,1
subway_1호선_청량리-제기동_2,SUBWAY,1호선,청량리,제기동,8,2,90,16,1
subway_1호선_청량리-제기동_2,SUBWAY,1호선,청량리,제기동,8,3,90,16,1
subway_1호선_청량리-제기동_2,SUBWAY,1호선,청량리,제기동,8,4,90,16,1
subway_1호선_제기동-신설동_2,SUBWAY,1호선,제기동,신설동,8,0,90,17,1
subway_1호선_제기동-신설동_2,SUBWAY,1호선,제기동,신설동,8,1,90,17,1
subway_1호선_제기동-신설동_2,SUBWAY,1호선,제기동,신설동,8,2,90,17,1
subway_1호선_제기동-신설동_2,SUBWAY,1호선,제기동,신설동,8,3,90,17,1
subway_1호선_제기동-신설동_2,SUBWAY,1호선,제기동,신설동,8,4,90,17,1
subway_1호선_신설동-동묘앞_2,SUBWAY,1호선,신설동,동묘앞,9,0,90,12,1
subway_1호선_신설동-동묘앞_2,SUBWAY,1호선,신설동,동묘앞,9,1,90,12,1
subway_1호선_신설동-동묘앞_2,SUBWAY,1호선,신설동,동묘앞,9,2,90,12,1
subway_1호선_신설동-동묘앞_2,SUBWAY,1호선,신설동,동묘앞,9,3,90,12,1
subway_1호선_신설동-동묘앞_2,SUBWAY,1호선,신설동,동묘앞,9,4,90,12,1
subway_1호선_동묘앞-동대문_2,SUBWAY,1호선,동묘앞,동대문,9,0,90,12,1
subway_1호선_동묘앞-동대문_2,SUBWAY,1호선,동묘앞,동대문,9,1,90,12,1
subway_1호선_동묘앞-동대문_2,SUBWAY,1호선,동묘앞,동대문,9,2,90,12,1
subway_1호선_동묘앞-동대문_2,SUBWAY,1호선,동묘앞,동대문,9,3,90,12,1
subway_1호선_동묘앞-동대문_2,SUBWAY,1호선,동묘앞,동대문,9,4,90,12,1
subway_1호선_동대문-종로5가_2,SUBWAY,1호선,동대문,종로5가,9,0,90,13,1
subway_1호선_동대문-종로5가_2,SUBWAY,1호선,동대문,종로5가,9,1,90,13,1
subway_1호선_동대문-종로5가_2,SUBWAY,1호선,동대문,종로5가,9,2,90,13,1
subway_1호선_동대문-종로5가_2,SUBWAY,1호선,동대문,종로5가,9,3,90,13,1
subway_1호선_동대문-종로5가_2,SUBWAY,1호선,동대문,종로5가,9,4,90,13,1
subway_1호선_종로5가-종로3가_2,SUBWAY,1호선,종로5가,종로3가,9,0,90,12,1
subway_1호선_종로5가-종로3가_2,SUBWAY,1호선,종로5가,종로3가,9,1,90,12,1
subway_1호선_종로5가-종로3가_2,SUBWAY,1호선,종로5가,종로3가,9,2,90,12,1
subway_1호선_종로5가-종로3가_2,SUBWAY,1호선,종로5가,종로3가,9,3,90,12,1
subway_1호선_종로5가-종로3가_2,SUBWAY,1호선,종로5가,종로3가,9,4,90,12,1
subway_1호선_종로3가-종각_2,SUBWAY,1호선,종로3가,종각,9,0,90,13,1
subway_1호선_종로3가-종각_2,SUBWAY,1호선,종로3가,종각,9,1,90,13,1
subway_1호선_종로3가-종각_2,SUBWAY,1호선,종로3가,종각,9,2,90,13,1
subway_1호선_종로3가-종각_2,SUBWAY,1호선,종로3가,종각,9,3,90,13,1
subway_1호선_종로3가-종각_2,SUBWAY,1호선,종로3가,종각,9,4,90,13,1
subway_1호선_종각-시청_2,SUBWAY,1호선,종각,시청,9,0,120,12,1
subway_1호선_종각-시청_2,SUBWAY,1호선,종각,시청,9,1,120,12,1
subway_1호선_종각-시청_2,SUBWAY,1호선,종각,시청,9,2,120,12,1
subway_1호선_종각-시청_2,SUBWAY,1호선,종각,시청,9,3,120,12,1
subway_1호선_종각-시청_2,SUBWAY,1호선,종각,시청,9,4,120,12,1
subway_1호선_시청-서울역_2,SUBWAY,1호선,시청,서울역,9,0,120,13,1
subway_1호선_시청-서울역_2,SUBWAY,1호선,시청,서울역,9,1,120,13,1
subway_1호선_시청-서울역_2,SUBWAY,1호선,시청,서울역,9,2,120,13,1
subway_1호선_시청-서울역_2,SUBWAY,1호선,시청,서울역,9,3,120,13,1
subway_1호선_시청-서울역_2,SUBWAY,1호선,시청,서울역,9,4,120,13,1
subway_1호선_청량리-제기동_2,SUBWAY,1호선,청량리,제기동,11,0,90,12,1
subway_1호선_청량리-제기동_2,SUBWAY,1호선,청량리,제기동,11,1,90,12,1
subway_1호선_청량리-제기동_2,SUBWAY,1호선,청량리,제기동,11,2,90,12,1
subway_1호선_청량리-제기동_2,SUBWAY,1호선,청량리,제기동,11,3,90,12,1
subway_1호선_청량리-제기동_2,SUBWAY,1호선,청량리,제기동,11,4,90,12,1
subway_1호선_제기동-신설동_2,SUBWAY,1호선,제기동,신설동,11,0,90,12,1
subway_1호선_제기동-신설동_2,SUBWAY,1호선,제기동,신설동,11,1,90,12,1
subway_1호선_제기동-신설동_2,SUBWAY,1호선,제기동,신설동,11,2,90,12,1
subway_1호선_제기동-신설동_2,SUBWAY,1호선,제기동,신설동,11,3,90,12,1
subway_1호선_제기동-신설동_2,SUBWAY,1호선,제기동,신설동,11,4,90,12,1
subway_1호선_신설동-동묘앞_2,SUBWAY,1호선,신설동,동묘앞,11,0,90,13,1
subway_1호선_신설동-동묘앞_2,SUBWAY,1호선,신설동,동묘앞,11,1,90,13,1
subway_1호선_신설동-동묘앞_2,SUBWAY,1호선,신설동,동묘앞,11,2,90,13,1
subway_1호선_신설동-동묘앞_2,SUBWAY,1호선,신설동,동묘앞,11,3,90,13,1
subway_1호선_신설동-동묘앞_2,SUBWAY,1호선,신설동,동묘앞,11,4,90,13,1
subway_1호선_동묘앞-동대문_2,SUBWAY,1호선,동묘앞,동대문,11,0,90,12,1
subway_1호선_동묘앞-동대문_2,SUBWAY,1호선,동묘앞,동대문,11,1,90,12,1
subway_1호선_동묘앞-동대문_2,SUBWAY,1호선,동묘앞,동대문,11,2,90,12,1
subway_1호선_동묘앞-동대문_2,SUBWAY,1호선,동묘앞,동대문,11,3,90,12,1
subway_1호선_동묘앞-동대문_2,SUBWAY,1호선,동묘앞,동대문,11,4,90,12,1
subway_1호선_동대문-종로5가_2,SUBWAY,1호선,동대문,종로5가,11,0,90,12,1
subway_1호선_동대문-종로5가_2,SUBWAY,1호선,동대문,종로5가,11,1,90,12,1
subway_1호선_동대문-종로5가_2,SUBWAY,1호선,동대문,종로5가,11,2,90,12,1
subway_1호선_동대문-종로5가_2,SUBWAY,1호선,동대문,종로5가,11,3,90,12,1
subway_1호선_동대문-종로5가_2,SUBWAY,1호선,동대문,종로5가,11,4,90,12,1
subway_1호선_종로5가-종로3가_2,SUBWAY,1호선,종로5가,종로3가,11,0,90,13,1
subway_1호선_종로5가-종로3가_2,SUBWAY,1호선,종로5가,종로3가,11,1,90,13,1
subway_1호선_종로5가-종로3가_2,SUBWAY,1호선,종로5가,종로3가,11,2,90,13,1
subway_1호선_종로5가-종로3가_2,SUBWAY,1호선,종로5가,종로3가,11,3,90,13,1
subway_1호선_종로5가-종로3가_2,SUBWAY,1호선,종로5가,종로3가,11,4,90,13,1
subway_1호선_종로3가-종각_2,SUBWAY,1호선,종로3가,종각,11,0,90,12,1
subway_1호선_종로3가-종각_2,SUBWAY,1호선,종로3가,종각,11,1,90,12,1
subway_1호선_종로3가-종각_2,SUBWAY,1호선,종로3가,종각,11,2,90,12,1
subway_1호선_종로3가-종각_2,SUBWAY,1호선,종로3가,종각,11,3,90,12,1
subway_1호선_종로3가-종각_2,SUBWAY,1호선,종로3가,종각,11,4,90,12,1
subway_1호선_종각-시청_2,SUBWAY,1호선,종각,시청,11,0,120,12,1
subway_1호선_종각-시청_2,SUBWAY,1호선,종각,시청,11,1,120,12,1
subway_1호선_종각-시청_2,SUBWAY,1호선,종각,시청,11,2,120,12,1
subway_1호선_종각-시청_2,SUBWAY,1호선,종각,시청,11,3,120,12,1
subway_1호선_종각-시청_2,SUBWAY,1호선,종각,시청,11,4,120,12,1
subway_1호선_시청-서울역_2,SUBWAY,1호선,시청,서울역,11,0,120,11,1
subway_1호선_시청-서울역_2,SUBWAY,1호선,시청,서울역,11,1,120,11,1
subway_1호선_시청-서울역_2,SUBWAY,1호선,시청,서울역,11,2,120,11,1
subway_1호선_시청-서울역_2,SUBWAY,1호선,시청,서울역,11,3,120,11,1
subway_1호선_시청-서울역_2,SUBWAY,1호선,시청,서울역,11,4,120,11,1
subway_1호선_시청-서울역_2,SUBWAY,1호선,시청,서울역,18,0,120,14,1
subway_1호선_시청-서울역_2,SUBWAY,1호선,시청,서울역,18,1,120,14,1
subway_1호선_시청-서울역_2,SUBWAY,1호선,시청,서울역,18,2,120,14,1
subway_1호선_시청-서울역_2,SUBWAY,1호선,시청,서울역,18,3,120,14,1
subway_1호선_시청-서울역_2,SUBWAY,1호선,시청,서울역,18,4,120,14,1
subway_1호선_청량리-제기동_2,SUBWAY,1호선,청량리,제기동,18,0,86,15,1
subway_1호선_청량리-제기동_2,SUBWAY,1호선,청량리,제기동,18,1,86,15,1
subway_1호선_청량리-제기동_2,SUBWAY,1호선,청량리,제기동,18,2,86,15,1
subway_1호선_청량리-제기동_2,SUBWAY,1호선,청량리,제기동,18,3,86,15,1
subway_1호선_청량리-제기동_2,SUBWAY,1호선,청량리,제기동,18,4,86,15,1
subway_1호선_제기동-신설동_2,SUBWAY,1호선,제기동,신설동,18,0,85,14,1
subway_1호선_제기동-신설동_2,SUBWAY,1호선,제기동,신설동,18,1,85,14,1
subway_1호선_제기동-신설동_2,SUBWAY,1호선,제기동,신설동,18,2,85,14,1
subway_1호선_제기동-신설동_2,SUBWAY,1호선,제기동,신설동,18,3,85,14,1
subway_1호선_제기동-신설동_2,SUBWAY,1호선,제기동,신설동,18,4,85,14,1
subway_1호선_신설동-동묘앞_2,SUBWAY,1호선,신설동,동묘앞,18,0,86,15,1
subway_1호선_신설동-동묘앞_2,SUBWAY,1호선,신설동,동묘앞,18,1,86,15,1
subway_1호선_신설동-동묘앞_2,SUBWAY,1호선,신설동,동묘앞,18,2,86,15,1
subway_1호선_신설동-동묘앞_2,SUBWAY,1호선,신설동,동묘앞,18,3,86,15,1
subway_1호선_신설동-동묘앞_2,SUBWAY,1호선,신설동,동묘앞,18,4,86,15,1
subway_1호선_동묘앞-동대문_2,SUBWAY,1호선,동묘앞,동대문,18,0,85,14,1
subway_1호선_동묘앞-동대문_2,SUBWAY,1호선,동묘앞,동대문,18,1,85,14,1
subway_1호선_동묘앞-동대문_2,SUBWAY,1호선,동묘앞,동대문,18,2,85,14,1
subway_1호선_동묘앞-동대문_2,SUBWAY,1호선,동묘앞,동대문,18,3,85,14,1
subway_1호선_동묘앞-동대문_2,SUBWAY,1호선,동묘앞,동대문,18,4,85,14,1
subway_1호선_동대문-종로5가_2,SUBWAY,1호선,동대문,종로5가,18,0,86,15,1
subway_1호선_동대문-종로5가_2,SUBWAY,1호선,동대문,종로5가,18,1,86,15,1
subway_1호선_동대문-종로5가_2,SUBWAY,1호선,동대문,종로5가,18,2,86,15,1
subway_1호선_동대문-종로5가_2,SUBWAY,1호선,동대문,종로5가,18,3,86,15,1
subway_1호선_동대문-종로5가_2,SUBWAY,1호선,동대문,종로5가,18,4,86,15,1
subway_1호선_종로5가-종로3가_2,SUBWAY,1호선,종로5가,종로3가,18,0,85,14,1
subway_1호선_종로5가-종로3가_2,SUBWAY,1호선,종로5가,종로3가,18,1,85,14,1
subway_1호선_종로5가-종로3가_2,SUBWAY,1호선,종로5가,종로3가,18,2,85,14,1
subway_1호선_종로5가-종로3가_2,SUBWAY,1호선,종로5가,종로3가,18,3,85,14,1
subway_1호선_종로5가-종로3가_2,SUBWAY,1호선,종로5가,종로3가,18,4,85,14,1
subway_1호선_종로3가-종각_2,SUBWAY,1호선,종로3가,종각,18,0,85,14,1
subway_1호선_종로3가-종각_2,SUBWAY,1호선,종로3가,종각,18,1,85,14,1
subway_1호선_종로3가-종각_2,SUBWAY,1호선,종로3가,종각,18,2,85,14,1
subway_1호선_종로3가-종각_2,SUBWAY,1호선,종로3가,종각,18,3,85,14,1
subway_1호선_종로3가-종각_2,SUBWAY,1호선,종로3가,종각,18,4,85,14,1
subway_1호선_종각-시청_2,SUBWAY,1호선,종각,시청,18,0,116,15,1
subway_1호선_종각-시청_2,SUBWAY,1호선,종각,시청,18,1,116,15,1
subway_1호선_종각-시청_2,SUBWAY,1호선,종각,시청,18,2,116,15,1
subway_1호선_종각-시청_2,SUBWAY,1호선,종각,시청,18,3,116,15,1
subway_1호선_종각-시청_2,SUBWAY,1호선,종각,시청,18,4,116,15,1
subway_1호선_청량리-청량리_2,SUBWAY,1호선,청량리,청량리,5,0,75,2,0
subway_1호선_청량리-청량리_2,SUBWAY,1호선,청량리,청량리,5,1,75,2,0
subway_1호선_청량리-청량리_2,SUBWAY,1호선,청량리,청량리,5,2,75,2,0
subway_1호선_청량리-청량리_2,SUBWAY,1호선,청량리,청량리,5,3,75,2,0
subway_1호선_청량리-청량리_2,SUBWAY,1호선,청량리,청량리,5,4,75,2,0
subway_1호선_제기동-제기동_2,SUBWAY,1호선,제기동,제기동,5,0,90,1,0
subway_1호선_제기동-제기동_2,SUBWAY,1호선,제기동,제기동,5,1,90,1,0
subway_1호선_제기동-제기동_2,SUBWAY,1호선,제기동,제기동,5,2,90,1,0
subway_1호선_제기동-제기동_2,SUBWAY,1호선,제기동,제기동,5,3,90,1,0
subway_1호선_제기동-제기동_2,SUBWAY,1호선,제기동,제기동,5,4,90,1,0
subway_1호선_신설동-신설동_2,SUBWAY,1호선,신설동,신설동,5,0,90,1,0
subway_1호선_신설동-신설동_2,SUBWAY,1호선,신설동,신설동,5,1,90,1,0
subway_1호선_신설동-신설동_2,SUBWAY,1호선,신설동,신설동,5,2,90,1,0
subway_1호선_신설동-신설동_2,SUBWAY,1호선,신설동,신설동,5,3,90,1,0
subway_1호선_신설동-신설동_2,SUBWAY,1호선,신설동,신설동,5,4,90,1,0
subway_1호선_동묘앞-동묘앞_2,SUBWAY,1호선,동묘앞,동묘앞,5,0,90,1,0
subway_1호선_동묘앞-동묘앞_2,SUBWAY,1호선,동묘앞,동묘앞,5,1,90,1,0
subway_1호선_동묘앞-동묘앞_2,SUBWAY,1호선,동묘앞,동묘앞,5,2,90,1,0
subway_1호선_동묘앞-동묘앞_2,SUBWAY,1호선,동묘앞,동묘앞,5,3,90,1,0
subway_1호선_동묘앞-동묘앞_2,SUBWAY,1호선,동묘앞,동묘앞,5,4,90,1,0
subway_1호선_동대문-동대문_2,SUBWAY,1호선,동대문,동대문,5,0,90,1,0
subway_1호선_동대문-동대문_2,SUBWAY,1호선,동대문,동대문,5,1,90,1,0
subway_1호선_동대문-동대문_2,SUBWAY,1호선,동대문,동대문,5,2,90,1,0
subway_1호선_동대문-동대문_2,SUBWAY,1호선,동대문,동대문,5,3,90,1,0
subway_1호선_동대문-동대문_2,SUBWAY,1호선,동대문,동대문,5,4,90,1,0
subway_1호선_종로5가-종로5가_2,SUBWAY,1호선,종로5가,종로5가,5,0,90,1,0
subway_1호선_종로5가-종로5가_2,SUBWAY,1호선,종로5가,종로5가,5,1,90,1,0
subway_1호선_종로5가-종로5가_2,SUBWAY,1호선,종로5가,종로5가,5,2,90,1,0
subway_1호선_종로5가-종로5가_2,SUBWAY,1호선,종로5가,종로5가,5,3,90,1,0
subway_1호선_종로5가-종로5가_2,SUBWAY,1호선,종로5가,종로5가,5,4,90,1,0
subway_1호선_종로3가-종로3가_2,SUBWAY,1호선,종로3가,종로3가,5,0,90,1,0
subway_1호선_종로3가-종로3가_2,SUBWAY,1호선,종로3가,종로3가,5,1,90,1,0
subway_1호선_종로3가-종로3가_2,SUBWAY,1호선,종로3가,종로3가,5,2,90,1,0
subway_1호선_종로3가-종로3가_2,SUBWAY,1호선,종로3가,종로3가,5,3,90,1,0
subway_1호선_종로3가-종로3가_2,SUBWAY,1호선,종로3가,종로3가,5,4,90,1,0
subway_1호선_종각-종각_2,SUBWAY,1호선,종각,종각,5,0,90,1,0
subway_1호선_종각-종각_2,SUBWAY,1호선,종각,종각,5,1,90,1,0
subway_1호선_종각-종각_2,SUBWAY,1호선,종각,종각,5,2,90,1,0
subway_1호선_종각-종각_2,SUBWAY,1호선,종각,종각,5,3,90,1,0
subway_1호선_종각-종각_2,SUBWAY,1호선,종각,종각,5,4,90,1,0
subway_1호선_시청-시청_2,SUBWAY,1호선,시청,시청,5,0,90,1,0
subway_1호선_시청-시청_2,SUBWAY,1호선,시청,시청,5,1,90,1,0
subway_1호선_시청-시청_2,SUBWAY,1호선,시청,시청,5,2,90,1,0
subway_1호선_시청-시청_2,SUBWAY,1호선,시청,시청,5,3,90,1,0
subway_1호선_시청-시청_2,SUBWAY,1호선,시청,시청,5,4,90,1,0
subway_1호선_서울역-서울역_2,SUBWAY,1호선,서울역,서울역,5,0,90,1,0
subway_1호선_서울역-서울역_2,SUBWAY,1호선,서울역,서울역,5,1,90,1,0
subway_1호선_서울역-서울역_2,SUBWAY,1호선,서울역,서울역,5,2,90,1,0
subway_1호선_서울역-서울역_2,SUBWAY,1호선,서울역,서울역,5,3,90,1,0
subway_1호선_서울역-서울역_2,SUBWAY,1호선,서울역,서울역,5,4,90,1,0
subway_1호선_시청-서울역_2,SUBWAY,1호선,시청,서울역,19,0,120,15,1
subway_1호선_시청-서울역_2,SUBWAY,1호선,시청,서울역,19,1,120,15,1
subway_1호선_시청-서울역_2,SUBWAY,1호선,시청,서울역,19,2,120,15,1
subway_1호선_시청-서울역_2,SUBWAY,1호선,시청,서울역,19,3,120,15,1
subway_1호선_시청-서울역_2,SUBWAY,1호선,시청,서울역,19,4,120,15,1
subway_1호선_동묘앞-동대문_2,SUBWAY,1호선,동묘앞,동대문,19,0,90,14,1
subway_1호선_동묘앞-동대문_2,SUBWAY,1호선,동묘앞,동대문,19,1,90,14,1
subway_1호선_동묘앞-동대문_2,SUBWAY,1호선,동묘앞,동대문,19,2,90,14,1
subway_1호선_동묘앞-동대문_2,SUBWAY,1호선,동묘앞,동대문,19,3,90,14,1
subway_1호선_동묘앞-동대문_2,SUBWAY,1호선,동묘앞,동대문,19,4,90,14,1
subway_1호선_동대문-종로5가_2,SUBWAY,1호선,동대문,종로5가,19,0,90,14,1
subway_1호선_동대문-종로5가_2,SUBWAY,1호선,동대문,종로5가,19,1,90,14,1
subway_1호선_동대문-종로5가_2,SUBWAY,1호선,동대문,종로5가,19,2,90,14,1
subway_1호선_동대문-종로5가_2,SUBWAY,1호선,동대문,종로5가,19,3,90,14,1
subway_1호선_동대문-종로5가_2,SUBWAY,1호선,동대문,종로5가,19,4,90,14,1
subway_1호선_종로5가-종로3가_2,SUBWAY,1호선,종로5가,종로3가,19,0,90,14,1
subway_1호선_종로5가-종로3가_2,SUBWAY,1호선,종로5가,종로3가,19,1,90,14,1
subway_1호선_종로5가-종로3가_2,SUBWAY,1호선,종로5가,종로3가,19,2,90,14,1
subway_1호선_종로5가-종로3가_2,SUBWAY,1호선,종로5가,종로3가,19,3,90,14,1
subway_1호선_종로5가-종로3가_2,SUBWAY,1호선,종로5가,종로3가,19,4,90,14,1
subway_1호선_종로3가-종각_2,SUBWAY,1호선,종로3가,종각,19,0,90,15,1
subway_1호선_종로3가-종각_2,SUBWAY,1호선,종로3가,종각,19,1,90,15,1
subway_1호선_종로3가-종각_2,SUBWAY,1호선,종로3가,종각,19,2,90,15,1
subway_1호선_종로3가-종각_2,SUBWAY,1호선,종로3가,종각,19,3,90,15,1
subway_1호선_종로3가-종각_2,SUBWAY,1호선,종로3가,종각,19,4,90,15,1
subway_1호선_종각-시청_2,SUBWAY,1호선,종각,시청,19,0,120,14,1
subway_1호선_종각-시청_2,SUBWAY,1호선,종각,시청,19,1,120,14,1
subway_1호선_종각-시청_2,SUBWAY,1호선,종각,시청,19,2,120,14,1
subway_1호선_종각-시청_2,SUBWAY,1호선,종각,시청,19,3,120,14,1
subway_1호선_종각-시청_2,SUBWAY,1호선,종각,시청,19,4,120,14,1
subway_1호선_청량리-제기동_2,SUBWAY,1호선,청량리,제기동,19,0,90,14,1
subway_1호선_청량리-제기동_2,SUBWAY,1호선,청량리,제기동,19,1,90,14,1
subway_1호선_청량리-제기동_2,SUBWAY,1호선,청량리,제기동,19,2,90,14,1
subway_1호선_청량리-제기동_2,SUBWAY,1호선,청량리,제기동,19,3,90,14,1
subway_1호선_청량리-제기동_2,SUBWAY,1호선,청량리,제기동,19,4,90,14,1
subway_1호선_제기동-신설동_2,SUBWAY,1호선,제기동,신설동,19,0,90,14,1
subway_1호선_제기동-신설동_2,SUBWAY,1호선,제기동,신설동,19,1,90,14,1
subway_1호선_제기동-신설동_2,SUBWAY,1호선,제기동,신설동,19,2,90,14,1
subway_1호선_제기동-신설동_2,SUBWAY,1호선,제기동,신설동,19,3,90,14,1
subway_1호선_제기동-신설동_2,SUBWAY,1호선,제기동,신설동,19,4,90,14,1
subway_1호선_신설동-동묘앞_2,SUBWAY,1호선,신설동,동묘앞,19,0,90,14,1
subway_1호선_신설동-동묘앞_2,SUBWAY,1호선,신설동,동묘앞,19,1,90,14,1
subway_1호선_신설동-동묘앞_2,SUBWAY,1호선,신설동,동묘앞,19,2,90,14,1
subway_1호선_신설동-동묘앞_2,SUBWAY,1호선,신설동,동묘앞,19,3,90,14,1
subway_1호선_신설동-동묘앞_2,SUBWAY,1호선,신설동,동묘앞,19,4,90,14,1
subway_1호선_종각-시청_2,SUBWAY,1호선,종각,시청,6,0,112,15,1
subway_1호선_종각-시청_2,SUBWAY,1호선,종각,시청,6,1,112,15,1
subway_1호선_종각-시청_2,SUBWAY,1호선,종각,시청,6,2,112,15,1
subway_1호선_종각-시청_2,SUBWAY,1호선,종각,시청,6,3,112,15,1
subway_1호선_종각-시청_2,SUBWAY,1호선,종각,시청,6,4,112,15,1
subway_1호선_시청-서울역_2,SUBWAY,1호선,시청,서울역,6,0,115,13,1
subway_1호선_시청-서울역_2,SUBWAY,1호선,시청,서울역,6,1,115,13,1
subway_1호선_시청-서울역_2,SUBWAY,1호선,시청,서울역,6,2,115,13,1
subway_1호선_시청-서울역_2,SUBWAY,1호선,시청,서울역,6,3,115,13,1
subway_1호선_시청-서울역_2,SUBWAY,1호선,시청,서울역,6,4,115,13,1
subway_1호선_청량리-제기동_2,SUBWAY,1호선,청량리,제기동,6,0,73,11,1
subway_1호선_청량리-제기동_2,SUBWAY,1호선,청량리,제기동,6,1,73,11,1
subway_1호선_청량리-제기동_2,SUBWAY,1호선,청량리,제기동,6,2,73,11,1
subway_1호선_청량리-제기동_2,SUBWAY,1호선,청량리,제기동,6,3,73,11,1
subway_1호선_청량리-제기동_2,SUBWAY,1호선,청량리,제기동,6,4,73,11,1
subway_1호선_제기동-제기동_2,SUBWAY,1호선,제기동,제기동,6,0,30,3,0
subway_1호선_제기동-제기동_2,SUBWAY,1호선,제기동,제기동,6,1,30,3,0
subway_1호선_제기동-제기동_2,SUBWAY,1호선,제기동,제기동,6,2,30,3,0
subway_1호선_제기동-제기동_2,SUBWAY,1호선,제기동,제기동,6,3,30,3,0
subway_1호선_제기동-제기동_2,SUBWAY,1호선,제기동,제기동,6,4,30,3,0
subway_1호선_제기동-신설동_2,SUBWAY,1호선,제기동,신설동,6,0,73,11,1
subway_1호선_제기동-신설동_2,SUBWAY,1호선,제기동,신설동,6,1,73,11,1
subway_1호선_제기동-신설동_2,SUBWAY,1호선,제기동,신설동,6,2,73,11,1
subway_1호선_제기동-신설동_2,SUBWAY,1호선,제기동,신설동,6,3,73,11,1
subway_1호선_제기동-신설동_2,SUBWAY,1호선,제기동,신설동,6,4,73,11,1
subway_1호선_신설동-신설동_2,SUBWAY,1호선,신설동,신설동,6,0,30,2,0
subway_1호선_신설동-신설동_2,SUBWAY,1호선,신설동,신설동,6,1,30,2,0
subway_1호선_신설동-신설동_2,SUBWAY,1호선,신설동,신설동,6,2,30,2,0
subway_1호선_신설동-신설동_2,SUBWAY,1호선,신설동,신설동,6,3,30,2,0
subway_1호선_신설동-신설동_2,SUBWAY,1호선,신설동,신설동,6,4,30,2,0
subway_1호선_신설동-동묘앞_2,SUBWAY,1호선,신설동,동묘앞,6,0,78,10,1
subway_1호선_신설동-동묘앞_2,SUBWAY,1호선,신설동,동묘앞,6,1,78,10,1
subway_1호선_신설동-동묘앞_2,SUBWAY,1호선,신설동,동묘앞,6,2,78,10,1
subway_1호선_신설동-동묘앞_2,SUBWAY,1호선,신설동,동묘앞,6,3,78,10,1
subway_1호선_신설동-동묘앞_2,SUBWAY,1호선,신설동,동묘앞,6,4,78,10,1
subway_1호선_동묘앞-동묘앞_2,SUBWAY,1호선,동묘앞,동묘앞,6,0,30,2,0
subway_1호선_동묘앞-동묘앞_2,SUBWAY,1호선,동묘앞,동묘앞,6,1,30,2,0
subway_1호선_동묘앞-동묘앞_2,SUBWAY,1호선,동묘앞,동묘앞,6,2,30,2,0
subway_1호선_동묘앞-동묘앞_2,SUBWAY,1호선,동묘앞,동묘앞,6,3,30,2,0
subway_1호선_동묘앞-동묘앞_2,SUBWAY,1호선,동묘앞,동묘앞,6,4,30,2,0
subway_1호선_동묘앞-동대문_2,SUBWAY,1호선,동묘앞,동대문,6,0,81,14,1
subway_1호선_동묘앞-동대문_2,SUBWAY,1호선,동묘앞,동대문,6,1,81,14,1
subway_1호선_동묘앞-동대문_2,SUBWAY,1호선,동묘앞,동대문,6,2,81,14,1
subway_1호선_동묘앞-동대문_2,SUBWAY,1호선,동묘앞,동대문,6,3,81,14,1
subway_1호선_동묘앞-동대문_2,SUBWAY,1호선,동묘앞,동대문,6,4,81,14,1
subway_1호선_동대문-동대문_2,SUBWAY,1호선,동대문,동대문,6,0,30,1,0
subway_1호선_동대문-동대문_2,SUBWAY,1호선,동대문,동대문,6,1,30,1,0
subway_1호선_동대문-동대문_2,SUBWAY,1호선,동대문,동대문,6,2,30,1,0
subway_1호선_동대문-동대문_2,SUBWAY,1호선,동대문,동대문,6,3,30,1,0
subway_1호선_동대문-동대문_2,SUBWAY,1호선,동대문,동대문,6,4,30,1,0
subway_1호선_동대문-종로5가_2,SUBWAY,1호선,동대문,종로5가,6,0,80,13,1
subway_1호선_동대문-종로5가_2,SUBWAY,1호선,동대문,종로5가,6,1,80,13,1
subway_1호선_동대문-종로5가_2,SUBWAY,1호선,동대문,종로5가,6,2,80,13,1
subway_1호선_동대문-종로5가_2,SUBWAY,1호선,동대문,종로5가,6,3,80,13,1
subway_1호선_동대문-종로5가_2,SUBWAY,1호선,동대문,종로5가,6,4,80,13,1
subway_1호선_종로5가-종로5가_2,SUBWAY,1호선,종로5가,종로5가,6,0,30,1,0
subway_1호선_종로5가-종로5가_2,SUBWAY,1호선,종로5가,종로5가,6,1,30,1,0
subway_1호선_종로5가-종로5가_2,SUBWAY,1호선,종로5가,종로5가,6,2,30,1,0
subway_1호선_종로5가-종로5가_2,SUBWAY,1호선,종로5가,종로5가,6,3,30,1,0
subway_1호선_종로5가-종로5가_2,SUBWAY,1호선,종로5가,종로5가,6,4,30,1,0
subway_1호선_종로5가-종로3가_2,SUBWAY,1호선,종로5가,종로3가,6,0,82,15,1
subway_1호선_종로5가-종로3가_2,SUBWAY,1호선,종로5가,종로3가,6,1,82,15,1
subway_1호선_종로5가-종로3가_2,SUBWAY,1호선,종로5가,종로3가,6,2,82,15,1
subway_1호선_종로5가-종로3가_2,SUBWAY,1호선,종로5가,종로3가,6,3,82,15,1
subway_1호선_종로5가-종로3가_2,SUBWAY,1호선,종로5가,종로3가,6,4,82,15,1
subway_1호선_종로3가-종로3가_2,SUBWAY,1호선,종로3가,종로3가,6,0,30,1,0
subway_1호선_종로3가-종로3가_2,SUBWAY,1호선,종로3가,종로3가,6,1,30,1,0
subway_1호선_종로3가-종로3가_2,SUBWAY,1호선,종로3가,종로3가,6,2,30,1,0
subway_1호선_종로3가-종로3가_2,SUBWAY,1호선,종로3가,종로3가,6,3,30,1,0
subway_1호선_종로3가-종로3가_2,SUBWAY,1호선,종로3가,종로3가,6,4,30,1,0
subway_1호선_종로3가-종각_2,SUBWAY,1호선,종로3가,종각,6,0,81,14,1
subway_1호선_종로3가-종각_2,SUBWAY,1호선,종로3가,종각,6,1,81,14,1
subway_1호선_종로3가-종각_2,SUBWAY,1호선,종로3가,종각,6,2,81,14,1
subway_1호선_종로3가-종각_2,SUBWAY,1호선,종로3가,종각,6,3,81,14,1
subway_1호선_종로3가-종각_2,SUBWAY,1호선,종로3가,종각,6,4,81,14,1
subway_1호선_종각-종각_2,SUBWAY,1호선,종각,종각,6,0,30,1,0
subway_1호선_종각-종각_2,SUBWAY,1호선,종각,종각,6,1,30,1,0
subway_1호선_종각-종각_2,SUBWAY,1호선,종각,종각,6,2,30,1,0
subway_1호선_종각-종각_2,SUBWAY,1호선,종각,종각,6,3,30,1,0
subway_1호선_종각-종각_2,SUBWAY,1호선,종각,종각,6,4,30,1,0
subway_1호선_시청-시청_2,SUBWAY,1호선,시청,시청,6,0,30,1,0
subway_1호선_시청-시청_2,SUBWAY,1호선,시청,시청,6,1,30,1,0
subway_1호선_시청-시청_2,SUBWAY,1호선,시청,시청,6,2,30,1,0
subway_1호선_시청-시청_2,SUBWAY,1호선,시청,시청,6,3,30,1,0
subway_1호선_시청-시청_2,SUBWAY,1호선,시청,시청,6,4,30,1,0
subway_1호선_서울역-서울역_2,SUBWAY,1호선,서울역,서울역,6,0,30,2,0
subway_1호선_서울역-서울역_2,SUBWAY,1호선,서울역,서울역,6,1,30,2,0
subway_1호선_서울역-서울역_2,SUBWAY,1호선,서울역,서울역,6,2,30,2,0
subway_1호선_서울역-서울역_2,SUBWAY,1호선,서울역,서울역,6,3,30,2,0
subway_1호선_서울역-서울역_2,SUBWAY,1호선,서울역,서울역,6,4,30,2,0
subway_1호선_청량리-청량리_2,SUBWAY,1호선,청량리,청량리,6,0,60,2,0
subway_1호선_청량리-청량리_2,SUBWAY,1호선,청량리,청량리,6,1,60,2,0
subway_1호선_청량리-청량리_2,SUBWAY,1호선,청량리,청량리,6,2,60,2,0
subway_1호선_청량리-청량리_2,SUBWAY,1호선,청량리,청량리,6,3,60,2,0
subway_1호선_청량리-청량리_2,SUBWAY,1호선,청량리,청량리,6,4,60,2,0
subway_1호선_동대문-청량리_2,SUBWAY,1호선,동대문,청량리,6,0,60,1,0
subway_1호선_동대문-청량리_2,SUBWAY,1호선,동대문,청량리,6,1,60,1,0
subway_1호선_동대문-청량리_2,SUBWAY,1호선,동대문,청량리,6,2,60,1,0
subway_1호선_동대문-청량리_2,SUBWAY,1호선,동대문,청량리,6,3,60,1,0
subway_1호선_동대문-청량리_2,SUBWAY,1호선,동대문,청량리,6,4,60,1,0
subway_1호선_종로5가-제기동_2,SUBWAY,1호선,종로5가,제기동,6,0,30,1,0
subway_1호선_종로5가-제기동_2,SUBWAY,1호선,종로5가,제기동,6,1,30,1,0
subway_1호선_종로5가-제기동_2,SUBWAY,1호선,종로5가,제기동,6,2,30,1,0
subway_1호선_종로5가-제기동_2,SUBWAY,1호선,종로5가,제기동,6,3,30,1,0
subway_1호선_종로5가-제기동_2,SUBWAY,1호선,종로5가,제기동,6,4,30,1,0
subway_1호선_종로3가-신설동_2,SUBWAY,1호선,종로3가,신설동,6,0,30,1,0
subway_1호선_종로3가-신설동_2,SUBWAY,1호선,종로3가,신설동,6,1,30,1,0
subway_1호선_종로3가-신설동_2,SUBWAY,1호선,종로3가,신설동,6,2,30,1,0
subway_1호선_종로3가-신설동_2,SUBWAY,1호선,종로3가,신설동,6,3,30,1,0
subway_1호선_종로3가-신설동_2,SUBWAY,1호선,종로3가,신설동,6,4,30,1,0
subway_1호선_종각-동묘앞_2,SUBWAY,1호선,종각,동묘앞,6,0,30,1,0
subway_1호선_종각-동묘앞_2,SUBWAY,1호선,종각,동묘앞,6,1,30,1,0
subway_1호선_종각-동묘앞_2,SUBWAY,1호선,종각,동묘앞,6,2,30,1,0
subway_1호선_종각-동묘앞_2,SUBWAY,1호선,종각,동묘앞,6,3,30,1,0
subway_1호선_종각-동묘앞_2,SUBWAY,1호선,종각,동묘앞,6,4,30,1,0
subway_1호선_시청-종로5가_2,SUBWAY,1호선,시청,종로5가,6,0,60,1,0
subway_1호선_시청-종로5가_2,SUBWAY,1호선,시청,종로5가,6,1,60,1,0
subway_1호선_시청-종로5가_2,SUBWAY,1호선,시청,종로5가,6,2,60,1,0
subway_1호선_시청-종로5가_2,SUBWAY,1호선,시청,종로5가,6,3,60,1,0
subway_1호선_시청-종로5가_2,SUBWAY,1호선,시청,종로5가,6,4,60,1,0
subway_1호선_서울역-종로3가_2,SUBWAY,1호선,서울역,종로3가,6,0,30,1,0
subway_1호선_서울역-종로3가_2,SUBWAY,1호선,서울역,종로3가,6,1,30,1,0
subway_1호선_서울역-종로3가_2,SUBWAY,1호선,서울역,종로3가,6,2,30,1,0
subway_1호선_서울역-종로3가_2,SUBWAY,1호선,서울역,종로3가,6,3,30,1,0
subway_1호선_서울역-종로3가_2,SUBWAY,1호선,서울역,종로3가,6,4,30,1,0
subway_1호선_시청-서울역_2,SUBWAY,1호선,시청,서울역,7,0,116,16,1
subway_1호선_시청-서울역_2,SUBWAY,1호선,시청,서울역,7,1,116,16,1
subway_1호선_시청-서울역_2,SUBWAY,1호선,시청,서울역,7,2,116,16,1
subway_1호선_시청-서울역_2,SUBWAY,1호선,시청,서울역,7,3,116,16,1
subway_1호선_시청-서울역_2,SUBWAY,1호선,시청,서울역,7,4,116,16,1
subway_1호선_신설동-동묘앞_2,SUBWAY,1호선,신설동,동묘앞,8,0,90,16,1
subway_1호선_신설동-동묘앞_2,SUBWAY,1호선,신설동,동묘앞,8,1,90,16,1
subway_1호선_신설동-동묘앞_2,SUBWAY,1호선,신설동,동묘앞,8,2,90,16,1
subway_1호선_신설동-동묘앞_2,SUBWAY,1호선,신설동,동묘앞,8,3,90,16,1
subway_1호선_신설동-동묘앞_2,SUBWAY,1호선,신설동,동묘앞,8,4,90,16,1
subway_1호선_동묘앞-동대문_2,SUBWAY,1호선,동묘앞,동대문,8,0,90,17,1
subway_1호선_동묘앞-동대문_2,SUBWAY,1호선,동묘앞,동대문,8,1,90,17,1
subway_1호선_동묘앞-동대문_2,SUBWAY,1호선,동묘앞,동대문,8,2,90,17,1
subway_1호선_동묘앞-동대문_2,SUBWAY,1호선,동묘앞,동대문,8,3,90,17,1
subway_1호선_동묘앞-동대문_2,SUBWAY,1호선,동묘앞,동대문,8,4,90,17,1
subway_1호선_동대문-종로5가_2,SUBWAY,1호선,동대문,종로5가,8,0,90,16,1
subway_1호선_동대문-종로5가_2,SUBWAY,1호선,동대문,종로5가,8,1,90,16,1
subway_1호선_동대문-종로5가_2,SUBWAY,1호선,동대문,종로5가,8,2,90,16,1
subway_1호선_동대문-종로5가_2,SUBWAY,1호선,동대문,종로5가,8,3,90,16,1
subway_1호선_동대문-종로5가_2,SUBWAY,1호선,동대문,종로5가,8,4,90,16,1
subway_1호선_종로5가-종로3가_2,SUBWAY,1호선,종로5가,종로3가,8,0,90,17,1
subway_1호선_종로5가-종로3가_2,SUBWAY,1호선,종로5가,종로3가,8,1,90,17,1
subway_1호선_종로5가-종로3가_2,SUBWAY,1호선,종로5가,종로3가,8,2,90,17,1
subway_1호선_종로5가-종로3가_2,SUBWAY,1호선,종로5가,종로3가,8,3,90,17,1
subway_1호선_종로5가-종로3가_2,SUBWAY,1호선,종로5가,종로3가,8,4,90,17,1
subway_1호선_종로3가-종각_2,SUBWAY,1호선,종로3가,종각,8,0,90,17,1
subway_1호선_종로3가-종각_2,SUBWAY,1호선,종로3가,종각,8,1,90,17,1
subway_1호선_종로3가-종각_2,SUBWAY,1호선,종로3가,종각,8,2,90,17,1
subway_1호선_종로3가-종각_2,SUBWAY,1호선,종로3가,종각,8,3,90,17,1
subway_1호선_종로3가-종각_2,SUBWAY,1호선,종로3가,종각,8,4,90,17,1
subway_1호선_종각-시청_2,SUBWAY,1호선,종각,시청,8,0,120,17,1
subway_1호선_종각-시청_2,SUBWAY,1호선,종각,시청,8,1,120,17,1
subway_1호선_종각-시청_2,SUBWAY,1호선,종각,시청,8,2,120,17,1
subway_1호선_종각-시청_2,SUBWAY,1호선,종각,시청,8,3,120,17,1
subway_1호선_종각-시청_2,SUBWAY,1호선,종각,시청,8,4,120,17,1
subway_1호선_제기동-신설동_2,SUBWAY,1호선,제기동,신설동,20,0,90,13,1
subway_1호선_제기동-신설동_2,SUBWAY,1호선,제기동,신설동,20,1,90,13,1
subway_1호선_제기동-신설동_2,SUBWAY,1호선,제기동,신설동,20,2,90,13,1
subway_1호선_제기동-신설동_2,SUBWAY,1호선,제기동,신설동,20,3,90,13,1
subway_1호선_제기동-신설동_2,SUBWAY,1호선,제기동,신설동,20,4,90,13,1
subway_1호선_신설동-동묘앞_2,SUBWAY,1호선,신설동,동묘앞,20,0,90,13,1
subway_1호선_신설동-동묘앞_2,SUBWAY,1호선,신설동,동묘앞,20,1,90,13,1
subway_1호선_신설동-동묘앞_2,SUBWAY,1호선,신설동,동묘앞,20,2,90,13,1
subway_1호선_신설동-동묘앞_2,SUBWAY,1호선,신설동,동묘앞,20,3,90,13,1
subway_1호선_신설동-동묘앞_2,SUBWAY,1호선,신설동,동묘앞,20,4,90,13,1
subway_1호선_동묘앞-동대문_2,SUBWAY,1호선,동묘앞,동대문,20,0,90,13,1
subway_1호선_동묘앞-동대문_2,SUBWAY,1호선,동묘앞,동대문,20,1,90,13,1
subway_1호선_동묘앞-동대문_2,SUBWAY,1호선,동묘앞,동대문,20,2,90,13,1
subway_1호선_동묘앞-동대문_2,SUBWAY,1호선,동묘앞,동대문,20,3,90,13,1
subway_1호선_동묘앞-동대문_2,SUBWAY,1호선,동묘앞,동대문,20,4,90,13,1
subway_1호선_동대문-종로5가_2,SUBWAY,1호선,동대문,종로5가,20,0,90,13,1
subway_1호선_동대문-종로5가_2,SUBWAY,1호선,동대문,종로5가,20,1,90,13,1
subway_1호선_동대문-종로5가_2,SUBWAY,1호선,동대문,종로5가,20,2,90,13,1
subway_1호선_동대문-종로5가_2,SUBWAY,1호선,동대문,종로5가,20,3,90,13,1
subway_1호선_동대문-종로5가_2,SUBWAY,1호선,동대문,종로5가,20,4,90,13,1
subway_1호선_종로5가-종로3가_2,SUBWAY,1호선,종로5가,종로3가,20,0,90,13,1
subway_1호선_종로5가-종로3가_2,SUBWAY,1호선,종로5가,종로3가,20,1,90,13,1
subway_1호선_종로5가-종로3가_2,SUBWAY,1호선,종로5가,종로3가,20,2,90,13,1
subway_1호선_종로5가-종로3가_2,SUBWAY,1호선,종로5가,종로3가,20,3,90,13,1
subway_1호선_종로5가-종로3가_2,SUBWAY,1호선,종로5가,종로3가,20,4,90,13,1
subway_1호선_종로3가-종각_2,SUBWAY,1호선,종로3가,종각,20,0,90,13,1
subway_1호선_종로3가-종각_2,SUBWAY,1호선,종로3가,종각,20,1,90,13,1
subway_1호선_종로3가-종각_2,SUBWAY,1호선,종로3가,종각,20,2,90,13,1
subway_1호선_종로3가-종각_2,SUBWAY,1호선,종로3가,종각,20,3,90,13,1
subway_1호선_종로3가-종각_2,SUBWAY,1호선,종로3가,종각,20,4,90,13,1
subway_1호선_종각-시청_2,SUBWAY,1호선,종각,시청,20,0,120,14,1
subway_1호선_종각-시청_2,SUBWAY,1호선,종각,시청,20,1,120,14,1
subway_1호선_종각-시청_2,SUBWAY,1호선,종각,시청,20,2,120,14,1
subway_1호선_종각-시청_2,SUBWAY,1호선,종각,시청,20,3,120,14,1
subway_1호선_종각-시청_2,SUBWAY,1호선,종각,시청,20,4,120,14,1
subway_1호선_시청-서울역_2,SUBWAY,1호선,시청,서울역,20,0,120,13,1
subway_1호선_시청-서울역_2,SUBWAY,1호선,시청,서울역,20,1,120,13,1
subway_1호선_시청-서울역_2,SUBWAY,1호선,시청,서울역,20,2,120,13,1
subway_1호선_시청-서울역_2,SUBWAY,1호선,시청,서울역,20,3,120,13,1
subway_1호선_시청-서울역_2,SUBWAY,1호선,시청,서울역,20,4,120,13,1
subway_1호선_청량리-제기동_2,SUBWAY,1호선,청량리,제기동,9,0,90,12,1
subway_1호선_청량리-제기동_2,SUBWAY,1호선,청량리,제기동,9,1,90,12,1
subway_1호선_청량리-제기동_2,SUBWAY,1호선,청량리,제기동,9,2,90,12,1
subway_1호선_청량리-제기동_2,SUBWAY,1호선,청량리,제기동,9,3,90,12,1
subway_1호선_청량리-제기동_2,SUBWAY,1호선,청량리,제기동,9,4,90,12,1
subway_1호선_제기동-신설동_2,SUBWAY,1호선,제기동,신설동,9,0,90,12,1
subway_1호선_제기동-신설동_2,SUBWAY,1호선,제기동,신설동,9,1,90,12,1
subway_1호선_제기동-신설동_2,SUBWAY,1호선,제기동,신설동,9,2,90,12,1
subway_1호선_제기동-신설동_2,SUBWAY,1호선,제기동,신설동,9,3,90,12,1
subway_1호선_제기동-신설동_2,SUBWAY,1호선,제기동,신설동,9,4,90,12,1
subway_1호선_청량리-제기동_2,SUBWAY,1호선,청량리,제기동,10,0,90,12,1
subway_1호선_청량리-제기동_2,SUBWAY,1호선,청량리,제기동,10,1,90,12,1
subway_1호선_청량리-제기동_2,SUBWAY,1호선,청량리,제기동,10,2,90,12,1
subway_1호선_청량리-제기동_2,SUBWAY,1호선,청량리,제기동,10,3,90,12,1
subway_1호선_청량리-제기동_2,SUBWAY,1호선,청량리,제기동,10,4,90,12,1
subway_1호선_제기동-신설동_2,SUBWAY,1호선,제기동,신설동,10,0,90,12,1
subway_1호선_제기동-신설동_2,SUBWAY,1호선,제기동,신설동,10,1,90,12,1
subway_1호선_제기동-신설동_2,SUBWAY,1호선,제기동,신설동,10,2,90,12,1
subway_1호선_제기동-신설동_2,SUBWAY,1호선,제기동,신설동,10,3,90,12,1
subway_1호선_제기동-신설동_2,SUBWAY,1호선,제기동,신설동,10,4,90,12,1
subway_1호선_신설동-동묘앞_2,SUBWAY,1호선,신설동,동묘앞,10,0,90,12,1
subway_1호선_신설동-동묘앞_2,SUBWAY,1호선,신설동,동묘앞,10,1,90,12,1
subway_1호선_신설동-동묘앞_2,SUBWAY,1호선,신설동,동묘앞,10,2,90,12,1
subway_1호선_신설동-동묘앞_2,SUBWAY,1호선,신설동,동묘앞,10,3,90,12,1
subway_1호선_신설동-동묘앞_2,SUBWAY,1호선,신설동,동묘앞,10,4,90,12,1
subway_1호선_동묘앞-동대문_2,SUBWAY,1호선,동묘앞,동대문,10,0,90,12,1
subway_1호선_동묘앞-동대문_2,SUBWAY,1호선,동묘앞,동대문,10,1,90,12,1
subway_1호선_동묘앞-동대문_2,SUBWAY,1호선,동묘앞,동대문,10,2,90,12,1
subway_1호선_동묘앞-동대문_2,SUBWAY,1호선,동묘앞,동대문,10,3,90,12,1
subway_1호선_동묘앞-동대문_2,SUBWAY,1호선,동묘앞,동대문,10,4,90,12,1
subway_1호선_동대문-종로5가_2,SUBWAY,1호선,동대문,종로5가,10,0,90,12,1
subway_1호선_동대문-종로5가_2,SUBWAY,1호선,동대문,종로5가,10,1,90,12,1
subway_1호선_동대문-종로5가_2,SUBWAY,1호선,동대문,종로5가,10,2,90,12,1
subway_1호선_동대문-종로5가_2,SUBWAY,1호선,동대문,종로5가,10,3,90,12,1
subway_1호선_동대문-종로5가_2,SUBWAY,1호선,동대문,종로5가,10,4,90,12,1
subway_1호선_종로5가-종로3가_2,SUBWAY,1호선,종로5가,종로3가,10,0,90,12,1
subway_1호선_종로5가-종로3가_2,SUBWAY,1호선,종로5가,종로3가,10,1,90,12,1
subway_1호선_종로5가-종로3가_2,SUBWAY,1호선,종로5가,종로3가,10,2,90,12,1
subway_1호선_종로5가-종로3가_2,SUBWAY,1호선,종로5가,종로3가,10,3,90,12,1
subway_1호선_종로5가-종로3가_2,SUBWAY,1호선,종로5가,종로3가,10,4,90,12,1
subway_1호선_종로3가-종각_2,SUBWAY,1호선,종로3가,종각,10,0,90,12,1
subway_1호선_종로3가-종각_2,SUBWAY,1호선,종로3가,종각,10,1,90,12,1
subway_1호선_종로3가-종각_2,SUBWAY,1호선,종로3가,종각,10,2,90,12,1
subway_1호선_종로3가-종각_2,SUBWAY,1호선,종로3가,종각,10,3,90,12,1
subway_1호선_종로3가-종각_2,SUBWAY,1호선,종로3가,종각,10,4,90,12,1
subway_1호선_종각-시청_2,SUBWAY,1호선,종각,시청,10,0,120,13,1
subway_1호선_종각-시청_2,SUBWAY,1호선,종각,시청,10,1,120,13,1
subway_1호선_종각-시청_2,SUBWAY,1호선,종각,시청,10,2,120,13,1
subway_1호선_종각-시청_2,SUBWAY,1호선,종각,시청,10,3,120,13,1
subway_1호선_종각-시청_2,SUBWAY,1호선,종각,시청,10,4,120,13,1
subway_1호선_시청-서울역_2,SUBWAY,1호선,시청,서울역,10,0,120,12,1
subway_1호선_시청-서울역_2,SUBWAY,1호선,시청,서울역,10,1,120,12,1
subway_1호선_시청-서울역_2,SUBWAY,1호선,시청,서울역,10,2,120,12,1
subway_1호선_시청-서울역_2,SUBWAY,1호선,시청,서울역,10,3,120,12,1
subway_1호선_시청-서울역_2,SUBWAY,1호선,시청,서울역,10,4,120,12,1
subway_1호선_종로3가-청량리_2,SUBWAY,1호선,종로3가,청량리,12,0,120,1,0
subway_1호선_종로3가-청량리_2,SUBWAY,1호선,종로3가,청량리,12,1,120,1,0
subway_1호선_종로3가-청량리_2,SUBWAY,1호선,종로3가,청량리,12,2,120,1,0
subway_1호선_종로3가-청량리_2,SUBWAY,1호선,종로3가,청량리,12,3,120,1,0
subway_1호선_종로3가-청량리_2,SUBWAY,1호선,종로3가,청량리,12,4,120,1,0
subway_1호선_종각-제기동_2,SUBWAY,1호선,종각,제기동,12,0,90,1,0
subway_1호선_종각-제기동_2,SUBWAY,1호선,종각,제기동,12,1,90,1,0
subway_1호선_종각-제기동_2,SUBWAY,1호선,종각,제기동,12,2,90,1,0
subway_1호선_종각-제기동_2,SUBWAY,1호선,종각,제기동,12,3,90,1,0
subway_1호선_종각-제기동_2,SUBWAY,1호선,종각,제기동,12,4,90,1,0
subway_1호선_시청-신설동_2,SUBWAY,1호선,시청,신설동,12,0,60,1,0
subway_1호선_시청-신설동_2,SUBWAY,1호선,시청,신설동,12,1,60,1,0
subway_1호선_시청-신설동_2,SUBWAY,1호선,시청,신설동,12,2,60,1,0
subway_1호선_시청-신설동_2,SUBWAY,1호선,시청,신설동,12,3,60,1,0
subway_1호선_시청-신설동_2,SUBWAY,1호선,시청,신설동,12,4,60,1,0
subway_1호선_신설동-서울역_2,SUBWAY,1호선,신설동,서울역,12,0,30,1,0
subway_1호선_신설동-서울역_2,SUBWAY,1호선,신설동,서울역,12,1,30,1,0
subway_1호선_신설동-서울역_2,SUBWAY,1호선,신설동,서울역,12,2,30,1,0
subway_1호선_신설동-서울역_2,SUBWAY,1호선,신설동,서울역,12,3,30,1,0
subway_1호선_신설동-서울역_2,SUBWAY,1호선,신설동,서울역,12,4,30,1,0
subway_1호선_서울역-동묘앞_2,SUBWAY,1호선,서울역,동묘앞,12,0,30,1,0
subway_1호선_서울역-동묘앞_2,SUBWAY,1호선,서울역,동묘앞,12,1,30,1,0
subway_1호선_서울역-동묘앞_2,SUBWAY,1호선,서울역,동묘앞,12,2,30,1,0
subway_1호선_서울역-동묘앞_2,SUBWAY,1호선,서울역,동묘앞,12,3,30,1,0
subway_1호선_서울역-동묘앞_2,SUBWAY,1호선,서울역,동묘앞,12,4,30,1,0
subway_1호선_청량리-제기동_2,SUBWAY,1호선,청량리,제기동,20,0,90,13,1
subway_1호선_청량리-제기동_2,SUBWAY,1호선,청량리,제기동,20,1,90,13,1
subway_1호선_청량리-제기동_2,SUBWAY,1호선,청량리,제기동,20,2,90,13,1
subway_1호선_청량리-제기동_2,SUBWAY,1호선,청량리,제기동,20,3,90,13,1
subway_1호선_청량리-제기동_2,SUBWAY,1호선,청량리,제기동,20,4,90,13,1
subway_1호선_청량리-청량리_2,SUBWAY,1호선,청량리,청량리,15,0,60,1,0
subway_1호선_청량리-청량리_2,SUBWAY,1호선,청량리,청량리,15,1,60,1,0
subway_1호선_청량리-청량리_2,SUBWAY,1호선,청량리,청량리,15,2,60,1,0
subway_1호선_청량리-청량리_2,SUBWAY,1호선,청량리,청량리,15,3,60,1,0
subway_1호선_청량리-청량리_2,SUBWAY,1호선,청량리,청량리,15,4,60,1,0
subway_1호선_제기동-제기동_2,SUBWAY,1호선,제기동,제기동,16,0,30,3,0
subway_1호선_제기동-제기동_2,SUBWAY,1호선,제기동,제기동,16,1,30,3,0
subway_1호선_제기동-제기동_2,SUBWAY,1호선,제기동,제기동,16,2,30,3,0
subway_1호선_제기동-제기동_2,SUBWAY,1호선,제기동,제기동,16,3,30,3,0
subway_1호선_제기동-제기동_2,SUBWAY,1호선,제기동,제기동,16,4,30,3,0
subway_1호선_신설동-신설동_2,SUBWAY,1호선,신설동,신설동,16,0,30,2,0
subway_1호선_신설동-신설동_2,SUBWAY,1호선,신설동,신설동,16,1,30,2,0
subway_1호선_신설동-신설동_2,SUBWAY,1호선,신설동,신설동,16,2,30,2,0
subway_1호선_신설동-신설동_2,SUBWAY,1호선,신설동,신설동,16,3,30,2,0
subway_1호선_신설동-신설동_2,SUBWAY,1호선,신설동,신설동,16,4,30,2,0
subway_1호선_동묘앞-동묘앞_2,SUBWAY,1호선,동묘앞,동묘앞,16,0,30,2,0
subway_1호선_동묘앞-동묘앞_2,SUBWAY,1호선,동묘앞,동묘앞,16,1,30,2,0
subway_1호선_동묘앞-동묘앞_2,SUBWAY,1호선,동묘앞,동묘앞,16,2,30,2,0
subway_1호선_동묘앞-동묘앞_2,SUBWAY,1호선,동묘앞,동묘앞,16,3,30,2,0
subway_1호선_동묘앞-동묘앞_2,SUBWAY,1호선,동묘앞,동묘앞,16,4,30,2,0
subway_1호선_동대문-동대문_2,SUBWAY,1호선,동대문,동대문,16,0,30,2,0
subway_1호선_동대문-동대문_2,SUBWAY,1호선,동대문,동대문,16,1,30,2,0
subway_1호선_동대문-동대문_2,SUBWAY,1호선,동대문,동대문,16,2,30,2,0
subway_1호선_동대문-동대문_2,SUBWAY,1호선,동대문,동대문,16,3,30,2,0
subway_1호선_동대문-동대문_2,SUBWAY,1호선,동대문,동대문,16,4,30,2,0
subway_1호선_종로5가-종로5가_2,SUBWAY,1호선,종로5가,종로5가,16,0,30,2,0
subway_1호선_종로5가-종로5가_2,SUBWAY,1호선,종로5가,종로5가,16,1,30,2,0
subway_1호선_종로5가-종로5가_2,SUBWAY,1호선,종로5가,종로5가,16,2,30,2,0
subway_1호선_종로5가-종로5가_2,SUBWAY,1호선,종로5가,종로5가,16,3,30,2,0
subway_1호선_종로5가-종로5가_2,SUBWAY,1호선,종로5가,종로5가,16,4,30,2,0
subway_1호선_종로3가-종로3가_2,SUBWAY,1호선,종로3가,종로3가,16,0,30,2,0
subway_1호선_종로3가-종로3가_2,SUBWAY,1호선,종로3가,종로3가,16,1,30,2,0
subway_1호선_종로3가-종로3가_2,SUBWAY,1호선,종로3가,종로3가,16,2,30,2,0
subway_1호선_종로3가-종로3가_2,SUBWAY,1호선,종로3가,종로3가,16,3,30,2,0
subway_1호선_종로3가-종로3가_2,SUBWAY,1호선,종로3가,종로3가,16,4,30,2,0
subway_1호선_종각-종각_2,SUBWAY,1호선,종각,종각,16,0,30,2,0
subway_1호선_종각-종각_2,SUBWAY,1호선,종각,종각,16,1,30,2,0
subway_1호선_종각-종각_2,SUBWAY,1호선,종각,종각,16,2,30,2,0
subway_1호선_종각-종각_2,SUBWAY,1호선,종각,종각,16,3,30,2,0
subway_1호선_종각-종각_2,SUBWAY,1호선,종각,종각,16,4,30,2,0
subway_1호선_시청-시청_2,SUBWAY,1호선,시청,시청,16,0,30,2,0
subway_1호선_시청-시청_2,SUBWAY,1호선,시청,시청,16,1,30,2,0
subway_1호선_시청-시청_2,SUBWAY,1호선,시청,시청,16,2,30,2,0
subway_1호선_시청-시청_2,SUBWAY,1호선,시청,시청,16,3,30,2,0
subway_1호선_시청-시청_2,SUBWAY,1호선,시청,시청,16,4,30,2,0
subway_1호선_서울역-서울역_2,SUBWAY,1호선,서울역,서울역,16,0,30,2,0
subway_1호선_서울역-서울역_2,SUBWAY,1호선,서울역,서울역,16,1,30,2,0
subway_1호선_서울역-서울역_2,SUBWAY,1호선,서울역,서울역,16,2,30,2,0
subway_1호선_서울역-서울역_2,SUBWAY,1호선,서울역,서울역,16,3,30,2,0
subway_1호선_서울역-서울역_2,SUBWAY,1호선,서울역,서울역,16,4,30,2,0
subway_1호선_청량리-청량리_2,SUBWAY,1호선,청량리,청량리,16,0,60,2,0
subway_1호선_청량리-청량리_2,SUBWAY,1호선,청량리,청량리,16,1,60,2,0
subway_1호선_청량리-청량리_2,SUBWAY,1호선,청량리,청량리,16,2,60,2,0
subway_1호선_청량리-청량리_2,SUBWAY,1호선,청량리,청량리,16,3,60,2,0
subway_1호선_청량리-청량리_2,SUBWAY,1호선,청량리,청량리,16,4,60,2,0
subway_1호선_신설동-신설동_2,SUBWAY,1호선,신설동,신설동,17,0,30,1,0
subway_1호선_신설동-신설동_2,SUBWAY,1호선,신설동,신설동,17,1,30,1,0
subway_1호선_신설동-신설동_2,SUBWAY,1호선,신설동,신설동,17,2,30,1,0
subway_1호선_신설동-신설동_2,SUBWAY,1호선,신설동,신설동,17,3,30,1,0
subway_1호선_신설동-신설동_2,SUBWAY,1호선,신설동,신설동,17,4,30,1,0
subway_1호선_동묘앞-동묘앞_2,SUBWAY,1호선,동묘앞,동묘앞,17,0,30,1,0
subway_1호선_동묘앞-동묘앞_2,SUBWAY,1호선,동묘앞,동묘앞,17,1,30,1,0
subway_1호선_동묘앞-동묘앞_2,SUBWAY,1호선,동묘앞,동묘앞,17,2,30,1,0
subway_1호선_동묘앞-동묘앞_2,SUBWAY,1호선,동묘앞,동묘앞,17,3,30,1,0
subway_1호선_동묘앞-동묘앞_2,SUBWAY,1호선,동묘앞,동묘앞,17,4,30,1,0
subway_1호선_동대문-동대문_2,SUBWAY,1호선,동대문,동대문,17,0,30,1,0
subway_1호선_동대문-동대문_2,SUBWAY,1호선,동대문,동대문,17,1,30,1,0
subway_1호선_동대문-동대문_2,SUBWAY,1호선,동대문,동대문,17,2,30,1,0
subway_1호선_동대문-동대문_2,SUBWAY,1호선,동대문,동대문,17,3,30,1,0
subway_1호선_동대문-동대문_2,SUBWAY,1호선,동대문,동대문,17,4,30,1,0
subway_1호선_종로5가-종로5가_2,SUBWAY,1호선,종로5가,종로5가,17,0,30,1,0
subway_1호선_종로5가-종로5가_2,SUBWAY,1호선,종로5가,종로5가,17,1,30,1,0
subway_1호선_종로5가-종로5가_2,SUBWAY,1호선,종로5가,종로5가,17,2,30,1,0
subway_1호선_종로5가-종로5가_2,SUBWAY,1호선,종로5가,종로5가,17,3,30,1,0
subway_1호선_종로5가-종로5가_2,SUBWAY,1호선,종로5가,종로5가,17,4,30,1,0
subway_1호선_종로3가-종로3가_2,SUBWAY,1호선,종로3가,종로3가,17,0,30,1,0
subway_1호선_종로3가-종로3가_2,SUBWAY,1호선,종로3가,종로3가,17,1,30,1,0
subway_1호선_종로3가-종로3가_2,SUBWAY,1호선,종로3가,종로3가,17,2,30,1,0
subway_1호선_종로3가-종로3가_2,SUBWAY,1호선,종로3가,종로3가,17,3,30,1,0
subway_1호선_종로3가-종로3가_2,SUBWAY,1호선,종로3가,종로3가,17,4,30,1,0
subway_1호선_종각-종각_2,SUBWAY,1호선,종각,종각,17,0,30,1,0
subway_1호선_종각-종각_2,SUBWAY,1호선,종각,종각,17,1,30,1,0
subway_1호선_종각-종각_2,SUBWAY,1호선,종각,종각,17,2,30,1,0
subway_1호선_종각-종각_2,SUBWAY,1호선,종각,종각,17,3,30,1,0
subway_1호선_종각-종각_2,SUBWAY,1호선,종각,종각,17,4,30,1,0
subway_1호선_시청-시청_2,SUBWAY,1호선,시청,시청,17,0,30,1,0
subway_1호선_시청-시청_2,SUBWAY,1호선,시청,시청,17,1,30,1,0
subway_1호선_시청-시청_2,SUBWAY,1호선,시청,시청,17,2,30,1,0
subway_1호선_시청-시청_2,SUBWAY,1호선,시청,시청,17,3,30,1,0
subway_1호선_시청-시청_2,SUBWAY,1호선,시청,시청,17,4,30,1,0
subway_1호선_서울역-서울역_2,SUBWAY,1호선,서울역,서울역,17,0,30,1,0
subway_1호선_서울역-서울역_2,SUBWAY,1호선,서울역,서울역,17,1,30,1,0
subway_1호선_서울역-서울역_2,SUBWAY,1호선,서울역,서울역,17,2,30,1,0
subway_1호선_서울역-서울역_2,SUBWAY,1호선,서울역,서울역,17,3,30,1,0
subway_1호선_서울역-서울역_2,SUBWAY,1호선,서울역,서울역,17,4,30,1,0
subway_1호선_시청-서울역_2,SUBWAY,1호선,시청,서울역,21,0,120,12,1
subway_1호선_시청-서울역_2,SUBWAY,1호선,시청,서울역,21,1,120,12,1
subway_1호선_시청-서울역_2,SUBWAY,1호선,시청,서울역,21,2,120,12,1
subway_1호선_시청-서울역_2,SUBWAY,1호선,시청,서울역,21,3,120,12,1
subway_1호선_시청-서울역_2,SUBWAY,1호선,시청,서울역,21,4,120,12,1
subway_1호선_동묘앞-동대문_2,SUBWAY,1호선,동묘앞,동대문,21,0,90,12,1
subway_1호선_동묘앞-동대문_2,SUBWAY,1호선,동묘앞,동대문,21,1,90,12,1
subway_1호선_동묘앞-동대문_2,SUBWAY,1호선,동묘앞,동대문,21,2,90,12,1
subway_1호선_동묘앞-동대문_2,SUBWAY,1호선,동묘앞,동대문,21,3,90,12,1
subway_1호선_동묘앞-동대문_2,SUBWAY,1호선,동묘앞,동대문,21,4,90,12,1
subway_1호선_동대문-종로5가_2,SUBWAY,1호선,동대문,종로5가,21,0,90,12,1
subway_1호선_동대문-종로5가_2,SUBWAY,1호선,동대문,종로5가,21,1,90,12,1
subway_1호선_동대문-종로5가_2,SUBWAY,1호선,동대문,종로5가,21,2,90,12,1
subway_1호선_동대문-종로5가_2,SUBWAY,1호선,동대문,종로5가,21,3,90,12,1
subway_1호선_동대문-종로5가_2,SUBWAY,1호선,동대문,종로5가,21,4,90,12,1
subway_1호선_종로5가-종로3가_2,SUBWAY,1호선,종로5가,종로3가,21,0,90,13,1
subway_1호선_종로5가-종로3가_2,SUBWAY,1호선,종로5가,종로3가,21,1,90,13,1
subway_1호선_종로5가-종로3가_2,SUBWAY,1호선,종로5가,종로3가,21,2,90,13,1
subway_1호선_종로5가-종로3가_2,SUBWAY,1호선,종로5가,종로3가,21,3,90,13,1
subway_1호선_종로5가-종로3가_2,SUBWAY,1호선,종로5가,종로3가,21,4,90,13,1
subway_1호선_종로3가-종각_2,SUBWAY,1호선,종로3가,종각,21,0,90,12,1
subway_1호선_종로3가-종각_2,SUBWAY,1호선,종로3가,종각,21,1,90,12,1
subway_1호선_종로3가-종각_2,SUBWAY,1호선,종로3가,종각,21,2,90,12,1
subway_1호선_종로3가-종각_2,SUBWAY,1호선,종로3가,종각,21,3,90,12,1
subway_1호선_종로3가-종각_2,SUBWAY,1호선,종로3가,종각,21,4,90,12,1
subway_1호선_종각-시청_2,SUBWAY,1호선,종각,시청,21,0,120,12,1
subway_1호선_종각-시청_2,SUBWAY,1호선,종각,시청,21,1,120,12,1
subway_1호선_종각-시청_2,SUBWAY,1호선,종각,시청,21,2,120,12,1
subway_1호선_종각-시청_2,SUBWAY,1호선,종각,시청,21,3,120,12,1
subway_1호선_종각-시청_2,SUBWAY,1호선,종각,시청,21,4,120,12,1
subway_1호선_청량리-제기동_2,SUBWAY,1호선,청량리,제기동,21,0,90,11,1
subway_1호선_청량리-제기동_2,SUBWAY,1호선,청량리,제기동,21,1,90,11,1
subway_1호선_청량리-제기동_2,SUBWAY,1호선,청량리,제기동,21,2,90,11,1
subway_1호선_청량리-제기동_2,SUBWAY,1호선,청량리,제기동,21,3,90,11,1
subway_1호선_청량리-제기동_2,SUBWAY,1호선,청량리,제기동,21,4,90,11,1
subway_1호선_제기동-신설동_2,SUBWAY,1호선,제기동,신설동,21,0,90,12,1
subway_1호선_제기동-신설동_2,SUBWAY,1호선,제기동,신설동,21,1,90,12,1
subway_1호선_제기동-신설동_2,SUBWAY,1호선,제기동,신설동,21,2,90,12,1
subway_1호선_제기동-신설동_2,SUBWAY,1호선,제기동,신설동,21,3,90,12,1
subway_1호선_제기동-신설동_2,SUBWAY,1호선,제기동,신설동,21,4,90,12,1
subway_1호선_신설동-동묘앞_2,SUBWAY,1호선,신설동,동묘앞,21,0,90,12,1
subway_1호선_신설동-동묘앞_2,SUBWAY,1호선,신설동,동묘앞,21,1,90,12,1
subway_1호선_신설동-동묘앞_2,SUBWAY,1호선,신설동,동묘앞,21,2,90,12,1
subway_1호선_신설동-동묘앞_2,SUBWAY,1호선,신설동,동묘앞,21,3,90,12,1
subway_1호선_신설동-동묘앞_2,SUBWAY,1호선,신설동,동묘앞,21,4,90,12,1
subway_1호선_시청-서울역_2,SUBWAY,1호선,시청,서울역,22,0,120,11,1
subway_1호선_시청-서울역_2,SUBWAY,1호선,시청,서울역,22,1,120,11,1
subway_1호선_시청-서울역_2,SUBWAY,1호선,시청,서울역,22,2,120,11,1
subway_1호선_시청-서울역_2,SUBWAY,1호선,시청,서울역,22,3,120,11,1
subway_1호선_시청-서울역_2,SUBWAY,1호선,시청,서울역,22,4,120,11,1
subway_1호선_동묘앞-동대문_2,SUBWAY,1호선,동묘앞,동대문,22,0,90,12,1
subway_1호선_동묘앞-동대문_2,SUBWAY,1호선,동묘앞,동대문,22,1,90,12,1
subway_1호선_동묘앞-동대문_2,SUBWAY,1호선,동묘앞,동대문,22,2,90,12,1
subway_1호선_동묘앞-동대문_2,SUBWAY,1호선,동묘앞,동대문,22,3,90,12,1
subway_1호선_동묘앞-동대문_2,SUBWAY,1호선,동묘앞,동대문,22,4,90,12,1
subway_1호선_동대문-종로5가_2,SUBWAY,1호선,동대문,종로5가,22,0,90,11,1
subway_1호선_동대문-종로5가_2,SUBWAY,1호선,동대문,종로5가,22,1,90,11,1
subway_1호선_동대문-종로5가_2,SUBWAY,1호선,동대문,종로5가,22,2,90,11,1
subway_1호선_동대문-종로5가_2,SUBWAY,1호선,동대문,종로5가,22,3,90,11,1
subway_1호선_동대문-종로5가_2,SUBWAY,1호선,동대문,종로5가,22,4,90,11,1
subway_1호선_종로5가-종로3가_2,SUBWAY,1호선,종로5가,종로3가,22,0,90,11,1
subway_1호선_종로5가-종로3가_2,SUBWAY,1호선,종로5가,종로3가,22,1,90,11,1
subway_1호선_종로5가-종로3가_2,SUBWAY,1호선,종로5가,종로3가,22,2,90,11,1
subway_1호선_종로5가-종로3가_2,SUBWAY,1호선,종로5가,종로3가,22,3,90,11,1
subway_1호선_종로5가-종로3가_2,SUBWAY,1호선,종로5가,종로3가,22,4,90,11,1
subway_1호선_종로3가-종각_2,SUBWAY,1호선,종로3가,종각,22,0,90,11,1
subway_1호선_종로3가-종각_2,SUBWAY,1호선,종로3가,종각,22,1,90,11,1
subway_1호선_종로3가-종각_2,SUBWAY,1호선,종로3가,종각,22,2,90,11,1
subway_1호선_종로3가-종각_2,SUBWAY,1호선,종로3가,종각,22,3,90,11,1
subway_1호선_종로3가-종각_2,SUBWAY,1호선,종로3가,종각,22,4,90,11,1
subway_1호선_종각-시청_2,SUBWAY,1호선,종각,시청,22,0,120,11,1
subway_1호선_종각-시청_2,SUBWAY,1호선,종각,시청,22,1,120,11,1
subway_1호선_종각-시청_2,SUBWAY,1호선,종각,시청,22,2,120,11,1
subway_1호선_종각-시청_2,SUBWAY,1호선,종각,시청,22,3,120,11,1
subway_1호선_종각-시청_2,SUBWAY,1호선,종각,시청,22,4,120,11,1
subway_1호선_청량리-제기동_2,SUBWAY,1호선,청량리,제기동,22,0,90,12,1
subway_1호선_청량리-제기동_2,SUBWAY,1호선,청량리,제기동,22,1,90,12,1
subway_1호선_청량리-제기동_2,SUBWAY,1호선,청량리,제기동,22,2,90,12,1
subway_1호선_청량리-제기동_2,SUBWAY,1호선,청량리,제기동,22,3,90,12,1
subway_1호선_청량리-제기동_2,SUBWAY,1호선,청량리,제기동,22,4,90,12,1
subway_1호선_제기동-신설동_2,SUBWAY,1호선,제기동,신설동,22,0,90,11,1
subway_1호선_제기동-신설동_2,SUBWAY,1호선,제기동,신설동,22,1,90,11,1
subway_1호선_제기동-신설동_2,SUBWAY,1호선,제기동,신설동,22,2,90,11,1
subway_1호선_제기동-신설동_2,SUBWAY,1호선,제기동,신설동,22,3,90,11,1
subway_1호선_제기동-신설동_2,SUBWAY,1호선,제기동,신설동,22,4,90,11,1
subway_1호선_신설동-동묘앞_2,SUBWAY,1호선,신설동,동묘앞,22,0,90,11,1
subway_1호선_신설동-동묘앞_2,SUBWAY,1호선,신설동,동묘앞,22,1,90,11,1
subway_1호선_신설동-동묘앞_2,SUBWAY,1호선,신설동,동묘앞,22,2,90,11,1
subway_1호선_신설동-동묘앞_2,SUBWAY,1호선,신설동,동묘앞,22,3,90,11,1
subway_1호선_신설동-동묘앞_2,SUBWAY,1호선,신설동,동묘앞,22,4,90,11,1
subway_1호선_동대문-종로5가_2,SUBWAY,1호선,동대문,종로5가,23,0,90,8,1
subway_1호선_동대문-종로5가_2,SUBWAY,1호선,동대문,종로5가,23,1,90,8,1
subway_1호선_동대문-종로5가_2,SUBWAY,1호선,동대문,종로5가,23,2,90,8,1
subway_1호선_동대문-종로5가_2,SUBWAY,1호선,동대문,종로5가,23,3,90,8,1
subway_1호선_동대문-종로5가_2,SUBWAY,1호선,동대문,종로5가,23,4,90,8,1
subway_1호선_종로5가-종로3가_2,SUBWAY,1호선,종로5가,종로3가,23,0,90,8,1
subway_1호선_종로5가-종로3가_2,SUBWAY,1호선,종로5가,종로3가,23,1,90,8,1
subway_1호선_종로5가-종로3가_2,SUBWAY,1호선,종로5가,종로3가,23,2,90,8,1
subway_1호선_종로5가-종로3가_2,SUBWAY,1호선,종로5가,종로3가,23,3,90,8,1
subway_1호선_종로5가-종로3가_2,SUBWAY,1호선,종로5가,종로3가,23,4,90,8,1
subway_1호선_종로3가-종각_2,SUBWAY,1호선,종로3가,종각,23,0,90,9,1
subway_1호선_종로3가-종각_2,SUBWAY,1호선,종로3가,종각,23,1,90,9,1
subway_1호선_종로3가-종각_2,SUBWAY,1호선,종로3가,종각,23,2,90,9,1
subway_1호선_종로3가-종각_2,SUBWAY,1호선,종로3가,종각,23,3,90,9,1
subway_1호선_종로3가-종각_2,SUBWAY,1호선,종로3가,종각,23,4,90,9,1
subway_1호선_종각-시청_2,SUBWAY,1호선,종각,시청,23,0,120,8,1
subway_1호선_종각-시청_2,SUBWAY,1호선,종각,시청,23,1,120,8,1
subway_1호선_종각-시청_2,SUBWAY,1호선,종각,시청,23,2,120,8,1
subway_1호선_종각-시청_2,SUBWAY,1호선,종각,시청,23,3,120,8,1
subway_1호선_종각-시청_2,SUBWAY,1호선,종각,시청,23,4,120,8,1
subway_1호선_시청-서울역_2,SUBWAY,1호선,시청,서울역,23,0,120,8,1
subway_1호선_시청-서울역_2,SUBWAY,1호선,시청,서울역,23,1,120,8,1
subway_1호선_시청-서울역_2,SUBWAY,1호선,시청,서울역,23,2,120,8,1
subway_1호선_시청-서울역_2,SUBWAY,1호선,시청,서울역,23,3,120,8,1
subway_1호선_시청-서울역_2,SUBWAY,1호선,시청,서울역,23,4,120,8,1
subway_1호선_청량리-제기동_2,SUBWAY,1호선,청량리,제기동,23,0,90,7,1
subway_1호선_청량리-제기동_2,SUBWAY,1호선,청량리,제기동,23,1,90,7,1
subway_1호선_청량리-제기동_2,SUBWAY,1호선,청량리,제기동,23,2,90,7,1
subway_1호선_청량리-제기동_2,SUBWAY,1호선,청량리,제기동,23,3,90,7,1
subway_1호선_청량리-제기동_2,SUBWAY,1호선,청량리,제기동,23,4,90,7,1
subway_1호선_제기동-신설동_2,SUBWAY,1호선,제기동,신설동,23,0,90,8,1
subway_1호선_제기동-신설동_2,SUBWAY,1호선,제기동,신설동,23,1,90,8,1
subway_1호선_제기동-신설동_2,SUBWAY,1호선,제기동,신설동,23,2,90,8,1
subway_1호선_제기동-신설동_2,SUBWAY,1호선,제기동,신설동,23,3,90,8,1
subway_1호선_제기동-신설동_2,SUBWAY,1호선,제기동,신설동,23,4,90,8,1
subway_1호선_신설동-동묘앞_2,SUBWAY,1호선,신설동,동묘앞,23,0,90,8,1
subway_1호선_신설동-동묘앞_2,SUBWAY,1호선,신설동,동묘앞,23,1,90,8,1
subway_1호선_신설동-동묘앞_2,SUBWAY,1호선,신설동,동묘앞,23,2,90,8,1
subway_1호선_신설동-동묘앞_2,SUBWAY,1호선,신설동,동묘앞,23,3,90,8,1
subway_1호선_신설동-동묘앞_2,SUBWAY,1호선,신설동,동묘앞,23,4,90,8,1
subway_1호선_동묘앞-동대문_2,SUBWAY,1호선,동묘앞,동대문,23,0,90,7,1
subway_1호선_동묘앞-동대문_2,SUBWAY,1호선,동묘앞,동대문,23,1,90,7,1
subway_1호선_동묘앞-동대문_2,SUBWAY,1호선,동묘앞,동대문,23,2,90,7,1
subway_1호선_동묘앞-동대문_2,SUBWAY,1호선,동묘앞,동대문,23,3,90,7,1
subway_1호선_동묘앞-동대문_2,SUBWAY,1호선,동묘앞,동대문,23,4,90,7,1
subway_1호선_동묘앞-청량리_2,SUBWAY,1호선,동묘앞,청량리,6,0,30,1,0
subway_1호선_동묘앞-청량리_2,SUBWAY,1호선,동묘앞,청량리,6,1,30,1,0
subway_1호선_동묘앞-청량리_2,SUBWAY,1호선,동묘앞,청량리,6,2,30,1,0
subway_1호선_동묘앞-청량리_2,SUBWAY,1호선,동묘앞,청량리,6,3,30,1,0
subway_1호선_동묘앞-청량리_2,SUBWAY,1호선,동묘앞,청량리,6,4,30,1,0
subway_1호선_청량리-동대문_2,SUBWAY,1호선,청량리,동대문,6,0,30,1,0
subway_1호선_청량리-동대문_2,SUBWAY,1호선,청량리,동대문,6,1,30,1,0
subway_1호선_청량리-동대문_2,SUBWAY,1호선,청량리,동대문,6,2,30,1,0
subway_1호선_청량리-동대문_2,SUBWAY,1호선,청량리,동대문,6,3,30,1,0
subway_1호선_청량리-동대문_2,SUBWAY,1호선,청량리,동대문,6,4,30,1,0
subway_1호선_동대문-제기동_2,SUBWAY,1호선,동대문,제기동,6,0,30,1,0
subway_1호선_동대문-제기동_2,SUBWAY,1호선,동대문,제기동,6,1,30,1,0
subway_1호선_동대문-제기동_2,SUBWAY,1호선,동대문,제기동,6,2,30,1,0
subway_1호선_동대문-제기동_2,SUBWAY,1호선,동대문,제기동,6,3,30,1,0
subway_1호선_동대문-제기동_2,SUBWAY,1호선,동대문,제기동,6,4,30,1,0
subway_1호선_제기동-종로5가_2,SUBWAY,1호선,제기동,종로5가,6,0,30,1,0
subway_1호선_제기동-종로5가_2,SUBWAY,1호선,제기동,종로5가,6,1,30,1,0
subway_1호선_제기동-종로5가_2,SUBWAY,1호선,제기동,종로5가,6,2,30,1,0
subway_1호선_제기동-종로5가_2,SUBWAY,1호선,제기동,종로5가,6,3,30,1,0
subway_1호선_제기동-종로5가_2,SUBWAY,1호선,제기동,종로5가,6,4,30,1,0
subway_1호선_종로5가-신설동_2,SUBWAY,1호선,종로5가,신설동,6,0,30,1,0
subway_1호선_종로5가-신설동_2,SUBWAY,1호선,종로5가,신설동,6,1,30,1,0
subway_1호선_종로5가-신설동_2,SUBWAY,1호선,종로5가,신설동,6,2,30,1,0
subway_1호선_종로5가-신설동_2,SUBWAY,1호선,종로5가,신설동,6,3,30,1,0
subway_1호선_종로5가-신설동_2,SUBWAY,1호선,종로5가,신설동,6,4,30,1,0
subway_1호선_신설동-종로3가_2,SUBWAY,1호선,신설동,종로3가,6,0,30,1,0
subway_1호선_신설동-종로3가_2,SUBWAY,1호선,신설동,종로3가,6,1,30,1,0
subway_1호선_신설동-종로3가_2,SUBWAY,1호선,신설동,종로3가,6,2,30,1,0
subway_1호선_신설동-종로3가_2,SUBWAY,1호선,신설동,종로3가,6,3,30,1,0
subway_1호선_신설동-종로3가_2,SUBWAY,1호선,신설동,종로3가,6,4,30,1,0
subway_1호선_종로3가-동묘앞_2,SUBWAY,1호선,종로3가,동묘앞,6,0,30,1,0
subway_1호선_종로3가-동묘앞_2,SUBWAY,1호선,종로3가,동묘앞,6,1,30,1,0
subway_1호선_종로3가-동묘앞_2,SUBWAY,1호선,종로3가,동묘앞,6,2,30,1,0
subway_1호선_종로3가-동묘앞_2,SUBWAY,1호선,종로3가,동묘앞,6,3,30,1,0
subway_1호선_종로3가-동묘앞_2,SUBWAY,1호선,종로3가,동묘앞,6,4,30,1,0
subway_1호선_동묘앞-종각_2,SUBWAY,1호선,동묘앞,종각,6,0,30,1,0
subway_1호선_동묘앞-종각_2,SUBWAY,1호선,동묘앞,종각,6,1,30,1,0
subway_1호선_동묘앞-종각_2,SUBWAY,1호선,동묘앞,종각,6,2,30,1,0
subway_1호선_동묘앞-종각_2,SUBWAY,1호선,동묘앞,종각,6,3,30,1,0
subway_1호선_동묘앞-종각_2,SUBWAY,1호선,동묘앞,종각,6,4,30,1,0
subway_1호선_종각-동대문_2,SUBWAY,1호선,종각,동대문,6,0,30,1,0
subway_1호선_종각-동대문_2,SUBWAY,1호선,종각,동대문,6,1,30,1,0
subway_1호선_종각-동대문_2,SUBWAY,1호선,종각,동대문,6,2,30,1,0
subway_1호선_종각-동대문_2,SUBWAY,1호선,종각,동대문,6,3,30,1,0
subway_1호선_종각-동대문_2,SUBWAY,1호선,종각,동대문,6,4,30,1,0
subway_1호선_동대문-시청_2,SUBWAY,1호선,동대문,시청,6,0,60,1,0
subway_1호선_동대문-시청_2,SUBWAY,1호선,동대문,시청,6,1,60,1,0
subway_1호선_동대문-시청_2,SUBWAY,1호선,동대문,시청,6,2,60,1,0
subway_1호선_동대문-시청_2,SUBWAY,1호선,동대문,시청,6,3,60,1,0
subway_1호선_동대문-시청_2,SUBWAY,1호선,동대문,시청,6,4,60,1,0
subway_1호선_서울역-종각_2,SUBWAY,1호선,서울역,종각,7,0,90,1,0
subway_1호선_서울역-종각_2,SUBWAY,1호선,서울역,종각,7,1,90,1,0
subway_1호선_서울역-종각_2,SUBWAY,1호선,서울역,종각,7,2,90,1,0
subway_1호선_서울역-종각_2,SUBWAY,1호선,서울역,종각,7,3,90,1,0
subway_1호선_서울역-종각_2,SUBWAY,1호선,서울역,종각,7,4,90,1,0
subway_1호선_신설동-신설동_2,SUBWAY,1호선,신설동,신설동,7,0,30,1,0
subway_1호선_신설동-신설동_2,SUBWAY,1호선,신설동,신설동,7,1,30,1,0
subway_1호선_신설동-신설동_2,SUBWAY,1호선,신설동,신설동,7,2,30,1,0
subway_1호선_신설동-신설동_2,SUBWAY,1호선,신설동,신설동,7,3,30,1,0
subway_1호선_신설동-신설동_2,SUBWAY,1호선,신설동,신설동,7,4,30,1,0
subway_1호선_동묘앞-동묘앞_2,SUBWAY,1호선,동묘앞,동묘앞,7,0,30,1,0
subway_1호선_동묘앞-동묘앞_2,SUBWAY,1호선,동묘앞,동묘앞,7,1,30,1,0
subway_1호선_동묘앞-동묘앞_2,SUBWAY,1호선,동묘앞,동묘앞,7,2,30,1,0
subway_1호선_동묘앞-동묘앞_2,SUBWAY,1호선,동묘앞,동묘앞,7,3,30,1,0
subway_1호선_동묘앞-동묘앞_2,SUBWAY,1호선,동묘앞,동묘앞,7,4,30,1,0
subway_1호선_동대문-동대문_2,SUBWAY,1호선,동대문,동대문,7,0,30,1,0
subway_1호선_동대문-동대문_2,SUBWAY,1호선,동대문,동대문,7,1,30,1,0
subway_1호선_동대문-동대문_2,SUBWAY,1호선,동대문,동대문,7,2,30,1,0
subway_1호선_동대문-동대문_2,SUBWAY,1호선,동대문,동대문,7,3,30,1,0
subway_1호선_동대문-동대문_2,SUBWAY,1호선,동대문,동대문,7,4,30,1,0
subway_1호선_종로5가-종로5가_2,SUBWAY,1호선,종로5가,종로5가,7,0,30,1,0
subway_1호선_종로5가-종로5가_2,SUBWAY,1호선,종로5가,종로5가,7,1,30,1,0
subway_1호선_종로5가-종로5가_2,SUBWAY,1호선,종로5가,종로5가,7,2,30,1,0
subway_1호선_종로5가-종로5가_2,SUBWAY,1호선,종로5가,종로5가,7,3,30,1,0
subway_1호선_종로5가-종로5가_2,SUBWAY,1호선,종로5가,종로5가,7,4,30,1,0
subway_1호선_종로3가-종로3가_2,SUBWAY,1호선,종로3가,종로3가,7,0,30,1,0
subway_1호선_종로3가-종로3가_2,SUBWAY,1호선,종로3가,종로3가,7,1,30,1,0
subway_1호선_종로3가-종로3가_2,SUBWAY,1호선,종로3가,종로3가,7,2,30,1,0
subway_1호선_종로3가-종로3가_2,SUBWAY,1호선,종로3가,종로3가,7,3,30,1,0
subway_1호선_종로3가-종로3가_2,SUBWAY,1호선,종로3가,종로3가,7,4,30,1,0
subway_1호선_종각-종각_2,SUBWAY,1호선,종각,종각,7,0,30,1,0
subway_1호선_종각-종각_2,SUBWAY,1호선,종각,종각,7,1,30,1,0
subway_1호선_종각-종각_2,SUBWAY,1호선,종각,종각,7,2,30,1,0
subway_1호선_종각-종각_2,SUBWAY,1호선,종각,종각,7,3,30,1,0
subway_1호선_종각-종각_2,SUBWAY,1호선,종각,종각,7,4,30,1,0
subway_1호선_시청-시청_2,SUBWAY,1호선,시청,시청,7,0,30,1,0
subway_1호선_시청-시청_2,SUBWAY,1호선,시청,시청,7,1,30,1,0
subway_1호선_시청-시청_2,SUBWAY,1호선,시청,시청,7,2,30,1,0
subway_1호선_시청-시청_2,SUBWAY,1호선,시청,시청,7,3,30,1,0
subway_1호선_시청-시청_2,SUBWAY,1호선,시청,시청,7,4,30,1,0
subway_1호선_서울역-서울역_2,SUBWAY,1호선,서울역,서울역,7,0,30,1,0
subway_1호선_서울역-서울역_2,SUBWAY,1호선,서울역,서울역,7,1,30,1,0
subway_1호선_서울역-서울역_2,SUBWAY,1호선,서울역,서울역,7,2,30,1,0
subway_1호선_서울역-서울역_2,SUBWAY,1호선,서울역,서울역,7,3,30,1,0
subway_1호선_서울역-서울역_2,SUBWAY,1호선,서울역,서울역,7,4,30,1,0
subway_1호선_동대문-청량리_2,SUBWAY,1호선,동대문,청량리,12,0,90,1,0
subway_1호선_동대문-청량리_2,SUBWAY,1호선,동대문,청량리,12,1,90,1,0
subway_1호선_동대문-청량리_2,SUBWAY,1호선,동대문,청량리,12,2,90,1,0
subway_1호선_동대문-청량리_2,SUBWAY,1호선,동대문,청량리,12,3,90,1,0
subway_1호선_동대문-청량리_2,SUBWAY,1호선,동대문,청량리,12,4,90,1,0
subway_1호선_종로5가-제기동_2,SUBWAY,1호선,종로5가,제기동,12,0,60,1,0
subway_1호선_종로5가-제기동_2,SUBWAY,1호선,종로5가,제기동,12,1,60,1,0
subway_1호선_종로5가-제기동_2,SUBWAY,1호선,종로5가,제기동,12,2,60,1,0
subway_1호선_종로5가-제기동_2,SUBWAY,1호선,종로5가,제기동,12,3,60,1,0
subway_1호선_종로5가-제기동_2,SUBWAY,1호선,종로5가,제기동,12,4,60,1,0
subway_1호선_종로3가-신설동_2,SUBWAY,1호선,종로3가,신설동,12,0,60,1,0
subway_1호선_종로3가-신설동_2,SUBWAY,1호선,종로3가,신설동,12,1,60,1,0
subway_1호선_종로3가-신설동_2,SUBWAY,1호선,종로3가,신설동,12,2,60,1,0
subway_1호선_종로3가-신설동_2,SUBWAY,1호선,종로3가,신설동,12,3,60,1,0
subway_1호선_종로3가-신설동_2,SUBWAY,1호선,종로3가,신설동,12,4,60,1,0
subway_1호선_종각-동묘앞_2,SUBWAY,1호선,종각,동묘앞,12,0,60,1,0
subway_1호선_종각-동묘앞_2,SUBWAY,1호선,종각,동묘앞,12,1,60,1,0
subway_1호선_종각-동묘앞_2,SUBWAY,1호선,종각,동묘앞,12,2,60,1,0
subway_1호선_종각-동묘앞_2,SUBWAY,1호선,종각,동묘앞,12,3,60,1,0
subway_1호선_종각-동묘앞_2,SUBWAY,1호선,종각,동묘앞,12,4,60,1,0
subway_1호선_동묘앞-시청_2,SUBWAY,1호선,동묘앞,시청,12,0,30,1,0
subway_1호선_동묘앞-시청_2,SUBWAY,1호선,동묘앞,시청,12,1,30,1,0
subway_1호선_동묘앞-시청_2,SUBWAY,1호선,동묘앞,시청,12,2,30,1,0
subway_1호선_동묘앞-시청_2,SUBWAY,1호선,동묘앞,시청,12,3,30,1,0
subway_1호선_동묘앞-시청_2,SUBWAY,1호선,동묘앞,시청,12,4,30,1,0
subway_1호선_시청-동대문_2,SUBWAY,1호선,시청,동대문,12,0,30,1,0
subway_1호선_시청-동대문_2,SUBWAY,1호선,시청,동대문,12,1,30,1,0
subway_1호선_시청-동대문_2,SUBWAY,1호선,시청,동대문,12,2,30,1,0
subway_1호선_시청-동대문_2,SUBWAY,1호선,시청,동대문,12,3,30,1,0
subway_1호선_시청-동대문_2,SUBWAY,1호선,시청,동대문,12,4,30,1,0
subway_1호선_동대문-서울역_2,SUBWAY,1호선,동대문,서울역,12,0,60,1,0
subway_1호선_동대문-서울역_2,SUBWAY,1호선,동대문,서울역,12,1,60,1,0
subway_1호선_동대문-서울역_2,SUBWAY,1호선,동대문,서울역,12,2,60,1,0
subway_1호선_동대문-서울역_2,SUBWAY,1호선,동대문,서울역,12,3,60,1,0
subway_1호선_동대문-서울역_2,SUBWAY,1호선,동대문,서울역,12,4,60,1,0
subway_1호선_제기동-청량리_2,SUBWAY,1호선,제기동,청량리,14,0,30,1,0
subway_1호선_제기동-청량리_2,SUBWAY,1호선,제기동,청량리,14,1,30,1,0
subway_1호선_제기동-청량리_2,SUBWAY,1호선,제기동,청량리,14,2,30,1,0
subway_1호선_제기동-청량리_2,SUBWAY,1호선,제기동,청량리,14,3,30,1,0
subway_1호선_제기동-청량리_2,SUBWAY,1호선,제기동,청량리,14,4,30,1,0
subway_1호선_청량리-신설동_2,SUBWAY,1호선,청량리,신설동,14,0,30,1,0
subway_1호선_청량리-신설동_2,SUBWAY,1호선,청량리,신설동,14,1,30,1,0
subway_1호선_청량리-신설동_2,SUBWAY,1호선,청량리,신설동,14,2,30,1,0
subway_1호선_청량리-신설동_2,SUBWAY,1호선,청량리,신설동,14,3,30,1,0
subway_1호선_청량리-신설동_2,SUBWAY,1호선,청량리,신설동,14,4,30,1,0
subway_1호선_신설동-제기동_2,SUBWAY,1호선,신설동,제기동,14,0,30,1,0
subway_1호선_신설동-제기동_2,SUBWAY,1호선,신설동,제기동,14,1,30,1,0
subway_1호선_신설동-제기동_2,SUBWAY,1호선,신설동,제기동,14,2,30,1,0
subway_1호선_신설동-제기동_2,SUBWAY,1호선,신설동,제기동,14,3,30,1,0
subway_1호선_신설동-제기동_2,SUBWAY,1호선,신설동,제기동,14,4,30,1,0
subway_1호선_제기동-동묘앞_2,SUBWAY,1호선,제기동,동묘앞,14,0,30,1,0
subway_1호선_제기동-동묘앞_2,SUBWAY,1호선,제기동,동묘앞,14,1,30,1,0
subway_1호선_제기동-동묘앞_2,SUBWAY,1호선,제기동,동묘앞,14,2,30,1,0
subway_1호선_제기동-동묘앞_2,SUBWAY,1호선,제기동,동묘앞,14,3,30,1,0
subway_1호선_제기동-동묘앞_2,SUBWAY,1호선,제기동,동묘앞,14,4,30,1,0
subway_1호선_동묘앞-신설동_2,SUBWAY,1호선,동묘앞,신설동,14,0,30,1,0
subway_1호선_동묘앞-신설동_2,SUBWAY,1호선,동묘앞,신설동,14,1,30,1,0
subway_1호선_동묘앞-신설동_2,SUBWAY,1호선,동묘앞,신설동,14,2,30,1,0
subway_1호선_동묘앞-신설동_2,SUBWAY,1호선,동묘앞,신설동,14,3,30,1,0
subway_1호선_동묘앞-신설동_2,SUBWAY,1호선,동묘앞,신설동,14,4,30,1,0
subway_1호선_신설동-동대문_2,SUBWAY,1호선,신설동,동대문,14,0,30,1,0
subway_1호선_신설동-동대문_2,SUBWAY,1호선,신설동,동대문,14,1,30,1,0
subway_1호선_신설동-동대문_2,SUBWAY,1호선,신설동,동대문,14,2,30,1,0
subway_1호선_신설동-동대문_2,SUBWAY,1호선,신설동,동대문,14,3,30,1,0
subway_1호선_신설동-동대문_2,SUBWAY,1호선,신설동,동대문,14,4,30,1,0
subway_1호선_동대문-동묘앞_2,SUBWAY,1호선,동대문,동묘앞,14,0,30,1,0
subway_1호선_동대문-동묘앞_2,SUBWAY,1호선,동대문,동묘앞,14,1,30,1,0
subway_1호선_동대문-동묘앞_2,SUBWAY,1호선,동대문,동묘앞,14,2,30,1,0
subway_1호선_동대문-동묘앞_2,SUBWAY,1호선,동대문,동묘앞,14,3,30,1,0
subway_1호선_동대문-동묘앞_2,SUBWAY,1호선,동대문,동묘앞,14,4,30,1,0
subway_1호선_동묘앞-종로5가_2,SUBWAY,1호선,동묘앞,종로5가,14,0,30,1,0
subway_1호선_동묘앞-종로5가_2,SUBWAY,1호선,동묘앞,종로5가,14,1,30,1,0
subway_1호선_동묘앞-종로5가_2,SUBWAY,1호선,동묘앞,종로5가,14,2,30,1,0
subway_1호선_동묘앞-종로5가_2,SUBWAY,1호선,동묘앞,종로5가,14,3,30,1,0
subway_1호선_동묘앞-종로5가_2,SUBWAY,1호선,동묘앞,종로5가,14,4,30,1,0
subway_1호선_종로5가-동대문_2,SUBWAY,1호선,종로5가,동대문,14,0,30,1,0
subway_1호선_종로5가-동대문_2,SUBWAY,1호선,종로5가,동대문,14,1,30,1,0
subway_1호선_종로5가-동대문_2,SUBWAY,1호선,종로5가,동대문,14,2,30,1,0
subway_1호선_종로5가-동대문_2,SUBWAY,1호선,종로5가,동대문,14,3,30,1,0
subway_1호선_종로5가-동대문_2,SUBWAY,1호선,종로5가,동대문,14,4,30,1,0
subway_1호선_동대문-종로3가_2,SUBWAY,1호선,동대문,종로3가,14,0,30,1,0
subway_1호선_동대문-종로3가_2,SUBWAY,1호선,동대문,종로3가,14,1,30,1,0
subway_1호선_동대문-종로3가_2,SUBWAY,1호선,동대문,종로3가,14,2,30,1,0
subway_1호선_동대문-종로3가_2,SUBWAY,1호선,동대문,종로3가,14,3,30,1,0
subway_1호선_동대문-종로3가_2,SUBWAY,1호선,동대문,종로3가,14,4,30,1,0
subway_1호선_종로3가-종로5가_2,SUBWAY,1호선,종로3가,종로5가,14,0,30,1,0
subway_1호선_종로3가-종로5가_2,SUBWAY,1호선,종로3가,종로5가,14,1,30,1,0
subway_1호선_종로3가-종로5가_2,SUBWAY,1호선,종로3가,종로5가,14,2,30,1,0
subway_1호선_종로3가-종로5가_2,SUBWAY,1호선,종로3가,종로5가,14,3,30,1,0
subway_1호선_종로3가-종로5가_2,SUBWAY,1호선,종로3가,종로5가,14,4,30,1,0
subway_1호선_종로5가-종각_2,SUBWAY,1호선,종로5가,종각,14,0,30,1,0
subway_1호선_종로5가-종각_2,SUBWAY,1호선,종로5가,종각,14,1,30,1,0
subway_1호선_종로5가-종각_2,SUBWAY,1호선,종로5가,종각,14,2,30,1,0
subway_1호선_종로5가-종각_2,SUBWAY,1호선,종로5가,종각,14,3,30,1,0
subway_1호선_종로5가-종각_2,SUBWAY,1호선,종로5가,종각,14,4,30,1,0
subway_1호선_종각-종로3가_2,SUBWAY,1호선,종각,종로3가,14,0,30,1,0
subway_1호선_종각-종로3가_2,SUBWAY,1호선,종각,종로3가,14,1,30,1,0
subway_1호선_종각-종로3가_2,SUBWAY,1호선,종각,종로3가,14,2,30,1,0
subway_1호선_종각-종로3가_2,SUBWAY,1호선,종각,종로3가,14,3,30,1,0
subway_1호선_종각-종로3가_2,SUBWAY,1호선,종각,종로3가,14,4,30,1,0
subway_1호선_종로3가-시청_2,SUBWAY,1호선,종로3가,시청,14,0,60,1,0
subway_1호선_종로3가-시청_2,SUBWAY,1호선,종로3가,시청,14,1,60,1,0
subway_1호선_종로3가-시청_2,SUBWAY,1호선,종로3가,시청,14,2,60,1,0
subway_1호선_종로3가-시청_2,SUBWAY,1호선,종로3가,시청,14,3,60,1,0
subway_1호선_종로3가-시청_2,SUBWAY,1호선,종로3가,시청,14,4,60,1,0
subway_1호선_종각-서울역_2,SUBWAY,1호선,종각,서울역,14,0,90,1,0
subway_1호선_종각-서울역_2,SUBWAY,1호선,종각,서울역,14,1,90,1,0
subway_1호선_종각-서울역_2,SUBWAY,1호선,종각,서울역,14,2,90,1,0
subway_1호선_종각-서울역_2,SUBWAY,1호선,종각,서울역,14,3,90,1,0
subway_1호선_종각-서울역_2,SUBWAY,1호선,종각,서울역,14,4,90,1,0
subway_1호선_청량리-청량리_2,SUBWAY,1호선,청량리,청량리,18,0,30,1,0
subway_1호선_청량리-청량리_2,SUBWAY,1호선,청량리,청량리,18,1,30,1,0
subway_1호선_청량리-청량리_2,SUBWAY,1호선,청량리,청량리,18,2,30,1,0
subway_1호선_청량리-청량리_2,SUBWAY,1호선,청량리,청량리,18,3,30,1,0
subway_1호선_청량리-청량리_2,SUBWAY,1호선,청량리,청량리,18,4,30,1,0
subway_1호선_제기동-제기동_2,SUBWAY,1호선,제기동,제기동,18,0,30,1,0
subway_1호선_제기동-제기동_2,SUBWAY,1호선,제기동,제기동,18,1,30,1,0
subway_1호선_제기동-제기동_2,SUBWAY,1호선,제기동,제기동,18,2,30,1,0
subway_1호선_제기동-제기동_2,SUBWAY,1호선,제기동,제기동,18,3,30,1,0
subway_1호선_제기동-제기동_2,SUBWAY,1호선,제기동,제기동,18,4,30,1,0
subway_1호선_신설동-신설동_2,SUBWAY,1호선,신설동,신설동,18,0,30,1,0
subway_1호선_신설동-신설동_2,SUBWAY,1호선,신설동,신설동,18,1,30,1,0
subway_1호선_신설동-신설동_2,SUBWAY,1호선,신설동,신설동,18,2,30,1,0
subway_1호선_신설동-신설동_2,SUBWAY,1호선,신설동,신설동,18,3,30,1,0
subway_1호선_신설동-신설동_2,SUBWAY,1호선,신설동,신설동,18,4,30,1,0
subway_1호선_동묘앞-동묘앞_2,SUBWAY,1호선,동묘앞,동묘앞,18,0,30,1,0
subway_1호선_동묘앞-동묘앞_2,SUBWAY,1호선,동묘앞,동묘앞,18,1,30,1,0
subway_1호선_동묘앞-동묘앞_2,SUBWAY,1호선,동묘앞,동묘앞,18,2,30,1,0
subway_1호선_동묘앞-동묘앞_2,SUBWAY,1호선,동묘앞,동묘앞,18,3,30,1,0
subway_1호선_동묘앞-동묘앞_2,SUBWAY,1호선,동묘앞,동묘앞,18,4,30,1,0
subway_1호선_동대문-청량리_2,SUBWAY,1호선,동대문,청량리,18,0,30,1,0
subway_1호선_동대문-청량리_2,SUBWAY,1호선,동대문,청량리,18,1,30,1,0
subway_1호선_동대문-청량리_2,SUBWAY,1호선,동대문,청량리,18,2,30,1,0
subway_1호선_동대문-청량리_2,SUBWAY,1호선,동대문,청량리,18,3,30,1,0
subway_1호선_동대문-청량리_2,SUBWAY,1호선,동대문,청량리,18,4,30,1,0
subway_1호선_종로5가-제기동_2,SUBWAY,1호선,종로5가,제기동,18,0,30,1,0
subway_1호선_종로5가-제기동_2,SUBWAY,1호선,종로5가,제기동,18,1,30,1,0
subway_1호선_종로5가-제기동_2,SUBWAY,1호선,종로5가,제기동,18,2,30,1,0
subway_1호선_종로5가-제기동_2,SUBWAY,1호선,종로5가,제기동,18,3,30,1,0
subway_1호선_종로5가-제기동_2,SUBWAY,1호선,종로5가,제기동,18,4,30,1,0
subway_1호선_종로3가-신설동_2,SUBWAY,1호선,종로3가,신설동,18,0,30,1,0
subway_1호선_종로3가-신설동_2,SUBWAY,1호선,종로3가,신설동,18,1,30,1,0
subway_1호선_종로3가-신설동_2,SUBWAY,1호선,종로3가,신설동,18,2,30,1,0
subway_1호선_종로3가-신설동_2,SUBWAY,1호선,종로3가,신설동,18,3,30,1,0
subway_1호선_종로3가-신설동_2,SUBWAY,1호선,종로3가,신설동,18,4,30,1,0
subway_1호선_종각-동묘앞_2,SUBWAY,1호선,종각,동묘앞,18,0,30,1,0
subway_1호선_종각-동묘앞_2,SUBWAY,1호선,종각,동묘앞,18,1,30,1,0
subway_1호선_종각-동묘앞_2,SUBWAY,1호선,종각,동묘앞,18,2,30,1,0
subway_1호선_종각-동묘앞_2,SUBWAY,1호선,종각,동묘앞,18,3,30,1,0
subway_1호선_종각-동묘앞_2,SUBWAY,1호선,종각,동묘앞,18,4,30,1,0
subway_1호선_시청-종로5가_2,SUBWAY,1호선,시청,종로5가,18,0,60,1,0
subway_1호선_시청-종로5가_2,SUBWAY,1호선,시청,종로5가,18,1,60,1,0
subway_1호선_시청-종로5가_2,SUBWAY,1호선,시청,종로5가,18,2,60,1,0
subway_1호선_시청-종로5가_2,SUBWAY,1호선,시청,종로5가,18,3,60,1,0
subway_1호선_시청-종로5가_2,SUBWAY,1호선,시청,종로5가,18,4,60,1,0
subway_1호선_서울역-서울역_2,SUBWAY,1호선,서울역,서울역,18,0,30,1,0
subway_1호선_서울역-서울역_2,SUBWAY,1호선,서울역,서울역,18,1,30,1,0
subway_1호선_서울역-서울역_2,SUBWAY,1호선,서울역,서울역,18,2,30,1,0
subway_1호선_서울역-서울역_2,SUBWAY,1호선,서울역,서울역,18,3,30,1,0
subway_1호선_서울역-서울역_2,SUBWAY,1호선,서울역,서울역,18,4,30,1,0
subway_1호선_서울역-종로3가_2,SUBWAY,1호선,서울역,종로3가,18,0,30,1,0
subway_1호선_서울역-종로3가_2,SUBWAY,1호선,서울역,종로3가,18,1,30,1,0
subway_1호선_서울역-종로3가_2,SUBWAY,1호선,서울역,종로3가,18,2,30,1,0
subway_1호선_서울역-종로3가_2,SUBWAY,1호선,서울역,종로3가,18,3,30,1,0
subway_1호선_서울역-종로3가_2,SUBWAY,1호선,서울역,종로3가,18,4,30,1,0
